{"type":"FeatureCollection","features":[{"type":"Feature","id":39556,"geometry":{"type":"Point","coordinates":[-122.274927999603,41.2203219997739]},"properties":{"OBJECTID":39556,"STRUCTURE_NUMBER_008":"02 0002","FACILITY_CARRIED_007":"INTERSTATE 5","FEATURES_DESC_006A":"SACRAMENTO UP RR AMTRAK","BRIDGE_CONDITION":"G","YEAR_BUILT_027":1955,"DATE_OF_INSPECT_090":"724"}},{"type":"Feature","id":39557,"geometry":{"type":"Point","coordinates":[-122.275083000312,41.2202640000393]},"properties":{"OBJECTID":39557,"STRUCTURE_NUMBER_008":"02 0002Y","FACILITY_CARRIED_007":"DUNSMUIR AVENUE","FEATURES_DESC_006A":"SACRAMENTO UP RR AMTRAK","BRIDGE_CONDITION":"F","YEAR_BUILT_027":1966,"DATE_OF_INSPECT_090":"724"}},{"type":"Feature","id":39558,"geometry":{"type":"Point","coordinates":[-122.375633000319,41.3757690003052]},"properties":{"OBJECTID":39558,"STRUCTURE_NUMBER_008":"02 0004R","FACILITY_CARRIED_007":"INTERSTATE 5 NB","FEATURES_DESC_006A":"UP RR & AMTRAK","BRIDGE_CONDITION":"F","YEAR_BUILT_027":1973,"DATE_OF_INSPECT_090":"724"}},{"type":"Feature","id":39559,"geometry":{"type":"Point","coordinates":[-122.642038999741,41.7098919997285]},"properties":{"OBJECTID":39559,"STRUCTURE_NUMBER_008":"02 0010","FACILITY_CARRIED_007":"INTERSTATE 5","FEATURES_DESC_006A":"GREENHORN CREEK","BRIDGE_CONDITION":"G","YEAR_BUILT_027":1970,"DATE_OF_INSPECT_090":"924"}},{"type":"Feature","id":39560,"geometry":{"type":"Point","coordinates":[-122.596728000167,41.7815609997095]},"properties":{"OBJECTID":39560,"STRUCTURE_NUMBER_008":"02 0011","FACILITY_CARRIED_007":"STATE ROUTE 263","FEATURES_DESC_006A":"SHASTA RIVER","BRIDGE_CONDITION":"F","YEAR_BUILT_027":1928,"DATE_OF_INSPECT_090":"923"}},{"type":"Feature","id":39561,"geometry":{"type":"Point","coordinates":[-122.598652999989,41.8023139998371]},"properties":{"OBJECTID":39561,"STRUCTURE_NUMBER_008":"02 0012","FACILITY_CARRIED_007":"STATE ROUTE 263","FEATURES_DESC_006A":"DRY GULCH","BRIDGE_CONDITION":"F","YEAR_BUILT_027":1929,"DATE_OF_INSPECT_090":"923"}},{"type":"Feature","id":39562,"geometry":{"type":"Point","coordinates":[-122.594338999839,41.8087689999227]},"properties":{"OBJECTID":39562,"STRUCTURE_NUMBER_008":"02 0013","FACILITY_CARRIED_007":"STATE ROUTE 263","FEATURES_DESC_006A":"SHASTA RIVER","BRIDGE_CONDITION":"F","YEAR_BUILT_027":1931,"DATE_OF_INSPECT_090":"923"}},{"type":"Feature","id":39563,"geometry":{"type":"Point","coordinates":[-122.593066999769,41.8221830001843]},"properties":{"OBJECTID":39563,"STRUCTURE_NUMBER_008":"02 0014","FACILITY_CARRIED_007":"STATE ROUTE 263","FEATURES_DESC_006A":"SHASTA RIVER","BRIDGE_CONDITION":"F","YEAR_BUILT_027":1931,"DATE_OF_INSPECT_090":"923"}},{"type":"Feature","id":39564,"geometry":{"type":"Point","coordinates":[-123.496974999913,41.4687359999116]},"properties":{"OBJECTID":39564,"STRUCTURE_NUMBER_008":"02 0022","FACILITY_CARRIED_007":"STATE ROUTE 96","FEATURES_DESC_006A":"IRVING CREEK","BRIDGE_CONDITION":"G","YEAR_BUILT_027":1966,"DATE_OF_INSPECT_090":"924"}},{"type":"Feature","id":39565,"geometry":{"type":"Point","coordinates":[-123.50835800024,41.4760829998807]},"properties":{"OBJECTID":39565,"STRUCTURE_NUMBER_008":"02 0023","FACILITY_CARRIED_007":"STATE ROUTE 96","FEATURES_DESC_006A":"STANSHAW CREEK","BRIDGE_CONDITION":"F","YEAR_BUILT_027":1942,"DATE_OF_INSPECT_090":"924"}},{"type":"Feature","id":39566,"geometry":{"type":"Point","coordinates":[-123.515138999637,41.4874779999369]},"properties":{"OBJECTID":39566,"STRUCTURE_NUMBER_008":"02 0024","FACILITY_CARRIED_007":"STATE ROUTE 96","FEATURES_DESC_006A":"SANDY BAR CREEK","BRIDGE_CONDITION":"G","YEAR_BUILT_027":1942,"DATE_OF_INSPECT_090":"924"}},{"type":"Feature","id":39567,"geometry":{"type":"Point","coordinates":[-123.526785999554,41.5253860002824]},"properties":{"OBJECTID":39567,"STRUCTURE_NUMBER_008":"02 0027","FACILITY_CARRIED_007":"STATE ROUTE 96","FEATURES_DESC_006A":"TI CREEK","BRIDGE_CONDITION":"F","YEAR_BUILT_027":1967,"DATE_OF_INSPECT_090":"924"}},{"type":"Feature","id":39568,"geometry":{"type":"Point","coordinates":[-122.521836000207,41.6274470001533]},"properties":{"OBJECTID":39568,"STRUCTURE_NUMBER_008":"02 0030L","FACILITY_CARRIED_007":"INTERSTATE 5 SB","FEATURES_DESC_006A":"CORP RR & SISKIYOU AVE","BRIDGE_CONDITION":"G","YEAR_BUILT_027":1967,"DATE_OF_INSPECT_090":"923"}},{"type":"Feature","id":39569,"geometry":{"type":"Point","coordinates":[-122.521813999567,41.6279529998277]},"properties":{"OBJECTID":39569,"STRUCTURE_NUMBER_008":"02 0030R","FACILITY_CARRIED_007":"INTERSTATE 5 NB","FEATURES_DESC_006A":"CORP RR & SISKIYOU AVE","BRIDGE_CONDITION":"G","YEAR_BUILT_027":1967,"DATE_OF_INSPECT_090":"923"}},{"type":"Feature","id":39570,"geometry":{"type":"Point","coordinates":[-122.313863999661,41.2990190002022]},"properties":{"OBJECTID":39570,"STRUCTURE_NUMBER_008":"02 0031","FACILITY_CARRIED_007":"REAM AVE","FEATURES_DESC_006A":"INTERSTATE 5","BRIDGE_CONDITION":"G","YEAR_BUILT_027":1964,"DATE_OF_INSPECT_090":"921"}},{"type":"Feature","id":39571,"geometry":{"type":"Point","coordinates":[-122.451907999777,41.4714250001325]},"properties":{"OBJECTID":39571,"STRUCTURE_NUMBER_008":"02 0032L","FACILITY_CARRIED_007":"INTERSTATE 5 SB","FEATURES_DESC_006A":"CORP RR & EDGEWOOD RD","BRIDGE_CONDITION":"G","YEAR_BUILT_027":1967,"DATE_OF_INSPECT_090":"724"}},{"type":"Feature","id":39572,"geometry":{"type":"Point","coordinates":[-122.451556000323,41.4715559997978]},"properties":{"OBJECTID":39572,"STRUCTURE_NUMBER_008":"02 0032R","FACILITY_CARRIED_007":"INTERSTATE 5 NB","FEATURES_DESC_006A":"CORP RR & EDGEWOOD RD","BRIDGE_CONDITION":"G","YEAR_BUILT_027":1967,"DATE_OF_INSPECT_090":"724"}},{"type":"Feature","id":39573,"geometry":{"type":"Point","coordinates":[-123.54012200019,41.575274999991]},"properties":{"OBJECTID":39573,"STRUCTURE_NUMBER_008":"02 0035","FACILITY_CARRIED_007":"STATE ROUTE 96","FEATURES_DESC_006A":"DILLON CREEK","BRIDGE_CONDITION":"F","YEAR_BUILT_027":1966,"DATE_OF_INSPECT_090":"924"}},{"type":"Feature","id":39574,"geometry":{"type":"Point","coordinates":[-122.310785999595,41.2934440000819]},"properties":{"OBJECTID":39574,"STRUCTURE_NUMBER_008":"02 0036L","FACILITY_CARRIED_007":"INTERSTATE 5 SB","FEATURES_DESC_006A":"UP RR & AMTRAK","BRIDGE_CONDITION":"F","YEAR_BUILT_027":1964,"DATE_OF_INSPECT_090":"923"}},{"type":"Feature","id":39575,"geometry":{"type":"Point","coordinates":[-122.310961000396,41.2931170003349]},"properties":{"OBJECTID":39575,"STRUCTURE_NUMBER_008":"02 0036R","FACILITY_CARRIED_007":"INTERSTATE 5 NB","FEATURES_DESC_006A":"UP RR & AMTRAK","BRIDGE_CONDITION":"F","YEAR_BUILT_027":1964,"DATE_OF_INSPECT_090":"923"}},{"type":"Feature","id":39576,"geometry":{"type":"Point","coordinates":[-122.31996700009,41.3101580000226]},"properties":{"OBJECTID":39576,"STRUCTURE_NUMBER_008":"02 0037","FACILITY_CARRIED_007":"LAKE ST","FEATURES_DESC_006A":"INTERSTATE 5","BRIDGE_CONDITION":"F","YEAR_BUILT_027":1964,"DATE_OF_INSPECT_090":"923"}},{"type":"Feature","id":39577,"geometry":{"type":"Point","coordinates":[-122.906550000377,41.5015919997543]},"properties":{"OBJECTID":39577,"STRUCTURE_NUMBER_008":"02 0038","FACILITY_CARRIED_007":"STATE ROUTE 3","FEATURES_DESC_006A":"PATTERSON CREEK","BRIDGE_CONDITION":"F","YEAR_BUILT_027":1962,"DATE_OF_INSPECT_090":"923"}},{"type":"Feature","id":39578,"geometry":{"type":"Point","coordinates":[-122.558510999984,41.7263750002433]},"properties":{"OBJECTID":39578,"STRUCTURE_NUMBER_008":"02 0044","FACILITY_CARRIED_007":"STATE ROUTE 3","FEATURES_DESC_006A":"SHASTA RIVER","BRIDGE_CONDITION":"G","YEAR_BUILT_027":1959,"DATE_OF_INSPECT_090":"924"}},{"type":"Feature","id":39579,"geometry":{"type":"Point","coordinates":[-122.288835999801,41.1843189999503]},"properties":{"OBJECTID":39579,"STRUCTURE_NUMBER_008":"02 0045","FACILITY_CARRIED_007":"INTERSTATE 5","FEATURES_DESC_006A":"LITTLE CASTLE CREEK","BRIDGE_CONDITION":"F","YEAR_BUILT_027":1960,"DATE_OF_INSPECT_090":"724"}},{"type":"Feature","id":39580,"geometry":{"type":"Point","coordinates":[-122.223875000173,41.5484500000261]},"properties":{"OBJECTID":39580,"STRUCTURE_NUMBER_008":"02 0048","FACILITY_CARRIED_007":"U.S. HIGHWAY 97","FEATURES_DESC_006A":"SHEEP ROCK CATTLEPASS","BRIDGE_CONDITION":"F","YEAR_BUILT_027":1976,"DATE_OF_INSPECT_090":"423"}},{"type":"Feature","id":39581,"geometry":{"type":"Point","coordinates":[-123.378930999655,41.7910560000839]},"properties":{"OBJECTID":39581,"STRUCTURE_NUMBER_008":"02 0049","FACILITY_CARRIED_007":"STATE ROUTE 96","FEATURES_DESC_006A":"INDIAN CREEK","BRIDGE_CONDITION":"F","YEAR_BUILT_027":1962,"DATE_OF_INSPECT_090":"924"}},{"type":"Feature","id":39582,"geometry":{"type":"Point","coordinates":[-123.449514000385,41.7098470002186]},"properties":{"OBJECTID":39582,"STRUCTURE_NUMBER_008":"02 0051","FACILITY_CARRIED_007":"STATE ROUTE 96","FEATURES_DESC_006A":"CLEAR CREEK","BRIDGE_CONDITION":"G","YEAR_BUILT_027":1966,"DATE_OF_INSPECT_090":"924"}},{"type":"Feature","id":39583,"geometry":{"type":"Point","coordinates":[-122.904696999627,41.5434609997069]},"properties":{"OBJECTID":39583,"STRUCTURE_NUMBER_008":"02 0052","FACILITY_CARRIED_007":"STATE ROUTE 3","FEATURES_DESC_006A":"KIDDER CREEK","BRIDGE_CONDITION":"F","YEAR_BUILT_027":1956,"DATE_OF_INSPECT_090":"923"}},{"type":"Feature","id":39584,"geometry":{"type":"Point","coordinates":[-123.435627999929,41.7299059997074]},"properties":{"OBJECTID":39584,"STRUCTURE_NUMBER_008":"02 0053","FACILITY_CARRIED_007":"STATE ROUTE 96","FEATURES_DESC_006A":"OAK FLAT CREEK","BRIDGE_CONDITION":"G","YEAR_BUILT_027":1952,"DATE_OF_INSPECT_090":"924"}},{"type":"Feature","id":39585,"geometry":{"type":"Point","coordinates":[-122.856558000231,41.590117000269]},"properties":{"OBJECTID":39585,"STRUCTURE_NUMBER_008":"02 0056","FACILITY_CARRIED_007":"STATE ROUTE 3","FEATURES_DESC_006A":"KIDDER CREEK","BRIDGE_CONDITION":"F","YEAR_BUILT_027":1956,"DATE_OF_INSPECT_090":"923"}},{"type":"Feature","id":39586,"geometry":{"type":"Point","coordinates":[-122.851750000336,41.5954330003004]},"properties":{"OBJECTID":39586,"STRUCTURE_NUMBER_008":"02 0057","FACILITY_CARRIED_007":"STATE ROUTE 3","FEATURES_DESC_006A":"SCOTT RIVER","BRIDGE_CONDITION":"F","YEAR_BUILT_027":1956,"DATE_OF_INSPECT_090":"924"}},{"type":"Feature","id":39587,"geometry":{"type":"Point","coordinates":[-121.8249640001,42.002197000158]},"properties":{"OBJECTID":39587,"STRUCTURE_NUMBER_008":"02 0062","FACILITY_CARRIED_007":"STATE ROUTE 161","FEATURES_DESC_006A":"OREGON DRAIN","BRIDGE_CONDITION":"F","YEAR_BUILT_027":1946,"DATE_OF_INSPECT_090":"423"}},{"type":"Feature","id":39588,"geometry":{"type":"Point","coordinates":[-122.284388999582,41.1935000003213]},"properties":{"OBJECTID":39588,"STRUCTURE_NUMBER_008":"02 0065","FACILITY_CARRIED_007":"INTERSTATE 5","FEATURES_DESC_006A":"DUNSMUIR AVE","BRIDGE_CONDITION":"G","YEAR_BUILT_027":1960,"DATE_OF_INSPECT_090":"724"}},{"type":"Feature","id":39589,"geometry":{"type":"Point","coordinates":[-122.278816999606,41.1997080002291]},"properties":{"OBJECTID":39589,"STRUCTURE_NUMBER_008":"02 0066","FACILITY_CARRIED_007":"INTERSTATE 5","FEATURES_DESC_006A":"PANORAMA ROAD","BRIDGE_CONDITION":"P","YEAR_BUILT_027":1960,"DATE_OF_INSPECT_090":"724"}},{"type":"Feature","id":39590,"geometry":{"type":"Point","coordinates":[-122.325364000163,41.3193309999363]},"properties":{"OBJECTID":39590,"STRUCTURE_NUMBER_008":"02 0067","FACILITY_CARRIED_007":"LASSEN LANE","FEATURES_DESC_006A":"INTERSTATE 5","BRIDGE_CONDITION":"F","YEAR_BUILT_027":1964,"DATE_OF_INSPECT_090":"724"}},{"type":"Feature","id":39591,"geometry":{"type":"Point","coordinates":[-123.310525000438,41.8635250001435]},"properties":{"OBJECTID":39591,"STRUCTURE_NUMBER_008":"02 0068","FACILITY_CARRIED_007":"STATE ROUTE 96","FEATURES_DESC_006A":"THOMPSON CREEK","BRIDGE_CONDITION":"P","YEAR_BUILT_027":1952,"DATE_OF_INSPECT_090":"924"}},{"type":"Feature","id":39592,"geometry":{"type":"Point","coordinates":[-123.501402999866,41.6081720000322]},"properties":{"OBJECTID":39592,"STRUCTURE_NUMBER_008":"02 0070","FACILITY_CARRIED_007":"STATE ROUTE 96","FEATURES_DESC_006A":"SWILLUP CREEK","BRIDGE_CONDITION":"G","YEAR_BUILT_027":2002,"DATE_OF_INSPECT_090":"922"}},{"type":"Feature","id":39593,"geometry":{"type":"Point","coordinates":[-123.197386000158,41.8425280002245]},"properties":{"OBJECTID":39593,"STRUCTURE_NUMBER_008":"02 0072","FACILITY_CARRIED_007":"STATE ROUTE 96","FEATURES_DESC_006A":"SEIAD CREEK","BRIDGE_CONDITION":"G","YEAR_BUILT_027":1953,"DATE_OF_INSPECT_090":"924"}},{"type":"Feature","id":39594,"geometry":{"type":"Point","coordinates":[-122.27615799984,41.20779400021]},"properties":{"OBJECTID":39594,"STRUCTURE_NUMBER_008":"02 0073","FACILITY_CARRIED_007":"INTERSTATE 5","FEATURES_DESC_006A":"OAK STREET","BRIDGE_CONDITION":"G","YEAR_BUILT_027":1960,"DATE_OF_INSPECT_090":"724"}},{"type":"Feature","id":39595,"geometry":{"type":"Point","coordinates":[-122.274388999653,41.2118780000162]},"properties":{"OBJECTID":39595,"STRUCTURE_NUMBER_008":"02 0078","FACILITY_CARRIED_007":"INTERSTATE 5","FEATURES_DESC_006A":"WILLOW STREET","BRIDGE_CONDITION":"G","YEAR_BUILT_027":1960,"DATE_OF_INSPECT_090":"724"}},{"type":"Feature","id":39596,"geometry":{"type":"Point","coordinates":[-123.037477999563,41.7783329997812]},"properties":{"OBJECTID":39596,"STRUCTURE_NUMBER_008":"02 0079","FACILITY_CARRIED_007":"STATE ROUTE 96","FEATURES_DESC_006A":"SCOTT RIVER","BRIDGE_CONDITION":"P","YEAR_BUILT_027":1957,"DATE_OF_INSPECT_090":"924"}},{"type":"Feature","id":39597,"geometry":{"type":"Point","coordinates":[-122.817224999615,41.8701829999078]},"properties":{"OBJECTID":39597,"STRUCTURE_NUMBER_008":"02 0081","FACILITY_CARRIED_007":"STATE ROUTE 96","FEATURES_DESC_006A":"BEAVER CREEK","BRIDGE_CONDITION":"G","YEAR_BUILT_027":1932,"DATE_OF_INSPECT_090":"922"}},{"type":"Feature","id":39598,"geometry":{"type":"Point","coordinates":[-122.387958000103,41.4243810001717]},"properties":{"OBJECTID":39598,"STRUCTURE_NUMBER_008":"02 0082","FACILITY_CARRIED_007":"U.S. HIGHWAY 97","FEATURES_DESC_006A":"CORP RR","BRIDGE_CONDITION":"F","YEAR_BUILT_027":1982,"DATE_OF_INSPECT_090":"423"}},{"type":"Feature","id":39599,"geometry":{"type":"Point","coordinates":[-122.285314000219,41.5241079998062]},"properties":{"OBJECTID":39599,"STRUCTURE_NUMBER_008":"02 0083","FACILITY_CARRIED_007":"U.S. HIGHWAY 97","FEATURES_DESC_006A":"WHITNEY CREEK","BRIDGE_CONDITION":"F","YEAR_BUILT_027":1982,"DATE_OF_INSPECT_090":"423"}},{"type":"Feature","id":39600,"geometry":{"type":"Point","coordinates":[-122.738966999709,41.867502999965]},"properties":{"OBJECTID":39600,"STRUCTURE_NUMBER_008":"02 0086","FACILITY_CARRIED_007":"STATE ROUTE 96","FEATURES_DESC_006A":"LUMGREY CREEK","BRIDGE_CONDITION":"F","YEAR_BUILT_027":1923,"DATE_OF_INSPECT_090":"924"}},{"type":"Feature","id":39601,"geometry":{"type":"Point","coordinates":[-122.738452999873,41.8674860001836]},"properties":{"OBJECTID":39601,"STRUCTURE_NUMBER_008":"02 0087","FACILITY_CARRIED_007":"STATE ROUTE 96","FEATURES_DESC_006A":"EMPIRE CREEK","BRIDGE_CONDITION":"F","YEAR_BUILT_027":1923,"DATE_OF_INSPECT_090":"924"}},{"type":"Feature","id":39602,"geometry":{"type":"Point","coordinates":[-122.274516999699,41.2178169998047]},"properties":{"OBJECTID":39602,"STRUCTURE_NUMBER_008":"02 0089","FACILITY_CARRIED_007":"INTERSTATE 5","FEATURES_DESC_006A":"DUNSMUIR AVE","BRIDGE_CONDITION":"F","YEAR_BUILT_027":1960,"DATE_OF_INSPECT_090":"724"}},{"type":"Feature","id":39603,"geometry":{"type":"Point","coordinates":[-122.331531000166,41.3310970002876]},"properties":{"OBJECTID":39603,"STRUCTURE_NUMBER_008":"02 0091K","FACILITY_CARRIED_007":"S5-N MT SHASTA OFF","FEATURES_DESC_006A":"INTERSTATE 5","BRIDGE_CONDITION":"F","YEAR_BUILT_027":1964,"DATE_OF_INSPECT_090":"923"}},{"type":"Feature","id":39604,"geometry":{"type":"Point","coordinates":[-122.275494000216,41.2235390000429]},"properties":{"OBJECTID":39604,"STRUCTURE_NUMBER_008":"02 0097","FACILITY_CARRIED_007":"SISKIYOU AVE","FEATURES_DESC_006A":"INTERSTATE 5","BRIDGE_CONDITION":"F","YEAR_BUILT_027":1966,"DATE_OF_INSPECT_090":"724"}},{"type":"Feature","id":39605,"geometry":{"type":"Point","coordinates":[-122.889000000049,41.8444610002622]},"properties":{"OBJECTID":39605,"STRUCTURE_NUMBER_008":"02 0100","FACILITY_CARRIED_007":"STATE ROUTE 96","FEATURES_DESC_006A":"DOGGETT CREEK","BRIDGE_CONDITION":"G","YEAR_BUILT_027":1953,"DATE_OF_INSPECT_090":"924"}},{"type":"Feature","id":39606,"geometry":{"type":"Point","coordinates":[-122.977447000029,41.8268690000437]},"properties":{"OBJECTID":39606,"STRUCTURE_NUMBER_008":"02 0117","FACILITY_CARRIED_007":"STATE ROUTE 96","FEATURES_DESC_006A":"KLAMATH RIVER","BRIDGE_CONDITION":"F","YEAR_BUILT_027":1953,"DATE_OF_INSPECT_090":"924"}},{"type":"Feature","id":39607,"geometry":{"type":"Point","coordinates":[-123.18171700017,41.8346830002521]},"properties":{"OBJECTID":39607,"STRUCTURE_NUMBER_008":"02 0119","FACILITY_CARRIED_007":"STATE ROUTE 96","FEATURES_DESC_006A":"KLAMATH RIVER","BRIDGE_CONDITION":"G","YEAR_BUILT_027":1954,"DATE_OF_INSPECT_090":"924"}},{"type":"Feature","id":39608,"geometry":{"type":"Point","coordinates":[-122.934739000144,41.8395970001142]},"properties":{"OBJECTID":39608,"STRUCTURE_NUMBER_008":"02 0120","FACILITY_CARRIED_007":"STATE ROUTE 96","FEATURES_DESC_006A":"KOHL CREEK","BRIDGE_CONDITION":"G","YEAR_BUILT_027":1953,"DATE_OF_INSPECT_090":"924"}},{"type":"Feature","id":39609,"geometry":{"type":"Point","coordinates":[-122.433097000148,41.4397219997918]},"properties":{"OBJECTID":39609,"STRUCTURE_NUMBER_008":"02 0123L","FACILITY_CARRIED_007":"INTERSTATE 5","FEATURES_DESC_006A":"SHASTA RIVER","BRIDGE_CONDITION":"G","YEAR_BUILT_027":1960,"DATE_OF_INSPECT_090":"724"}},{"type":"Feature","id":39610,"geometry":{"type":"Point","coordinates":[-122.433297000165,41.4396079997455]},"properties":{"OBJECTID":39610,"STRUCTURE_NUMBER_008":"02 0123R","FACILITY_CARRIED_007":"INTERSTATE 5","FEATURES_DESC_006A":"SHASTA RIVER","BRIDGE_CONDITION":"G","YEAR_BUILT_027":1960,"DATE_OF_INSPECT_090":"724"}},{"type":"Feature","id":39611,"geometry":{"type":"Point","coordinates":[-122.299125000333,41.2834530002933]},"properties":{"OBJECTID":39611,"STRUCTURE_NUMBER_008":"02 0126","FACILITY_CARRIED_007":"AZALEA ROAD","FEATURES_DESC_006A":"INTERSTATE 5","BRIDGE_CONDITION":"G","YEAR_BUILT_027":1964,"DATE_OF_INSPECT_090":"923"}},{"type":"Feature","id":39612,"geometry":{"type":"Point","coordinates":[-122.301913999796,41.2850719998938]},"properties":{"OBJECTID":39612,"STRUCTURE_NUMBER_008":"02 0127E","FACILITY_CARRIED_007":"S5-S89 & N89-S5 CN","FEATURES_DESC_006A":"INTERSTATE 5","BRIDGE_CONDITION":"F","YEAR_BUILT_027":1964,"DATE_OF_INSPECT_090":"924"}},{"type":"Feature","id":39613,"geometry":{"type":"Point","coordinates":[-122.306827999996,41.2879610000958]},"properties":{"OBJECTID":39613,"STRUCTURE_NUMBER_008":"02 0128K","FACILITY_CARRIED_007":"S MT SHASTA-S5 ON","FEATURES_DESC_006A":"INTERSTATE 5","BRIDGE_CONDITION":"G","YEAR_BUILT_027":1964,"DATE_OF_INSPECT_090":"724"}},{"type":"Feature","id":39614,"geometry":{"type":"Point","coordinates":[-123.534622000184,41.5717109997941]},"properties":{"OBJECTID":39614,"STRUCTURE_NUMBER_008":"02 0132","FACILITY_CARRIED_007":"STATE ROUTE 96","FEATURES_DESC_006A":"KLAMATH RIVER","BRIDGE_CONDITION":"F","YEAR_BUILT_027":1967,"DATE_OF_INSPECT_090":"924"}},{"type":"Feature","id":39615,"geometry":{"type":"Point","coordinates":[-122.571664000321,41.8547920001116]},"properties":{"OBJECTID":39615,"STRUCTURE_NUMBER_008":"02 0133L","FACILITY_CARRIED_007":"INTERSTATE 5 SB","FEATURES_DESC_006A":"KLAMATH RIVER ROAD","BRIDGE_CONDITION":"G","YEAR_BUILT_027":1970,"DATE_OF_INSPECT_090":"923"}},{"type":"Feature","id":39616,"geometry":{"type":"Point","coordinates":[-122.571455999909,41.8548250000948]},"properties":{"OBJECTID":39616,"STRUCTURE_NUMBER_008":"02 0133R","FACILITY_CARRIED_007":"INTERSTATE 5","FEATURES_DESC_006A":"KLAMATH RIVER ROAD","BRIDGE_CONDITION":"G","YEAR_BUILT_027":1970,"DATE_OF_INSPECT_090":"923"}},{"type":"Feature","id":39617,"geometry":{"type":"Point","coordinates":[-122.571797000391,41.8564029996694]},"properties":{"OBJECTID":39617,"STRUCTURE_NUMBER_008":"02 0134L","FACILITY_CARRIED_007":"I 5 SB","FEATURES_DESC_006A":"E96-N5 CON KLAMATH RIVER","BRIDGE_CONDITION":"G","YEAR_BUILT_027":1969,"DATE_OF_INSPECT_090":"924"}},{"type":"Feature","id":39618,"geometry":{"type":"Point","coordinates":[-122.571453000434,41.8566719998022]},"properties":{"OBJECTID":39618,"STRUCTURE_NUMBER_008":"02 0134R","FACILITY_CARRIED_007":"I 5 NB","FEATURES_DESC_006A":"E96-N5 CON KLAMATH RIVER","BRIDGE_CONDITION":"F","YEAR_BUILT_027":1969,"DATE_OF_INSPECT_090":"924"}},{"type":"Feature","id":39619,"geometry":{"type":"Point","coordinates":[-122.573389000127,41.8550030003184]},"properties":{"OBJECTID":39619,"STRUCTURE_NUMBER_008":"02 0135E","FACILITY_CARRIED_007":"RAMP/CONNECTOR 96","FEATURES_DESC_006A":"KLAMATH RIVER","BRIDGE_CONDITION":"G","YEAR_BUILT_027":1968,"DATE_OF_INSPECT_090":"924"}},{"type":"Feature","id":39620,"geometry":{"type":"Point","coordinates":[-122.435278000064,41.4419139996951]},"properties":{"OBJECTID":39620,"STRUCTURE_NUMBER_008":"02 0136L","FACILITY_CARRIED_007":"INTERSTATE 5","FEATURES_DESC_006A":"STEWART SPRINGS ROAD","BRIDGE_CONDITION":"G","YEAR_BUILT_027":1969,"DATE_OF_INSPECT_090":"724"}},{"type":"Feature","id":39621,"geometry":{"type":"Point","coordinates":[-122.434980999963,41.4420329997279]},"properties":{"OBJECTID":39621,"STRUCTURE_NUMBER_008":"02 0136R","FACILITY_CARRIED_007":"INTERSTATE 5","FEATURES_DESC_006A":"STEWART SPRINGS ROAD","BRIDGE_CONDITION":"G","YEAR_BUILT_027":1969,"DATE_OF_INSPECT_090":"724"}},{"type":"Feature","id":39622,"geometry":{"type":"Point","coordinates":[-122.485096999958,41.5524169997608]},"properties":{"OBJECTID":39622,"STRUCTURE_NUMBER_008":"02 0137","FACILITY_CARRIED_007":"LOUIE ROAD","FEATURES_DESC_006A":"INTERSTATE 5","BRIDGE_CONDITION":"F","YEAR_BUILT_027":1969,"DATE_OF_INSPECT_090":"724"}},{"type":"Feature","id":39623,"geometry":{"type":"Point","coordinates":[-122.639627999672,41.7161780000596]},"properties":{"OBJECTID":39623,"STRUCTURE_NUMBER_008":"02 0138L","FACILITY_CARRIED_007":"INTERSTATE 5 SB","FEATURES_DESC_006A":"OBERLIN ROAD","BRIDGE_CONDITION":"F","YEAR_BUILT_027":1970,"DATE_OF_INSPECT_090":"124"}},{"type":"Feature","id":39624,"geometry":{"type":"Point","coordinates":[-122.639358000234,41.716149999992]},"properties":{"OBJECTID":39624,"STRUCTURE_NUMBER_008":"02 0138R","FACILITY_CARRIED_007":"INTERSTATE 5 NB","FEATURES_DESC_006A":"OBERLIN ROAD","BRIDGE_CONDITION":"F","YEAR_BUILT_027":1970,"DATE_OF_INSPECT_090":"124"}},{"type":"Feature","id":39625,"geometry":{"type":"Point","coordinates":[-122.535222000173,41.6461670003101]},"properties":{"OBJECTID":39625,"STRUCTURE_NUMBER_008":"02 0139","FACILITY_CARRIED_007":"99-97 CUTOFF","FEATURES_DESC_006A":"INTERSTATE 5","BRIDGE_CONDITION":"F","YEAR_BUILT_027":1969,"DATE_OF_INSPECT_090":"923"}},{"type":"Feature","id":39626,"geometry":{"type":"Point","coordinates":[-122.464394000118,41.4979170003228]},"properties":{"OBJECTID":39626,"STRUCTURE_NUMBER_008":"02 0141L","FACILITY_CARRIED_007":"INTERSTATE 5","FEATURES_DESC_006A":"PARKS CREEK","BRIDGE_CONDITION":"F","YEAR_BUILT_027":1969,"DATE_OF_INSPECT_090":"724"}},{"type":"Feature","id":39627,"geometry":{"type":"Point","coordinates":[-122.464753000144,41.4978580000364]},"properties":{"OBJECTID":39627,"STRUCTURE_NUMBER_008":"02 0141R","FACILITY_CARRIED_007":"INTERSTATE 5","FEATURES_DESC_006A":"PARKS CREEK","BRIDGE_CONDITION":"G","YEAR_BUILT_027":1969,"DATE_OF_INSPECT_090":"724"}},{"type":"Feature","id":39628,"geometry":{"type":"Point","coordinates":[-123.395044000058,41.7838139999545]},"properties":{"OBJECTID":39628,"STRUCTURE_NUMBER_008":"02 0142","FACILITY_CARRIED_007":"STATE ROUTE 96","FEATURES_DESC_006A":"LITTLE GRIDER CREEK","BRIDGE_CONDITION":"G","YEAR_BUILT_027":1967,"DATE_OF_INSPECT_090":"924"}},{"type":"Feature","id":39629,"geometry":{"type":"Point","coordinates":[-122.637747000231,41.7204419996928]},"properties":{"OBJECTID":39629,"STRUCTURE_NUMBER_008":"02 0143","FACILITY_CARRIED_007":"INTERSTATE 5","FEATURES_DESC_006A":"YREKA CREEK","BRIDGE_CONDITION":"F","YEAR_BUILT_027":1970,"DATE_OF_INSPECT_090":"924"}},{"type":"Feature","id":39630,"geometry":{"type":"Point","coordinates":[-122.548860999859,41.6521860001698]},"properties":{"OBJECTID":39630,"STRUCTURE_NUMBER_008":"02 0144L","FACILITY_CARRIED_007":"INTERSTATE 5","FEATURES_DESC_006A":"CRAM GULCH","BRIDGE_CONDITION":"F","YEAR_BUILT_027":1969,"DATE_OF_INSPECT_090":"923"}},{"type":"Feature","id":39631,"geometry":{"type":"Point","coordinates":[-122.549318999619,41.6520139997668]},"properties":{"OBJECTID":39631,"STRUCTURE_NUMBER_008":"02 0144R","FACILITY_CARRIED_007":"INTERSTATE 5","FEATURES_DESC_006A":"CRAM GULCH","BRIDGE_CONDITION":"F","YEAR_BUILT_027":1969,"DATE_OF_INSPECT_090":"923"}},{"type":"Feature","id":39632,"geometry":{"type":"Point","coordinates":[-122.553497000225,41.6536360001097]},"properties":{"OBJECTID":39632,"STRUCTURE_NUMBER_008":"02 0145L","FACILITY_CARRIED_007":"INTERSTATE 5","FEATURES_DESC_006A":"GUYS GULCH","BRIDGE_CONDITION":"G","YEAR_BUILT_027":1969,"DATE_OF_INSPECT_090":"724"}},{"type":"Feature","id":39633,"geometry":{"type":"Point","coordinates":[-122.553191999728,41.653869000001]},"properties":{"OBJECTID":39633,"STRUCTURE_NUMBER_008":"02 0145R","FACILITY_CARRIED_007":"INTERSTATE 5","FEATURES_DESC_006A":"GUYS GULCH","BRIDGE_CONDITION":"G","YEAR_BUILT_027":1969,"DATE_OF_INSPECT_090":"724"}},{"type":"Feature","id":39634,"geometry":{"type":"Point","coordinates":[-122.568127999598,41.6593329997891]},"properties":{"OBJECTID":39634,"STRUCTURE_NUMBER_008":"02 0146L","FACILITY_CARRIED_007":"INTERSTATE 5","FEATURES_DESC_006A":"JULIEN CREEK","BRIDGE_CONDITION":"G","YEAR_BUILT_027":1969,"DATE_OF_INSPECT_090":"724"}},{"type":"Feature","id":39635,"geometry":{"type":"Point","coordinates":[-122.568510999912,41.6589390002002]},"properties":{"OBJECTID":39635,"STRUCTURE_NUMBER_008":"02 0146R","FACILITY_CARRIED_007":"INTERSTATE 5","FEATURES_DESC_006A":"JULIEN CREEK","BRIDGE_CONDITION":"G","YEAR_BUILT_027":1969,"DATE_OF_INSPECT_090":"724"}},{"type":"Feature","id":39636,"geometry":{"type":"Point","coordinates":[-122.515453000294,41.618246999722]},"properties":{"OBJECTID":39636,"STRUCTURE_NUMBER_008":"02 0147L","FACILITY_CARRIED_007":"INTERSTATE 5 SB","FEATURES_DESC_006A":"TRUITMAN LANE","BRIDGE_CONDITION":"G","YEAR_BUILT_027":1969,"DATE_OF_INSPECT_090":"724"}},{"type":"Feature","id":39637,"geometry":{"type":"Point","coordinates":[-122.515028000147,41.6183249996675]},"properties":{"OBJECTID":39637,"STRUCTURE_NUMBER_008":"02 0147R","FACILITY_CARRIED_007":"INTERSTATE 5 NB","FEATURES_DESC_006A":"TRUITMAN LANE","BRIDGE_CONDITION":"G","YEAR_BUILT_027":1969,"DATE_OF_INSPECT_090":"724"}},{"type":"Feature","id":39638,"geometry":{"type":"Point","coordinates":[-122.58587499957,41.7674190001014]},"properties":{"OBJECTID":39638,"STRUCTURE_NUMBER_008":"02 0148L","FACILITY_CARRIED_007":"INTERSTATE 5 SB","FEATURES_DESC_006A":"SHASTA RIVER","BRIDGE_CONDITION":"F","YEAR_BUILT_027":1970,"DATE_OF_INSPECT_090":"923"}},{"type":"Feature","id":39639,"geometry":{"type":"Point","coordinates":[-122.585566999598,41.7672250002656]},"properties":{"OBJECTID":39639,"STRUCTURE_NUMBER_008":"02 0148R","FACILITY_CARRIED_007":"INTERSTATE 5 NB","FEATURES_DESC_006A":"SHASTA RIVER","BRIDGE_CONDITION":"F","YEAR_BUILT_027":1970,"DATE_OF_INSPECT_090":"923"}},{"type":"Feature","id":39640,"geometry":{"type":"Point","coordinates":[-122.63535299988,41.6856970000038]},"properties":{"OBJECTID":39640,"STRUCTURE_NUMBER_008":"02 0149","FACILITY_CARRIED_007":"WALTERS ROAD","FEATURES_DESC_006A":"INTERSTATE 5","BRIDGE_CONDITION":"G","YEAR_BUILT_027":1970,"DATE_OF_INSPECT_090":"724"}},{"type":"Feature","id":39641,"geometry":{"type":"Point","coordinates":[-122.62803900038,41.7396720000638]},"properties":{"OBJECTID":39641,"STRUCTURE_NUMBER_008":"02 0150L","FACILITY_CARRIED_007":"INTERSTATE 5 SB","FEATURES_DESC_006A":"STATE ROUTE 3","BRIDGE_CONDITION":"F","YEAR_BUILT_027":1970,"DATE_OF_INSPECT_090":"124"}},{"type":"Feature","id":39642,"geometry":{"type":"Point","coordinates":[-122.627594000141,41.739496999915]},"properties":{"OBJECTID":39642,"STRUCTURE_NUMBER_008":"02 0150R","FACILITY_CARRIED_007":"INTERSTATE 5 NB","FEATURES_DESC_006A":"STATE ROUTE 3","BRIDGE_CONDITION":"F","YEAR_BUILT_027":1970,"DATE_OF_INSPECT_090":"124"}},{"type":"Feature","id":39643,"geometry":{"type":"Point","coordinates":[-122.630750000025,41.7400750001135]},"properties":{"OBJECTID":39643,"STRUCTURE_NUMBER_008":"02 0151","FACILITY_CARRIED_007":"STATE ROUTE 3","FEATURES_DESC_006A":"YREKA CREEK","BRIDGE_CONDITION":"G","YEAR_BUILT_027":1970,"DATE_OF_INSPECT_090":"924"}},{"type":"Feature","id":39644,"geometry":{"type":"Point","coordinates":[-122.344697000024,41.3442670000854]},"properties":{"OBJECTID":39644,"STRUCTURE_NUMBER_008":"02 0152L","FACILITY_CARRIED_007":"ABRAMS LAKE ROAD","FEATURES_DESC_006A":"INTERSTATE 5 SB","BRIDGE_CONDITION":"F","YEAR_BUILT_027":1973,"DATE_OF_INSPECT_090":"724"}},{"type":"Feature","id":39645,"geometry":{"type":"Point","coordinates":[-122.343271999794,41.344899999762]},"properties":{"OBJECTID":39645,"STRUCTURE_NUMBER_008":"02 0152R","FACILITY_CARRIED_007":"ABRAMS LAKE ROAD","FEATURES_DESC_006A":"INTERSTATE 5 NB","BRIDGE_CONDITION":"F","YEAR_BUILT_027":1973,"DATE_OF_INSPECT_090":"724"}},{"type":"Feature","id":39646,"geometry":{"type":"Point","coordinates":[-122.610546999778,41.6677529997856]},"properties":{"OBJECTID":39646,"STRUCTURE_NUMBER_008":"02 0153L","FACILITY_CARRIED_007":"INTERSTATE 5","FEATURES_DESC_006A":"KILLGORE HILLS ROAD","BRIDGE_CONDITION":"G","YEAR_BUILT_027":1970,"DATE_OF_INSPECT_090":"724"}},{"type":"Feature","id":39647,"geometry":{"type":"Point","coordinates":[-122.610308000301,41.6679580000245]},"properties":{"OBJECTID":39647,"STRUCTURE_NUMBER_008":"02 0153R","FACILITY_CARRIED_007":"INTERSTATE 5","FEATURES_DESC_006A":"KILLGORE HILLS ROAD","BRIDGE_CONDITION":"G","YEAR_BUILT_027":1970,"DATE_OF_INSPECT_090":"724"}},{"type":"Feature","id":39648,"geometry":{"type":"Point","coordinates":[-122.508263999569,41.6039079999349]},"properties":{"OBJECTID":39648,"STRUCTURE_NUMBER_008":"02 0155","FACILITY_CARRIED_007":"SLOUGH ROAD","FEATURES_DESC_006A":"INTERSTATE 5","BRIDGE_CONDITION":"F","YEAR_BUILT_027":1969,"DATE_OF_INSPECT_090":"923"}},{"type":"Feature","id":39649,"geometry":{"type":"Point","coordinates":[-123.506250000119,41.4453920001975]},"properties":{"OBJECTID":39649,"STRUCTURE_NUMBER_008":"02 0156","FACILITY_CARRIED_007":"STATE ROUTE 96","FEATURES_DESC_006A":"KLAMATH RIVER","BRIDGE_CONDITION":"G","YEAR_BUILT_027":1970,"DATE_OF_INSPECT_090":"924"}},{"type":"Feature","id":39650,"geometry":{"type":"Point","coordinates":[-123.49535300004,41.4484329998606]},"properties":{"OBJECTID":39650,"STRUCTURE_NUMBER_008":"02 0157","FACILITY_CARRIED_007":"STATE ROUTE 96","FEATURES_DESC_006A":"KLAMATH RIVER","BRIDGE_CONDITION":"G","YEAR_BUILT_027":1970,"DATE_OF_INSPECT_090":"924"}},{"type":"Feature","id":39651,"geometry":{"type":"Point","coordinates":[-122.633175000338,41.7307220001366]},"properties":{"OBJECTID":39651,"STRUCTURE_NUMBER_008":"02 0158L","FACILITY_CARRIED_007":"INTERSTATE 5 SB","FEATURES_DESC_006A":"MINER STREET","BRIDGE_CONDITION":"F","YEAR_BUILT_027":1970,"DATE_OF_INSPECT_090":"124"}},{"type":"Feature","id":39652,"geometry":{"type":"Point","coordinates":[-122.632903000351,41.7306889998866]},"properties":{"OBJECTID":39652,"STRUCTURE_NUMBER_008":"02 0158R","FACILITY_CARRIED_007":"ROUTE 5","FEATURES_DESC_006A":"MINER STREET","BRIDGE_CONDITION":"F","YEAR_BUILT_027":1970,"DATE_OF_INSPECT_090":"124"}},{"type":"Feature","id":39653,"geometry":{"type":"Point","coordinates":[-122.64311900019,41.7039579998358]},"properties":{"OBJECTID":39653,"STRUCTURE_NUMBER_008":"02 0159L","FACILITY_CARRIED_007":"INTERSTATE 5","FEATURES_DESC_006A":"MOONLIT OAKS AVE","BRIDGE_CONDITION":"F","YEAR_BUILT_027":1970,"DATE_OF_INSPECT_090":"124"}},{"type":"Feature","id":39654,"geometry":{"type":"Point","coordinates":[-122.642802999822,41.703978000038]},"properties":{"OBJECTID":39654,"STRUCTURE_NUMBER_008":"02 0159R","FACILITY_CARRIED_007":"INTERSTATE 5","FEATURES_DESC_006A":"MOONLIT OAKS AVE","BRIDGE_CONDITION":"F","YEAR_BUILT_027":1970,"DATE_OF_INSPECT_090":"124"}},{"type":"Feature","id":39655,"geometry":{"type":"Point","coordinates":[-122.642636000316,41.7034970001896]},"properties":{"OBJECTID":39655,"STRUCTURE_NUMBER_008":"02 0160","FACILITY_CARRIED_007":"INTERSTATE 5","FEATURES_DESC_006A":"YREKA CREEK","BRIDGE_CONDITION":"F","YEAR_BUILT_027":1970,"DATE_OF_INSPECT_090":"924"}},{"type":"Feature","id":39656,"geometry":{"type":"Point","coordinates":[-122.370467000224,41.3681720000347]},"properties":{"OBJECTID":39656,"STRUCTURE_NUMBER_008":"02 0161L","FACILITY_CARRIED_007":"INTERSTATE 5","FEATURES_DESC_006A":"DEETZ ROAD","BRIDGE_CONDITION":"F","YEAR_BUILT_027":1973,"DATE_OF_INSPECT_090":"923"}},{"type":"Feature","id":39657,"geometry":{"type":"Point","coordinates":[-122.370191999864,41.3683580001845]},"properties":{"OBJECTID":39657,"STRUCTURE_NUMBER_008":"02 0161R","FACILITY_CARRIED_007":"INTERSTATE 5","FEATURES_DESC_006A":"DEETZ ROAD","BRIDGE_CONDITION":"F","YEAR_BUILT_027":1973,"DATE_OF_INSPECT_090":"923"}},{"type":"Feature","id":39658,"geometry":{"type":"Point","coordinates":[-122.380299999748,41.3962059996968]},"properties":{"OBJECTID":39658,"STRUCTURE_NUMBER_008":"02 0162L","FACILITY_CARRIED_007":"INTERSTATE 5 SB","FEATURES_DESC_006A":"SOUTH WEED BLVD","BRIDGE_CONDITION":"F","YEAR_BUILT_027":1973,"DATE_OF_INSPECT_090":"724"}},{"type":"Feature","id":39659,"geometry":{"type":"Point","coordinates":[-122.3799359997,41.3964970000827]},"properties":{"OBJECTID":39659,"STRUCTURE_NUMBER_008":"02 0162R","FACILITY_CARRIED_007":"INTERSTATE 5 NB","FEATURES_DESC_006A":"SOUTH WEED BLVD","BRIDGE_CONDITION":"F","YEAR_BUILT_027":1973,"DATE_OF_INSPECT_090":"724"}},{"type":"Feature","id":39660,"geometry":{"type":"Point","coordinates":[-122.381438999748,41.4138189998107]},"properties":{"OBJECTID":39660,"STRUCTURE_NUMBER_008":"02 0163L","FACILITY_CARRIED_007":"INTERSTATE 5 SB","FEATURES_DESC_006A":"SISKIYOU WAY","BRIDGE_CONDITION":"F","YEAR_BUILT_027":1973,"DATE_OF_INSPECT_090":"724"}},{"type":"Feature","id":39661,"geometry":{"type":"Point","coordinates":[-122.381072000225,41.4137670001267]},"properties":{"OBJECTID":39661,"STRUCTURE_NUMBER_008":"02 0163R","FACILITY_CARRIED_007":"INTERSTATE 5 NB","FEATURES_DESC_006A":"SISKIYOU WAY","BRIDGE_CONDITION":"F","YEAR_BUILT_027":1973,"DATE_OF_INSPECT_090":"724"}},{"type":"Feature","id":39662,"geometry":{"type":"Point","coordinates":[-122.396682999589,41.4231889999064]},"properties":{"OBJECTID":39662,"STRUCTURE_NUMBER_008":"02 0164L","FACILITY_CARRIED_007":"INTERSTATE 5 SB","FEATURES_DESC_006A":"STATE ROUTE 265","BRIDGE_CONDITION":"F","YEAR_BUILT_027":1973,"DATE_OF_INSPECT_090":"724"}},{"type":"Feature","id":39663,"geometry":{"type":"Point","coordinates":[-122.396480999923,41.4234000000644]},"properties":{"OBJECTID":39663,"STRUCTURE_NUMBER_008":"02 0164R","FACILITY_CARRIED_007":"INTERSTATE 5 NB","FEATURES_DESC_006A":"STATE ROUTE 265","BRIDGE_CONDITION":"G","YEAR_BUILT_027":1973,"DATE_OF_INSPECT_090":"724"}},{"type":"Feature","id":39664,"geometry":{"type":"Point","coordinates":[-122.802908000061,41.3103169998836]},"properties":{"OBJECTID":39664,"STRUCTURE_NUMBER_008":"02 0165","FACILITY_CARRIED_007":"STATE ROUTE 3","FEATURES_DESC_006A":"SOUTH FORK SCOTT RIVER","BRIDGE_CONDITION":"F","YEAR_BUILT_027":1958,"DATE_OF_INSPECT_090":"924"}},{"type":"Feature","id":39665,"geometry":{"type":"Point","coordinates":[-122.810992000388,41.3203560001009]},"properties":{"OBJECTID":39665,"STRUCTURE_NUMBER_008":"02 0166","FACILITY_CARRIED_007":"STATE ROUTE 3","FEATURES_DESC_006A":"WILDCAT CREEK","BRIDGE_CONDITION":"F","YEAR_BUILT_027":1958,"DATE_OF_INSPECT_090":"923"}},{"type":"Feature","id":39666,"geometry":{"type":"Point","coordinates":[-122.826249999575,41.3392999999897]},"properties":{"OBJECTID":39666,"STRUCTURE_NUMBER_008":"02 0167","FACILITY_CARRIED_007":"STATE ROUTE 3","FEATURES_DESC_006A":"SUGAR CREEK","BRIDGE_CONDITION":"G","YEAR_BUILT_027":1958,"DATE_OF_INSPECT_090":"923"}},{"type":"Feature","id":39667,"geometry":{"type":"Point","coordinates":[-122.858375000098,41.4119610002016]},"properties":{"OBJECTID":39667,"STRUCTURE_NUMBER_008":"02 0168","FACILITY_CARRIED_007":"STATE ROUTE 3","FEATURES_DESC_006A":"FRENCH CREEK","BRIDGE_CONDITION":"F","YEAR_BUILT_027":1959,"DATE_OF_INSPECT_090":"924"}},{"type":"Feature","id":39668,"geometry":{"type":"Point","coordinates":[-122.879111000448,41.4574359997403]},"properties":{"OBJECTID":39668,"STRUCTURE_NUMBER_008":"02 0169","FACILITY_CARRIED_007":"STATE ROUTE 3","FEATURES_DESC_006A":"ETNA CREEK","BRIDGE_CONDITION":"F","YEAR_BUILT_027":1959,"DATE_OF_INSPECT_090":"924"}},{"type":"Feature","id":39669,"geometry":{"type":"Point","coordinates":[-122.383647000326,41.4182499999702]},"properties":{"OBJECTID":39669,"STRUCTURE_NUMBER_008":"02 0170L","FACILITY_CARRIED_007":"INTERSTATE 5 SB","FEATURES_DESC_006A":"STATE ROUTE 97","BRIDGE_CONDITION":"F","YEAR_BUILT_027":1973,"DATE_OF_INSPECT_090":"923"}},{"type":"Feature","id":39670,"geometry":{"type":"Point","coordinates":[-122.383433000065,41.4184780001062]},"properties":{"OBJECTID":39670,"STRUCTURE_NUMBER_008":"02 0170R","FACILITY_CARRIED_007":"INTERSTATE 5 NB","FEATURES_DESC_006A":"STATE ROUTE 97","BRIDGE_CONDITION":"F","YEAR_BUILT_027":1973,"DATE_OF_INSPECT_090":"923"}},{"type":"Feature","id":39671,"geometry":{"type":"Point","coordinates":[-122.269585999781,41.2353249998871]},"properties":{"OBJECTID":39671,"STRUCTURE_NUMBER_008":"02 0171","FACILITY_CARRIED_007":"INTERSTATE 5","FEATURES_DESC_006A":"DUNSMUIR AVE","BRIDGE_CONDITION":"G","YEAR_BUILT_027":1976,"DATE_OF_INSPECT_090":"724"}},{"type":"Feature","id":39672,"geometry":{"type":"Point","coordinates":[-122.574169000102,41.9196719999919]},"properties":{"OBJECTID":39672,"STRUCTURE_NUMBER_008":"02 0172","FACILITY_CARRIED_007":"DITCH CREEK ROAD","FEATURES_DESC_006A":"INTERSTATE 5","BRIDGE_CONDITION":"F","YEAR_BUILT_027":1974,"DATE_OF_INSPECT_090":"224"}},{"type":"Feature","id":39673,"geometry":{"type":"Point","coordinates":[-122.592075000083,41.9546890002657]},"properties":{"OBJECTID":39673,"STRUCTURE_NUMBER_008":"02 0173","FACILITY_CARRIED_007":"BAILEY HILL ROAD","FEATURES_DESC_006A":"INTERSTATE 5","BRIDGE_CONDITION":"F","YEAR_BUILT_027":1974,"DATE_OF_INSPECT_090":"224"}},{"type":"Feature","id":39674,"geometry":{"type":"Point","coordinates":[-122.566253000004,41.900856000032]},"properties":{"OBJECTID":39674,"STRUCTURE_NUMBER_008":"02 0174L","FACILITY_CARRIED_007":"INTERSTATE 5 SB","FEATURES_DESC_006A":"HENLEY WAY","BRIDGE_CONDITION":"F","YEAR_BUILT_027":1974,"DATE_OF_INSPECT_090":"224"}},{"type":"Feature","id":39675,"geometry":{"type":"Point","coordinates":[-122.565893999979,41.900875000132]},"properties":{"OBJECTID":39675,"STRUCTURE_NUMBER_008":"02 0174R","FACILITY_CARRIED_007":"INTERSTATE 5 NB","FEATURES_DESC_006A":"HENLEY WAY","BRIDGE_CONDITION":"F","YEAR_BUILT_027":1974,"DATE_OF_INSPECT_090":"224"}},{"type":"Feature","id":39676,"geometry":{"type":"Point","coordinates":[-122.58241900011,41.930705999914]},"properties":{"OBJECTID":39676,"STRUCTURE_NUMBER_008":"02 0175L","FACILITY_CARRIED_007":"INTERSTATE 5 SB","FEATURES_DESC_006A":"COTTONWOOD CREEK","BRIDGE_CONDITION":"F","YEAR_BUILT_027":1974,"DATE_OF_INSPECT_090":"924"}},{"type":"Feature","id":39677,"geometry":{"type":"Point","coordinates":[-122.580478000395,41.929424999734]},"properties":{"OBJECTID":39677,"STRUCTURE_NUMBER_008":"02 0175R","FACILITY_CARRIED_007":"INTERSTATE 5 NB","FEATURES_DESC_006A":"COTTONWOOD CREEK","BRIDGE_CONDITION":"F","YEAR_BUILT_027":1974,"DATE_OF_INSPECT_090":"924"}},{"type":"Feature","id":39678,"geometry":{"type":"Point","coordinates":[-122.586813999553,41.9455079999603]},"properties":{"OBJECTID":39678,"STRUCTURE_NUMBER_008":"02 0176R","FACILITY_CARRIED_007":"INTERSTATE 5 NB","FEATURES_DESC_006A":"HUTTON CREEK","BRIDGE_CONDITION":"F","YEAR_BUILT_027":1974,"DATE_OF_INSPECT_090":"924"}},{"type":"Feature","id":39679,"geometry":{"type":"Point","coordinates":[-123.488530999736,41.3786779999391]},"properties":{"OBJECTID":39679,"STRUCTURE_NUMBER_008":"02 0177","FACILITY_CARRIED_007":"STATE ROUTE 96","FEATURES_DESC_006A":"SALMON RIVER","BRIDGE_CONDITION":"G","YEAR_BUILT_027":1974,"DATE_OF_INSPECT_090":"924"}},{"type":"Feature","id":39680,"geometry":{"type":"Point","coordinates":[-122.270942000414,41.2574639997492]},"properties":{"OBJECTID":39680,"STRUCTURE_NUMBER_008":"02 0180L","FACILITY_CARRIED_007":"INTERSTATE 5","FEATURES_DESC_006A":"MOTT ROAD","BRIDGE_CONDITION":"G","YEAR_BUILT_027":1976,"DATE_OF_INSPECT_090":"923"}},{"type":"Feature","id":39681,"geometry":{"type":"Point","coordinates":[-122.270674999552,41.2576829996951]},"properties":{"OBJECTID":39681,"STRUCTURE_NUMBER_008":"02 0180R","FACILITY_CARRIED_007":"INTERSTATE 5","FEATURES_DESC_006A":"MOTT ROAD","BRIDGE_CONDITION":"F","YEAR_BUILT_027":1976,"DATE_OF_INSPECT_090":"923"}},{"type":"Feature","id":39682,"geometry":{"type":"Point","coordinates":[-122.762447000213,41.3074640001527]},"properties":{"OBJECTID":39682,"STRUCTURE_NUMBER_008":"02 0183","FACILITY_CARRIED_007":"STATE ROUTE 3","FEATURES_DESC_006A":"MILL CREEK","BRIDGE_CONDITION":"F","YEAR_BUILT_027":1970,"DATE_OF_INSPECT_090":"923"}},{"type":"Feature","id":39683,"geometry":{"type":"Point","coordinates":[-122.799060999891,41.3088249998464]},"properties":{"OBJECTID":39683,"STRUCTURE_NUMBER_008":"02 0184","FACILITY_CARRIED_007":"STATE ROUTE 3","FEATURES_DESC_006A":"EAST FORK SCOTT RIVER","BRIDGE_CONDITION":"F","YEAR_BUILT_027":1968,"DATE_OF_INSPECT_090":"923"}},{"type":"Feature","id":39684,"geometry":{"type":"Point","coordinates":[-122.798891999837,41.3088080000934]},"properties":{"OBJECTID":39684,"STRUCTURE_NUMBER_008":"02 0185","FACILITY_CARRIED_007":"STATE ROUTE 3","FEATURES_DESC_006A":"EAST FORK SCOTT RIVER","BRIDGE_CONDITION":"F","YEAR_BUILT_027":1968,"DATE_OF_INSPECT_090":"923"}},{"type":"Feature","id":39685,"geometry":{"type":"Point","coordinates":[-122.571605999697,41.8556829997015]},"properties":{"OBJECTID":39685,"STRUCTURE_NUMBER_008":"02 0192Y","FACILITY_CARRIED_007":"I-5 OFFRMP/KLAMATH","FEATURES_DESC_006A":"WILLIAMS CREEK","BRIDGE_CONDITION":"F","YEAR_BUILT_027":1969,"DATE_OF_INSPECT_090":"923"}},{"type":"Feature","id":39686,"geometry":{"type":"Point","coordinates":[-123.115844000322,41.810422000264]},"properties":{"OBJECTID":39686,"STRUCTURE_NUMBER_008":"02 0197","FACILITY_CARRIED_007":"HIGHWAY 96","FEATURES_DESC_006A":"ONEIL CREEK","BRIDGE_CONDITION":"G","YEAR_BUILT_027":2008,"DATE_OF_INSPECT_090":"924"}},{"type":"Feature","id":39687,"geometry":{"type":"Point","coordinates":[-121.523042000093,41.998249999724]},"properties":{"OBJECTID":39687,"STRUCTURE_NUMBER_008":"02 0198","FACILITY_CARRIED_007":"STATE ROUTE 161","FEATURES_DESC_006A":"LOST RIVER","BRIDGE_CONDITION":"F","YEAR_BUILT_027":2008,"DATE_OF_INSPECT_090":"423"}},{"type":"Feature","id":39688,"geometry":{"type":"Point","coordinates":[-123.529913999848,41.5684889999919]},"properties":{"OBJECTID":39688,"STRUCTURE_NUMBER_008":"02 0199","FACILITY_CARRIED_007":"STATE ROUTE 96 WB","FEATURES_DESC_006A":"HILLSIDE","BRIDGE_CONDITION":"G","YEAR_BUILT_027":2009,"DATE_OF_INSPECT_090":"924"}},{"type":"Feature","id":39689,"geometry":{"type":"Point","coordinates":[-123.258113999827,41.8647330001489]},"properties":{"OBJECTID":39689,"STRUCTURE_NUMBER_008":"02 0200","FACILITY_CARRIED_007":"STATE ROUTE 96","FEATURES_DESC_006A":"FORT GOFF CREEK","BRIDGE_CONDITION":"G","YEAR_BUILT_027":2015,"DATE_OF_INSPECT_090":"924"}},{"type":"Feature","id":39690,"geometry":{"type":"Point","coordinates":[-122.592700000247,41.8311309998066]},"properties":{"OBJECTID":39690,"STRUCTURE_NUMBER_008":"02 0201","FACILITY_CARRIED_007":"STATE ROUTE 263","FEATURES_DESC_006A":"KLAMATH RIVER","BRIDGE_CONDITION":"G","YEAR_BUILT_027":2021,"DATE_OF_INSPECT_090":"923"}},{"type":"Feature","id":39691,"geometry":{"type":"Point","coordinates":[-122.610141999722,41.9927280003176]},"properties":{"OBJECTID":39691,"STRUCTURE_NUMBER_008":"02 0202","FACILITY_CARRIED_007":"HILT ROAD","FEATURES_DESC_006A":"INTERSTATE 5","BRIDGE_CONDITION":"G","YEAR_BUILT_027":2017,"DATE_OF_INSPECT_090":"224"}},{"type":"Feature","id":39692,"geometry":{"type":"Point","coordinates":[-122.069660999753,41.2544249999563]},"properties":{"OBJECTID":39692,"STRUCTURE_NUMBER_008":"02 0203","FACILITY_CARRIED_007":"STATE ROUTE 89","FEATURES_DESC_006A":"MUD CREEK","BRIDGE_CONDITION":"G","YEAR_BUILT_027":2018,"DATE_OF_INSPECT_090":"924"}},{"type":"Feature","id":39693,"geometry":{"type":"Point","coordinates":[-122.375475000135,41.3755309998259]},"properties":{"OBJECTID":39693,"STRUCTURE_NUMBER_008":"02 0204L","FACILITY_CARRIED_007":"INTERSTATE 5 SB","FEATURES_DESC_006A":"UP RR & AMTRAK","BRIDGE_CONDITION":"G","YEAR_BUILT_027":2021,"DATE_OF_INSPECT_090":"724"}},{"type":"Feature","id":39694,"geometry":{"type":"Point","coordinates":[-122.752669000043,41.6327579999352]},"properties":{"OBJECTID":39694,"STRUCTURE_NUMBER_008":"02 0206","FACILITY_CARRIED_007":"STATE ROUTE 3","FEATURES_DESC_006A":"MOFFETT CREEK","BRIDGE_CONDITION":"G","YEAR_BUILT_027":2021,"DATE_OF_INSPECT_090":"923"}},{"type":"Feature","id":39695,"geometry":{"type":"Point","coordinates":[-122.997735999591,41.8246780002628]},"properties":{"OBJECTID":39695,"STRUCTURE_NUMBER_008":"02C0008","FACILITY_CARRIED_007":"HORSE CREEK RD","FEATURES_DESC_006A":"KLAMATH RIVER","BRIDGE_CONDITION":"P","YEAR_BUILT_027":1930,"DATE_OF_INSPECT_090":"724"}},{"type":"Feature","id":39696,"geometry":{"type":"Point","coordinates":[-123.363568999813,41.2897749999357]},"properties":{"OBJECTID":39696,"STRUCTURE_NUMBER_008":"02C0009","FACILITY_CARRIED_007":"SALMON RIVER ROAD","FEATURES_DESC_006A":"SALMON RIVER","BRIDGE_CONDITION":"F","YEAR_BUILT_027":1966,"DATE_OF_INSPECT_090":"823"}},{"type":"Feature","id":39697,"geometry":{"type":"Point","coordinates":[-123.178608000141,41.3203809996731]},"properties":{"OBJECTID":39697,"STRUCTURE_NUMBER_008":"02C0010","FACILITY_CARRIED_007":"SAWYERS BAR RD","FEATURES_DESC_006A":"LITTLE N FK SALMON RIVER","BRIDGE_CONDITION":"F","YEAR_BUILT_027":1968,"DATE_OF_INSPECT_090":"823"}},{"type":"Feature","id":39698,"geometry":{"type":"Point","coordinates":[-123.059997000343,41.3287190002639]},"properties":{"OBJECTID":39698,"STRUCTURE_NUMBER_008":"02C0011","FACILITY_CARRIED_007":"SAWYERS BAR RD","FEATURES_DESC_006A":"NORTH FORK SALMON RIVER","BRIDGE_CONDITION":"F","YEAR_BUILT_027":1982,"DATE_OF_INSPECT_090":"823"}},{"type":"Feature","id":39699,"geometry":{"type":"Point","coordinates":[-122.9648109999,41.4284920000004]},"properties":{"OBJECTID":39699,"STRUCTURE_NUMBER_008":"02C0012","FACILITY_CARRIED_007":"SAWYERS BAR RD","FEATURES_DESC_006A":"MILL CREEK","BRIDGE_CONDITION":"G","YEAR_BUILT_027":1982,"DATE_OF_INSPECT_090":"721"}},{"type":"Feature","id":39700,"geometry":{"type":"Point","coordinates":[-122.812533000071,41.3233919999976]},"properties":{"OBJECTID":39700,"STRUCTURE_NUMBER_008":"02C0014","FACILITY_CARRIED_007":"WILDCAT CREEK ROAD","FEATURES_DESC_006A":"SCOTT RIVER","BRIDGE_CONDITION":"P","YEAR_BUILT_027":1909,"DATE_OF_INSPECT_090":"824"}},{"type":"Feature","id":39701,"geometry":{"type":"Point","coordinates":[-123.428993999946,41.3742190000643]},"properties":{"OBJECTID":39701,"STRUCTURE_NUMBER_008":"02C0016","FACILITY_CARRIED_007":"SALMON RIVER ROAD","FEATURES_DESC_006A":"SALMON RIVER","BRIDGE_CONDITION":"P","YEAR_BUILT_027":1966,"DATE_OF_INSPECT_090":"823"}},{"type":"Feature","id":39702,"geometry":{"type":"Point","coordinates":[-122.633799999603,41.7309440000371]},"properties":{"OBJECTID":39702,"STRUCTURE_NUMBER_008":"02C0022","FACILITY_CARRIED_007":"FOOTHILL DRIVE","FEATURES_DESC_006A":"YREKA CREEK","BRIDGE_CONDITION":"G","YEAR_BUILT_027":1970,"DATE_OF_INSPECT_090":"624"}},{"type":"Feature","id":39703,"geometry":{"type":"Point","coordinates":[-122.271806000055,41.2174189998177]},"properties":{"OBJECTID":39703,"STRUCTURE_NUMBER_008":"02C0025","FACILITY_CARRIED_007":"SACRAMENTO AVE","FEATURES_DESC_006A":"SACRAMENTO RIVER","BRIDGE_CONDITION":"F","YEAR_BUILT_027":1965,"DATE_OF_INSPECT_090":"623"}},{"type":"Feature","id":39704,"geometry":{"type":"Point","coordinates":[-122.764085999806,41.3111529996949]},"properties":{"OBJECTID":39704,"STRUCTURE_NUMBER_008":"02C0028","FACILITY_CARRIED_007":"SCOTT MTN RD","FEATURES_DESC_006A":"EAST FORK SCOTT RIVER","BRIDGE_CONDITION":"F","YEAR_BUILT_027":1914,"DATE_OF_INSPECT_090":"824"}},{"type":"Feature","id":39705,"geometry":{"type":"Point","coordinates":[-122.508610999899,41.8989919996923]},"properties":{"OBJECTID":39705,"STRUCTURE_NUMBER_008":"02C0029","FACILITY_CARRIED_007":"AGER RD","FEATURES_DESC_006A":"KLAMATH RIVER  CORP RR","BRIDGE_CONDITION":"G","YEAR_BUILT_027":1976,"DATE_OF_INSPECT_090":"824"}},{"type":"Feature","id":39706,"geometry":{"type":"Point","coordinates":[-122.574286000278,41.7462190000181]},"properties":{"OBJECTID":39706,"STRUCTURE_NUMBER_008":"02C0035","FACILITY_CARRIED_007":"YREKA AGER RD","FEATURES_DESC_006A":"SHASTA RIVER","BRIDGE_CONDITION":"G","YEAR_BUILT_027":1969,"DATE_OF_INSPECT_090":"822"}},{"type":"Feature","id":39707,"geometry":{"type":"Point","coordinates":[-122.438053000181,41.5906750001835]},"properties":{"OBJECTID":39707,"STRUCTURE_NUMBER_008":"02C0036","FACILITY_CARRIED_007":"LOUIE ROAD","FEATURES_DESC_006A":"SHASTA RIVER","BRIDGE_CONDITION":"F","YEAR_BUILT_027":1935,"DATE_OF_INSPECT_090":"624"}},{"type":"Feature","id":39708,"geometry":{"type":"Point","coordinates":[-122.440797000336,41.4709109997523]},"properties":{"OBJECTID":39708,"STRUCTURE_NUMBER_008":"02C0037","FACILITY_CARRIED_007":"EDGEWOOD RD","FEATURES_DESC_006A":"SHASTA RIVER","BRIDGE_CONDITION":"G","YEAR_BUILT_027":1969,"DATE_OF_INSPECT_090":"623"}},{"type":"Feature","id":39709,"geometry":{"type":"Point","coordinates":[-123.109596999954,41.6681110000458]},"properties":{"OBJECTID":39709,"STRUCTURE_NUMBER_008":"02C0038","FACILITY_CARRIED_007":"SCOTT RIVER RD","FEATURES_DESC_006A":"MIDDLE CREEK","BRIDGE_CONDITION":"F","YEAR_BUILT_027":1900,"DATE_OF_INSPECT_090":"824"}},{"type":"Feature","id":39710,"geometry":{"type":"Point","coordinates":[-122.261661000361,41.9640779996715]},"properties":{"OBJECTID":39710,"STRUCTURE_NUMBER_008":"02C0039","FACILITY_CARRIED_007":"COPCO ROAD","FEATURES_DESC_006A":"KLAMATH RIVER","BRIDGE_CONDITION":"G","YEAR_BUILT_027":1988,"DATE_OF_INSPECT_090":"824"}},{"type":"Feature","id":39711,"geometry":{"type":"Point","coordinates":[-122.5861609998,41.9461390001142]},"properties":{"OBJECTID":39711,"STRUCTURE_NUMBER_008":"02C0040","FACILITY_CARRIED_007":"BAILEY HILL RD","FEATURES_DESC_006A":"HUTTON CREEK","BRIDGE_CONDITION":"F","YEAR_BUILT_027":1915,"DATE_OF_INSPECT_090":"824"}},{"type":"Feature","id":39712,"geometry":{"type":"Point","coordinates":[-122.636208000198,41.7157999997934]},"properties":{"OBJECTID":39712,"STRUCTURE_NUMBER_008":"02C0042","FACILITY_CARRIED_007":"OBERLIN RD (YREKA)","FEATURES_DESC_006A":"YREKA CREEK","BRIDGE_CONDITION":"G","YEAR_BUILT_027":1959,"DATE_OF_INSPECT_090":"622"}},{"type":"Feature","id":39713,"geometry":{"type":"Point","coordinates":[-122.499378000425,41.6480689999073]},"properties":{"OBJECTID":39713,"STRUCTURE_NUMBER_008":"02C0043","FACILITY_CARRIED_007":"HWY 99-97 CUTOFF","FEATURES_DESC_006A":"SHASTA RIVER","BRIDGE_CONDITION":"G","YEAR_BUILT_027":1955,"DATE_OF_INSPECT_090":"624"}},{"type":"Feature","id":39714,"geometry":{"type":"Point","coordinates":[-122.574077999865,41.4786330001428]},"properties":{"OBJECTID":39714,"STRUCTURE_NUMBER_008":"02C0044","FACILITY_CARRIED_007":"GAZELLE-CALLAHAN R","FEATURES_DESC_006A":"SOUTH FORK WILLOW CREEK","BRIDGE_CONDITION":"F","YEAR_BUILT_027":1973,"DATE_OF_INSPECT_090":"623"}},{"type":"Feature","id":39715,"geometry":{"type":"Point","coordinates":[-122.85247500006,41.4574389996994]},"properties":{"OBJECTID":39715,"STRUCTURE_NUMBER_008":"02C0046","FACILITY_CARRIED_007":"HORN LANE","FEATURES_DESC_006A":"SCOTT RIVER","BRIDGE_CONDITION":"F","YEAR_BUILT_027":1956,"DATE_OF_INSPECT_090":"723"}},{"type":"Feature","id":39716,"geometry":{"type":"Point","coordinates":[-122.957083000123,41.628932999721]},"properties":{"OBJECTID":39716,"STRUCTURE_NUMBER_008":"02C0048","FACILITY_CARRIED_007":"QUARTZ VALLEY ROAD","FEATURES_DESC_006A":"SCOTT RIVER","BRIDGE_CONDITION":"F","YEAR_BUILT_027":1967,"DATE_OF_INSPECT_090":"624"}},{"type":"Feature","id":39717,"geometry":{"type":"Point","coordinates":[-123.105675000339,41.6340670000434]},"properties":{"OBJECTID":39717,"STRUCTURE_NUMBER_008":"02C0049","FACILITY_CARRIED_007":"CANYON CREEK RD","FEATURES_DESC_006A":"SCOTT RIVER","BRIDGE_CONDITION":"F","YEAR_BUILT_027":1938,"DATE_OF_INSPECT_090":"824"}},{"type":"Feature","id":39718,"geometry":{"type":"Point","coordinates":[-123.11375299992,41.6484439996977]},"properties":{"OBJECTID":39718,"STRUCTURE_NUMBER_008":"02C0050","FACILITY_CARRIED_007":"SCOTT RIVER ROAD","FEATURES_DESC_006A":"SCOTT RIVER","BRIDGE_CONDITION":"G","YEAR_BUILT_027":1958,"DATE_OF_INSPECT_090":"723"}},{"type":"Feature","id":39719,"geometry":{"type":"Point","coordinates":[-123.003043999976,41.7428390003328]},"properties":{"OBJECTID":39719,"STRUCTURE_NUMBER_008":"02C0051","FACILITY_CARRIED_007":"MILL CREEK RD","FEATURES_DESC_006A":"SCOTT RIVER","BRIDGE_CONDITION":"G","YEAR_BUILT_027":1985,"DATE_OF_INSPECT_090":"824"}},{"type":"Feature","id":39720,"geometry":{"type":"Point","coordinates":[-122.278450000083,41.2301080002911]},"properties":{"OBJECTID":39720,"STRUCTURE_NUMBER_008":"02C0053","FACILITY_CARRIED_007":"SCARLETT WAY","FEATURES_DESC_006A":"SACRAMENTO RIVER","BRIDGE_CONDITION":"F","YEAR_BUILT_027":1970,"DATE_OF_INSPECT_090":"623"}},{"type":"Feature","id":39721,"geometry":{"type":"Point","coordinates":[-122.272717000449,41.2023419997508]},"properties":{"OBJECTID":39721,"STRUCTURE_NUMBER_008":"02C0054","FACILITY_CARRIED_007":"BRIDGE STREET","FEATURES_DESC_006A":"SACRAMENTO RIVER","BRIDGE_CONDITION":"F","YEAR_BUILT_027":1965,"DATE_OF_INSPECT_090":"623"}},{"type":"Feature","id":39722,"geometry":{"type":"Point","coordinates":[-122.538316999957,41.7090780001172]},"properties":{"OBJECTID":39722,"STRUCTURE_NUMBER_008":"02C0055","FACILITY_CARRIED_007":"MONTAGUE GRENADA","FEATURES_DESC_006A":"SHASTA RIVER","BRIDGE_CONDITION":"G","YEAR_BUILT_027":1972,"DATE_OF_INSPECT_090":"824"}},{"type":"Feature","id":39723,"geometry":{"type":"Point","coordinates":[-122.524593999707,41.7351359996677]},"properties":{"OBJECTID":39723,"STRUCTURE_NUMBER_008":"02C0056","FACILITY_CARRIED_007":"AGER ROAD","FEATURES_DESC_006A":"OREGON SLOUGH","BRIDGE_CONDITION":"F","YEAR_BUILT_027":1980,"DATE_OF_INSPECT_090":"824"}},{"type":"Feature","id":39724,"geometry":{"type":"Point","coordinates":[-122.556696999591,41.9095719999517]},"properties":{"OBJECTID":39724,"STRUCTURE_NUMBER_008":"02C0057","FACILITY_CARRIED_007":"HENLEY-HORNBROK RD","FEATURES_DESC_006A":"COTTONWOOD CREEK","BRIDGE_CONDITION":"F","YEAR_BUILT_027":1989,"DATE_OF_INSPECT_090":"824"}},{"type":"Feature","id":39725,"geometry":{"type":"Point","coordinates":[-122.431724999622,41.4474530001912]},"properties":{"OBJECTID":39725,"STRUCTURE_NUMBER_008":"02C0059","FACILITY_CARRIED_007":"EDGEWOOD ROAD","FEATURES_DESC_006A":"SHASTA RIVER","BRIDGE_CONDITION":"F","YEAR_BUILT_027":1973,"DATE_OF_INSPECT_090":"623"}},{"type":"Feature","id":39726,"geometry":{"type":"Point","coordinates":[-122.284352999597,41.1841030000109]},"properties":{"OBJECTID":39726,"STRUCTURE_NUMBER_008":"02C0062","FACILITY_CARRIED_007":"FIRST STREET","FEATURES_DESC_006A":"SACRAMENTO RIVER","BRIDGE_CONDITION":"G","YEAR_BUILT_027":1965,"DATE_OF_INSPECT_090":"623"}},{"type":"Feature","id":39727,"geometry":{"type":"Point","coordinates":[-122.833506000247,41.3959639997453]},"properties":{"OBJECTID":39727,"STRUCTURE_NUMBER_008":"02C0063","FACILITY_CARRIED_007":"FAY LANE","FEATURES_DESC_006A":"SCOTT RIVER","BRIDGE_CONDITION":"F","YEAR_BUILT_027":1975,"DATE_OF_INSPECT_090":"723"}},{"type":"Feature","id":39728,"geometry":{"type":"Point","coordinates":[-122.974230999871,41.5941170002353]},"properties":{"OBJECTID":39728,"STRUCTURE_NUMBER_008":"02C0065","FACILITY_CARRIED_007":"QUARTZ VALLEY ROAD","FEATURES_DESC_006A":"SHACKLEFORD CREEK","BRIDGE_CONDITION":"F","YEAR_BUILT_027":1967,"DATE_OF_INSPECT_090":"624"}},{"type":"Feature","id":39729,"geometry":{"type":"Point","coordinates":[-122.960750000368,41.581592000107]},"properties":{"OBJECTID":39729,"STRUCTURE_NUMBER_008":"02C0066","FACILITY_CARRIED_007":"QUARTZ VALLEY ROAD","FEATURES_DESC_006A":"MILL CREEK","BRIDGE_CONDITION":"F","YEAR_BUILT_027":1980,"DATE_OF_INSPECT_090":"624"}},{"type":"Feature","id":39730,"geometry":{"type":"Point","coordinates":[-122.587213999586,41.9327359996711]},"properties":{"OBJECTID":39730,"STRUCTURE_NUMBER_008":"02C0068","FACILITY_CARRIED_007":"OLD COTTONWOOD CR","FEATURES_DESC_006A":"COTTONWOOD CREEK","BRIDGE_CONDITION":"P","YEAR_BUILT_027":1957,"DATE_OF_INSPECT_090":"823"}},{"type":"Feature","id":39731,"geometry":{"type":"Point","coordinates":[-122.578575000314,41.9230419998645]},"properties":{"OBJECTID":39731,"STRUCTURE_NUMBER_008":"02C0074","FACILITY_CARRIED_007":"COTTONWOOD CR RD","FEATURES_DESC_006A":"DITCH CREEK","BRIDGE_CONDITION":"F","YEAR_BUILT_027":1968,"DATE_OF_INSPECT_090":"822"}},{"type":"Feature","id":39732,"geometry":{"type":"Point","coordinates":[-122.271438999633,41.2084810000694]},"properties":{"OBJECTID":39732,"STRUCTURE_NUMBER_008":"02C0076","FACILITY_CARRIED_007":"BUTTERFLY AVE","FEATURES_DESC_006A":"SACRAMENTO RIVER","BRIDGE_CONDITION":"F","YEAR_BUILT_027":1915,"DATE_OF_INSPECT_090":"623"}},{"type":"Feature","id":39733,"geometry":{"type":"Point","coordinates":[-122.860018999713,41.57695799988]},"properties":{"OBJECTID":39733,"STRUCTURE_NUMBER_008":"02C0078","FACILITY_CARRIED_007":"SERPA LANE","FEATURES_DESC_006A":"KIDDER CREEK","BRIDGE_CONDITION":"F","YEAR_BUILT_027":1967,"DATE_OF_INSPECT_090":"624"}},{"type":"Feature","id":39734,"geometry":{"type":"Point","coordinates":[-122.850236000418,41.5704109999507]},"properties":{"OBJECTID":39734,"STRUCTURE_NUMBER_008":"02C0079","FACILITY_CARRIED_007":"ISLAND ROAD","FEATURES_DESC_006A":"SCOTT RIVER OVERFLOW","BRIDGE_CONDITION":"F","YEAR_BUILT_027":1989,"DATE_OF_INSPECT_090":"624"}},{"type":"Feature","id":39735,"geometry":{"type":"Point","coordinates":[-122.86471399963,41.8373780002008]},"properties":{"OBJECTID":39735,"STRUCTURE_NUMBER_008":"02C0080","FACILITY_CARRIED_007":"WALKER ROAD CONN","FEATURES_DESC_006A":"KLAMATH RIVER","BRIDGE_CONDITION":"F","YEAR_BUILT_027":1997,"DATE_OF_INSPECT_090":"724"}},{"type":"Feature","id":39736,"geometry":{"type":"Point","coordinates":[-122.846560999777,41.570422000332]},"properties":{"OBJECTID":39736,"STRUCTURE_NUMBER_008":"02C0081","FACILITY_CARRIED_007":"ISLAND RD","FEATURES_DESC_006A":"SCOTT RIVER OVERFLOW","BRIDGE_CONDITION":"F","YEAR_BUILT_027":1986,"DATE_OF_INSPECT_090":"624"}},{"type":"Feature","id":39737,"geometry":{"type":"Point","coordinates":[-122.843302999786,41.570422000332]},"properties":{"OBJECTID":39737,"STRUCTURE_NUMBER_008":"02C0082","FACILITY_CARRIED_007":"ISLAND ROAD","FEATURES_DESC_006A":"SCOTT RIVER OVERFLOW","BRIDGE_CONDITION":"F","YEAR_BUILT_027":1977,"DATE_OF_INSPECT_090":"624"}},{"type":"Feature","id":39738,"geometry":{"type":"Point","coordinates":[-122.604353000011,41.7719390001869]},"properties":{"OBJECTID":39738,"STRUCTURE_NUMBER_008":"02C0083","FACILITY_CARRIED_007":"ANDERSON GRADE RD","FEATURES_DESC_006A":"YREKA CREEK","BRIDGE_CONDITION":"F","YEAR_BUILT_027":1971,"DATE_OF_INSPECT_090":"822"}},{"type":"Feature","id":39739,"geometry":{"type":"Point","coordinates":[-122.749047000004,41.6338359998232]},"properties":{"OBJECTID":39739,"STRUCTURE_NUMBER_008":"02C0084","FACILITY_CARRIED_007":"PEACH ORCHARD ROAD","FEATURES_DESC_006A":"MOFFETT CREEK","BRIDGE_CONDITION":"F","YEAR_BUILT_027":1920,"DATE_OF_INSPECT_090":"723"}},{"type":"Feature","id":39740,"geometry":{"type":"Point","coordinates":[-122.851058000225,41.5193439998493]},"properties":{"OBJECTID":39740,"STRUCTURE_NUMBER_008":"02C0085","FACILITY_CARRIED_007":"ELLER LANE","FEATURES_DESC_006A":"SCOTT RIVER","BRIDGE_CONDITION":"P","YEAR_BUILT_027":1910,"DATE_OF_INSPECT_090":"623"}},{"type":"Feature","id":39741,"geometry":{"type":"Point","coordinates":[-123.322216999662,41.2578109998076]},"properties":{"OBJECTID":39741,"STRUCTURE_NUMBER_008":"02C0086","FACILITY_CARRIED_007":"CECILVILLE ROAD","FEATURES_DESC_006A":"NORTH FORK SALMON RIVER","BRIDGE_CONDITION":"F","YEAR_BUILT_027":1985,"DATE_OF_INSPECT_090":"823"}},{"type":"Feature","id":39742,"geometry":{"type":"Point","coordinates":[-123.321185999618,41.2569939997977]},"properties":{"OBJECTID":39742,"STRUCTURE_NUMBER_008":"02C0087","FACILITY_CARRIED_007":"CECILVILLE ROAD","FEATURES_DESC_006A":"SOUTH FORK SALMON RIVER","BRIDGE_CONDITION":"F","YEAR_BUILT_027":1986,"DATE_OF_INSPECT_090":"823"}},{"type":"Feature","id":39743,"geometry":{"type":"Point","coordinates":[-123.292632999803,41.2413970000439]},"properties":{"OBJECTID":39743,"STRUCTURE_NUMBER_008":"02C0088","FACILITY_CARRIED_007":"CECILVILLE ROAD","FEATURES_DESC_006A":"KNOWNOTHING CREEK","BRIDGE_CONDITION":"G","YEAR_BUILT_027":1987,"DATE_OF_INSPECT_090":"821"}},{"type":"Feature","id":39744,"geometry":{"type":"Point","coordinates":[-123.260389000352,41.2330940002451]},"properties":{"OBJECTID":39744,"STRUCTURE_NUMBER_008":"02C0089","FACILITY_CARRIED_007":"CECILVILLE ROAD","FEATURES_DESC_006A":"SOUTH FORK SALMON RIVER","BRIDGE_CONDITION":"G","YEAR_BUILT_027":1987,"DATE_OF_INSPECT_090":"823"}},{"type":"Feature","id":39745,"geometry":{"type":"Point","coordinates":[-123.125718999679,41.2977670000351]},"properties":{"OBJECTID":39745,"STRUCTURE_NUMBER_008":"02C0090","FACILITY_CARRIED_007":"EDDYS GULCH ROAD","FEATURES_DESC_006A":"NORTH FORK SALMON RIVER","BRIDGE_CONDITION":"F","YEAR_BUILT_027":1968,"DATE_OF_INSPECT_090":"823"}},{"type":"Feature","id":39746,"geometry":{"type":"Point","coordinates":[-122.828694000154,41.6279999998427]},"properties":{"OBJECTID":39746,"STRUCTURE_NUMBER_008":"02C0092","FACILITY_CARRIED_007":"MCADAMS CREEK RD","FEATURES_DESC_006A":"MOFFETT CREEK","BRIDGE_CONDITION":"F","YEAR_BUILT_027":1978,"DATE_OF_INSPECT_090":"723"}},{"type":"Feature","id":39747,"geometry":{"type":"Point","coordinates":[-122.814975000102,41.6265890000958]},"properties":{"OBJECTID":39747,"STRUCTURE_NUMBER_008":"02C0093","FACILITY_CARRIED_007":"W MOFFETT CREEK RD","FEATURES_DESC_006A":"MOFFETT CREEK","BRIDGE_CONDITION":"G","YEAR_BUILT_027":1990,"DATE_OF_INSPECT_090":"723"}},{"type":"Feature","id":39748,"geometry":{"type":"Point","coordinates":[-123.358317000402,41.7493139999974]},"properties":{"OBJECTID":39748,"STRUCTURE_NUMBER_008":"02C0095","FACILITY_CARRIED_007":"ELK CREEK ROAD","FEATURES_DESC_006A":"ELK CREEK","BRIDGE_CONDITION":"G","YEAR_BUILT_027":1967,"DATE_OF_INSPECT_090":"724"}},{"type":"Feature","id":39749,"geometry":{"type":"Point","coordinates":[-122.463900000374,41.865547000022]},"properties":{"OBJECTID":39749,"STRUCTURE_NUMBER_008":"02C0096","FACILITY_CARRIED_007":"AGER-BESWICH RD","FEATURES_DESC_006A":"WILLOW CREEK","BRIDGE_CONDITION":"G","YEAR_BUILT_027":1968,"DATE_OF_INSPECT_090":"824"}},{"type":"Feature","id":39750,"geometry":{"type":"Point","coordinates":[-122.365974999798,41.9274419998259]},"properties":{"OBJECTID":39750,"STRUCTURE_NUMBER_008":"02C0097","FACILITY_CARRIED_007":"AGER BESWICK ROAD","FEATURES_DESC_006A":"BOGUS CREEK","BRIDGE_CONDITION":"F","YEAR_BUILT_027":2002,"DATE_OF_INSPECT_090":"824"}},{"type":"Feature","id":39751,"geometry":{"type":"Point","coordinates":[-122.201044000122,41.9722109998835]},"properties":{"OBJECTID":39751,"STRUCTURE_NUMBER_008":"02C0098","FACILITY_CARRIED_007":"AGER BESWICK RD","FEATURES_DESC_006A":"SHOVEL CREEK","BRIDGE_CONDITION":"F","YEAR_BUILT_027":1977,"DATE_OF_INSPECT_090":"824"}},{"type":"Feature","id":39752,"geometry":{"type":"Point","coordinates":[-122.456288999875,41.8478279998582]},"properties":{"OBJECTID":39752,"STRUCTURE_NUMBER_008":"02C0099","FACILITY_CARRIED_007":"YORK ROAD","FEATURES_DESC_006A":"WILLOW CREEK","BRIDGE_CONDITION":"F","YEAR_BUILT_027":1930,"DATE_OF_INSPECT_090":"824"}},{"type":"Feature","id":39753,"geometry":{"type":"Point","coordinates":[-122.383696999656,41.8073499997906]},"properties":{"OBJECTID":39753,"STRUCTURE_NUMBER_008":"02C0103","FACILITY_CARRIED_007":"WILLOW CREEK RD","FEATURES_DESC_006A":"WILLOW CREEK","BRIDGE_CONDITION":"F","YEAR_BUILT_027":1968,"DATE_OF_INSPECT_090":"824"}},{"type":"Feature","id":39754,"geometry":{"type":"Point","coordinates":[-121.50435000029,41.9536969998975]},"properties":{"OBJECTID":39754,"STRUCTURE_NUMBER_008":"02C0105","FACILITY_CARRIED_007":"EAST-WEST RD","FEATURES_DESC_006A":"LOST RIVER","BRIDGE_CONDITION":"F","YEAR_BUILT_027":1984,"DATE_OF_INSPECT_090":"623"}},{"type":"Feature","id":39755,"geometry":{"type":"Point","coordinates":[-122.291839000422,41.1845559997966]},"properties":{"OBJECTID":39755,"STRUCTURE_NUMBER_008":"02C0109","FACILITY_CARRIED_007":"RAILROAD PARK ROAD","FEATURES_DESC_006A":"LITTLE CASTLE CREEK","BRIDGE_CONDITION":"F","YEAR_BUILT_027":1960,"DATE_OF_INSPECT_090":"623"}},{"type":"Feature","id":39756,"geometry":{"type":"Point","coordinates":[-122.632975000321,41.6860189999501]},"properties":{"OBJECTID":39756,"STRUCTURE_NUMBER_008":"02C0111","FACILITY_CARRIED_007":"FAIRLANE RD","FEATURES_DESC_006A":"JUNIPER CREEK","BRIDGE_CONDITION":"F","YEAR_BUILT_027":1923,"DATE_OF_INSPECT_090":"624"}},{"type":"Feature","id":39757,"geometry":{"type":"Point","coordinates":[-122.421261000086,41.8214030000471]},"properties":{"OBJECTID":39757,"STRUCTURE_NUMBER_008":"02C0114","FACILITY_CARRIED_007":"MULLOY ROAD","FEATURES_DESC_006A":"WILLOW CREEK","BRIDGE_CONDITION":"F","YEAR_BUILT_027":1982,"DATE_OF_INSPECT_090":"824"}},{"type":"Feature","id":39758,"geometry":{"type":"Point","coordinates":[-123.207885999679,41.8374560002542]},"properties":{"OBJECTID":39758,"STRUCTURE_NUMBER_008":"02C0117","FACILITY_CARRIED_007":"GRIDER ROAD","FEATURES_DESC_006A":"GRIDER CREEK","BRIDGE_CONDITION":"F","YEAR_BUILT_027":1976,"DATE_OF_INSPECT_090":"723"}},{"type":"Feature","id":39759,"geometry":{"type":"Point","coordinates":[-122.666327999635,41.8324329997935]},"properties":{"OBJECTID":39759,"STRUCTURE_NUMBER_008":"02C0118","FACILITY_CARRIED_007":"KLAMATH RIVER ROAD","FEATURES_DESC_006A":"HUMBUG CREEK","BRIDGE_CONDITION":"G","YEAR_BUILT_027":1975,"DATE_OF_INSPECT_090":"722"}},{"type":"Feature","id":39760,"geometry":{"type":"Point","coordinates":[-122.851368999672,41.6054580003052]},"properties":{"OBJECTID":39760,"STRUCTURE_NUMBER_008":"02C0120","FACILITY_CARRIED_007":"SCOTT RIVER ROAD","FEATURES_DESC_006A":"MOFFETT CREEK","BRIDGE_CONDITION":"G","YEAR_BUILT_027":1962,"DATE_OF_INSPECT_090":"624"}},{"type":"Feature","id":39761,"geometry":{"type":"Point","coordinates":[-123.100708000436,41.6803580001588]},"properties":{"OBJECTID":39761,"STRUCTURE_NUMBER_008":"02C0121","FACILITY_CARRIED_007":"SCOTT RIVER RD","FEATURES_DESC_006A":"TOMPKINS CREEK","BRIDGE_CONDITION":"G","YEAR_BUILT_027":1965,"DATE_OF_INSPECT_090":"723"}},{"type":"Feature","id":39762,"geometry":{"type":"Point","coordinates":[-122.287792000236,41.1845110001998]},"properties":{"OBJECTID":39762,"STRUCTURE_NUMBER_008":"02C0122","FACILITY_CARRIED_007":"CRAG VIEW DR","FEATURES_DESC_006A":"LITTLE CASTLE CREEK","BRIDGE_CONDITION":"F","YEAR_BUILT_027":1917,"DATE_OF_INSPECT_090":"623"}},{"type":"Feature","id":39763,"geometry":{"type":"Point","coordinates":[-122.432174999884,41.4076190002323]},"properties":{"OBJECTID":39763,"STRUCTURE_NUMBER_008":"02C0123","FACILITY_CARRIED_007":"N OLD STAGE RD","FEATURES_DESC_006A":"SHASTA RIVER","BRIDGE_CONDITION":"P","YEAR_BUILT_027":1968,"DATE_OF_INSPECT_090":"623"}},{"type":"Feature","id":39764,"geometry":{"type":"Point","coordinates":[-123.420767000402,41.87969700015]},"properties":{"OBJECTID":39764,"STRUCTURE_NUMBER_008":"02C0124","FACILITY_CARRIED_007":"INDIAN CREEK ROAD","FEATURES_DESC_006A":"EAST FORK INDIAN CREEK","BRIDGE_CONDITION":"G","YEAR_BUILT_027":1967,"DATE_OF_INSPECT_090":"724"}},{"type":"Feature","id":39765,"geometry":{"type":"Point","coordinates":[-122.809142000011,41.2956640002386]},"properties":{"OBJECTID":39765,"STRUCTURE_NUMBER_008":"02C0125","FACILITY_CARRIED_007":"SOUTH FORK ROAD","FEATURES_DESC_006A":"SOUTH FORK SCOTT RIVER","BRIDGE_CONDITION":"F","YEAR_BUILT_027":1969,"DATE_OF_INSPECT_090":"723"}},{"type":"Feature","id":39766,"geometry":{"type":"Point","coordinates":[-122.847038999628,41.8301499999185]},"properties":{"OBJECTID":39766,"STRUCTURE_NUMBER_008":"02C0126","FACILITY_CARRIED_007":"WALKER ROAD","FEATURES_DESC_006A":"BARKHOUSE CREEK","BRIDGE_CONDITION":"G","YEAR_BUILT_027":1969,"DATE_OF_INSPECT_090":"724"}},{"type":"Feature","id":39767,"geometry":{"type":"Point","coordinates":[-123.007183000224,41.837486000095]},"properties":{"OBJECTID":39767,"STRUCTURE_NUMBER_008":"02C0127","FACILITY_CARRIED_007":"HORSE CR RD","FEATURES_DESC_006A":"BUCKHORN CREEK","BRIDGE_CONDITION":"G","YEAR_BUILT_027":1968,"DATE_OF_INSPECT_090":"724"}},{"type":"Feature","id":39768,"geometry":{"type":"Point","coordinates":[-123.027419000083,41.8439390001021]},"properties":{"OBJECTID":39768,"STRUCTURE_NUMBER_008":"02C0128","FACILITY_CARRIED_007":"HORSE CREEK ROAD","FEATURES_DESC_006A":"MIDDLE CREEK","BRIDGE_CONDITION":"F","YEAR_BUILT_027":1971,"DATE_OF_INSPECT_090":"722"}},{"type":"Feature","id":39769,"geometry":{"type":"Point","coordinates":[-122.885538999668,41.381388999742]},"properties":{"OBJECTID":39769,"STRUCTURE_NUMBER_008":"02C0130","FACILITY_CARRIED_007":"FRENCH CREEK ROAD","FEATURES_DESC_006A":"NORTH FORK FRENCH CREEK","BRIDGE_CONDITION":"F","YEAR_BUILT_027":1975,"DATE_OF_INSPECT_090":"723"}},{"type":"Feature","id":39770,"geometry":{"type":"Point","coordinates":[-122.867142000316,41.4034329996671]},"properties":{"OBJECTID":39770,"STRUCTURE_NUMBER_008":"02C0131","FACILITY_CARRIED_007":"MINERS CREEK ROAD","FEATURES_DESC_006A":"FRENCH CREEK","BRIDGE_CONDITION":"G","YEAR_BUILT_027":1967,"DATE_OF_INSPECT_090":"721"}},{"type":"Feature","id":39771,"geometry":{"type":"Point","coordinates":[-122.894080999755,41.3736280000742]},"properties":{"OBJECTID":39771,"STRUCTURE_NUMBER_008":"02C0132","FACILITY_CARRIED_007":"FRENCH CR RD","FEATURES_DESC_006A":"FRENCH CREEK","BRIDGE_CONDITION":"F","YEAR_BUILT_027":1986,"DATE_OF_INSPECT_090":"723"}},{"type":"Feature","id":39772,"geometry":{"type":"Point","coordinates":[-122.869514000027,41.3814939999213]},"properties":{"OBJECTID":39772,"STRUCTURE_NUMBER_008":"02C0133","FACILITY_CARRIED_007":"MINERS CREEK ROAD","FEATURES_DESC_006A":"MINERS CREEK","BRIDGE_CONDITION":"G","YEAR_BUILT_027":1968,"DATE_OF_INSPECT_090":"723"}},{"type":"Feature","id":39773,"geometry":{"type":"Point","coordinates":[-123.025382999933,41.7135309999636]},"properties":{"OBJECTID":39773,"STRUCTURE_NUMBER_008":"02C0134","FACILITY_CARRIED_007":"SCOTT RIVER RD","FEATURES_DESC_006A":"MCGUFFY CREEK","BRIDGE_CONDITION":"F","YEAR_BUILT_027":1979,"DATE_OF_INSPECT_090":"824"}},{"type":"Feature","id":39774,"geometry":{"type":"Point","coordinates":[-122.345666999969,41.3245970000367]},"properties":{"OBJECTID":39774,"STRUCTURE_NUMBER_008":"02C0135","FACILITY_CARRIED_007":"WYEHKA WAY","FEATURES_DESC_006A":"WAGON CREEK","BRIDGE_CONDITION":"F","YEAR_BUILT_027":1968,"DATE_OF_INSPECT_090":"623"}},{"type":"Feature","id":39775,"geometry":{"type":"Point","coordinates":[-123.081183000056,41.2988029997457]},"properties":{"OBJECTID":39775,"STRUCTURE_NUMBER_008":"02C0136","FACILITY_CARRIED_007":"WHITES GULCH ROAD","FEATURES_DESC_006A":"NORTH FORK SALMON RIVER","BRIDGE_CONDITION":"G","YEAR_BUILT_027":1969,"DATE_OF_INSPECT_090":"821"}},{"type":"Feature","id":39776,"geometry":{"type":"Point","coordinates":[-123.042180999876,41.34782199976]},"properties":{"OBJECTID":39776,"STRUCTURE_NUMBER_008":"02C0139","FACILITY_CARRIED_007":"SAWYERS BAR RD","FEATURES_DESC_006A":"NORTH RUSSIAN CREEK","BRIDGE_CONDITION":"F","YEAR_BUILT_027":1968,"DATE_OF_INSPECT_090":"823"}},{"type":"Feature","id":39777,"geometry":{"type":"Point","coordinates":[-123.078085999724,41.1010110002721]},"properties":{"OBJECTID":39777,"STRUCTURE_NUMBER_008":"02C0140","FACILITY_CARRIED_007":"CARIBOU ROAD","FEATURES_DESC_006A":"SOUTH FORK SALMON RIVER","BRIDGE_CONDITION":"F","YEAR_BUILT_027":1984,"DATE_OF_INSPECT_090":"821"}},{"type":"Feature","id":39778,"geometry":{"type":"Point","coordinates":[-123.316930999917,41.2536829999519]},"properties":{"OBJECTID":39778,"STRUCTURE_NUMBER_008":"02C0141","FACILITY_CARRIED_007":"CECILVILLE ROAD","FEATURES_DESC_006A":"MCNEAL CREEK","BRIDGE_CONDITION":"F","YEAR_BUILT_027":1937,"DATE_OF_INSPECT_090":"823"}},{"type":"Feature","id":39779,"geometry":{"type":"Point","coordinates":[-123.158086000052,41.3027249997326]},"properties":{"OBJECTID":39779,"STRUCTURE_NUMBER_008":"02C0143","FACILITY_CARRIED_007":"SAWYERS BAR RD","FEATURES_DESC_006A":"JACKASS GULCH","BRIDGE_CONDITION":"F","YEAR_BUILT_027":1968,"DATE_OF_INSPECT_090":"823"}},{"type":"Feature","id":39780,"geometry":{"type":"Point","coordinates":[-122.46049699972,41.9174640000361]},"properties":{"OBJECTID":39780,"STRUCTURE_NUMBER_008":"02C0144","FACILITY_CARRIED_007":"COPCO RD","FEATURES_DESC_006A":"DRY CREEK","BRIDGE_CONDITION":"F","YEAR_BUILT_027":1960,"DATE_OF_INSPECT_090":"824"}},{"type":"Feature","id":39781,"geometry":{"type":"Point","coordinates":[-122.413897000357,41.4692500000356]},"properties":{"OBJECTID":39781,"STRUCTURE_NUMBER_008":"02C0145","FACILITY_CARRIED_007":"JACKSON RANCH RD","FEATURES_DESC_006A":"CARRICK CREEK","BRIDGE_CONDITION":"G","YEAR_BUILT_027":1982,"DATE_OF_INSPECT_090":"623"}},{"type":"Feature","id":39782,"geometry":{"type":"Point","coordinates":[-122.511186,41.5343390003177]},"properties":{"OBJECTID":39782,"STRUCTURE_NUMBER_008":"02C0146","FACILITY_CARRIED_007":"WEST LOUIE RD","FEATURES_DESC_006A":"WILLOW CREEK","BRIDGE_CONDITION":"G","YEAR_BUILT_027":1989,"DATE_OF_INSPECT_090":"623"}},{"type":"Feature","id":39783,"geometry":{"type":"Point","coordinates":[-123.379231000129,41.7925419999257]},"properties":{"OBJECTID":39783,"STRUCTURE_NUMBER_008":"02C0147","FACILITY_CARRIED_007":"SECOND AVENUE","FEATURES_DESC_006A":"INDIAN CREEK","BRIDGE_CONDITION":"F","YEAR_BUILT_027":1966,"DATE_OF_INSPECT_090":"723"}},{"type":"Feature","id":39784,"geometry":{"type":"Point","coordinates":[-123.021288999891,41.7651249998926]},"properties":{"OBJECTID":39784,"STRUCTURE_NUMBER_008":"02C0148","FACILITY_CARRIED_007":"SCOTT RIVER ROAD","FEATURES_DESC_006A":"SCOTT RIVER","BRIDGE_CONDITION":"F","YEAR_BUILT_027":1967,"DATE_OF_INSPECT_090":"723"}},{"type":"Feature","id":39785,"geometry":{"type":"Point","coordinates":[-122.641541999624,41.7048780000184]},"properties":{"OBJECTID":39785,"STRUCTURE_NUMBER_008":"02C0149","FACILITY_CARRIED_007":"FAIRLANE ROAD","FEATURES_DESC_006A":"YREKA CREEK","BRIDGE_CONDITION":"F","YEAR_BUILT_027":1970,"DATE_OF_INSPECT_090":"624"}},{"type":"Feature","id":39786,"geometry":{"type":"Point","coordinates":[-123.392752999639,41.7806579997328]},"properties":{"OBJECTID":39786,"STRUCTURE_NUMBER_008":"02C0150","FACILITY_CARRIED_007":"CURLY JACK ROAD","FEATURES_DESC_006A":"ELK CREEK","BRIDGE_CONDITION":"F","YEAR_BUILT_027":1975,"DATE_OF_INSPECT_090":"724"}},{"type":"Feature","id":39787,"geometry":{"type":"Point","coordinates":[-123.127196999613,41.1382639996956]},"properties":{"OBJECTID":39787,"STRUCTURE_NUMBER_008":"02C0152","FACILITY_CARRIED_007":"PETERSBURG ROAD","FEATURES_DESC_006A":"CECIL CREEK","BRIDGE_CONDITION":"F","YEAR_BUILT_027":1967,"DATE_OF_INSPECT_090":"823"}},{"type":"Feature","id":39788,"geometry":{"type":"Point","coordinates":[-122.719628,41.339497000192]},"properties":{"OBJECTID":39788,"STRUCTURE_NUMBER_008":"02C0153","FACILITY_CARRIED_007":"MASTERSON ROAD","FEATURES_DESC_006A":"EAST FORK SCOTT RIVER","BRIDGE_CONDITION":"G","YEAR_BUILT_027":1999,"DATE_OF_INSPECT_090":"623"}},{"type":"Feature","id":39789,"geometry":{"type":"Point","coordinates":[-123.13934400002,41.140536000068]},"properties":{"OBJECTID":39789,"STRUCTURE_NUMBER_008":"02C0154","FACILITY_CARRIED_007":"CECILVILLE ROAD","FEATURES_DESC_006A":"CRAWFORD CREEK","BRIDGE_CONDITION":"G","YEAR_BUILT_027":1960,"DATE_OF_INSPECT_090":"823"}},{"type":"Feature","id":39790,"geometry":{"type":"Point","coordinates":[-122.801360999632,41.3120220001476]},"properties":{"OBJECTID":39790,"STRUCTURE_NUMBER_008":"02C0155","FACILITY_CARRIED_007":"EAST CALLAHAN ROAD","FEATURES_DESC_006A":"EAST FORK SCOTT RIVER","BRIDGE_CONDITION":"F","YEAR_BUILT_027":1956,"DATE_OF_INSPECT_090":"723"}},{"type":"Feature","id":39791,"geometry":{"type":"Point","coordinates":[-122.802810999977,41.3096220000829]},"properties":{"OBJECTID":39791,"STRUCTURE_NUMBER_008":"02C0156","FACILITY_CARRIED_007":"CECILVILLE ROAD","FEATURES_DESC_006A":"SOUTH FORK SCOTT RIVER","BRIDGE_CONDITION":"F","YEAR_BUILT_027":1954,"DATE_OF_INSPECT_090":"723"}},{"type":"Feature","id":39792,"geometry":{"type":"Point","coordinates":[-123.071035999815,41.2033670000029]},"properties":{"OBJECTID":39792,"STRUCTURE_NUMBER_008":"02C0157","FACILITY_CARRIED_007":"CECILVILLE RD","FEATURES_DESC_006A":"SHADOW CREEK","BRIDGE_CONDITION":"F","YEAR_BUILT_027":1960,"DATE_OF_INSPECT_090":"823"}},{"type":"Feature","id":39793,"geometry":{"type":"Point","coordinates":[-123.362716999868,41.2968470000862]},"properties":{"OBJECTID":39793,"STRUCTURE_NUMBER_008":"02C0159","FACILITY_CARRIED_007":"SALMON RIVER ROAD","FEATURES_DESC_006A":"NORDHEIMER CREEK","BRIDGE_CONDITION":"F","YEAR_BUILT_027":1967,"DATE_OF_INSPECT_090":"821"}},{"type":"Feature","id":39794,"geometry":{"type":"Point","coordinates":[-123.408702999835,41.3368609997199]},"properties":{"OBJECTID":39794,"STRUCTURE_NUMBER_008":"02C0160","FACILITY_CARRIED_007":"SALMON RIVER RD","FEATURES_DESC_006A":"BUTLER CREEK","BRIDGE_CONDITION":"F","YEAR_BUILT_027":1938,"DATE_OF_INSPECT_090":"823"}},{"type":"Feature","id":39795,"geometry":{"type":"Point","coordinates":[-122.437721999745,41.706261000247]},"properties":{"OBJECTID":39795,"STRUCTURE_NUMBER_008":"02C0161","FACILITY_CARRIED_007":"BIG SPRINGS ROAD","FEATURES_DESC_006A":"LITTLE SHASTA RIVER","BRIDGE_CONDITION":"F","YEAR_BUILT_027":1959,"DATE_OF_INSPECT_090":"824"}},{"type":"Feature","id":39796,"geometry":{"type":"Point","coordinates":[-122.456517000379,41.5039420001976]},"properties":{"OBJECTID":39796,"STRUCTURE_NUMBER_008":"02C0162","FACILITY_CARRIED_007":"SLOUGH RD","FEATURES_DESC_006A":"LOWER PARKS CREEK","BRIDGE_CONDITION":"F","YEAR_BUILT_027":1975,"DATE_OF_INSPECT_090":"623"}},{"type":"Feature","id":39797,"geometry":{"type":"Point","coordinates":[-122.630211000075,41.9779559999929]},"properties":{"OBJECTID":39797,"STRUCTURE_NUMBER_008":"02C0164","FACILITY_CARRIED_007":"HILT HUNGRY ROAD","FEATURES_DESC_006A":"COTTONWOOD CREEK","BRIDGE_CONDITION":"F","YEAR_BUILT_027":1933,"DATE_OF_INSPECT_090":"824"}},{"type":"Feature","id":39798,"geometry":{"type":"Point","coordinates":[-122.369656000287,41.722443999996]},"properties":{"OBJECTID":39798,"STRUCTURE_NUMBER_008":"02C0165","FACILITY_CARRIED_007":"HARRY CASH ROAD","FEATURES_DESC_006A":"LITTLE SHASTA RIVER","BRIDGE_CONDITION":"F","YEAR_BUILT_027":1920,"DATE_OF_INSPECT_090":"824"}},{"type":"Feature","id":39799,"geometry":{"type":"Point","coordinates":[-123.104433000407,41.6322169997756]},"properties":{"OBJECTID":39799,"STRUCTURE_NUMBER_008":"02C0166","FACILITY_CARRIED_007":"BOULDER CREEK RD","FEATURES_DESC_006A":"CANYON CREEK","BRIDGE_CONDITION":"F","YEAR_BUILT_027":1993,"DATE_OF_INSPECT_090":"824"}},{"type":"Feature","id":39800,"geometry":{"type":"Point","coordinates":[-123.080039000034,41.101316999713]},"properties":{"OBJECTID":39800,"STRUCTURE_NUMBER_008":"02C0167","FACILITY_CARRIED_007":"CARIBOU ROAD","FEATURES_DESC_006A":"RAYS GULCH","BRIDGE_CONDITION":"F","YEAR_BUILT_027":1982,"DATE_OF_INSPECT_090":"823"}},{"type":"Feature","id":39801,"geometry":{"type":"Point","coordinates":[-123.213846999817,41.188242000032]},"properties":{"OBJECTID":39801,"STRUCTURE_NUMBER_008":"02C0168","FACILITY_CARRIED_007":"CECILVILLE ROAD","FEATURES_DESC_006A":"MATHEWS CREEK","BRIDGE_CONDITION":"G","YEAR_BUILT_027":1940,"DATE_OF_INSPECT_090":"823"}},{"type":"Feature","id":39802,"geometry":{"type":"Point","coordinates":[-123.22486899957,41.2041559996634]},"properties":{"OBJECTID":39802,"STRUCTURE_NUMBER_008":"02C0169","FACILITY_CARRIED_007":"CECILVILLE ROAD","FEATURES_DESC_006A":"BLACK BEAR CREEK","BRIDGE_CONDITION":"F","YEAR_BUILT_027":1940,"DATE_OF_INSPECT_090":"823"}},{"type":"Feature","id":39803,"geometry":{"type":"Point","coordinates":[-123.232464000176,41.2113389999289]},"properties":{"OBJECTID":39803,"STRUCTURE_NUMBER_008":"02C0170","FACILITY_CARRIED_007":"CECILVILLE ROAD","FEATURES_DESC_006A":"INDIAN CREEK","BRIDGE_CONDITION":"F","YEAR_BUILT_027":1940,"DATE_OF_INSPECT_090":"823"}},{"type":"Feature","id":39804,"geometry":{"type":"Point","coordinates":[-122.848757999586,41.8221669998821]},"properties":{"OBJECTID":39804,"STRUCTURE_NUMBER_008":"02C0171","FACILITY_CARRIED_007":"BARKHOUSE CREEK RD","FEATURES_DESC_006A":"BARKHOUSE CREEK","BRIDGE_CONDITION":"F","YEAR_BUILT_027":1998,"DATE_OF_INSPECT_090":"724"}},{"type":"Feature","id":39805,"geometry":{"type":"Point","coordinates":[-122.724397000435,41.7749720003144]},"properties":{"OBJECTID":39805,"STRUCTURE_NUMBER_008":"02C0172","FACILITY_CARRIED_007":"YREKA WALKER RD","FEATURES_DESC_006A":"HUMBUG CREEK","BRIDGE_CONDITION":"F","YEAR_BUILT_027":1957,"DATE_OF_INSPECT_090":"724"}},{"type":"Feature","id":39806,"geometry":{"type":"Point","coordinates":[-121.926653000106,41.5750470000962]},"properties":{"OBJECTID":39806,"STRUCTURE_NUMBER_008":"02C0173","FACILITY_CARRIED_007":"TENNANT RD","FEATURES_DESC_006A":"ANTELOPE CREEK","BRIDGE_CONDITION":"F","YEAR_BUILT_027":1971,"DATE_OF_INSPECT_090":"623"}},{"type":"Feature","id":39807,"geometry":{"type":"Point","coordinates":[-121.912286000324,41.5871580001108]},"properties":{"OBJECTID":39807,"STRUCTURE_NUMBER_008":"02C0174","FACILITY_CARRIED_007":"TENNANT RD","FEATURES_DESC_006A":"ANTELOPE CREEK","BRIDGE_CONDITION":"G","YEAR_BUILT_027":1988,"DATE_OF_INSPECT_090":"623"}},{"type":"Feature","id":39808,"geometry":{"type":"Point","coordinates":[-122.854532999951,41.5194390001224]},"properties":{"OBJECTID":39808,"STRUCTURE_NUMBER_008":"02C0175","FACILITY_CARRIED_007":"ISLAND ROAD","FEATURES_DESC_006A":"SCOTT RIVER OVERFLOW","BRIDGE_CONDITION":"F","YEAR_BUILT_027":1977,"DATE_OF_INSPECT_090":"624"}},{"type":"Feature","id":39809,"geometry":{"type":"Point","coordinates":[-122.862264000101,41.5188970001829]},"properties":{"OBJECTID":39809,"STRUCTURE_NUMBER_008":"02C0176","FACILITY_CARRIED_007":"ELLER LANE","FEATURES_DESC_006A":"PATTERSON CREEK","BRIDGE_CONDITION":"F","YEAR_BUILT_027":1971,"DATE_OF_INSPECT_090":"624"}},{"type":"Feature","id":39810,"geometry":{"type":"Point","coordinates":[-122.714913999817,41.6245940000655]},"properties":{"OBJECTID":39810,"STRUCTURE_NUMBER_008":"02C0178","FACILITY_CARRIED_007":"MOFFETT CREEK RD","FEATURES_DESC_006A":"MOFFETT CREEK","BRIDGE_CONDITION":"F","YEAR_BUILT_027":1989,"DATE_OF_INSPECT_090":"723"}},{"type":"Feature","id":39811,"geometry":{"type":"Point","coordinates":[-122.735457999648,41.6052809999641]},"properties":{"OBJECTID":39811,"STRUCTURE_NUMBER_008":"02C0179","FACILITY_CARRIED_007":"MOFFETT CREEK RD","FEATURES_DESC_006A":"MOFFETT CREEK","BRIDGE_CONDITION":"F","YEAR_BUILT_027":1975,"DATE_OF_INSPECT_090":"723"}},{"type":"Feature","id":39812,"geometry":{"type":"Point","coordinates":[-122.720130999966,41.5868030002327]},"properties":{"OBJECTID":39812,"STRUCTURE_NUMBER_008":"02C0180","FACILITY_CARRIED_007":"SCARFACE RD","FEATURES_DESC_006A":"MOFFETT CREEK","BRIDGE_CONDITION":"G","YEAR_BUILT_027":1967,"DATE_OF_INSPECT_090":"824"}},{"type":"Feature","id":39813,"geometry":{"type":"Point","coordinates":[-121.701417000361,41.1887250000993]},"properties":{"OBJECTID":39813,"STRUCTURE_NUMBER_008":"02C0181","FACILITY_CARRIED_007":"PONDOSA WAY","FEATURES_DESC_006A":"BEAR CREEK","BRIDGE_CONDITION":"G","YEAR_BUILT_027":1977,"DATE_OF_INSPECT_090":"623"}},{"type":"Feature","id":39814,"geometry":{"type":"Point","coordinates":[-123.129468999765,41.1395860000793]},"properties":{"OBJECTID":39814,"STRUCTURE_NUMBER_008":"02C0182","FACILITY_CARRIED_007":"PETERSBURG RD","FEATURES_DESC_006A":"SOUTH FORK SALMON RIVER","BRIDGE_CONDITION":"G","YEAR_BUILT_027":1969,"DATE_OF_INSPECT_090":"823"}},{"type":"Feature","id":39815,"geometry":{"type":"Point","coordinates":[-122.906525000263,41.3441439997091]},"properties":{"OBJECTID":39815,"STRUCTURE_NUMBER_008":"02C0184","FACILITY_CARRIED_007":"FRENCH CREEK RD","FEATURES_DESC_006A":"DUCK LAKE CREEK","BRIDGE_CONDITION":"F","YEAR_BUILT_027":1987,"DATE_OF_INSPECT_090":"723"}},{"type":"Feature","id":39816,"geometry":{"type":"Point","coordinates":[-122.872058000165,41.3668939997196]},"properties":{"OBJECTID":39816,"STRUCTURE_NUMBER_008":"02C0185","FACILITY_CARRIED_007":"SUGAR CREEK ROAD","FEATURES_DESC_006A":"MINERS CREEK","BRIDGE_CONDITION":"F","YEAR_BUILT_027":1976,"DATE_OF_INSPECT_090":"723"}},{"type":"Feature","id":39817,"geometry":{"type":"Point","coordinates":[-122.901741999584,41.3544330002401]},"properties":{"OBJECTID":39817,"STRUCTURE_NUMBER_008":"02C0186","FACILITY_CARRIED_007":"FRENCH CREEK RD","FEATURES_DESC_006A":"FRENCH CREEK","BRIDGE_CONDITION":"F","YEAR_BUILT_027":1990,"DATE_OF_INSPECT_090":"723"}},{"type":"Feature","id":39818,"geometry":{"type":"Point","coordinates":[-122.709525000139,41.5806439999905]},"properties":{"OBJECTID":39818,"STRUCTURE_NUMBER_008":"02C0187","FACILITY_CARRIED_007":"DUZEL CREEK RD","FEATURES_DESC_006A":"MOFFETT CREEK","BRIDGE_CONDITION":"G","YEAR_BUILT_027":1971,"DATE_OF_INSPECT_090":"723"}},{"type":"Feature","id":39819,"geometry":{"type":"Point","coordinates":[-123.097328000246,41.632449999917]},"properties":{"OBJECTID":39819,"STRUCTURE_NUMBER_008":"02C0188","FACILITY_CARRIED_007":"BOULDER CREEK RD","FEATURES_DESC_006A":"BOULDER CREEK","BRIDGE_CONDITION":"G","YEAR_BUILT_027":1993,"DATE_OF_INSPECT_090":"824"}},{"type":"Feature","id":39820,"geometry":{"type":"Point","coordinates":[-122.8358389996,41.6565439997284]},"properties":{"OBJECTID":39820,"STRUCTURE_NUMBER_008":"02C0190","FACILITY_CARRIED_007":"MCADAMS CREEK RD","FEATURES_DESC_006A":"MCADAMS CREEK","BRIDGE_CONDITION":"F","YEAR_BUILT_027":1975,"DATE_OF_INSPECT_090":"723"}},{"type":"Feature","id":39821,"geometry":{"type":"Point","coordinates":[-122.362152999743,41.9839609997359]},"properties":{"OBJECTID":39821,"STRUCTURE_NUMBER_008":"02C0198","FACILITY_CARRIED_007":"COPCO RD","FEATURES_DESC_006A":"FALL CREEK","BRIDGE_CONDITION":"F","YEAR_BUILT_027":1969,"DATE_OF_INSPECT_090":"824"}},{"type":"Feature","id":39822,"geometry":{"type":"Point","coordinates":[-122.861833000106,41.4903669997017]},"properties":{"OBJECTID":39822,"STRUCTURE_NUMBER_008":"02C0199","FACILITY_CARRIED_007":"ISLAND ROAD","FEATURES_DESC_006A":"SCOTT RIVER OVERFLOW","BRIDGE_CONDITION":"F","YEAR_BUILT_027":1977,"DATE_OF_INSPECT_090":"624"}},{"type":"Feature","id":39823,"geometry":{"type":"Point","coordinates":[-122.449510999952,41.4477889999947]},"properties":{"OBJECTID":39823,"STRUCTURE_NUMBER_008":"02C0202","FACILITY_CARRIED_007":"OLD HWY 99","FEATURES_DESC_006A":"PARKS CREEK","BRIDGE_CONDITION":"G","YEAR_BUILT_027":1994,"DATE_OF_INSPECT_090":"623"}},{"type":"Feature","id":39824,"geometry":{"type":"Point","coordinates":[-122.517183000123,41.5084999999964]},"properties":{"OBJECTID":39824,"STRUCTURE_NUMBER_008":"02C0203","FACILITY_CARRIED_007":"OLD HWY 99","FEATURES_DESC_006A":"WILLOW CREEK","BRIDGE_CONDITION":"F","YEAR_BUILT_027":1994,"DATE_OF_INSPECT_090":"623"}},{"type":"Feature","id":39825,"geometry":{"type":"Point","coordinates":[-122.557691999651,41.6523109997375]},"properties":{"OBJECTID":39825,"STRUCTURE_NUMBER_008":"02C0204","FACILITY_CARRIED_007":"OLD HIGHWAY 99","FEATURES_DESC_006A":"HAY CREEK","BRIDGE_CONDITION":"F","YEAR_BUILT_027":1923,"DATE_OF_INSPECT_090":"624"}},{"type":"Feature","id":39826,"geometry":{"type":"Point","coordinates":[-122.722080999902,41.3256920002217]},"properties":{"OBJECTID":39826,"STRUCTURE_NUMBER_008":"02C0207","FACILITY_CARRIED_007":"MASTERSON ROAD","FEATURES_DESC_006A":"EAST FORK SCOTT RIVER","BRIDGE_CONDITION":"G","YEAR_BUILT_027":1975,"DATE_OF_INSPECT_090":"623"}},{"type":"Feature","id":39827,"geometry":{"type":"Point","coordinates":[-122.717247000068,41.3357560002461]},"properties":{"OBJECTID":39827,"STRUCTURE_NUMBER_008":"02C0208","FACILITY_CARRIED_007":"MASTERSONS ROAD","FEATURES_DESC_006A":"KANGAROO CREEK","BRIDGE_CONDITION":"G","YEAR_BUILT_027":1975,"DATE_OF_INSPECT_090":"623"}},{"type":"Feature","id":39828,"geometry":{"type":"Point","coordinates":[-122.385691999799,41.7114440001511]},"properties":{"OBJECTID":39828,"STRUCTURE_NUMBER_008":"02C0214","FACILITY_CARRIED_007":"LWER LTLE SHSTA RD","FEATURES_DESC_006A":"LITTLE SHASTA RIVER","BRIDGE_CONDITION":"F","YEAR_BUILT_027":1978,"DATE_OF_INSPECT_090":"824"}},{"type":"Feature","id":39829,"geometry":{"type":"Point","coordinates":[-122.25926899966,41.7546830001703]},"properties":{"OBJECTID":39829,"STRUCTURE_NUMBER_008":"02C0217","FACILITY_CARRIED_007":"BAL MT & SHA RIV R","FEATURES_DESC_006A":"LITTLE SHASTA RIVER","BRIDGE_CONDITION":"G","YEAR_BUILT_027":1988,"DATE_OF_INSPECT_090":"824"}},{"type":"Feature","id":39830,"geometry":{"type":"Point","coordinates":[-123.211233000257,41.8410190000664]},"properties":{"OBJECTID":39830,"STRUCTURE_NUMBER_008":"02C0218","FACILITY_CARRIED_007":"GRIDER ROAD","FEATURES_DESC_006A":"WEST GRIDER CREEK","BRIDGE_CONDITION":"G","YEAR_BUILT_027":1971,"DATE_OF_INSPECT_090":"724"}},{"type":"Feature","id":39831,"geometry":{"type":"Point","coordinates":[-122.693502999973,41.7932080002987]},"properties":{"OBJECTID":39831,"STRUCTURE_NUMBER_008":"02C0221","FACILITY_CARRIED_007":"HAWKINSVLE HUMB RD","FEATURES_DESC_006A":"HUMBUG CREEK","BRIDGE_CONDITION":"G","YEAR_BUILT_027":1971,"DATE_OF_INSPECT_090":"724"}},{"type":"Feature","id":39832,"geometry":{"type":"Point","coordinates":[-122.481799999609,41.890217000011]},"properties":{"OBJECTID":39832,"STRUCTURE_NUMBER_008":"02C0223","FACILITY_CARRIED_007":"DENNIS LANE","FEATURES_DESC_006A":"WILLOW CREEK","BRIDGE_CONDITION":"F","YEAR_BUILT_027":1969,"DATE_OF_INSPECT_090":"824"}},{"type":"Feature","id":39833,"geometry":{"type":"Point","coordinates":[-122.441306000149,41.9325809997983]},"properties":{"OBJECTID":39833,"STRUCTURE_NUMBER_008":"02C0224","FACILITY_CARRIED_007":"COPCO RD","FEATURES_DESC_006A":"BRUSH CREEK","BRIDGE_CONDITION":"G","YEAR_BUILT_027":1976,"DATE_OF_INSPECT_090":"824"}},{"type":"Feature","id":39834,"geometry":{"type":"Point","coordinates":[-122.632202999844,41.735663999938]},"properties":{"OBJECTID":39834,"STRUCTURE_NUMBER_008":"02C0225","FACILITY_CARRIED_007":"E LENNOX ST","FEATURES_DESC_006A":"YREKA CREEK","BRIDGE_CONDITION":"F","YEAR_BUILT_027":1953,"DATE_OF_INSPECT_090":"624"}},{"type":"Feature","id":39835,"geometry":{"type":"Point","coordinates":[-123.377517000194,41.7902390003146]},"properties":{"OBJECTID":39835,"STRUCTURE_NUMBER_008":"02C0227","FACILITY_CARRIED_007":"ELK CREEK ROAD","FEATURES_DESC_006A":"KLAMATH RIVER","BRIDGE_CONDITION":"F","YEAR_BUILT_027":1953,"DATE_OF_INSPECT_090":"724"}},{"type":"Feature","id":39836,"geometry":{"type":"Point","coordinates":[-123.382233000027,41.8269029997739]},"properties":{"OBJECTID":39836,"STRUCTURE_NUMBER_008":"02C0228","FACILITY_CARRIED_007":"DOOLITTLE CREEK RD","FEATURES_DESC_006A":"INDIAN CREEK","BRIDGE_CONDITION":"F","YEAR_BUILT_027":1965,"DATE_OF_INSPECT_090":"723"}},{"type":"Feature","id":39837,"geometry":{"type":"Point","coordinates":[-123.429053000395,41.8824470001972]},"properties":{"OBJECTID":39837,"STRUCTURE_NUMBER_008":"02C0229","FACILITY_CARRIED_007":"S FORK ROAD","FEATURES_DESC_006A":"INDIAN CREEK","BRIDGE_CONDITION":"F","YEAR_BUILT_027":1965,"DATE_OF_INSPECT_090":"724"}},{"type":"Feature","id":39838,"geometry":{"type":"Point","coordinates":[-122.494167000124,41.8275139998027]},"properties":{"OBJECTID":39838,"STRUCTURE_NUMBER_008":"02C0232","FACILITY_CARRIED_007":"AGER RD","FEATURES_DESC_006A":"BLACK MOUNTAIN GULCH","BRIDGE_CONDITION":"F","YEAR_BUILT_027":1980,"DATE_OF_INSPECT_090":"824"}},{"type":"Feature","id":39839,"geometry":{"type":"Point","coordinates":[-122.711792000269,41.5799639998697]},"properties":{"OBJECTID":39839,"STRUCTURE_NUMBER_008":"02C0234","FACILITY_CARRIED_007":"DUZEL CREEK RD","FEATURES_DESC_006A":"DUZEL CREEK","BRIDGE_CONDITION":"F","YEAR_BUILT_027":1974,"DATE_OF_INSPECT_090":"723"}},{"type":"Feature","id":39840,"geometry":{"type":"Point","coordinates":[-122.760813999571,41.8554140000925]},"properties":{"OBJECTID":39840,"STRUCTURE_NUMBER_008":"02C0235","FACILITY_CARRIED_007":"KLAMATH RIVER ROAD","FEATURES_DESC_006A":"VESA CREEK","BRIDGE_CONDITION":"F","YEAR_BUILT_027":1974,"DATE_OF_INSPECT_090":"722"}},{"type":"Feature","id":39841,"geometry":{"type":"Point","coordinates":[-122.593113999625,41.7720690001898]},"properties":{"OBJECTID":39841,"STRUCTURE_NUMBER_008":"02C0236","FACILITY_CARRIED_007":"ANDERSON GRADE RD","FEATURES_DESC_006A":"SHASTA RIVER","BRIDGE_CONDITION":"G","YEAR_BUILT_027":1982,"DATE_OF_INSPECT_090":"822"}},{"type":"Feature","id":39842,"geometry":{"type":"Point","coordinates":[-122.637700000375,41.7246780003103]},"properties":{"OBJECTID":39842,"STRUCTURE_NUMBER_008":"02C0239","FACILITY_CARRIED_007":"HOSPITAL ROAD","FEATURES_DESC_006A":"YREKA CREEK","BRIDGE_CONDITION":"P","YEAR_BUILT_027":1987,"DATE_OF_INSPECT_090":"624"}},{"type":"Feature","id":39843,"geometry":{"type":"Point","coordinates":[-122.644674999941,41.7097749997299]},"properties":{"OBJECTID":39843,"STRUCTURE_NUMBER_008":"02C0240","FACILITY_CARRIED_007":"OREGON ST","FEATURES_DESC_006A":"GREENHORN CREEK","BRIDGE_CONDITION":"G","YEAR_BUILT_027":1990,"DATE_OF_INSPECT_090":"624"}},{"type":"Feature","id":39844,"geometry":{"type":"Point","coordinates":[-122.620672000278,41.8339169999202]},"properties":{"OBJECTID":39844,"STRUCTURE_NUMBER_008":"02C0241","FACILITY_CARRIED_007":"KLAMATH RIVER ROAD","FEATURES_DESC_006A":"KLAMATH RIVER","BRIDGE_CONDITION":"G","YEAR_BUILT_027":2014,"DATE_OF_INSPECT_090":"724"}},{"type":"Feature","id":39845,"geometry":{"type":"Point","coordinates":[-122.520171999602,41.6544890001898]},"properties":{"OBJECTID":39845,"STRUCTURE_NUMBER_008":"02C0251","FACILITY_CARRIED_007":"MONTAGUE GRENADA","FEATURES_DESC_006A":"JULIEN CREEK","BRIDGE_CONDITION":"G","YEAR_BUILT_027":1974,"DATE_OF_INSPECT_090":"624"}},{"type":"Feature","id":39846,"geometry":{"type":"Point","coordinates":[-122.328935999973,41.2790169999136]},"properties":{"OBJECTID":39846,"STRUCTURE_NUMBER_008":"02C0252","FACILITY_CARRIED_007":"W. A. BARR RD","FEATURES_DESC_006A":"SACRAMENTO RIVER","BRIDGE_CONDITION":"F","YEAR_BUILT_027":1968,"DATE_OF_INSPECT_090":"723"}},{"type":"Feature","id":39847,"geometry":{"type":"Point","coordinates":[-122.749596999824,41.3214609996997]},"properties":{"OBJECTID":39847,"STRUCTURE_NUMBER_008":"02C0253","FACILITY_CARRIED_007":"GAZELLE-CALLAHAN R","FEATURES_DESC_006A":"NOYES VALLEY CREEK","BRIDGE_CONDITION":"F","YEAR_BUILT_027":1972,"DATE_OF_INSPECT_090":"623"}},{"type":"Feature","id":39848,"geometry":{"type":"Point","coordinates":[-122.583021999635,41.6563860001849]},"properties":{"OBJECTID":39848,"STRUCTURE_NUMBER_008":"02C0254","FACILITY_CARRIED_007":"CRAM GULCH RD","FEATURES_DESC_006A":"SCHULMEYER GULCH","BRIDGE_CONDITION":"F","YEAR_BUILT_027":1972,"DATE_OF_INSPECT_090":"624"}},{"type":"Feature","id":39849,"geometry":{"type":"Point","coordinates":[-122.441435999846,41.9311809998134]},"properties":{"OBJECTID":39849,"STRUCTURE_NUMBER_008":"02C0255","FACILITY_CARRIED_007":"LAKE VIEW ROAD","FEATURES_DESC_006A":"KLAMATH RIVER","BRIDGE_CONDITION":"P","YEAR_BUILT_027":1960,"DATE_OF_INSPECT_090":"824"}},{"type":"Feature","id":39850,"geometry":{"type":"Point","coordinates":[-122.54713299968,41.8976109999691]},"properties":{"OBJECTID":39850,"STRUCTURE_NUMBER_008":"02C0257","FACILITY_CARRIED_007":"COPCO ROAD","FEATURES_DESC_006A":"COTTONWOOD CREEK","BRIDGE_CONDITION":"G","YEAR_BUILT_027":1980,"DATE_OF_INSPECT_090":"822"}},{"type":"Feature","id":39851,"geometry":{"type":"Point","coordinates":[-122.021753000336,41.6409859998826]},"properties":{"OBJECTID":39851,"STRUCTURE_NUMBER_008":"02C0258","FACILITY_CARRIED_007":"TENNANT RD","FEATURES_DESC_006A":"BUTTE CREEK","BRIDGE_CONDITION":"G","YEAR_BUILT_027":1981,"DATE_OF_INSPECT_090":"623"}},{"type":"Feature","id":39852,"geometry":{"type":"Point","coordinates":[-122.635906000074,41.7286170000735]},"properties":{"OBJECTID":39852,"STRUCTURE_NUMBER_008":"02C0260","FACILITY_CARRIED_007":"RAYMOND ST","FEATURES_DESC_006A":"YREKA CREEK","BRIDGE_CONDITION":"G","YEAR_BUILT_027":1988,"DATE_OF_INSPECT_090":"624"}},{"type":"Feature","id":39853,"geometry":{"type":"Point","coordinates":[-122.643932999602,41.7327280000339]},"properties":{"OBJECTID":39853,"STRUCTURE_NUMBER_008":"02C0261","FACILITY_CARRIED_007":"WEST ST","FEATURES_DESC_006A":"HUMBUG GULCH","BRIDGE_CONDITION":"F","YEAR_BUILT_027":1965,"DATE_OF_INSPECT_090":"624"}},{"type":"Feature","id":39854,"geometry":{"type":"Point","coordinates":[-122.845275000362,41.6072690000485]},"properties":{"OBJECTID":39854,"STRUCTURE_NUMBER_008":"02C0262","FACILITY_CARRIED_007":"DIGGLES ST","FEATURES_DESC_006A":"MOFFETT CREEK","BRIDGE_CONDITION":"G","YEAR_BUILT_027":1988,"DATE_OF_INSPECT_090":"624"}},{"type":"Feature","id":39855,"geometry":{"type":"Point","coordinates":[-122.841747000035,41.6089690000571]},"properties":{"OBJECTID":39855,"STRUCTURE_NUMBER_008":"02C0263","FACILITY_CARRIED_007":"BUTTE ST","FEATURES_DESC_006A":"MOFFETT CREEK","BRIDGE_CONDITION":"G","YEAR_BUILT_027":1988,"DATE_OF_INSPECT_090":"624"}},{"type":"Feature","id":39856,"geometry":{"type":"Point","coordinates":[-123.110308000332,41.1533190001725]},"properties":{"OBJECTID":39856,"STRUCTURE_NUMBER_008":"02C0265","FACILITY_CARRIED_007":"CARIBOU ROAD","FEATURES_DESC_006A":"E FK OF S FK SALMON RIV","BRIDGE_CONDITION":"G","YEAR_BUILT_027":1965,"DATE_OF_INSPECT_090":"821"}},{"type":"Feature","id":39857,"geometry":{"type":"Point","coordinates":[-123.088213999699,41.1106169998872]},"properties":{"OBJECTID":39857,"STRUCTURE_NUMBER_008":"02C0266","FACILITY_CARRIED_007":"CARIBOU RD","FEATURES_DESC_006A":"SOUTH FORK SALMON RIVER","BRIDGE_CONDITION":"F","YEAR_BUILT_027":1965,"DATE_OF_INSPECT_090":"823"}},{"type":"Feature","id":39858,"geometry":{"type":"Point","coordinates":[-122.644772000026,41.6958000001317]},"properties":{"OBJECTID":39858,"STRUCTURE_NUMBER_008":"02C0267","FACILITY_CARRIED_007":"WESTSIDE RD","FEATURES_DESC_006A":"YREKA CREEK","BRIDGE_CONDITION":"G","YEAR_BUILT_027":1993,"DATE_OF_INSPECT_090":"624"}},{"type":"Feature","id":39859,"geometry":{"type":"Point","coordinates":[-122.673481000374,41.3863030003258]},"properties":{"OBJECTID":39859,"STRUCTURE_NUMBER_008":"02C0268","FACILITY_CARRIED_007":"RAIL CREEK ROAD","FEATURES_DESC_006A":"EAST FORK SCOTT RIVER","BRIDGE_CONDITION":"G","YEAR_BUILT_027":1998,"DATE_OF_INSPECT_090":"623"}},{"type":"Feature","id":39860,"geometry":{"type":"Point","coordinates":[-123.11281700031,41.6649690002303]},"properties":{"OBJECTID":39860,"STRUCTURE_NUMBER_008":"02C0269","FACILITY_CARRIED_007":"SCOTT RIVER RD","FEATURES_DESC_006A":"DEEP CREEK","BRIDGE_CONDITION":"G","YEAR_BUILT_027":1999,"DATE_OF_INSPECT_090":"824"}},{"type":"Feature","id":39861,"geometry":{"type":"Point","coordinates":[-122.839260999622,41.8345719997916]},"properties":{"OBJECTID":39861,"STRUCTURE_NUMBER_008":"02C0270","FACILITY_CARRIED_007":"WALKER ROAD","FEATURES_DESC_006A":"LITTLE HUMBUG CREEK","BRIDGE_CONDITION":"G","YEAR_BUILT_027":2000,"DATE_OF_INSPECT_090":"724"}},{"type":"Feature","id":39862,"geometry":{"type":"Point","coordinates":[-123.003799999662,41.8234139999388]},"properties":{"OBJECTID":39862,"STRUCTURE_NUMBER_008":"02C0271","FACILITY_CARRIED_007":"BAR ROAD","FEATURES_DESC_006A":"KLAMATH RIVER","BRIDGE_CONDITION":"G","YEAR_BUILT_027":1998,"DATE_OF_INSPECT_090":"724"}},{"type":"Feature","id":39863,"geometry":{"type":"Point","coordinates":[-122.965724999769,41.6240919997171]},"properties":{"OBJECTID":39863,"STRUCTURE_NUMBER_008":"02C0273","FACILITY_CARRIED_007":"QUARTZ VALLEY ROAD","FEATURES_DESC_006A":"SHACKLEFORD CREEK","BRIDGE_CONDITION":"G","YEAR_BUILT_027":2005,"DATE_OF_INSPECT_090":"624"}},{"type":"Feature","id":39864,"geometry":{"type":"Point","coordinates":[-122.560393999973,41.9120219998551]},"properties":{"OBJECTID":39864,"STRUCTURE_NUMBER_008":"02C0275","FACILITY_CARRIED_007":"FRONT ST","FEATURES_DESC_006A":"COTTONWOOD CREEK","BRIDGE_CONDITION":"G","YEAR_BUILT_027":2006,"DATE_OF_INSPECT_090":"822"}},{"type":"Feature","id":39865,"geometry":{"type":"Point","coordinates":[-123.304021999977,41.7942720001741]},"properties":{"OBJECTID":39865,"STRUCTURE_NUMBER_008":"02C0278","FACILITY_CARRIED_007":"CHINA GRADE ROAD","FEATURES_DESC_006A":"CHINA CREEK","BRIDGE_CONDITION":"G","YEAR_BUILT_027":1956,"DATE_OF_INSPECT_090":"724"}},{"type":"Feature","id":39866,"geometry":{"type":"Point","coordinates":[-123.082549999662,41.2949690001628]},"properties":{"OBJECTID":39866,"STRUCTURE_NUMBER_008":"02C0279","FACILITY_CARRIED_007":"WHITES GULCH ROAD","FEATURES_DESC_006A":"WHITES GULCH","BRIDGE_CONDITION":"G","YEAR_BUILT_027":2009,"DATE_OF_INSPECT_090":"823"}},{"type":"Feature","id":39867,"geometry":{"type":"Point","coordinates":[-122.400322000245,41.976243999736]},"properties":{"OBJECTID":39867,"STRUCTURE_NUMBER_008":"02C0280","FACILITY_CARRIED_007":"COPCO ROAD","FEATURES_DESC_006A":"JENNY CREEK","BRIDGE_CONDITION":"F","YEAR_BUILT_027":2008,"DATE_OF_INSPECT_090":"824"}},{"type":"Feature","id":39868,"geometry":{"type":"Point","coordinates":[-123.473441999705,41.37964199984]},"properties":{"OBJECTID":39868,"STRUCTURE_NUMBER_008":"02C0281","FACILITY_CARRIED_007":"SALMON RIVER ROAD","FEATURES_DESC_006A":"MERRILL CREEK","BRIDGE_CONDITION":"G","YEAR_BUILT_027":2002,"DATE_OF_INSPECT_090":"823"}},{"type":"Feature","id":39869,"geometry":{"type":"Point","coordinates":[-122.430747000179,41.4381809996639]},"properties":{"OBJECTID":39869,"STRUCTURE_NUMBER_008":"02C0282","FACILITY_CARRIED_007":"EDGEWOOD ROAD","FEATURES_DESC_006A":"SHASTA RIVER","BRIDGE_CONDITION":"G","YEAR_BUILT_027":2009,"DATE_OF_INSPECT_090":"623"}},{"type":"Feature","id":39870,"geometry":{"type":"Point","coordinates":[-123.167844000132,41.3159919998854]},"properties":{"OBJECTID":39870,"STRUCTURE_NUMBER_008":"02C0283","FACILITY_CARRIED_007":"SAWYERS BAR ROAD","FEATURES_DESC_006A":"KELLY GULCH","BRIDGE_CONDITION":"G","YEAR_BUILT_027":2006,"DATE_OF_INSPECT_090":"823"}},{"type":"Feature","id":39871,"geometry":{"type":"Point","coordinates":[-123.317694000173,41.7820999997418]},"properties":{"OBJECTID":39871,"STRUCTURE_NUMBER_008":"02C0284","FACILITY_CARRIED_007":"CHINA GRADE ROAD","FEATURES_DESC_006A":"HORSE CREEK","BRIDGE_CONDITION":"G","YEAR_BUILT_027":2008,"DATE_OF_INSPECT_090":"724"}},{"type":"Feature","id":39872,"geometry":{"type":"Point","coordinates":[-122.557527999619,41.6523890000859]},"properties":{"OBJECTID":39872,"STRUCTURE_NUMBER_008":"02C0285","FACILITY_CARRIED_007":"OLD HWY 99 SOUTH","FEATURES_DESC_006A":"GUYS GULCH","BRIDGE_CONDITION":"F","YEAR_BUILT_027":2019,"DATE_OF_INSPECT_090":"524"}},{"type":"Feature","id":39873,"geometry":{"type":"Point","coordinates":[-122.581071999698,41.6561499998561]},"properties":{"OBJECTID":39873,"STRUCTURE_NUMBER_008":"02C0286","FACILITY_CARRIED_007":"OLD HWY 99 SOUTH","FEATURES_DESC_006A":"SCHULMEYER GULCH","BRIDGE_CONDITION":"F","YEAR_BUILT_027":2019,"DATE_OF_INSPECT_090":"524"}},{"type":"Feature","id":39874,"geometry":{"type":"Point","coordinates":[-123.278008000278,41.2387500003289]},"properties":{"OBJECTID":39874,"STRUCTURE_NUMBER_008":"02C0287","FACILITY_CARRIED_007":"CECILVILLE ROAD","FEATURES_DESC_006A":"HOTELLING GULCH","BRIDGE_CONDITION":"F","YEAR_BUILT_027":2022,"DATE_OF_INSPECT_090":"524"}},{"type":"Feature","id":64707,"geometry":{"type":"Point","coordinates":[-121.713556000372,41.9758720000207]},"properties":{"OBJECTID":64707,"STRUCTURE_NUMBER_008":"000011663-00245","FACILITY_CARRIED_007":"PATROL RD UNIT 3A","FEATURES_DESC_006A":"CANAL TURNOUT","BRIDGE_CONDITION":"F","YEAR_BUILT_027":1953,"DATE_OF_INSPECT_090":"1022"}},{"type":"Feature","id":64708,"geometry":{"type":"Point","coordinates":[-121.713660999954,41.9767440002389]},"properties":{"OBJECTID":64708,"STRUCTURE_NUMBER_008":"000011663-00255","FACILITY_CARRIED_007":"AUTO TOUR ROAD","FEATURES_DESC_006A":"CANAL TURNOUT","BRIDGE_CONDITION":"F","YEAR_BUILT_027":1963,"DATE_OF_INSPECT_090":"1022"}},{"type":"Feature","id":64782,"geometry":{"type":"Point","coordinates":[-123.038410999699,41.8433610001332]},"properties":{"OBJECTID":64782,"STRUCTURE_NUMBER_008":"050551000001013","FACILITY_CARRIED_007":"JOHNNY ONEIL ROAD","FEATURES_DESC_006A":"HORSE CREEK","BRIDGE_CONDITION":"G","YEAR_BUILT_027":1975,"DATE_OF_INSPECT_090":"721"}},{"type":"Feature","id":64783,"geometry":{"type":"Point","coordinates":[-122.633300000011,41.7250000001965]},"properties":{"OBJECTID":64783,"STRUCTURE_NUMBER_008":"050551000001027","FACILITY_CARRIED_007":"YREKA HEADQUARTERS","FEATURES_DESC_006A":"YREKA CREEK","BRIDGE_CONDITION":"G","YEAR_BUILT_027":1975,"DATE_OF_INSPECT_090":"823"}},{"type":"Feature","id":64784,"geometry":{"type":"Point","coordinates":[-122.908450000085,41.794899999755]},"properties":{"OBJECTID":64784,"STRUCTURE_NUMBER_008":"050551000001028","FACILITY_CARRIED_007":"MCKINNEY CREEK RD","FEATURES_DESC_006A":"MCKINNEY CREEK","BRIDGE_CONDITION":"G","YEAR_BUILT_027":1976,"DATE_OF_INSPECT_090":"1023"}},{"type":"Feature","id":64785,"geometry":{"type":"Point","coordinates":[-122.872849999836,41.9545889999263]},"properties":{"OBJECTID":64785,"STRUCTURE_NUMBER_008":"050551000001029","FACILITY_CARRIED_007":"WEST BEAVER ROAD","FEATURES_DESC_006A":"WEST FORK BEAVER CREEK","BRIDGE_CONDITION":"P","YEAR_BUILT_027":1983,"DATE_OF_INSPECT_090":"924"}},{"type":"Feature","id":64786,"geometry":{"type":"Point","coordinates":[-122.777111000097,41.9735499999967]},"properties":{"OBJECTID":64786,"STRUCTURE_NUMBER_008":"050551000001031","FACILITY_CARRIED_007":"BEAVER CREEK ROAD","FEATURES_DESC_006A":"BEAVER CREEK","BRIDGE_CONDITION":"F","YEAR_BUILT_027":1963,"DATE_OF_INSPECT_090":"1023"}},{"type":"Feature","id":64787,"geometry":{"type":"Point","coordinates":[-122.914988999633,41.9462389996797]},"properties":{"OBJECTID":64787,"STRUCTURE_NUMBER_008":"050551000001032","FACILITY_CARRIED_007":"WEST BEAVER ROAD","FEATURES_DESC_006A":"JAYNES CANYON","BRIDGE_CONDITION":"G","YEAR_BUILT_027":1976,"DATE_OF_INSPECT_090":"1023"}},{"type":"Feature","id":64788,"geometry":{"type":"Point","coordinates":[-122.821911000209,41.9370190001537]},"properties":{"OBJECTID":64788,"STRUCTURE_NUMBER_008":"050551000001033","FACILITY_CARRIED_007":"BEAVER CREEK ROAD","FEATURES_DESC_006A":"WEST FORK BEAVER CREEK","BRIDGE_CONDITION":"G","YEAR_BUILT_027":1972,"DATE_OF_INSPECT_090":"1023"}},{"type":"Feature","id":64789,"geometry":{"type":"Point","coordinates":[-122.879800000186,41.9687810000098]},"properties":{"OBJECTID":64789,"STRUCTURE_NUMBER_008":"050551000001034","FACILITY_CARRIED_007":"TRAPPER ROAD","FEATURES_DESC_006A":"TRAPPER CREEK","BRIDGE_CONDITION":"P","YEAR_BUILT_027":1978,"DATE_OF_INSPECT_090":"1023"}},{"type":"Feature","id":64790,"geometry":{"type":"Point","coordinates":[-122.773130999857,41.9978689998036]},"properties":{"OBJECTID":64790,"STRUCTURE_NUMBER_008":"050551000001035","FACILITY_CARRIED_007":"LONG JOHN ROAD","FEATURES_DESC_006A":"COW CREEK","BRIDGE_CONDITION":"F","YEAR_BUILT_027":1958,"DATE_OF_INSPECT_090":"924"}},{"type":"Feature","id":64791,"geometry":{"type":"Point","coordinates":[-123.085539000039,41.8724890002138]},"properties":{"OBJECTID":64791,"STRUCTURE_NUMBER_008":"050551000001038","FACILITY_CARRIED_007":"HORSE CREEK ROAD","FEATURES_DESC_006A":"HORSE CREEK","BRIDGE_CONDITION":"F","YEAR_BUILT_027":1959,"DATE_OF_INSPECT_090":"924"}},{"type":"Feature","id":64792,"geometry":{"type":"Point","coordinates":[-123.14276100002,41.8644000000418]},"properties":{"OBJECTID":64792,"STRUCTURE_NUMBER_008":"050551000001039","FACILITY_CARRIED_007":"HORSE CREEK ROAD","FEATURES_DESC_006A":"SEIAD CREEK","BRIDGE_CONDITION":"F","YEAR_BUILT_027":1956,"DATE_OF_INSPECT_090":"924"}},{"type":"Feature","id":64793,"geometry":{"type":"Point","coordinates":[-123.142011000182,41.9052889999807]},"properties":{"OBJECTID":64793,"STRUCTURE_NUMBER_008":"050551000001041","FACILITY_CARRIED_007":"SEIAD CREEK ROAD","FEATURES_DESC_006A":"SEIAD CREEK","BRIDGE_CONDITION":"F","YEAR_BUILT_027":1959,"DATE_OF_INSPECT_090":"924"}},{"type":"Feature","id":64794,"geometry":{"type":"Point","coordinates":[-123.164280999644,41.8214109999594]},"properties":{"OBJECTID":64794,"STRUCTURE_NUMBER_008":"050551000001042","FACILITY_CARRIED_007":"WALKER CREEK ROAD","FEATURES_DESC_006A":"WALKER CREEK","BRIDGE_CONDITION":"F","YEAR_BUILT_027":1975,"DATE_OF_INSPECT_090":"924"}},{"type":"Feature","id":64795,"geometry":{"type":"Point","coordinates":[-123.209838999989,41.8193690002884]},"properties":{"OBJECTID":64795,"STRUCTURE_NUMBER_008":"050551000001043","FACILITY_CARRIED_007":"GRIDER CREEK ROAD","FEATURES_DESC_006A":"GRIDER CREEK","BRIDGE_CONDITION":"G","YEAR_BUILT_027":1966,"DATE_OF_INSPECT_090":"923"}},{"type":"Feature","id":64796,"geometry":{"type":"Point","coordinates":[-122.85316899982,41.9825000001682]},"properties":{"OBJECTID":64796,"STRUCTURE_NUMBER_008":"050551000001058","FACILITY_CARRIED_007":"NO DATA ENTERED","FEATURES_DESC_006A":"BEAR CREEK","BRIDGE_CONDITION":"F","YEAR_BUILT_027":1990,"DATE_OF_INSPECT_090":"924"}},{"type":"Feature","id":64797,"geometry":{"type":"Point","coordinates":[-122.844528,41.9699360003307]},"properties":{"OBJECTID":64797,"STRUCTURE_NUMBER_008":"050551000001059","FACILITY_CARRIED_007":"NO DATA ENTERED","FEATURES_DESC_006A":"BEAR CREEK","BRIDGE_CONDITION":"F","YEAR_BUILT_027":1969,"DATE_OF_INSPECT_090":"1023"}},{"type":"Feature","id":64798,"geometry":{"type":"Point","coordinates":[-123.074169000132,41.851738999799]},"properties":{"OBJECTID":64798,"STRUCTURE_NUMBER_008":"050551000001063","FACILITY_CARRIED_007":"NO DATA ENTERED","FEATURES_DESC_006A":"HORSE CREEK","BRIDGE_CONDITION":"G","YEAR_BUILT_027":1975,"DATE_OF_INSPECT_090":"524"}},{"type":"Feature","id":64799,"geometry":{"type":"Point","coordinates":[-122.746261000016,41.9765689998416]},"properties":{"OBJECTID":64799,"STRUCTURE_NUMBER_008":"050551000001140","FACILITY_CARRIED_007":"NO DATA ENTERED","FEATURES_DESC_006A":"NORTH HUNGRY CREEK","BRIDGE_CONDITION":"G","YEAR_BUILT_027":2004,"DATE_OF_INSPECT_090":"1023"}},{"type":"Feature","id":64800,"geometry":{"type":"Point","coordinates":[-123.466589000338,41.9164190003136]},"properties":{"OBJECTID":64800,"STRUCTURE_NUMBER_008":"050552000001018","FACILITY_CARRIED_007":"GRAYBACK ROAD","FEATURES_DESC_006A":"INDIAN CREEK","BRIDGE_CONDITION":"F","YEAR_BUILT_027":1965,"DATE_OF_INSPECT_090":"823"}},{"type":"Feature","id":64801,"geometry":{"type":"Point","coordinates":[-123.432631000054,41.879080999823]},"properties":{"OBJECTID":64801,"STRUCTURE_NUMBER_008":"050552000001019","FACILITY_CARRIED_007":"SOUTH INDIAN ROAD","FEATURES_DESC_006A":"S. FORK INDIAN CREEK","BRIDGE_CONDITION":"F","YEAR_BUILT_027":1966,"DATE_OF_INSPECT_090":"923"}},{"type":"Feature","id":64802,"geometry":{"type":"Point","coordinates":[-123.402868999919,41.6143499997794]},"properties":{"OBJECTID":64802,"STRUCTURE_NUMBER_008":"050552000001023","FACILITY_CARRIED_007":"INDEPENDENCE ROAD","FEATURES_DESC_006A":"INDEPENDENCE CREEK","BRIDGE_CONDITION":"P","YEAR_BUILT_027":1970,"DATE_OF_INSPECT_090":"621"}},{"type":"Feature","id":64803,"geometry":{"type":"Point","coordinates":[-123.414299999925,41.8312000000803]},"properties":{"OBJECTID":64803,"STRUCTURE_NUMBER_008":"050552000001024","FACILITY_CARRIED_007":"BENJAMIN CREEK RD","FEATURES_DESC_006A":"DOOLITTLE CREEK","BRIDGE_CONDITION":"F","YEAR_BUILT_027":1975,"DATE_OF_INSPECT_090":"823"}},{"type":"Feature","id":64804,"geometry":{"type":"Point","coordinates":[-123.347600000248,41.6785000003334]},"properties":{"OBJECTID":64804,"STRUCTURE_NUMBER_008":"050552000001026","FACILITY_CARRIED_007":"ELK CREEK ROAD","FEATURES_DESC_006A":"ELK CREEK","BRIDGE_CONDITION":"F","YEAR_BUILT_027":1949,"DATE_OF_INSPECT_090":"924"}},{"type":"Feature","id":64805,"geometry":{"type":"Point","coordinates":[-123.449581000333,41.659160999679]},"properties":{"OBJECTID":64805,"STRUCTURE_NUMBER_008":"050552000001046","FACILITY_CARRIED_007":"INDEPENDENCE ROAD","FEATURES_DESC_006A":"KLAMATH RIVER","BRIDGE_CONDITION":"G","YEAR_BUILT_027":1966,"DATE_OF_INSPECT_090":"823"}},{"type":"Feature","id":64806,"geometry":{"type":"Point","coordinates":[-123.445710999698,41.7289609999814]},"properties":{"OBJECTID":64806,"STRUCTURE_NUMBER_008":"050552000001047","FACILITY_CARRIED_007":"CLEAR CREEK ROAD","FEATURES_DESC_006A":"WINGATE CREEK","BRIDGE_CONDITION":"G","YEAR_BUILT_027":1951,"DATE_OF_INSPECT_090":"823"}},{"type":"Feature","id":64807,"geometry":{"type":"Point","coordinates":[-123.499299999769,41.7207109996661]},"properties":{"OBJECTID":64807,"STRUCTURE_NUMBER_008":"050552000001048","FACILITY_CARRIED_007":"CLEAR CREEK ROAD","FEATURES_DESC_006A":"FOURMILE CREEK","BRIDGE_CONDITION":"G","YEAR_BUILT_027":1950,"DATE_OF_INSPECT_090":"823"}},{"type":"Feature","id":64808,"geometry":{"type":"Point","coordinates":[-123.515230999699,41.7253309999612]},"properties":{"OBJECTID":64808,"STRUCTURE_NUMBER_008":"050552000001049","FACILITY_CARRIED_007":"CLEAR CREEK ROAD","FEATURES_DESC_006A":"FIVEMILE CREEK","BRIDGE_CONDITION":"G","YEAR_BUILT_027":1950,"DATE_OF_INSPECT_090":"823"}},{"type":"Feature","id":64809,"geometry":{"type":"Point","coordinates":[-123.518331000404,41.7250610002367]},"properties":{"OBJECTID":64809,"STRUCTURE_NUMBER_008":"050552000001050","FACILITY_CARRIED_007":"CLEAR CREEK ROAD","FEATURES_DESC_006A":"CLEAR CREEK","BRIDGE_CONDITION":"G","YEAR_BUILT_027":1951,"DATE_OF_INSPECT_090":"823"}},{"type":"Feature","id":64810,"geometry":{"type":"Point","coordinates":[-123.45963300014,41.9431939997788]},"properties":{"OBJECTID":64810,"STRUCTURE_NUMBER_008":"050552000001055","FACILITY_CARRIED_007":"MILL CK RIDGE ROAD","FEATURES_DESC_006A":"MILL CREEK","BRIDGE_CONDITION":"G","YEAR_BUILT_027":1967,"DATE_OF_INSPECT_090":"924"}},{"type":"Feature","id":64811,"geometry":{"type":"Point","coordinates":[-123.459550000299,41.9435309997843]},"properties":{"OBJECTID":64811,"STRUCTURE_NUMBER_008":"050552000001056","FACILITY_CARRIED_007":"MILL CK RIDGE ROAD","FEATURES_DESC_006A":"TRIB TO MILL CREEK","BRIDGE_CONDITION":"G","YEAR_BUILT_027":1967,"DATE_OF_INSPECT_090":"924"}},{"type":"Feature","id":64812,"geometry":{"type":"Point","coordinates":[-123.321138999762,41.8770309998463]},"properties":{"OBJECTID":64812,"STRUCTURE_NUMBER_008":"050552000001093","FACILITY_CARRIED_007":"NO DATA ENTERED","FEATURES_DESC_006A":"THOMPSON CREEK","BRIDGE_CONDITION":"F","YEAR_BUILT_027":1989,"DATE_OF_INSPECT_090":"924"}},{"type":"Feature","id":64813,"geometry":{"type":"Point","coordinates":[-123.332700000363,41.6892000000188]},"properties":{"OBJECTID":64813,"STRUCTURE_NUMBER_008":"050552000001094","FACILITY_CARRIED_007":"NO DATA ENTERED","FEATURES_DESC_006A":"DOOLITTLE CREEK","BRIDGE_CONDITION":"F","YEAR_BUILT_027":1972,"DATE_OF_INSPECT_090":"924"}},{"type":"Feature","id":64814,"geometry":{"type":"Point","coordinates":[-123.355199999978,41.691199999667]},"properties":{"OBJECTID":64814,"STRUCTURE_NUMBER_008":"050552000001096","FACILITY_CARRIED_007":"NO DATA ENTERED","FEATURES_DESC_006A":"ELK CREEK","BRIDGE_CONDITION":"P","YEAR_BUILT_027":1971,"DATE_OF_INSPECT_090":"924"}},{"type":"Feature","id":64815,"geometry":{"type":"Point","coordinates":[-123.466160999817,41.9227499997841]},"properties":{"OBJECTID":64815,"STRUCTURE_NUMBER_008":"050552000001099","FACILITY_CARRIED_007":"NO DATA ENTERED","FEATURES_DESC_006A":"MILL CREEK","BRIDGE_CONDITION":"G","YEAR_BUILT_027":1975,"DATE_OF_INSPECT_090":"924"}},{"type":"Feature","id":64816,"geometry":{"type":"Point","coordinates":[-123.301821999795,41.7370609998836]},"properties":{"OBJECTID":64816,"STRUCTURE_NUMBER_008":"050552000003007","FACILITY_CARRIED_007":"NO DATA ENTERED","FEATURES_DESC_006A":"LITTLE ELK CREEK","BRIDGE_CONDITION":"G","YEAR_BUILT_027":2004,"DATE_OF_INSPECT_090":"924"}},{"type":"Feature","id":64817,"geometry":{"type":"Point","coordinates":[-123.491224999662,41.9320689997361]},"properties":{"OBJECTID":64817,"STRUCTURE_NUMBER_008":"050552000003350","FACILITY_CARRIED_007":"NO DATA ENTERED","FEATURES_DESC_006A":"WEST BRANCH INDIAN CK","BRIDGE_CONDITION":"G","YEAR_BUILT_027":2010,"DATE_OF_INSPECT_090":"924"}},{"type":"Feature","id":64818,"geometry":{"type":"Point","coordinates":[-123.008888999764,41.3115890003311]},"properties":{"OBJECTID":64818,"STRUCTURE_NUMBER_008":"050554000001036","FACILITY_CARRIED_007":"SOUTH RUSSIAN ROAD","FEATURES_DESC_006A":"SOUTH RUSSIAN CREEK","BRIDGE_CONDITION":"G","YEAR_BUILT_027":1968,"DATE_OF_INSPECT_090":"924"}},{"type":"Feature","id":64819,"geometry":{"type":"Point","coordinates":[-123.059410999639,41.3271109998717]},"properties":{"OBJECTID":64819,"STRUCTURE_NUMBER_008":"050554000001037","FACILITY_CARRIED_007":"SOUTH RUSSIAN ROAD","FEATURES_DESC_006A":"RUSSIAN CREEK","BRIDGE_CONDITION":"P","YEAR_BUILT_027":1966,"DATE_OF_INSPECT_090":"924"}},{"type":"Feature","id":64820,"geometry":{"type":"Point","coordinates":[-123.250031000223,41.2225999999015]},"properties":{"OBJECTID":64820,"STRUCTURE_NUMBER_008":"050554000001069","FACILITY_CARRIED_007":"METHODIST CK ROAD","FEATURES_DESC_006A":"S. FK. SALMON RIVER","BRIDGE_CONDITION":"P","YEAR_BUILT_027":1963,"DATE_OF_INSPECT_090":"1024"}},{"type":"Feature","id":64821,"geometry":{"type":"Point","coordinates":[-123.260319000032,41.2065500001054]},"properties":{"OBJECTID":64821,"STRUCTURE_NUMBER_008":"050554000001070","FACILITY_CARRIED_007":"METHODIST CK ROAD","FEATURES_DESC_006A":"METHODIST CREEK","BRIDGE_CONDITION":"G","YEAR_BUILT_027":1966,"DATE_OF_INSPECT_090":"823"}},{"type":"Feature","id":64822,"geometry":{"type":"Point","coordinates":[-123.071269000341,41.1669000001085]},"properties":{"OBJECTID":64822,"STRUCTURE_NUMBER_008":"050554000001089","FACILITY_CARRIED_007":"NO DATA ENTERED","FEATURES_DESC_006A":"TAYLOR CREEK","BRIDGE_CONDITION":"F","YEAR_BUILT_027":1967,"DATE_OF_INSPECT_090":"923"}},{"type":"Feature","id":64823,"geometry":{"type":"Point","coordinates":[-123.082450000103,41.2203610002539]},"properties":{"OBJECTID":64823,"STRUCTURE_NUMBER_008":"050554000001090","FACILITY_CARRIED_007":"NO DATA ENTERED","FEATURES_DESC_006A":"WEST FK SHADOW CREEK","BRIDGE_CONDITION":"F","YEAR_BUILT_027":1991,"DATE_OF_INSPECT_090":"823"}},{"type":"Feature","id":64824,"geometry":{"type":"Point","coordinates":[-123.092799999836,41.1715610002836]},"properties":{"OBJECTID":64824,"STRUCTURE_NUMBER_008":"050554000001091","FACILITY_CARRIED_007":"NO DATA ENTERED","FEATURES_DESC_006A":"TAYLOR CREEK","BRIDGE_CONDITION":"F","YEAR_BUILT_027":1965,"DATE_OF_INSPECT_090":"823"}},{"type":"Feature","id":64825,"geometry":{"type":"Point","coordinates":[-123.270231000097,41.1881890001521]},"properties":{"OBJECTID":64825,"STRUCTURE_NUMBER_008":"050554000001107","FACILITY_CARRIED_007":"NO DATA ENTERED","FEATURES_DESC_006A":"SIGN CREEK","BRIDGE_CONDITION":"G","YEAR_BUILT_027":2005,"DATE_OF_INSPECT_090":"823"}},{"type":"Feature","id":64826,"geometry":{"type":"Point","coordinates":[-123.152480999566,41.1283000001075]},"properties":{"OBJECTID":64826,"STRUCTURE_NUMBER_008":"050554000001128","FACILITY_CARRIED_007":"NO DATA ENTERED","FEATURES_DESC_006A":"CECIL CREEK","BRIDGE_CONDITION":"G","YEAR_BUILT_027":2004,"DATE_OF_INSPECT_090":"1024"}},{"type":"Feature","id":64827,"geometry":{"type":"Point","coordinates":[-123.078581000192,41.1659189996906]},"properties":{"OBJECTID":64827,"STRUCTURE_NUMBER_008":"050554000001132","FACILITY_CARRIED_007":"NO DATA ENTERED","FEATURES_DESC_006A":"S FK TAYLOR CREEK","BRIDGE_CONDITION":"G","YEAR_BUILT_027":2005,"DATE_OF_INSPECT_090":"1024"}},{"type":"Feature","id":64828,"geometry":{"type":"Point","coordinates":[-122.60889999979,41.3765810002633]},"properties":{"OBJECTID":64828,"STRUCTURE_NUMBER_008":"050555000001000","FACILITY_CARRIED_007":"CHINA MT. ROAD","FEATURES_DESC_006A":"HOUSTON CREEK","BRIDGE_CONDITION":"P","YEAR_BUILT_027":1974,"DATE_OF_INSPECT_090":"924"}},{"type":"Feature","id":64829,"geometry":{"type":"Point","coordinates":[-122.602089000255,41.3956000001097]},"properties":{"OBJECTID":64829,"STRUCTURE_NUMBER_008":"050555000001001","FACILITY_CARRIED_007":"CHINA MT. ROAD","FEATURES_DESC_006A":"CRATER CREEK","BRIDGE_CONDITION":"F","YEAR_BUILT_027":1974,"DATE_OF_INSPECT_090":"823"}},{"type":"Feature","id":64830,"geometry":{"type":"Point","coordinates":[-122.812911000363,41.2596690001309]},"properties":{"OBJECTID":64830,"STRUCTURE_NUMBER_008":"050555000001002","FACILITY_CARRIED_007":"BOULDER ROAD","FEATURES_DESC_006A":"EAST BOULDER CREEK","BRIDGE_CONDITION":"P","YEAR_BUILT_027":1966,"DATE_OF_INSPECT_090":"924"}},{"type":"Feature","id":64831,"geometry":{"type":"Point","coordinates":[-122.961999999798,41.2264500001225]},"properties":{"OBJECTID":64831,"STRUCTURE_NUMBER_008":"050555000001003","FACILITY_CARRIED_007":"FISH LAKE ROAD","FEATURES_DESC_006A":"E. FORK SALMON RIVER","BRIDGE_CONDITION":"F","YEAR_BUILT_027":1966,"DATE_OF_INSPECT_090":"823"}},{"type":"Feature","id":64832,"geometry":{"type":"Point","coordinates":[-122.923061000265,41.3363499996802]},"properties":{"OBJECTID":64832,"STRUCTURE_NUMBER_008":"050555000001004","FACILITY_CARRIED_007":"CAMP EDEN ROAD","FEATURES_DESC_006A":"DUCK LAKE CREEK","BRIDGE_CONDITION":"P","YEAR_BUILT_027":1949,"DATE_OF_INSPECT_090":"823"}},{"type":"Feature","id":64833,"geometry":{"type":"Point","coordinates":[-123.118088999812,41.6450309998572]},"properties":{"OBJECTID":64833,"STRUCTURE_NUMBER_008":"050555000001005","FACILITY_CARRIED_007":"BUKER ROAD","FEATURES_DESC_006A":"KELSEY CREEK","BRIDGE_CONDITION":"F","YEAR_BUILT_027":1984,"DATE_OF_INSPECT_090":"1023"}},{"type":"Feature","id":64834,"geometry":{"type":"Point","coordinates":[-122.996589000094,41.5924690001258]},"properties":{"OBJECTID":64834,"STRUCTURE_NUMBER_008":"050555000001006","FACILITY_CARRIED_007":"SHACKLEFORD CK RD","FEATURES_DESC_006A":"SHACKLEFORD CREEK","BRIDGE_CONDITION":"F","YEAR_BUILT_027":1992,"DATE_OF_INSPECT_090":"924"}},{"type":"Feature","id":64835,"geometry":{"type":"Point","coordinates":[-123.087519000113,41.6138810000369]},"properties":{"OBJECTID":64835,"STRUCTURE_NUMBER_008":"050555000001007","FACILITY_CARRIED_007":"WRIGHTS LAKE ROAD","FEATURES_DESC_006A":"BOULDER CREEK","BRIDGE_CONDITION":"F","YEAR_BUILT_027":1967,"DATE_OF_INSPECT_090":"1023"}},{"type":"Feature","id":64836,"geometry":{"type":"Point","coordinates":[-122.92295300031,41.7230079998998]},"properties":{"OBJECTID":64836,"STRUCTURE_NUMBER_008":"050555000001008","FACILITY_CARRIED_007":"TWO POINTS ROAD","FEATURES_DESC_006A":"SINGLETON CREEK","BRIDGE_CONDITION":"F","YEAR_BUILT_027":1996,"DATE_OF_INSPECT_090":"924"}},{"type":"Feature","id":64837,"geometry":{"type":"Point","coordinates":[-123.075560999852,41.6356500001773]},"properties":{"OBJECTID":64837,"STRUCTURE_NUMBER_008":"050555000001009","FACILITY_CARRIED_007":"CANYON CREEK ROAD","FEATURES_DESC_006A":"SCOTT RIVER","BRIDGE_CONDITION":"F","YEAR_BUILT_027":1958,"DATE_OF_INSPECT_090":"1023"}},{"type":"Feature","id":64838,"geometry":{"type":"Point","coordinates":[-123.024731000005,41.5756079997441]},"properties":{"OBJECTID":64838,"STRUCTURE_NUMBER_008":"050555000001010","FACILITY_CARRIED_007":"SHACKLEFORD CK RD","FEATURES_DESC_006A":"BIG MEADOWS CREEK","BRIDGE_CONDITION":"F","YEAR_BUILT_027":1982,"DATE_OF_INSPECT_090":"624"}},{"type":"Feature","id":64839,"geometry":{"type":"Point","coordinates":[-123.124988999933,41.6077390003036]},"properties":{"OBJECTID":64839,"STRUCTURE_NUMBER_008":"050555000001011","FACILITY_CARRIED_007":"CANYON CREEK ROAD","FEATURES_DESC_006A":"CANYON CREEK","BRIDGE_CONDITION":"G","YEAR_BUILT_027":1966,"DATE_OF_INSPECT_090":"1023"}},{"type":"Feature","id":64840,"geometry":{"type":"Point","coordinates":[-123.115368999946,41.7112000002441]},"properties":{"OBJECTID":64840,"STRUCTURE_NUMBER_008":"050555000001057","FACILITY_CARRIED_007":"TOM WALKER ROAD","FEATURES_DESC_006A":"TOMPKINS CREEK","BRIDGE_CONDITION":"P","YEAR_BUILT_027":1988,"DATE_OF_INSPECT_090":"924"}},{"type":"Feature","id":64841,"geometry":{"type":"Point","coordinates":[-122.823149999768,41.2666689999204]},"properties":{"OBJECTID":64841,"STRUCTURE_NUMBER_008":"050555000001081","FACILITY_CARRIED_007":"NO DATA ENTERED","FEATURES_DESC_006A":"BOULDER CREEK","BRIDGE_CONDITION":"P","YEAR_BUILT_027":1967,"DATE_OF_INSPECT_090":"924"}},{"type":"Feature","id":64842,"geometry":{"type":"Point","coordinates":[-122.864619000094,41.2744690002005]},"properties":{"OBJECTID":64842,"STRUCTURE_NUMBER_008":"050555000001082","FACILITY_CARRIED_007":"NO DATA ENTERED","FEATURES_DESC_006A":"S FK SCOTT RIVER","BRIDGE_CONDITION":"F","YEAR_BUILT_027":1995,"DATE_OF_INSPECT_090":"823"}},{"type":"Feature","id":64843,"geometry":{"type":"Point","coordinates":[-122.904768999597,41.7560500000482]},"properties":{"OBJECTID":64843,"STRUCTURE_NUMBER_008":"050555000001101","FACILITY_CARRIED_007":"NO DATA ENTERED","FEATURES_DESC_006A":"MILL CREEK","BRIDGE_CONDITION":"G","YEAR_BUILT_027":2000,"DATE_OF_INSPECT_090":"924"}},{"type":"Feature","id":64844,"geometry":{"type":"Point","coordinates":[-122.816899999925,41.2463999999638]},"properties":{"OBJECTID":64844,"STRUCTURE_NUMBER_008":"050555000001111","FACILITY_CARRIED_007":"NO DATA ENTERED","FEATURES_DESC_006A":"WEST BOULDER CREEK","BRIDGE_CONDITION":"P","YEAR_BUILT_027":2004,"DATE_OF_INSPECT_090":"924"}},{"type":"Feature","id":64845,"geometry":{"type":"Point","coordinates":[-122.886239000175,41.2319499997374]},"properties":{"OBJECTID":64845,"STRUCTURE_NUMBER_008":"050555000001113","FACILITY_CARRIED_007":"NO DATA ENTERED","FEATURES_DESC_006A":"S FK SCOTT RIVER","BRIDGE_CONDITION":"G","YEAR_BUILT_027":2003,"DATE_OF_INSPECT_090":"924"}},{"type":"Feature","id":64846,"geometry":{"type":"Point","coordinates":[-123.099280999658,41.624760999806]},"properties":{"OBJECTID":64846,"STRUCTURE_NUMBER_008":"050555000001171","FACILITY_CARRIED_007":"NO DATA ENTERED","FEATURES_DESC_006A":"BOULDER CREEK","BRIDGE_CONDITION":"G","YEAR_BUILT_027":2005,"DATE_OF_INSPECT_090":"924"}},{"type":"Feature","id":64847,"geometry":{"type":"Point","coordinates":[-122.958468999995,41.7473189997661]},"properties":{"OBJECTID":64847,"STRUCTURE_NUMBER_008":"050555000001206","FACILITY_CARRIED_007":"MILL CREEK ROAD","FEATURES_DESC_006A":"MILL CREEK","BRIDGE_CONDITION":"F","YEAR_BUILT_027":1993,"DATE_OF_INSPECT_090":"924"}},{"type":"Feature","id":64848,"geometry":{"type":"Point","coordinates":[-122.979418999707,41.7418109997734]},"properties":{"OBJECTID":64848,"STRUCTURE_NUMBER_008":"050555000003003","FACILITY_CARRIED_007":"NO DATA ENTERED","FEATURES_DESC_006A":"MILL CREEK","BRIDGE_CONDITION":"F","YEAR_BUILT_027":2003,"DATE_OF_INSPECT_090":"924"}},{"type":"Feature","id":64849,"geometry":{"type":"Point","coordinates":[-122.95316099961,41.7469109997114]},"properties":{"OBJECTID":64849,"STRUCTURE_NUMBER_008":"050555000003004","FACILITY_CARRIED_007":"NO DATA ENTERED","FEATURES_DESC_006A":"SCOTT BAR MILL CREEK","BRIDGE_CONDITION":"F","YEAR_BUILT_027":2003,"DATE_OF_INSPECT_090":"924"}},{"type":"Feature","id":64850,"geometry":{"type":"Point","coordinates":[-122.937231000404,41.7521689999739]},"properties":{"OBJECTID":64850,"STRUCTURE_NUMBER_008":"050555000003005","FACILITY_CARRIED_007":"NO DATA ENTERED","FEATURES_DESC_006A":"SCOTT BAR MILL CREEK","BRIDGE_CONDITION":"G","YEAR_BUILT_027":2003,"DATE_OF_INSPECT_090":"924"}},{"type":"Feature","id":64851,"geometry":{"type":"Point","coordinates":[-122.691118999668,41.3454310002197]},"properties":{"OBJECTID":64851,"STRUCTURE_NUMBER_008":"050555000003006","FACILITY_CARRIED_007":"NO DATA ENTERED","FEATURES_DESC_006A":"KANGAROO CREEK","BRIDGE_CONDITION":"G","YEAR_BUILT_027":2006,"DATE_OF_INSPECT_090":"924"}},{"type":"Feature","id":64852,"geometry":{"type":"Point","coordinates":[-122.930089000433,41.2214500001581]},"properties":{"OBJECTID":64852,"STRUCTURE_NUMBER_008":"050555000010946","FACILITY_CARRIED_007":"NO DATA ENTERED","FEATURES_DESC_006A":"E FK S FK SALMON RIVER","BRIDGE_CONDITION":"G","YEAR_BUILT_027":2005,"DATE_OF_INSPECT_090":"823"}},{"type":"Feature","id":64853,"geometry":{"type":"Point","coordinates":[-122.920500000408,41.2161499999638]},"properties":{"OBJECTID":64853,"STRUCTURE_NUMBER_008":"050555000010947","FACILITY_CARRIED_007":"NO DATA ENTERED","FEATURES_DESC_006A":"TRAIL GULCH","BRIDGE_CONDITION":"F","YEAR_BUILT_027":2005,"DATE_OF_INSPECT_090":"823"}},{"type":"Feature","id":64854,"geometry":{"type":"Point","coordinates":[-122.206681000395,41.7962189997175]},"properties":{"OBJECTID":64854,"STRUCTURE_NUMBER_008":"050557000001014","FACILITY_CARRIED_007":"COLD BOTTLE SPRING","FEATURES_DESC_006A":"LITTLE SHASTA RIVER","BRIDGE_CONDITION":"F","YEAR_BUILT_027":1970,"DATE_OF_INSPECT_090":"823"}},{"type":"Feature","id":64855,"geometry":{"type":"Point","coordinates":[-122.199069000071,41.7907189997659]},"properties":{"OBJECTID":64855,"STRUCTURE_NUMBER_008":"050557000001015","FACILITY_CARRIED_007":"MARTIN DAIRY ROAD","FEATURES_DESC_006A":"LITTLE SHASTA RIVER","BRIDGE_CONDITION":"F","YEAR_BUILT_027":1970,"DATE_OF_INSPECT_090":"823"}},{"type":"Feature","id":64856,"geometry":{"type":"Point","coordinates":[-122.164499999866,41.8810190002298]},"properties":{"OBJECTID":64856,"STRUCTURE_NUMBER_008":"050557000001016","FACILITY_CARRIED_007":"SHOVEL CREEK ROAD","FEATURES_DESC_006A":"SHOVEL CREEK","BRIDGE_CONDITION":"F","YEAR_BUILT_027":1968,"DATE_OF_INSPECT_090":"823"}},{"type":"Feature","id":64857,"geometry":{"type":"Point","coordinates":[-122.064088999777,41.6244889998383]},"properties":{"OBJECTID":64857,"STRUCTURE_NUMBER_008":"050557000001044","FACILITY_CARRIED_007":"BLUE CANYON ROAD","FEATURES_DESC_006A":"BUTTE CREEK","BRIDGE_CONDITION":"F","YEAR_BUILT_027":1969,"DATE_OF_INSPECT_090":"924"}},{"type":"Feature","id":64858,"geometry":{"type":"Point","coordinates":[-122.05338900024,41.5210999999633]},"properties":{"OBJECTID":64858,"STRUCTURE_NUMBER_008":"050557000001045","FACILITY_CARRIED_007":"ANTELOPE CK ROAD","FEATURES_DESC_006A":"BUTTE CREEK","BRIDGE_CONDITION":"F","YEAR_BUILT_027":1974,"DATE_OF_INSPECT_090":"924"}},{"type":"Feature","id":64859,"geometry":{"type":"Point","coordinates":[-121.96463900031,41.4920810000781]},"properties":{"OBJECTID":64859,"STRUCTURE_NUMBER_008":"050557000001071","FACILITY_CARRIED_007":"NO DATA ENTERED","FEATURES_DESC_006A":"ANTELOPE CREEK","BRIDGE_CONDITION":"F","YEAR_BUILT_027":1969,"DATE_OF_INSPECT_090":"823"}},{"type":"Feature","id":64860,"geometry":{"type":"Point","coordinates":[-121.968350000038,41.6467810002965]},"properties":{"OBJECTID":64860,"STRUCTURE_NUMBER_008":"050557000001072","FACILITY_CARRIED_007":"NO DATA ENTERED","FEATURES_DESC_006A":"BUTTE CREEK","BRIDGE_CONDITION":"F","YEAR_BUILT_027":1965,"DATE_OF_INSPECT_090":"823"}},{"type":"Feature","id":64861,"geometry":{"type":"Point","coordinates":[-123.400888999845,41.4746390002836]},"properties":{"OBJECTID":64861,"STRUCTURE_NUMBER_008":"050558000001051","FACILITY_CARRIED_007":"BRIDGE CREEK ROAD","FEATURES_DESC_006A":"HAYPRESS CREEK","BRIDGE_CONDITION":"G","YEAR_BUILT_027":1967,"DATE_OF_INSPECT_090":"1023"}},{"type":"Feature","id":64862,"geometry":{"type":"Point","coordinates":[-123.481900000126,41.5315190002575]},"properties":{"OBJECTID":64862,"STRUCTURE_NUMBER_008":"050558000001052","FACILITY_CARRIED_007":"SANDY BAR ROAD","FEATURES_DESC_006A":"TI CREEK","BRIDGE_CONDITION":"F","YEAR_BUILT_027":1965,"DATE_OF_INSPECT_090":"1021"}},{"type":"Feature","id":64863,"geometry":{"type":"Point","coordinates":[-123.552299999661,41.5122190003272]},"properties":{"OBJECTID":64863,"STRUCTURE_NUMBER_008":"050558000001053","FACILITY_CARRIED_007":"ROCK SHANTY ROAD","FEATURES_DESC_006A":"ROCK CREEK","BRIDGE_CONDITION":"G","YEAR_BUILT_027":1966,"DATE_OF_INSPECT_090":"1023"}},{"type":"Feature","id":64864,"geometry":{"type":"Point","coordinates":[-123.555160999992,41.4793999998291]},"properties":{"OBJECTID":64864,"STRUCTURE_NUMBER_008":"050558000001054","FACILITY_CARRIED_007":"ROCK SHANTY ROAD","FEATURES_DESC_006A":"BARK SHANTY GULCH","BRIDGE_CONDITION":"G","YEAR_BUILT_027":1960,"DATE_OF_INSPECT_090":"1023"}},{"type":"Feature","id":65071,"geometry":{"type":"Point","coordinates":[-122.444246999948,41.2335670000228]},"properties":{"OBJECTID":65071,"STRUCTURE_NUMBER_008":"051459000001040","FACILITY_CARRIED_007":"RED HILL","FEATURES_DESC_006A":"S. FK. SACRAMENTO RIVER","BRIDGE_CONDITION":"G","YEAR_BUILT_027":1972,"DATE_OF_INSPECT_090":"524"}},{"type":"Feature","id":65072,"geometry":{"type":"Point","coordinates":[-122.4427439999,41.2337079998513]},"properties":{"OBJECTID":65072,"STRUCTURE_NUMBER_008":"051459000001042","FACILITY_CARRIED_007":"RED HILL","FEATURES_DESC_006A":"UNNAMED CREEK","BRIDGE_CONDITION":"G","YEAR_BUILT_027":1982,"DATE_OF_INSPECT_090":"823"}},{"type":"Feature","id":65073,"geometry":{"type":"Point","coordinates":[-122.378903000005,41.2945719998186]},"properties":{"OBJECTID":65073,"STRUCTURE_NUMBER_008":"051459000001043","FACILITY_CARRIED_007":"DEER CREEK","FEATURES_DESC_006A":"DEER CREEK","BRIDGE_CONDITION":"G","YEAR_BUILT_027":1975,"DATE_OF_INSPECT_090":"623"}},{"type":"Feature","id":65074,"geometry":{"type":"Point","coordinates":[-122.40930000035,41.2703999998042]},"properties":{"OBJECTID":65074,"STRUCTURE_NUMBER_008":"051459000001045","FACILITY_CARRIED_007":"SOUTH FORK","FEATURES_DESC_006A":"SO. FK. SACRAMENTO RIVER","BRIDGE_CONDITION":"G","YEAR_BUILT_027":1966,"DATE_OF_INSPECT_090":"424"}},{"type":"Feature","id":65075,"geometry":{"type":"Point","coordinates":[-122.462568999855,41.2713530002115]},"properties":{"OBJECTID":65075,"STRUCTURE_NUMBER_008":"051459000001047","FACILITY_CARRIED_007":"TOAD LAKE","FEATURES_DESC_006A":"MID. FK. SCRAMENTO RIVER","BRIDGE_CONDITION":"F","YEAR_BUILT_027":1966,"DATE_OF_INSPECT_090":"524"}},{"type":"Feature","id":65090,"geometry":{"type":"Point","coordinates":[-121.81788099968,41.1824939999951]},"properties":{"OBJECTID":65090,"STRUCTURE_NUMBER_008":"051461000001074","FACILITY_CARRIED_007":"BARTLE GAP","FEATURES_DESC_006A":"MOOSEHEAD CREEK","BRIDGE_CONDITION":"G","YEAR_BUILT_027":1985,"DATE_OF_INSPECT_090":"524"}},{"type":"Feature","id":65091,"geometry":{"type":"Point","coordinates":[-121.883105999797,41.2564280000832]},"properties":{"OBJECTID":65091,"STRUCTURE_NUMBER_008":"051461000001075","FACILITY_CARRIED_007":"STOUTS MEADOW","FEATURES_DESC_006A":"MCCLOUD RIVER","BRIDGE_CONDITION":"F","YEAR_BUILT_027":1940,"DATE_OF_INSPECT_090":"524"}},{"type":"Feature","id":65092,"geometry":{"type":"Point","coordinates":[-121.9409920003,41.2538279997015]},"properties":{"OBJECTID":65092,"STRUCTURE_NUMBER_008":"051461000001076","FACILITY_CARRIED_007":"RACCOON CREEK","FEATURES_DESC_006A":"MCCLOUD RIVER","BRIDGE_CONDITION":"G","YEAR_BUILT_027":1955,"DATE_OF_INSPECT_090":"524"}},{"type":"Feature","id":65093,"geometry":{"type":"Point","coordinates":[-121.940999999797,41.2519999999158]},"properties":{"OBJECTID":65093,"STRUCTURE_NUMBER_008":"051461000001080","FACILITY_CARRIED_007":"WHISKEY CREEK","FEATURES_DESC_006A":"TATE CREEK","BRIDGE_CONDITION":"G","YEAR_BUILT_027":1983,"DATE_OF_INSPECT_090":"823"}},{"type":"Feature","id":65094,"geometry":{"type":"Point","coordinates":[-121.810275000102,41.2284920001568]},"properties":{"OBJECTID":65094,"STRUCTURE_NUMBER_008":"051461000001086","FACILITY_CARRIED_007":"COW CREEK","FEATURES_DESC_006A":"MCCLOUD RIVER","BRIDGE_CONDITION":"F","YEAR_BUILT_027":1969,"DATE_OF_INSPECT_090":"524"}},{"type":"Feature","id":65096,"geometry":{"type":"Point","coordinates":[-122.115199999831,41.2756689998432]},"properties":{"OBJECTID":65096,"STRUCTURE_NUMBER_008":"051461000036497","FACILITY_CARRIED_007":"NO DATA ENTERED","FEATURES_DESC_006A":"YET ATWAM CREEK","BRIDGE_CONDITION":"G","YEAR_BUILT_027":2022,"DATE_OF_INSPECT_090":"524"}},{"type":"Feature","id":65229,"geometry":{"type":"Point","coordinates":[-123.180610999782,41.9752889998873]},"properties":{"OBJECTID":65229,"STRUCTURE_NUMBER_008":"061001000001013","FACILITY_CARRIED_007":"ROAD","FEATURES_DESC_006A":"COOK AND GREEN","BRIDGE_CONDITION":"G","YEAR_BUILT_027":1957,"DATE_OF_INSPECT_090":"623"}},{"type":"Feature","id":65230,"geometry":{"type":"Point","coordinates":[-123.185889000029,41.9722609999372]},"properties":{"OBJECTID":65230,"STRUCTURE_NUMBER_008":"061001000001014","FACILITY_CARRIED_007":"ROAD","FEATURES_DESC_006A":"MID FK APPLEGATE","BRIDGE_CONDITION":"F","YEAR_BUILT_027":1951,"DATE_OF_INSPECT_090":"623"}},{"type":"Feature","id":65231,"geometry":{"type":"Point","coordinates":[-123.204722000298,41.9722219996983]},"properties":{"OBJECTID":65231,"STRUCTURE_NUMBER_008":"061001000001015","FACILITY_CARRIED_007":"ROAD","FEATURES_DESC_006A":"MID FK APPLEGATE","BRIDGE_CONDITION":"P","YEAR_BUILT_027":1963,"DATE_OF_INSPECT_090":"824"}},{"type":"Feature","id":65232,"geometry":{"type":"Point","coordinates":[-123.25527799961,41.9966670000762]},"properties":{"OBJECTID":65232,"STRUCTURE_NUMBER_008":"061001000001016","FACILITY_CARRIED_007":"ROAD","FEATURES_DESC_006A":"MID FK APPLEGATE","BRIDGE_CONDITION":"G","YEAR_BUILT_027":1969,"DATE_OF_INSPECT_090":"724"}},{"type":"Feature","id":65233,"geometry":{"type":"Point","coordinates":[-123.184310999638,41.9725310002173]},"properties":{"OBJECTID":65233,"STRUCTURE_NUMBER_008":"061001000001017","FACILITY_CARRIED_007":"ROAD","FEATURES_DESC_006A":"BUTTE FORK CREEK","BRIDGE_CONDITION":"P","YEAR_BUILT_027":1951,"DATE_OF_INSPECT_090":"623"}},{"type":"Feature","id":65234,"geometry":{"type":"Point","coordinates":[-123.141569000317,42.0004189998373]},"properties":{"OBJECTID":65234,"STRUCTURE_NUMBER_008":"061001000001020","FACILITY_CARRIED_007":"ROAD","FEATURES_DESC_006A":"ELLIOTT CREEK","BRIDGE_CONDITION":"F","YEAR_BUILT_027":1953,"DATE_OF_INSPECT_090":"623"}},{"type":"Feature","id":65235,"geometry":{"type":"Point","coordinates":[-123.130231000196,41.9992389998527]},"properties":{"OBJECTID":65235,"STRUCTURE_NUMBER_008":"061001000001021","FACILITY_CARRIED_007":"ROAD","FEATURES_DESC_006A":"ELLIOTT CREEK","BRIDGE_CONDITION":"F","YEAR_BUILT_027":1954,"DATE_OF_INSPECT_090":"623"}},{"type":"Feature","id":65236,"geometry":{"type":"Point","coordinates":[-123.117800000107,41.9985999996907]},"properties":{"OBJECTID":65236,"STRUCTURE_NUMBER_008":"061001000001022","FACILITY_CARRIED_007":"ROAD","FEATURES_DESC_006A":"JOE CREEK","BRIDGE_CONDITION":"F","YEAR_BUILT_027":1954,"DATE_OF_INSPECT_090":"623"}},{"type":"Feature","id":65237,"geometry":{"type":"Point","coordinates":[-122.969999999561,41.990555999926]},"properties":{"OBJECTID":65237,"STRUCTURE_NUMBER_008":"061001000001024","FACILITY_CARRIED_007":"ROAD","FEATURES_DESC_006A":"ELLIOTT CREEK","BRIDGE_CONDITION":"G","YEAR_BUILT_027":1969,"DATE_OF_INSPECT_090":"622"}},{"type":"Feature","id":65238,"geometry":{"type":"Point","coordinates":[-123.176667000426,41.9844439997155]},"properties":{"OBJECTID":65238,"STRUCTURE_NUMBER_008":"061020000023535","FACILITY_CARRIED_007":"NO DATA ENTERED","FEATURES_DESC_006A":"MID FK APPLEGATE","BRIDGE_CONDITION":"G","YEAR_BUILT_027":2016,"DATE_OF_INSPECT_090":"824"}}]}