{"type":"FeatureCollection","features":[{"type":"Feature","id":37,"geometry":{"type":"Polygon","coordinates":[[[-121.6168164939005,41.04062764717251],[-121.61701651637496,41.044919855171436],[-121.61615175226837,41.048646903909734],[-121.61155176626099,41.0497091459046],[-121.61282493952999,41.055310588503765],[-121.61551612772952,41.05924216568501],[-121.62066141896216,41.06613372060031],[-121.62479886242977,41.07079947348548],[-121.62868010727664,41.07289041307467],[-121.63421363061215,41.07394178924075],[-121.63829000301348,41.066811704540704],[-121.63733053940797,41.06235306604608],[-121.63667823674757,41.05829306661837],[-121.63525704267927,41.053150788367276],[-121.63148738386202,41.047566883337005],[-121.62721743978832,41.04444815153825],[-121.6258193054734,41.04119489966035],[-121.62283041199545,41.03766633467661],[-121.6192756903813,41.03751953418956],[-121.6168164939005,41.04062764717251]]]},"properties":{"OBJECTID":37,"Basin_Number":"5-045","Basin_Subbasin_Number":"5-045","Basin_Name":"CAYTON VALLEY","Basin_Subbasin_Name":"CAYTON VALLEY","Region_Office":"NRO","Date_Data_Applies_To":null,"Area_Acres":1307,"Area_SqMiles":2.042}},{"type":"Feature","id":50,"geometry":{"type":"Polygon","coordinates":[[[-122.0166317183759,41.67567447893347],[-122.01817699583607,41.67662886918094],[-122.01947713203838,41.676784791418285],[-122.02045739074438,41.67620004769985],[-122.02127489448385,41.67510218783885],[-122.02092516866567,41.672873378647786],[-122.02073150985672,41.67081430438435],[-122.0207632841666,41.66858084804092],[-122.02010066166021,41.66595522714335],[-122.01829498326045,41.663400837603824],[-122.01596241959032,41.66119618429126],[-122.01509265815584,41.65966089201484],[-122.01398279950378,41.65755616846003],[-122.01295160721946,41.65556469350905],[-122.01224133537546,41.654371177879845],[-122.01137637094457,41.65306469576349],[-122.01097365350775,41.65198186324357],[-122.01087231456053,41.65072335651803],[-122.01115469817348,41.64957467005108],[-122.01336176540178,41.64931877994919],[-122.01620606425494,41.65042902073565],[-122.01857804779637,41.65080059895719],[-122.02035710731764,41.65203860723904],[-122.02016688276802,41.65015139336336],[-122.02106826040895,41.6494532079965],[-122.02589095045337,41.650309808927524],[-122.03194067359891,41.651494675266036],[-122.03546718990978,41.652366946042],[-122.03959687372996,41.65288830599532],[-122.04311885893854,41.65353138614632],[-122.0465460107992,41.653259534429154],[-122.04996269728682,41.652472424403896],[-122.05300718570103,41.65214805503508],[-122.05589808196466,41.65176806615407],[-122.06176677751245,41.65152230007905],[-122.06818427452852,41.65201370308896],[-122.07407297286275,41.65274047167348],[-122.08009399483495,41.6524918123586],[-122.08554656289536,41.65058978157156],[-122.08940586639142,41.64910877529308],[-122.09281699051078,41.648091736077795],[-122.09507959697983,41.646860020287875],[-122.09681406862198,41.6459216975311],[-122.09792779452134,41.644475729613426],[-122.09712075256168,41.642367800413474],[-122.0964068093031,41.64106013029394],[-122.09623277149656,41.64003160492725],[-122.09696867137734,41.63876267963469],[-122.09724013596797,41.637156007529924],[-122.09749335757185,41.634690542417104],[-122.09667916322587,41.63223897141771],[-122.09661794573418,41.629319735074695],[-122.09656262298743,41.626686789230945],[-122.09703361058921,41.6237034414112],[-122.09719629908042,41.62055224022407],[-122.09725273483984,41.61953787842044],[-122.09514044885718,41.62069322613152],[-122.0937984718239,41.62214189198002],[-122.09238728768284,41.62393512460416],[-122.09007435848989,41.626369547446785],[-122.08797570264502,41.628114250507714],[-122.08679055798564,41.6297898311507],[-122.08523009270898,41.63175663830281],[-122.08328603333122,41.633613549162284],[-122.0811691057535,41.63449969948807],[-122.0792881251767,41.63572595349834],[-122.07771439268159,41.63706299094992],[-122.07658842903312,41.63793598346803],[-122.07447976236274,41.63922266076514],[-122.07191796659842,41.64074379774022],[-122.06898077565666,41.642556045550315],[-122.06709358053473,41.64349616204465],[-122.06475073923944,41.64455649309861],[-122.06231898629063,41.64498807624962],[-122.05995397367583,41.6449605265043],[-122.05698609808054,41.64528435207214],[-122.05363075844203,41.64532635917633],[-122.05210230103724,41.64517399510278],[-122.05132336287122,41.644382083852975],[-122.05038034382531,41.64301985225544],[-122.0498937911146,41.64159442756313],[-122.04999265789814,41.63895951452042],[-122.04927034952765,41.63719343782519],[-122.04825699059835,41.63611847301273],[-122.04695518263132,41.635848503562414],[-122.0448191227347,41.63581783199545],[-122.04230531676944,41.63596368092668],[-122.03938731384216,41.63496968057929],[-122.03754589417218,41.6344199942815],[-122.03744888420634,41.633390637145794],[-122.03818708826579,41.632179052279994],[-122.0391572436198,41.63113634750376],[-122.03920923810846,41.629933319486106],[-122.03828293670996,41.62937225007683],[-122.03646018852317,41.62973845258014],[-122.03371666178023,41.629829915928475],[-122.0318016125963,41.62939545010353],[-122.031013912263,41.628145681810445],[-122.0298543111987,41.627358375772076],[-122.02434933183137,41.62662482967288],[-122.02053193833656,41.62638570133278],[-122.01968309956332,41.62588077851278],[-122.01980146068688,41.6241617780498],[-122.02042824580332,41.62117687093395],[-122.01972827404235,41.61666219952095],[-122.018693930468,41.61449916196388],[-122.01730844802553,41.61382926223613],[-122.01676123477863,41.6131489702676],[-122.01589665123343,41.611842780710006],[-122.01501275121468,41.60956331546743],[-122.01207011738062,41.60725219588647],[-122.00911392078238,41.604253828201344],[-122.0067553805292,41.600618367716024],[-122.00623263110243,41.59730414500068],[-122.00473627050276,41.59486047394607],[-122.00336128487437,41.594705402766266],[-122.00160296116479,41.594440618999215],[-122.00051926864029,41.594183618513114],[-121.99567781817947,41.5950816340614],[-121.99226491809081,41.597120411127115],[-121.99357062384784,41.59897375541043],[-121.99314596865348,41.60133211842445],[-121.99083547030169,41.602482425770724],[-121.98866133800666,41.60328554226971],[-121.98636131221444,41.60466434165339],[-121.98561069343778,41.60657364610411],[-121.98569262967314,41.60834573349179],[-121.98606841112617,41.60988099188008],[-121.98647876334458,41.612159504269776],[-121.98727250215322,41.614484874855826],[-121.98794573825471,41.61750036101049],[-121.98887360541671,41.61942117615203],[-121.989483442917,41.62106468303161],[-121.98915864534796,41.6239355563846],[-121.98745939844473,41.62512627027614],[-121.98528187950109,41.625872202254946],[-121.98312767273735,41.62547266904854],[-121.98083176212747,41.6253059404208],[-121.97895623612106,41.62598635798197],[-121.97709641176755,41.62700982161683],[-121.97532609015904,41.62831677230855],[-121.97379995849252,41.62996085282664],[-121.97215299713208,41.63229500632259],[-121.97087636355259,41.63605015109457],[-121.9703561815109,41.63801016169781],[-121.96962316701884,41.64031959908217],[-121.9693559218151,41.64375099917485],[-121.96969689265254,41.6435805088392],[-121.9725924376977,41.64350227898001],[-121.97711999793364,41.645726985024766],[-121.97923010640007,41.64681468199486],[-121.98156126959664,41.64938460285447],[-121.98380594569264,41.65172818631788],[-121.98561418968086,41.65288112541569],[-121.98713354266025,41.65438553065185],[-121.9882591236264,41.657274177708516],[-121.98958448272523,41.659528169827404],[-121.99101711953361,41.66080596379817],[-121.99346462354264,41.66257122417103],[-121.99532698923012,41.659944733370814],[-121.99500042826814,41.65783558610679],[-121.99436614850728,41.65567754959921],[-121.99342987041923,41.65358491708313],[-121.99269299856135,41.650857469513035],[-121.99189608780146,41.64847482300002],[-121.99113353310959,41.64683542292032],[-121.98941427982666,41.64430643610416],[-121.98824954578885,41.64221988958605],[-121.99029115771485,41.64182103637764],[-121.99297698836203,41.64380878959621],[-121.99476202437488,41.64610726596811],[-121.99624504948417,41.64847111096738],[-121.99715538692175,41.651651990081376],[-121.998467635109,41.65361979935707],[-122.00093096024682,41.65572795106281],[-122.00330878553252,41.65785826916479],[-122.00594139728733,41.65983005188757],[-122.00744929315356,41.66278920463502],[-122.00871506430465,41.665064004530144],[-122.00937156838565,41.667403676978076],[-122.00917911421752,41.66923805721274],[-122.00866893850977,41.67044683019824],[-122.00876795441363,41.67159090428807],[-122.01115871633775,41.6728785366195],[-122.01271389682559,41.67434826460375],[-122.01334119308343,41.67519955377923],[-122.01418825498902,41.675589911143156],[-122.01556025641405,41.67551576611849],[-122.0166317183759,41.67567447893347]]]},"properties":{"OBJECTID":50,"Basin_Number":"1-017","Basin_Subbasin_Number":"1-017","Basin_Name":"BRAY TOWN AREA","Basin_Subbasin_Name":"BRAY TOWN AREA","Region_Office":"NRO","Date_Data_Applies_To":null,"Area_Acres":8032,"Area_SqMiles":12.551}},{"type":"Feature","id":63,"geometry":{"type":"Polygon","coordinates":[[[-121.99627772660095,41.366444139161736],[-121.99764615901934,41.373747873503994],[-122.00030067978558,41.378237810069386],[-122.00899727454275,41.37984290403873],[-122.01762948794178,41.380988320519656],[-122.02302001655201,41.38111678777389],[-122.02897084057466,41.38005019282692],[-122.02862774432326,41.379911500233845],[-122.02077085965941,41.37673548146069],[-122.01886422948631,41.373904600812665],[-122.01684227269874,41.36958352547307],[-122.01287125022235,41.36420598964943],[-122.00904718583824,41.35905921643829],[-122.01115262576013,41.356796786165745],[-122.01819682255272,41.358151861052185],[-122.02333074021553,41.35879056890127],[-122.02904089389547,41.35502973151718],[-122.03130758859739,41.346013402179395],[-122.03253548048787,41.34230777429414],[-122.03637661106576,41.33726265419033],[-122.04533302555251,41.33096726392497],[-122.0507374511002,41.327144298371095],[-122.0556062346002,41.32348593405344],[-122.06002336493825,41.31964999553735],[-122.06176955779821,41.31640923505268],[-122.06580641061528,41.31256810283561],[-122.0684377557455,41.31363245239469],[-122.06863783840706,41.318043342682856],[-122.0706487495099,41.319672534864615],[-122.07193322628015,41.31991781214019],[-122.07254889294832,41.3163188822416],[-122.07278507351126,41.312714888065855],[-122.07556996228313,41.31046047574275],[-122.08288241129092,41.30929435133759],[-122.08787375553837,41.31004500750332],[-122.09231012689149,41.31181881982267],[-122.09504592003815,41.31494523690451],[-122.09852206421776,41.31888247915907],[-122.10216897274302,41.32202009386645],[-122.1052839214149,41.321887535602656],[-122.10749646117988,41.31807921636562],[-122.10429998859935,41.311855677342045],[-122.10101972386406,41.30929552747192],[-122.10368865360746,41.30543579115266],[-122.10450258744201,41.30304134754365],[-122.1063090410879,41.30037327766067],[-122.10801745979018,41.29535662210154],[-122.10984605600947,41.29171541562608],[-122.11492115019085,41.28874457061307],[-122.11771543893389,41.28597410717784],[-122.1195155073547,41.28021430137256],[-122.12123680160994,41.27456795888599],[-122.12247446806904,41.27017519949052],[-122.12470132608138,41.26562281866339],[-122.12684247493414,41.264847915372115],[-122.13150247918229,41.26335995988807],[-122.13631889449445,41.26164456602381],[-122.13880303719067,41.259098948866196],[-122.13994793373207,41.255391971153884],[-122.13896882486961,41.25171612772963],[-122.13853465112648,41.25079477747547],[-122.1376587425205,41.24591761607497],[-122.13769241856386,41.24105200138693],[-122.138170721147,41.23327190638572],[-122.13369073568853,41.23023976884076],[-122.13195505760893,41.23325254747563],[-122.1305255667007,41.239474864347116],[-122.12866583577193,41.2446041583168],[-122.1264449488613,41.248927735737894],[-122.12379744842902,41.25198630209018],[-122.12068403587627,41.25217650994019],[-122.11531625260903,41.248159458005134],[-122.11249084981786,41.24239899389926],[-122.10802069552183,41.23564474678626],[-122.10485772291484,41.23142591434377],[-122.1001248922466,41.22627090521895],[-122.0943413821406,41.22070200531349],[-122.08929227891532,41.21617243990062],[-122.08584147171827,41.211376946129015],[-122.08254138745286,41.20337751182433],[-122.08051627847696,41.199229784875136],[-122.07906273248202,41.196577894338965],[-122.07896071979837,41.1944582288828],[-122.0836300611356,41.19566289479506],[-122.08758879376056,41.19485468406162],[-122.08646598230042,41.191004944781106],[-122.0826496865469,41.188952489976145],[-122.08033793774024,41.18737749949563],[-122.07692160878211,41.187677005811494],[-122.07388419999063,41.18798166413353],[-122.07014133971492,41.192513129854284],[-122.07024801914648,41.1976667730794],[-122.06927049850546,41.20057393239223],[-122.06655069357426,41.203458510174194],[-122.0661751510731,41.20654497997935],[-122.0680534932979,41.21046211496595],[-122.0692823257245,41.212996762262414],[-122.06909915025489,41.217574448346866],[-122.07088749566127,41.22211988292541],[-122.07121126016779,41.22447145448812],[-122.0688030853002,41.226959466319364],[-122.06584072895406,41.224001561794445],[-122.06273084947534,41.220869942256485],[-122.05818711776766,41.220696503829224],[-122.05576799064016,41.223642206081635],[-122.05626859569684,41.228114065378705],[-122.05718488447314,41.23104559346892],[-122.06196468086108,41.234084472821564],[-122.0668047847473,41.237811042325],[-122.06863643613691,41.24052535186519],[-122.06954120222305,41.24397194282175],[-122.07038678909497,41.24993684282012],[-122.06726338727627,41.25378960133708],[-122.06320384930338,41.255512052083795],[-122.05740322269791,41.25709734143278],[-122.05262039629253,41.260527399194615],[-122.0514193038419,41.26640863578619],[-122.05139867762465,41.27047306417878],[-122.05172342848134,41.2759732666138],[-122.05126135755708,41.28266563454512],[-122.04784029268077,41.28617079878493],[-122.04323666939479,41.28834346555776],[-122.03870095065943,41.29400922469401],[-122.0328957291713,41.29879950316928],[-122.02782735887982,41.301309071524756],[-122.02176851963078,41.303977242812756],[-122.01600967007596,41.30676361066127],[-122.01217204023276,41.308544579267696],[-122.00801299318086,41.311065471555516],[-122.0041540076884,41.31370481522662],[-122.00029903766526,41.316172470816625],[-121.99730550259224,41.3198394226615],[-121.99436682673532,41.32574618523793],[-121.99303605259193,41.33367844115979],[-121.99475859820038,41.33980415539709],[-121.99379909057744,41.34714461222702],[-121.99627772660095,41.366444139161736]]]},"properties":{"OBJECTID":63,"Basin_Number":"5-035","Basin_Subbasin_Number":"5-035","Basin_Name":"MCCLOUD AREA","Basin_Subbasin_Name":"MCCLOUD AREA","Region_Office":"NRO","Date_Data_Applies_To":null,"Area_Acres":21334,"Area_SqMiles":33.335}},{"type":"Feature","id":102,"geometry":{"type":"Polygon","coordinates":[[[-123.37621820876926,41.800448467780896],[-123.37678023703182,41.803127618028086],[-123.37774447338644,41.806313522930445],[-123.37948471939923,41.80782040777],[-123.380627457289,41.809684558130954],[-123.38274762419165,41.81112545326964],[-123.38469995974809,41.808216714544734],[-123.3836325860191,41.80434582119657],[-123.3821711617991,41.80214539489609],[-123.38130095390191,41.79941566027884],[-123.38198118159126,41.797223450676384],[-123.38434795400569,41.795164297112315],[-123.388166351817,41.79307211791375],[-123.39252412237938,41.78913418573372],[-123.39371166194735,41.78624287999163],[-123.39489466322645,41.78323714852425],[-123.39731051419814,41.78048952806537],[-123.40184209170003,41.77712026839431],[-123.40357935800102,41.77461697854348],[-123.40645241551972,41.771858472275284],[-123.40844798339751,41.76814667549753],[-123.40573314794645,41.76712086512806],[-123.40431238147625,41.76400349386321],[-123.40219277242737,41.7625630609789],[-123.39828550967492,41.762309241737626],[-123.39759706868894,41.76622024411033],[-123.39698312948106,41.768124393128836],[-123.3956798680399,41.769987352522485],[-123.39398551515832,41.77163015934852],[-123.39079090748034,41.773994872738484],[-123.38814474823273,41.77474271500345],[-123.38547177786718,41.774804095883674],[-123.38586345950073,41.77702914562339],[-123.38687982688789,41.779583442913655],[-123.38611056088254,41.781433934204486],[-123.38230373247379,41.78381233807738],[-123.375324611437,41.78717960444904],[-123.37032106088147,41.78826735686773],[-123.36685362227527,41.78954942761088],[-123.3641608503459,41.7910999916355],[-123.36216451620515,41.79286376262261],[-123.36085751507746,41.79466926608436],[-123.35962685996917,41.796472683440406],[-123.35824779958264,41.798394170622885],[-123.35476453894934,41.799275342370045],[-123.35131395094123,41.799009798944226],[-123.34991888347464,41.796521003621145],[-123.34853272729572,41.792256382884545],[-123.34645949736667,41.79001182580394],[-123.34448454672295,41.788338097905836],[-123.34231107738461,41.78546594204174],[-123.34198188166388,41.782838637513485],[-123.34227893386709,41.78059802784363],[-123.34459615071891,41.77722331075358],[-123.34631105076596,41.774091528861675],[-123.34525296921024,41.77039234105126],[-123.34326117246,41.7682607015808],[-123.34158792908931,41.76646563641472],[-123.33777222173227,41.766609079428285],[-123.33520458332536,41.767411583058696],[-123.33214311854887,41.769313235163786],[-123.32962715213543,41.77148912940539],[-123.32778937872715,41.77342069585233],[-123.32432818341218,41.776877689620825],[-123.32126844879093,41.778836636477145],[-123.31596345237216,41.78004348466711],[-123.31224019513259,41.78064213442136],[-123.30828398767186,41.781131488780176],[-123.30509251421587,41.783665548816074],[-123.30441021950307,41.78585754360335],[-123.30692742110004,41.787748768608935],[-123.30910476756719,41.78873136979559],[-123.3131562189059,41.786693400824426],[-123.31254597357047,41.78470232233198],[-123.3155557376074,41.78343206183169],[-123.31858945432306,41.78279147658049],[-123.32269429433576,41.782183999399734],[-123.3255767536222,41.78160380742713],[-123.32840120689414,41.779478415452346],[-123.32962348251746,41.77744610650577],[-123.33203317913114,41.774470673366864],[-123.33458640227269,41.771263101780896],[-123.33967427229408,41.770403719351236],[-123.34035708174153,41.77227854457891],[-123.33833626671266,41.77541726368262],[-123.33702697038943,41.777164915302635],[-123.335721782062,41.77902725709779],[-123.33458672836117,41.781344173374485],[-123.33353454424528,41.78383085048765],[-123.33492215300004,41.786147981697454],[-123.33837606926627,41.788533193964874],[-123.34105599977867,41.790649367815504],[-123.3426643820909,41.79273268026477],[-123.3435218123515,41.79517617933697],[-123.34405444324638,41.79711180799067],[-123.34531359650879,41.80006183391144],[-123.34750080108783,41.80327744172224],[-123.34968350600562,41.80637866288751],[-123.35337715387506,41.80898712220529],[-123.3567651993765,41.809597778957475],[-123.36086929199085,41.80893186989798],[-123.36318273681678,41.807447245095815],[-123.36675328944118,41.80484571192346],[-123.36949196528158,41.80249209322514],[-123.3732489506668,41.79879767119855],[-123.37583534140526,41.79845239204182],[-123.37621820876926,41.800448467780896]]]},"properties":{"OBJECTID":102,"Basin_Number":"1-015","Basin_Subbasin_Number":"1-015","Basin_Name":"HAPPY CAMP TOWN AREA","Basin_Subbasin_Name":"HAPPY CAMP TOWN AREA","Region_Office":"NRO","Date_Data_Applies_To":null,"Area_Acres":2773,"Area_SqMiles":4.333}},{"type":"Feature","id":105,"geometry":{"type":"Polygon","coordinates":[[[-123.69222944767556,41.10322662041189],[-123.68998692034971,41.10568862463528],[-123.68945971168588,41.107534180034456],[-123.69212955591428,41.10798092903185],[-123.69419395809902,41.10666858090336],[-123.69743894778973,41.10463895850886],[-123.7002669709666,41.10347864492089],[-123.70409521521172,41.10269327049095],[-123.70760840501536,41.10162967352064],[-123.71079766861575,41.101833489293554],[-123.71212240697872,41.10094063230928],[-123.71339052632595,41.098732562251534],[-123.71372157257615,41.09586165163203],[-123.71434755549706,41.092811284208196],[-123.71493940513209,41.088960436344735],[-123.71451877618682,41.086223195732416],[-123.71218165266833,41.08468071134015],[-123.71056362514489,41.082260811858475],[-123.70794548345269,41.07946589364979],[-123.7056350434914,41.0750026239068],[-123.70347386400445,41.07402802188956],[-123.70025657296722,41.073137511430275],[-123.69794663516416,41.070448876396895],[-123.69786359939083,41.06850472697772],[-123.69731505214575,41.06628610648727],[-123.69603187074615,41.0628271616252],[-123.69497606911462,41.05936196842807],[-123.69299839567728,41.0573521121845],[-123.69134247541852,41.055791544678776],[-123.68743155921779,41.052800578831985],[-123.68318227819228,41.04895925927015],[-123.6808935927322,41.04495325750923],[-123.6779152930864,41.04073597430817],[-123.67580492500686,41.03735535066907],[-123.67464490981922,41.03498062416438],[-123.67303686796848,41.032731934029876],[-123.6712629513022,41.030143858325765],[-123.66827548614556,41.02747225187887],[-123.66511293934003,41.024232546200246],[-123.6627841360177,41.02102892929394],[-123.65818091517697,41.01948586919364],[-123.65549572143533,41.01858084180736],[-123.65332253147302,41.017261987001845],[-123.65101404175422,41.018122056351906],[-123.6493577415081,41.02011015712304],[-123.64716571387427,41.02194023755956],[-123.64400910583109,41.02242061757252],[-123.64141479374845,41.02368814744698],[-123.63780618669199,41.02240556843228],[-123.63878696731919,41.024155159588574],[-123.6415420607697,41.02671900193564],[-123.6446758066889,41.02749830884247],[-123.64579850226637,41.02540928765721],[-123.64845778590028,41.025685516542005],[-123.64939460926567,41.028180545602794],[-123.65045378856266,41.02998536568395],[-123.65332910264935,41.031801591797574],[-123.65570344337006,41.03609202409843],[-123.65832508579692,41.03905954209692],[-123.66117605464107,41.042078425701696],[-123.66344488643503,41.04385246668674],[-123.66444373218262,41.0460024306598],[-123.66639286973664,41.04915831801214],[-123.66969015215668,41.053768717284726],[-123.67273449055226,41.05775551191281],[-123.67509665910089,41.06170261304112],[-123.67698554125892,41.065203701529526],[-123.67892626609031,41.068130966677465],[-123.68045926358053,41.07393094988037],[-123.67898327138161,41.07660198823557],[-123.68146107287023,41.077912645570116],[-123.68497350359743,41.07862412894324],[-123.6877439869854,41.081473071096084],[-123.68898060780553,41.08384555289332],[-123.6907051243177,41.08523266092559],[-123.69221014018514,41.08679698152988],[-123.69299811180966,41.08929576341676],[-123.69165410548217,41.09150551489788],[-123.68820407173457,41.09405548502058],[-123.68808441254549,41.09657771063479],[-123.69150972914801,41.09523050134721],[-123.69563315171065,41.094265931784534],[-123.69707718005515,41.092626025815896],[-123.69891659648206,41.09137663425081],[-123.70146630900749,41.092570629839194],[-123.70026848732282,41.094662314134055],[-123.69826082093475,41.097290013474364],[-123.69665781773445,41.09876241441125],[-123.69485485943332,41.10086942758738],[-123.69222944767556,41.10322662041189]]]},"properties":{"OBJECTID":105,"Basin_Number":"1-007","Basin_Subbasin_Number":"1-007","Basin_Name":"HOOPA VALLEY","Basin_Subbasin_Name":"HOOPA VALLEY","Region_Office":"NRO","Date_Data_Applies_To":null,"Area_Acres":3897,"Area_SqMiles":6.089}},{"type":"Feature","id":143,"geometry":{"type":"Polygon","coordinates":[[[-122.46065498912363,41.81948114646315],[-122.46071885844202,41.819641704979134],[-122.4607843555077,41.8199368148064],[-122.46098074070355,41.82059225161699],[-122.46107473502498,41.82121097172654],[-122.46102800107066,41.82137443733944],[-122.46097998701703,41.821582035167665],[-122.46096654193217,41.82161388610429],[-122.46088366066908,41.82173967499046],[-122.46081695177611,41.82185120915823],[-122.46067488141728,41.822285770616844],[-122.46049893379248,41.822762028218676],[-122.4604479130776,41.822951761089506],[-122.46043999173344,41.823543307141115],[-122.4604131833104,41.824063413187844],[-122.46052865635028,41.824206770863995],[-122.4606574199648,41.824366651460466],[-122.46074322075253,41.824395383534835],[-122.46121679999392,41.824553855878854],[-122.46170921960173,41.8246904038434],[-122.46206722339528,41.8247771926922],[-122.46251963653191,41.82475365677891],[-122.46292112417512,41.82464576660618],[-122.46343885112114,41.82444677603338],[-122.46377678565291,41.824280547539885],[-122.46405079157752,41.824097436498924],[-122.46408374268043,41.82384971625704],[-122.46401612828562,41.823492031736535],[-122.46401343783137,41.82345139349239],[-122.46400009964601,41.822992046859966],[-122.46400300210271,41.82296533718074],[-122.46414515420823,41.8223444047911],[-122.46415424066731,41.82231079827865],[-122.46424874613015,41.822009104045414],[-122.46443197460033,41.821784462870426],[-122.46447358366599,41.82175852723541],[-122.46466774463316,41.82162534100348],[-122.46474312765858,41.82156474937693],[-122.46470377336429,41.82145111063437],[-122.46469556994909,41.821423993287645],[-122.46463482407299,41.82125990655137],[-122.46468478387749,41.82090061694093],[-122.46469034265246,41.82085781806149],[-122.46477118743476,41.8207190828446],[-122.46497126740137,41.82026480384291],[-122.46524818835907,41.82001642742757],[-122.46555176322954,41.81992363372643],[-122.46588357664099,41.8198222031196],[-122.46596567906472,41.81979432055334],[-122.46632231202913,41.81967322348643],[-122.46642403006537,41.819656326810254],[-122.46691200750413,41.8195752576488],[-122.46733391115879,41.8194261462251],[-122.46768796775498,41.81933971364557],[-122.46796636464465,41.81934100974013],[-122.46807496018275,41.81934151117341],[-122.46834413766268,41.819342753040864],[-122.4685617213026,41.81948218815666],[-122.4689301958591,41.819685316065076],[-122.46909806852781,41.819752992420845],[-122.4694668305452,41.819901706760504],[-122.46997222002909,41.819992585827805],[-122.47028963883643,41.8201069213912],[-122.47065556756742,41.82010014107645],[-122.4711337264201,41.82010630950265],[-122.47134911278081,41.82011625503422],[-122.47155168467403,41.820100100908725],[-122.47181859839948,41.82008878766275],[-122.47197237829799,41.82008949461515],[-122.47229226477741,41.82006578760464],[-122.47251092998894,41.82007937234135],[-122.47282946989375,41.82004229682186],[-122.47265283595604,41.819775343878995],[-122.47257063741262,41.819650408721394],[-122.47252136661591,41.819575609119404],[-122.47236821733469,41.819326134107754],[-122.4723244837534,41.81924294832938],[-122.47219291200531,41.81907643786753],[-122.47210563079398,41.81889359714046],[-122.47209190184151,41.81882396902421],[-122.47206307220908,41.8186777453151],[-122.47202037348703,41.81847847308978],[-122.47191188844171,41.818179329605],[-122.47186932177199,41.817963536295245],[-122.47173924302389,41.81761459387915],[-122.47173436247695,41.817572068632884],[-122.47163916980293,41.817203789807905],[-122.47169318909422,41.81657184921144],[-122.47169423652986,41.81651985989355],[-122.47167650558275,41.81579780562379],[-122.47174761801729,41.81433830645093],[-122.4717829891816,41.813630674706985],[-122.4719378659231,41.81276874541752],[-122.47208426256832,41.812438722083606],[-122.47232952240383,41.81188583227267],[-122.4726436758351,41.8113556081157],[-122.47283922020783,41.81102553531881],[-122.47283952294008,41.8110252828957],[-122.47283970889136,41.81098657778778],[-122.47284117134865,41.810682816835545],[-122.47283453549363,41.80774705807861],[-122.474143857868,41.80742327962912],[-122.47526813807363,41.807631827300796],[-122.47590946601622,41.807786336305085],[-122.4762181289445,41.80779198564502],[-122.47643709329498,41.80735722941462],[-122.47650731729568,41.80712740638504],[-122.47658504312733,41.80704938611824],[-122.47661381526757,41.80700788035291],[-122.47725325225647,41.80629027887572],[-122.47793927497771,41.80554136823526],[-122.47913212179233,41.80426392106647],[-122.47914821511065,41.80425506188844],[-122.4796620586397,41.80397218025676],[-122.48064644869768,41.80343024427957],[-122.48144693205748,41.80314633177915],[-122.48150943144509,41.80314941881766],[-122.48209892120587,41.80317854947165],[-122.48292434808613,41.803219335847146],[-122.4838387629768,41.803466750180036],[-122.48439848885728,41.80371256581166],[-122.48481010770027,41.8039798863695],[-122.48534001041162,41.80426973812401],[-122.48625365903933,41.80460557905394],[-122.48728639103604,41.80485355855175],[-122.48820086252054,41.805100938450245],[-122.48955845856166,41.80537238273967],[-122.49065017304163,41.80564265271626],[-122.4923039490218,41.805849048026786],[-122.49313100095442,41.80594115902923],[-122.4940171584395,41.80603351698511],[-122.49519981386723,41.806016674296956],[-122.49587990770759,41.805997539530004],[-122.49668085908964,41.805647126403976],[-122.49759970447127,41.805341504714],[-122.4987839759682,41.80510337251589],[-122.50038166383699,41.804933367371625],[-122.50098859528734,41.80490541270069],[-122.50134380442205,41.80488905653068],[-122.50191243799686,41.80490679279003],[-122.50264298661351,41.8049859084865],[-122.50297573966272,41.8049979268319],[-122.50353999125562,41.804950333554785],[-122.50430406140538,41.80494149723876],[-122.50466268503646,41.80491805246957],[-122.50485244425877,41.80490564639847],[-122.50514098133138,41.80496868584804],[-122.50555778435185,41.8050597468134],[-122.50579551989853,41.80510428989408],[-122.50631365108643,41.80520137923897],[-122.50686842275813,41.80521177037218],[-122.50718837930614,41.80521776881012],[-122.50736586035512,41.80520419230468],[-122.5074276662433,41.80500733499576],[-122.5077484330717,41.80328239101824],[-122.51085551699327,41.80302969049867],[-122.51274508187092,41.80251471923508],[-122.51019944859519,41.80065583208799],[-122.51146991164698,41.798816526178314],[-122.51274030912181,41.796977212346924],[-122.51431654162833,41.79479763342755],[-122.51883860597135,41.796807957143514],[-122.5203696936433,41.79515431622942],[-122.51999728536417,41.79182011341089],[-122.51888782915736,41.78921669461145],[-122.52071614420397,41.786984283903706],[-122.52292045270603,41.784601126663745],[-122.52353203563293,41.78308454968372],[-122.52232527840613,41.78036442786786],[-122.52515611241151,41.77773004107752],[-122.52760137063231,41.773193856352094],[-122.52972036703015,41.77200572806097],[-122.53273508078432,41.77449632265417],[-122.53439393583913,41.77472842726899],[-122.53758934391604,41.774255611802076],[-122.53811166304979,41.77202820739103],[-122.53934290206304,41.77090550151104],[-122.54310100944407,41.771065665879625],[-122.54368848877526,41.77511429681154],[-122.54761946525457,41.77476961026313],[-122.54842527382735,41.77425495726928],[-122.54768421132869,41.77131024104334],[-122.54917309884353,41.77022712064591],[-122.55200514737115,41.7712706818517],[-122.55301418809889,41.771356934739984],[-122.5544620369783,41.77148068107875],[-122.55910885575472,41.77084042532611],[-122.56176285459978,41.77040469015465],[-122.56400645541237,41.76739945448343],[-122.56632246223347,41.76723018819066],[-122.56709986428035,41.76857772461136],[-122.56345895919615,41.77161140959682],[-122.56637906777448,41.77150432902084],[-122.56971259991117,41.76876323817215],[-122.57098074980115,41.7694983486229],[-122.57107594157686,41.77131326194801],[-122.5671981893798,41.77482926201419],[-122.56480165757661,41.777121629654516],[-122.5635707563299,41.78001087418209],[-122.56527425945094,41.7794441594369],[-122.5666559842406,41.779184378642704],[-122.56683464208263,41.78061286825711],[-122.56598493553683,41.78349439830236],[-122.56690014274156,41.78419185582102],[-122.56868739669487,41.78262789509383],[-122.57123642021247,41.777515823136746],[-122.57453240546523,41.77549140739722],[-122.57748645149667,41.77538053010769],[-122.57862714302425,41.77621935365204],[-122.57870318181976,41.7783182472668],[-122.57509991165439,41.78063547385646],[-122.5728871248527,41.78273331461964],[-122.5733045108798,41.78372729827771],[-122.57493554600855,41.783121185737],[-122.57690972320279,41.78145781627941],[-122.5802576086211,41.78086431139188],[-122.58168410095294,41.77988039054356],[-122.58384256932436,41.77711233195194],[-122.58875728548142,41.77328810855629],[-122.59083901077813,41.77290811559664],[-122.59212849206286,41.77340675083794],[-122.59325272016619,41.77285854556801],[-122.59238976077503,41.77092216114309],[-122.58879051955368,41.76726943161718],[-122.58225267703563,41.76482870021907],[-122.58425421691344,41.75956057593287],[-122.58923637678542,41.760246102158106],[-122.59738970369636,41.76423164565053],[-122.59863155181311,41.76348691117252],[-122.59969206331168,41.76293996392805],[-122.60202697338131,41.76074368729854],[-122.60378529439596,41.761900839098416],[-122.60329030021654,41.75910048041018],[-122.60461295448805,41.75672819977639],[-122.60760698902435,41.75518653372401],[-122.60968040490468,41.752804586034294],[-122.60842845972411,41.7515893293198],[-122.60717419150023,41.75204487794982],[-122.60419736778645,41.750578793242376],[-122.6017174363923,41.75053448102041],[-122.60184780709282,41.747957164583646],[-122.60108961641662,41.74546666641661],[-122.60427809309284,41.74404042371021],[-122.60454913278035,41.7410274843244],[-122.60208982041691,41.738930137083244],[-122.60318552970493,41.73761867834752],[-122.60718782882456,41.73760763341822],[-122.60648601641559,41.73563720559673],[-122.60426417100257,41.73533939825344],[-122.60323998557747,41.733894211395686],[-122.60472957557485,41.73293262967567],[-122.60825549001447,41.7329313801006],[-122.61150437569857,41.73057288244742],[-122.61419224641975,41.72851234104433],[-122.61421130507684,41.72643548139785],[-122.61958330773099,41.72482038755039],[-122.62277154276035,41.72384368504972],[-122.62024499239621,41.72208576832269],[-122.61941802760016,41.721421207234535],[-122.61798680384175,41.72027101510435],[-122.61701963897929,41.71938021618419],[-122.61461516247572,41.71926692933743],[-122.61486598378116,41.72090856566792],[-122.61337415697871,41.72179870509657],[-122.61097898342825,41.718841045311756],[-122.60908098067513,41.716445881307834],[-122.61032122889239,41.71649181898383],[-122.6119213754501,41.71727626336847],[-122.61204415718313,41.717336452687626],[-122.61284372066807,41.717728409079605],[-122.61287926790219,41.71770299995185],[-122.6137721295142,41.71706476045814],[-122.6153143985165,41.714956355090955],[-122.61443463254467,41.711752553886],[-122.61263721595056,41.71040312977184],[-122.60914469278835,41.70778087839287],[-122.60939357552941,41.706773324071364],[-122.6091534118365,41.70541789094636],[-122.60590918840872,41.705270173221415],[-122.6063962037518,41.70401990044499],[-122.61040794686002,41.703162525159385],[-122.61049375842754,41.703144184645645],[-122.61038741945747,41.70110540064664],[-122.61032088932919,41.70112205693145],[-122.60730911935423,41.70187604206599],[-122.60708472019626,41.700949886111246],[-122.60563868142216,41.7004785775264],[-122.60505874075282,41.70285334803908],[-122.60297514696035,41.70318277443257],[-122.6020834010559,41.70484797431197],[-122.60009492268232,41.70517538855885],[-122.5982850877777,41.701336643204684],[-122.59827313569286,41.701311290643304],[-122.59712961357383,41.701547583505494],[-122.59710290396549,41.70171535562556],[-122.5968687041878,41.70318642362028],[-122.59618773269338,41.70409558602482],[-122.59520631605898,41.7054058271135],[-122.59482809657827,41.708098606520544],[-122.59457193748342,41.70939813539011],[-122.5940809282306,41.71047081621113],[-122.59239925057769,41.71072616350501],[-122.59086139050683,41.710278062603784],[-122.5902568827111,41.71010191543434],[-122.59022781951671,41.7071191792254],[-122.59414788865188,41.703917061808085],[-122.59423656674346,41.70384462075059],[-122.5943365025222,41.70317513534941],[-122.59445991217761,41.70234836723791],[-122.59411915424086,41.70064448786238],[-122.59142694825013,41.69733468472887],[-122.590563008797,41.69821725608185],[-122.59065099698243,41.6995701996987],[-122.59042374836838,41.703799230697825],[-122.58929183877105,41.705174181366324],[-122.58769892275305,41.70537871701433],[-122.5870826407389,41.70438301805317],[-122.58510842222215,41.70119316434307],[-122.58363674283488,41.70053597363732],[-122.57950971353637,41.69965540736403],[-122.58017147904998,41.702147836054316],[-122.58007572043734,41.70583563363095],[-122.57799321719958,41.706200420967534],[-122.57642493657994,41.70761434198793],[-122.5742710038024,41.70756677770689],[-122.57561092459198,41.705105036693766],[-122.57491050457168,41.70153938151038],[-122.5744879352654,41.697753271401346],[-122.57462658573795,41.69631846824832],[-122.57619025710187,41.69478296185557],[-122.57263006474761,41.69378167689801],[-122.57208447026485,41.691859657729374],[-122.57560835271532,41.69185932031626],[-122.57653363632257,41.68847530862884],[-122.572786009586,41.687549470875766],[-122.5677706416929,41.688439291397486],[-122.56663398629591,41.6912547483311],[-122.5682626884999,41.694381962357824],[-122.56817479284089,41.69451649219699],[-122.5677023625448,41.69523956740259],[-122.56474100422693,41.69422878666062],[-122.56367387933123,41.693132335144504],[-122.5609829714061,41.69036728912003],[-122.55887447900889,41.689175697216776],[-122.55796374541426,41.689259925156264],[-122.5546684886952,41.68956462278772],[-122.55515849003828,41.687532723194906],[-122.55397343161717,41.686353900913446],[-122.554463261382,41.685141145161275],[-122.55587714855378,41.685257056212336],[-122.557852969665,41.6854190074377],[-122.56125565680722,41.68470555088345],[-122.56581580163346,41.68704713783938],[-122.56982506359483,41.68649001399459],[-122.57681025275139,41.682956639963095],[-122.57373373580401,41.6795112254675],[-122.56822770091621,41.67998150082702],[-122.56635793131417,41.678301255318516],[-122.56329246903466,41.677790851036335],[-122.56241550131494,41.67458684056302],[-122.56509752939351,41.67238440547879],[-122.56447260468804,41.67089360356133],[-122.55845024422608,41.67287747845364],[-122.55679959438308,41.66933117631171],[-122.55778452432858,41.66759289848738],[-122.55565813299931,41.66670528940495],[-122.55731413141152,41.665096603611154],[-122.55769739044096,41.662511399005425],[-122.56245910194556,41.66255786847476],[-122.56758609808915,41.66481617594786],[-122.57241947179725,41.66156742188623],[-122.57682904640545,41.66099590736342],[-122.57709217103701,41.66096179953406],[-122.57715682548294,41.66104159942409],[-122.57915361506952,41.663506067038625],[-122.57859292709335,41.665619710674065],[-122.57920344641498,41.66751441258973],[-122.58319842336672,41.66478355189475],[-122.58489526547993,41.66431918850853],[-122.58746126176653,41.66419494172043],[-122.59148706979715,41.6646005343682],[-122.59153251916065,41.66460511251382],[-122.59456496745513,41.663189758121625],[-122.59769908707348,41.66298200930008],[-122.59877037566051,41.66625334659145],[-122.59563477022866,41.669038619268726],[-122.59339307833608,41.670230305617345],[-122.59181842416947,41.674057316575045],[-122.58909817277556,41.6751871709327],[-122.59159021884965,41.67563714010523],[-122.59196672883637,41.67813529875539],[-122.59303798418573,41.681406747633204],[-122.59406506308434,41.68346195013903],[-122.5964857299243,41.68455768360838],[-122.5984515357184,41.68623553447817],[-122.59975112843992,41.68857684504662],[-122.59976071975223,41.68858320590966],[-122.60309402012358,41.69079366231401],[-122.60526980262378,41.690390728801646],[-122.60656027385191,41.68921847867507],[-122.60608541361294,41.68665075256359],[-122.60388415758622,41.68627452954746],[-122.60226811174628,41.685786463230116],[-122.6008555980986,41.684379122597846],[-122.59778246869816,41.68362925084133],[-122.59773451123839,41.682240828076196],[-122.59748161392636,41.6805276967341],[-122.5961820544425,41.67883612732021],[-122.59583405698287,41.67712495846134],[-122.59618598726678,41.676330141577836],[-122.59769011559871,41.675797974895474],[-122.59968300559866,41.675613697732544],[-122.6000140078314,41.67424652590827],[-122.60044014165275,41.672877393236696],[-122.60213183821601,41.672269706561735],[-122.60360096369293,41.67270025119066],[-122.6036682771521,41.672719977279314],[-122.60456270722263,41.67365144263967],[-122.60697273531461,41.674460789187705],[-122.60704411724375,41.675373539398606],[-122.60715162761693,41.6767482033663],[-122.60784294500844,41.6800273914261],[-122.60961680328424,41.67905991400229],[-122.61300030780188,41.67784426317785],[-122.61353447930746,41.676830823856264],[-122.61619602579755,41.67670401734957],[-122.6171390619115,41.67904716690981],[-122.61741607449733,41.68140414718453],[-122.62006989367936,41.68106262872806],[-122.62199969948844,41.679160957381995],[-122.62411411627498,41.67968974497044],[-122.62724887369716,41.679481257694746],[-122.63090741630367,41.68291119692697],[-122.6311914034094,41.68317742147989],[-122.63135154787172,41.686151598428665],[-122.6313111407519,41.686293105647835],[-122.62996023176979,41.691023704305124],[-122.63163356407368,41.69051444673667],[-122.63231109412224,41.68926268561546],[-122.63237561921078,41.689143470565504],[-122.63551689301205,41.68933249198796],[-122.6345441388319,41.691357600509505],[-122.63507553903486,41.692850083656246],[-122.63647144912116,41.694539291119575],[-122.63472112131592,41.696790626978505],[-122.63408525962186,41.69744949726784],[-122.6328672330298,41.69871155642703],[-122.63137864106068,41.70005372666723],[-122.63268040860353,41.70020329279224],[-122.63534881013756,41.700100462807015],[-122.63585974671832,41.70002574103894],[-122.63800921756388,41.6997113681992],[-122.63882542413606,41.70158657868267],[-122.63796015337968,41.7033763353519],[-122.63585976019307,41.704671917559054],[-122.63389564323167,41.705392354891885],[-122.63393590392607,41.70682295922158],[-122.63234345862529,41.707193879337844],[-122.62984674939658,41.707980667053974],[-122.63271475568841,41.708866235510676],[-122.63314841110359,41.71028920075236],[-122.63331362116581,41.71181470114557],[-122.63058867607457,41.713206665320676],[-122.62869529245866,41.71353254832204],[-122.62762172933733,41.71337438891249],[-122.62779073567992,41.71184647317533],[-122.62785034878051,41.71130751337472],[-122.62652098409383,41.711637686413134],[-122.62633989361402,41.711682662540014],[-122.62613087810526,41.71141747870017],[-122.62554035977348,41.710668256100526],[-122.62585569448933,41.708866039017856],[-122.62340407439966,41.70853605024929],[-122.6211922407105,41.70481703648543],[-122.62273654619351,41.701770910907946],[-122.61888997541827,41.70164993229737],[-122.61893021095986,41.70186602654805],[-122.6192858216415,41.703775836813875],[-122.61876730866959,41.705218609389746],[-122.61870104983255,41.70600758883196],[-122.61761399850727,41.7075337655643],[-122.61844125884903,41.7093066052937],[-122.6194747346508,41.711504766950846],[-122.62046379415163,41.71421860022188],[-122.62272163146483,41.71578325745701],[-122.62287987599036,41.71599547872002],[-122.62554521696423,41.71956972806048],[-122.62970891010274,41.718795608852666],[-122.62967834851847,41.71614207545497],[-122.62967812573629,41.71612267247206],[-122.63246098341729,41.71464376518906],[-122.63275811377393,41.71484581779549],[-122.63595400065289,41.71701895394673],[-122.6372802706434,41.7206711042074],[-122.63733649619704,41.72082592400831],[-122.63626520222014,41.73059557674042],[-122.63645981683656,41.73183684085733],[-122.63475302318662,41.7335836663899],[-122.63224194540493,41.73660362887416],[-122.6299662397024,41.739848790108965],[-122.6297446369999,41.740578899613496],[-122.62912769831728,41.7426114353914],[-122.62866860979976,41.74430793074783],[-122.63197444058804,41.745040978181564],[-122.64577423242189,41.73678996955201],[-122.64598326140538,41.734207853972414],[-122.64855163373588,41.73151894985313],[-122.6540976077212,41.731001405819896],[-122.6549797164993,41.73012360257838],[-122.65472345319986,41.72938432233977],[-122.64961549684875,41.72937715230519],[-122.64740312596705,41.72810508969226],[-122.64733829365467,41.72806781146547],[-122.64809034254928,41.726714923826634],[-122.6489268681149,41.725210003333835],[-122.65171052170325,41.722172842951196],[-122.65227880044355,41.719010389594445],[-122.6513090358567,41.716396482914],[-122.64903216503926,41.715576077389024],[-122.64760534212738,41.715302525639686],[-122.64511070261707,41.71482420827277],[-122.64451912157828,41.71275162776044],[-122.64512893662071,41.71170318407355],[-122.64535908679314,41.711307481186],[-122.64993279438355,41.71126942135442],[-122.65114636443349,41.71060764476118],[-122.65158428954122,41.708042787111026],[-122.64977311974009,41.70697669978369],[-122.6496262371063,41.703027416496006],[-122.65290731661355,41.697001270293434],[-122.65143243293569,41.694225569615554],[-122.65228003203381,41.692432065434204],[-122.65701320406187,41.69267608961147],[-122.66132166250505,41.69378810298294],[-122.66623721140043,41.69482985677371],[-122.66816319847126,41.69335710914112],[-122.6702220706271,41.69136599900784],[-122.67310499703751,41.69080918155941],[-122.67333860213051,41.69076405935142],[-122.67340982595616,41.69083549618052],[-122.67553974676615,41.692971671799306],[-122.67800103542322,41.69561159804573],[-122.67963812250204,41.69254095422057],[-122.67663750690797,41.689740683335096],[-122.6760401029895,41.68803496523042],[-122.67873989435452,41.68688931243458],[-122.68086933905741,41.68678676908452],[-122.68281995254345,41.68800543546178],[-122.68276177315407,41.68646011454509],[-122.68090455571149,41.685697703071],[-122.67703368730446,41.68406156642227],[-122.67308159412774,41.68431726346312],[-122.67187068039611,41.683397458222586],[-122.67080744340898,41.68258979932455],[-122.67182741483707,41.68188596505715],[-122.67190376714464,41.68183327749398],[-122.67691074207804,41.67673241771317],[-122.68306404187415,41.674253154568994],[-122.68771409458559,41.6723211626083],[-122.68317603304399,41.67115770910239],[-122.6792018242433,41.668779262050826],[-122.67378228813418,41.67456493368495],[-122.66946305619578,41.67810538133374],[-122.66890439931049,41.67856327403455],[-122.66333228974028,41.68234698811661],[-122.65594957630759,41.68662685198303],[-122.65150695537504,41.6880377921555],[-122.64484714050597,41.68514187641113],[-122.64263569309237,41.682247888645136],[-122.64255685334977,41.682144710603716],[-122.64781225378172,41.67677419429785],[-122.6512711152736,41.67555592108409],[-122.6518246823045,41.67405503589023],[-122.65041416471335,41.672996410956614],[-122.64763181727542,41.674394958361106],[-122.64512636384575,41.6746193925503],[-122.64215760430825,41.672779765448446],[-122.64214362023425,41.672771099478744],[-122.63879353304517,41.67022714776474],[-122.63830344905708,41.66877574646163],[-122.63785251364908,41.667440229407454],[-122.64249836224498,41.66345049884243],[-122.64351122081267,41.661880299313864],[-122.64252410167282,41.66056518445914],[-122.64079447015342,41.66022912111877],[-122.63941438928073,41.662309825558],[-122.63680793826366,41.663910873478514],[-122.63362083600985,41.66501789052925],[-122.63259678623035,41.66537356326673],[-122.62746200259159,41.66517588567235],[-122.62551675114949,41.66546396673989],[-122.62648871211722,41.67117148038745],[-122.62530252720875,41.67205535815171],[-122.62287559551805,41.67027299230802],[-122.62244238926047,41.668850064326364],[-122.62089492350428,41.66819492070605],[-122.62010149281778,41.66763037082439],[-122.61776644620421,41.665968837142074],[-122.6170146497362,41.66527147954503],[-122.6149278866874,41.66333573166196],[-122.61472661555472,41.662735830333595],[-122.61438740002535,41.66172475236713],[-122.61662637271758,41.660475473423894],[-122.61991977890717,41.66097982389532],[-122.62180667848335,41.66024266857042],[-122.62442901171465,41.65933952797213],[-122.62592128497982,41.657837680113715],[-122.62683675269597,41.65581391414667],[-122.62478011105695,41.65511773121851],[-122.62066836210141,41.657889743010266],[-122.61738980326686,41.65778604537302],[-122.61697256007187,41.657517180822516],[-122.61159291904286,41.654050343862785],[-122.60730228946312,41.65333731817274],[-122.60421877823292,41.65164395154399],[-122.60260708203562,41.64988325812765],[-122.60039003452451,41.64897377260963],[-122.59684820642961,41.647901297327046],[-122.59392664078392,41.64570929002224],[-122.59035276888454,41.64517121261392],[-122.58622958886701,41.64485497811163],[-122.58165822318456,41.64477689412753],[-122.58027472961211,41.64652348804069],[-122.57849077067928,41.6467558873622],[-122.57707904665071,41.64658888418706],[-122.57630162394258,41.646146579369024],[-122.57420010696356,41.646991380396],[-122.57154284274239,41.64743637319863],[-122.57054725159112,41.6472810759834],[-122.57036963309989,41.64636813089529],[-122.570803724198,41.64550210105102],[-122.57129666213375,41.64498641682086],[-122.57191586636749,41.64433862680353],[-122.57662990966989,41.64258881244111],[-122.57835450253887,41.63974706690976],[-122.57760600198961,41.6378585134542],[-122.57759804650948,41.637838441003545],[-122.57865988931128,41.63555977037029],[-122.58164638967732,41.631833051439244],[-122.58198621785772,41.63179588995903],[-122.58551360373778,41.631410102749584],[-122.58867120352105,41.630314324789275],[-122.59121304141468,41.626940169246865],[-122.59671379780187,41.621214061367546],[-122.59869443837458,41.61916863827188],[-122.59873186308764,41.61601782394339],[-122.59839945229653,41.61316101781406],[-122.5989437891379,41.6105941699769],[-122.5983041122988,41.609517120766974],[-122.59660130986366,41.609761717827055],[-122.59568494832382,41.611278650377194],[-122.59501139691368,41.615193129593905],[-122.59452481905014,41.616463165602205],[-122.5936658939929,41.61850489762015],[-122.59207411524204,41.62130961639395],[-122.58894062534273,41.6251541226161],[-122.58513250695323,41.62772581850457],[-122.5820302919005,41.62982058817423],[-122.57838644213882,41.6318537810727],[-122.57551555764478,41.632817643253844],[-122.57193958009437,41.6331060107238],[-122.57029681566294,41.63158795595156],[-122.57037507419554,41.629600729554504],[-122.57116079464195,41.628956974767114],[-122.5737447841837,41.6268397563562],[-122.57565096609746,41.624060295820456],[-122.57643428983869,41.622043603721096],[-122.57491170112765,41.622126295742206],[-122.57333663193938,41.62306834203131],[-122.57229801507926,41.624116069902975],[-122.57112402390246,41.62579571356093],[-122.57041928029066,41.62613348953852],[-122.56860671181266,41.62700220169289],[-122.56596083643271,41.627514309881605],[-122.56447446869225,41.628518227863765],[-122.56256043280793,41.63033266121823],[-122.56292028533436,41.633990874902096],[-122.56120894980235,41.63590928604654],[-122.56135373936152,41.63842562037445],[-122.56065056959814,41.640612515525085],[-122.55933299799452,41.64263802584956],[-122.55891457082001,41.64407609286448],[-122.55910127577036,41.64533225776989],[-122.55905144891649,41.646306305714376],[-122.55772788644822,41.64841502501482],[-122.5560703168826,41.64890685783356],[-122.55444575321712,41.64819522445187],[-122.55174687454047,41.645884414616866],[-122.55166191188088,41.64581166521103],[-122.55034589975259,41.6450890797986],[-122.55023596662305,41.64513799190286],[-122.54782632660326,41.6462100661143],[-122.54557024908969,41.6470002324207],[-122.54319720104468,41.6466472245205],[-122.54261763766776,41.64534160341794],[-122.54292406918084,41.644352647505194],[-122.54377839127058,41.64159533653761],[-122.54358334905606,41.64039651429793],[-122.5433265234113,41.63959985967963],[-122.54051496904853,41.64189027390348],[-122.53924505846061,41.642730699397596],[-122.5382833966776,41.64336710477732],[-122.53603621158702,41.6422668657724],[-122.5354201819995,41.63993102243843],[-122.53615419990972,41.63719596889441],[-122.53676466443409,41.634921130695304],[-122.53597567142509,41.62772055753874],[-122.53527564756185,41.626203247531734],[-122.53532393200835,41.622235467984716],[-122.53685277299377,41.61813832977692],[-122.53626895789064,41.61594286419315],[-122.53653996254387,41.61466598838077],[-122.53641089440046,41.612133636363296],[-122.53521112516825,41.610496902488165],[-122.53407729497283,41.60857247598286],[-122.53471552282937,41.607071044081806],[-122.53670839306638,41.60559913070994],[-122.54014569588973,41.60595939004363],[-122.54046095514713,41.60412749744984],[-122.53703356163966,41.601368809775124],[-122.53729194047156,41.59976288114942],[-122.54004686324217,41.60005925735726],[-122.54104841471538,41.59808085519381],[-122.54267615662032,41.59697082583985],[-122.54643317793814,41.595452158860816],[-122.54824146055394,41.59352152876348],[-122.55285776625509,41.58805965489169],[-122.55432340986195,41.58224561805377],[-122.55533254221785,41.57855985249148],[-122.55578266465054,41.57625991894588],[-122.55668062330346,41.57372181781082],[-122.55920135977112,41.57189524214641],[-122.56235327321858,41.57145429122687],[-122.56417267967254,41.57053415263494],[-122.56612416811765,41.56980715288914],[-122.56618136385181,41.56723257944602],[-122.56607651249185,41.56431420133977],[-122.56873009451863,41.56277526119978],[-122.57185435961833,41.56207339266178],[-122.57562289015155,41.56439239956096],[-122.57940998347185,41.56834161800512],[-122.58028359418734,41.57059064304117],[-122.58146473056394,41.570387459477686],[-122.58161090891852,41.56895271708368],[-122.57900928724442,41.566023250879944],[-122.57601977662387,41.56158733272931],[-122.57373950388646,41.55951502380799],[-122.57071179959497,41.55780156190814],[-122.56711376121781,41.55666095833155],[-122.56690168874216,41.5554740387311],[-122.56629774239349,41.55348195688459],[-122.56578016007623,41.55285646451887],[-122.56494629981208,41.55184872454489],[-122.56459917551494,41.55065316595129],[-122.56717664598266,41.54889369894483],[-122.56725305218914,41.5488415392907],[-122.56945379437951,41.54820615488552],[-122.57073392599872,41.54761583211404],[-122.57135542273312,41.54663778923906],[-122.57166113200068,41.546156687882096],[-122.5727021788037,41.54550546332689],[-122.57642313815275,41.54537207382872],[-122.57730023702648,41.546499474680004],[-122.57768854368952,41.54746158534692],[-122.57846938628394,41.549396204987815],[-122.58135115476593,41.55128425809456],[-122.58240813768202,41.54897183783985],[-122.58157793805266,41.54704174896728],[-122.58088932009859,41.54415217645204],[-122.58085729066711,41.544017769599705],[-122.58214585836518,41.5438230849381],[-122.58435336756459,41.54389230730899],[-122.58657954016235,41.5444765195983],[-122.5879814554863,41.544807553517316],[-122.58903368811123,41.545056004835246],[-122.5892665934166,41.547284675422276],[-122.59156889553975,41.547867238832325],[-122.59545130909484,41.545897374064815],[-122.59946041385106,41.546008093191396],[-122.60138726240623,41.54812282290638],[-122.60389050238707,41.54795651830624],[-122.60615951833569,41.54762320862719],[-122.60816640229112,41.548440663867716],[-122.60946370341037,41.55064725668122],[-122.61033051298084,41.549245547772394],[-122.61159928091172,41.547144771565506],[-122.61151024708727,41.54630964825829],[-122.61086892004302,41.54540665696509],[-122.6089380685949,41.54458767279698],[-122.60754955344004,41.54404376632675],[-122.60460393540257,41.54250125335545],[-122.60331613306916,41.53846186599774],[-122.60545407763128,41.53246176856187],[-122.60326150651672,41.53279348802537],[-122.600479729509,41.529472234343956],[-122.59813321859579,41.52974977796203],[-122.59879408848906,41.53328670822048],[-122.5989658715242,41.53591747024599],[-122.5980667405698,41.536266418255856],[-122.5930432546015,41.538215828815076],[-122.5913914764745,41.53840954865545],[-122.59134678618743,41.538433346203064],[-122.59051373171208,41.53887694710581],[-122.58781518541205,41.53848323347831],[-122.58745471214979,41.53833768998695],[-122.58379470528939,41.53685984361639],[-122.582548741092,41.538145306666365],[-122.5807543688884,41.538983866456505],[-122.5782839641278,41.53794642264434],[-122.57608077492661,41.53799154497151],[-122.57345268978254,41.538904330359],[-122.57125358881417,41.53906381933947],[-122.56751490570457,41.5390168641451],[-122.56448633633548,41.53773076820122],[-122.5651996777228,41.5368415196245],[-122.56604201898156,41.535791429418495],[-122.56750173999576,41.53410090717099],[-122.57110287217075,41.53276750224223],[-122.57171237190451,41.53069343551408],[-122.56603218961573,41.53145481826554],[-122.56600856661869,41.53145284254429],[-122.56092949379894,41.53102789497033],[-122.55920896131502,41.53180736922454],[-122.55745354724867,41.53161399274339],[-122.55594874338361,41.52992657109942],[-122.55431758608397,41.529664712728234],[-122.55180578246352,41.528865331589266],[-122.55012198927813,41.53067472982433],[-122.54891063716863,41.53081380719775],[-122.54757839607643,41.52969545896811],[-122.54636909571904,41.529891736916554],[-122.54319953217284,41.52840965111716],[-122.53611085529896,41.5214517592317],[-122.5297345208858,41.51739975665416],[-122.52720385533934,41.512468558922535],[-122.52668210843241,41.510200709098996],[-122.52664489302683,41.51003893714111],[-122.53433424009353,41.5078011883805],[-122.53837810066813,41.50611623829572],[-122.54543177378866,41.50786343488409],[-122.54923084793987,41.50784376531837],[-122.55466581620723,41.50681726320805],[-122.56181112108,41.50921066583688],[-122.56760273129495,41.51365476319427],[-122.56875201071662,41.51179880198423],[-122.57318084340787,41.508157827812106],[-122.57721141879773,41.50612829168446],[-122.58226945397186,41.509403217272975],[-122.58185605376968,41.5063766345867],[-122.58288194240056,41.505324796590685],[-122.58730080469047,41.50563483890106],[-122.59144829401791,41.50474774328682],[-122.59253009648702,41.50524083954918],[-122.59452939776314,41.50588680234948],[-122.59602425458303,41.50310721723174],[-122.59882342117804,41.50276308637105],[-122.60024325609528,41.50210382323797],[-122.59717054620806,41.50119379847454],[-122.59497375301169,41.49929212553892],[-122.5910959343393,41.50131908590204],[-122.58888414646418,41.50144814672888],[-122.58047978355044,41.5019381921761],[-122.5780783352677,41.50067034398224],[-122.57344439204424,41.50070797655869],[-122.57015000758933,41.499484553745695],[-122.56985199329044,41.49937387474701],[-122.56962464406509,41.499403927588205],[-122.56596804541287,41.49988722283268],[-122.5612171639973,41.50090029022108],[-122.55822708294657,41.50015943830114],[-122.55621872665236,41.49923298992555],[-122.55614793850964,41.49920033391604],[-122.55482820196617,41.4982492595221],[-122.55388296947143,41.497062877945616],[-122.55412514269563,41.49594797810581],[-122.55401852704442,41.49509118075424],[-122.55458092361626,41.49381994858979],[-122.55554134482585,41.493056005527464],[-122.55730208500356,41.49130229553595],[-122.55902701294413,41.49136642179949],[-122.56029834107353,41.49054409690794],[-122.56177331997286,41.48886347682573],[-122.56531084962909,41.49005117135827],[-122.56651722686856,41.48767873754574],[-122.57051799525895,41.484741550632236],[-122.57056446331195,41.48470743305607],[-122.57069509901551,41.48492005825175],[-122.57157877355715,41.48476941036758],[-122.57272781043368,41.48503222696906],[-122.57352324166831,41.48553606488262],[-122.5735845480932,41.48557489669785],[-122.57471399451003,41.485335159127075],[-122.57459936947977,41.484423892005175],[-122.57381707430955,41.483635608591065],[-122.57345982689748,41.48215406595966],[-122.57334681703809,41.48112563635289],[-122.57379433435645,41.47933281566455],[-122.57543155079267,41.47798913322564],[-122.57732931459394,41.47738735546255],[-122.58032893934624,41.475791934087844],[-122.5821652152629,41.47498946798881],[-122.58345776788757,41.47429514556999],[-122.58354582703994,41.47424784117385],[-122.58516828864761,41.47401154819162],[-122.58680818206341,41.473964409836505],[-122.58693480858585,41.4740643766274],[-122.58816791789152,41.47503783931316],[-122.58947696358479,41.47552625655477],[-122.59072378746991,41.47429804378934],[-122.59247489860607,41.47231499947126],[-122.59130421143287,41.47147942860289],[-122.59068143819248,41.47103491608747],[-122.58779721191988,41.47109431302618],[-122.58605977763388,41.47135911350711],[-122.58502901654091,41.47051065382718],[-122.5849871155228,41.4704761625898],[-122.58496749452036,41.46846116856444],[-122.5850931266078,41.46641239868939],[-122.58531526021461,41.464506197544566],[-122.58393009667408,41.46458446392993],[-122.58387223977988,41.46458773215163],[-122.5817141504975,41.46634096898179],[-122.5813606158225,41.46731988226615],[-122.58085676155943,41.46835855514803],[-122.58014332495067,41.47008742847689],[-122.57970266806615,41.47200507430386],[-122.57815901745494,41.47377228341367],[-122.57472511655155,41.47470919856992],[-122.57202829681353,41.47491187645391],[-122.56779050074888,41.47660090125485],[-122.56736280835055,41.47553348446586],[-122.5667891720579,41.47410177562592],[-122.56531822749253,41.47333011546142],[-122.56421047359318,41.47421165445189],[-122.56366318578611,41.47881922190146],[-122.56363222984143,41.47907982553194],[-122.56368347513512,41.48281186923027],[-122.56300613822437,41.48368558454758],[-122.5613629704494,41.48377537185367],[-122.56051106123452,41.480320421120865],[-122.56050546203535,41.48029770996503],[-122.5584744331617,41.48016004974372],[-122.55728021821291,41.48007909062325],[-122.5560384446563,41.4792290053394],[-122.55598592195828,41.47919304955036],[-122.55346241867957,41.47740805325047],[-122.55171821019806,41.48071939478545],[-122.55004754589052,41.483890815857805],[-122.54903483734151,41.48468535803662],[-122.54737204946241,41.48465940273554],[-122.54576036763811,41.483610031077845],[-122.54477270591585,41.48296693503771],[-122.54324987286303,41.48373049369441],[-122.54321486102485,41.483809259093064],[-122.54272832538216,41.48490376398998],[-122.54139462901914,41.486241990190166],[-122.54045365903039,41.48803155995084],[-122.53957464494846,41.48930531674374],[-122.53588231760244,41.48933096131843],[-122.53375596130749,41.488990633232405],[-122.53259384855367,41.48741099776281],[-122.53254156031593,41.48733992160206],[-122.53029765048288,41.485945618096174],[-122.530191118375,41.48599279551636],[-122.52879627369066,41.486610486405155],[-122.5268952525982,41.488710174037294],[-122.5238788203669,41.48942784334797],[-122.5227006340577,41.48870094634433],[-122.5205692507904,41.48719222341915],[-122.51921033961573,41.48623025342022],[-122.51657872588918,41.48485137306202],[-122.51272451494248,41.48326782697806],[-122.51146360637203,41.48197597672013],[-122.5094753139497,41.47943886426107],[-122.50732168480273,41.47868015394725],[-122.50578805939011,41.47825096442513],[-122.50527948088694,41.47810863174976],[-122.50441311328757,41.47716518277113],[-122.50388093334699,41.47658564071222],[-122.50314531104563,41.47488182099976],[-122.50281562214985,41.473914153790155],[-122.50164014605785,41.47261678289434],[-122.50113768957337,41.47233362981348],[-122.49829567244103,41.47073197160277],[-122.49652610092573,41.46973307329354],[-122.49406929935353,41.46898017349934],[-122.49114717675235,41.467950141465344],[-122.4904453544619,41.467125649417085],[-122.4893257428008,41.4658102953466],[-122.48771764345786,41.465227397041154],[-122.4864797146907,41.46477865659695],[-122.4812329344922,41.46459601142144],[-122.48015132156762,41.4654247327743],[-122.4800552934604,41.46709793624603],[-122.47994264382542,41.46853048636188],[-122.47911088202578,41.469104230168426],[-122.47718990575757,41.46900228146644],[-122.47549859996145,41.46814089042003],[-122.47400673003989,41.46846849015471],[-122.47100402496444,41.46748872990588],[-122.47036029223185,41.465975380633765],[-122.47187221794044,41.464113873292746],[-122.4719172765368,41.464058394549504],[-122.47395230920166,41.46232595545707],[-122.47528448292023,41.45967529390623],[-122.47615922102139,41.456552138837495],[-122.47667138200592,41.45404124642034],[-122.47812160782755,41.45252151897521],[-122.47582390418036,41.45096017784851],[-122.47515542376,41.44919829041176],[-122.47356292815354,41.44918143032948],[-122.47181578038442,41.44916290982035],[-122.46825411209815,41.450807003556136],[-122.46590748170901,41.451568806008176],[-122.46495896677021,41.45077289033728],[-122.4647431474215,41.44884371805343],[-122.46698710756019,41.446495380801416],[-122.46730808010278,41.44615946183507],[-122.46691092772916,41.44397416810228],[-122.47085884194317,41.441323772064635],[-122.47473285175874,41.43918622598277],[-122.47981851461948,41.43696739989359],[-122.4869340583069,41.43636872385358],[-122.49170364085005,41.435987954396275],[-122.49692836381503,41.43559796226901],[-122.50152408911305,41.43459042287801],[-122.50480997101383,41.43303623648283],[-122.5037063933822,41.429606041641456],[-122.50335948378243,41.424132776810325],[-122.50218998687694,41.425962321645],[-122.50091257894968,41.42796056340617],[-122.4977386855238,41.43054307292264],[-122.4948979475924,41.431801937285904],[-122.4869305324194,41.43190260351528],[-122.48204180632011,41.43329807275291],[-122.47534127620911,41.43390738786507],[-122.46968668692278,41.4359644754526],[-122.46346396711814,41.43575116775231],[-122.46122758786215,41.437405383161696],[-122.45760045305293,41.43771494099777],[-122.45574695014406,41.43681022187969],[-122.45429506693073,41.43634459515944],[-122.45137150343183,41.43540692296733],[-122.4511868385555,41.43216022351684],[-122.45249245897259,41.431231433775125],[-122.45301412053954,41.42928811892495],[-122.45121824545444,41.42643381479926],[-122.44985614795546,41.42434184475769],[-122.44675345230407,41.42239828461696],[-122.44429521791896,41.41820909207076],[-122.4440605339493,41.41134283329833],[-122.44594554886001,41.40543736193193],[-122.45192399158607,41.40274428888314],[-122.45642570729126,41.40125356639598],[-122.4560013692022,41.3999449729892],[-122.44870366064991,41.397339160117305],[-122.4432698062935,41.39375198559989],[-122.44092746356318,41.38958926480601],[-122.44043547065513,41.3885109795627],[-122.44052740783455,41.38564644515665],[-122.44201835518633,41.37931945258936],[-122.44074949832226,41.37547945484859],[-122.44116183941073,41.37089111885669],[-122.43912061376028,41.366636756628985],[-122.42882066815483,41.359250369699915],[-122.41645235160763,41.35791457693028],[-122.4154729624708,41.357688538847206],[-122.41510797068267,41.357542850834335],[-122.41444689597351,41.35815921801128],[-122.414202183212,41.358544008535596],[-122.41386464034571,41.35896657027467],[-122.41377312088285,41.35914038522212],[-122.4136620684525,41.35935129669106],[-122.4129634531476,41.360264152053375],[-122.4128009937268,41.360665894786024],[-122.41256924275655,41.3616226122211],[-122.41263249672897,41.361953847709295],[-122.41276552734107,41.36265044821651],[-122.41295829591958,41.363659853203714],[-122.41287767841101,41.36434385746653],[-122.412872370266,41.36444096393054],[-122.41268747362435,41.36493159372353],[-122.41250925685512,41.36532810487513],[-122.41246631019801,41.36556564647688],[-122.41241923668048,41.36576812389282],[-122.41222047633904,41.36641619962059],[-122.41197639688984,41.36685436942085],[-122.41194868296499,41.36689745691134],[-122.41175744691238,41.36719476662746],[-122.41167778700793,41.36731860999303],[-122.41115804783568,41.36798448989083],[-122.41112053239279,41.36802706831051],[-122.41057065204781,41.36840989125753],[-122.40999253765344,41.36869799985969],[-122.40980866239626,41.36890742079945],[-122.4096496444213,41.36908998604142],[-122.40935047578726,41.3693633195756],[-122.409055252554,41.369533746106235],[-122.40901799941916,41.36954892800815],[-122.40863910350706,41.369710414821554],[-122.40856271077527,41.369730137756804],[-122.40834577751566,41.36978614409185],[-122.40821609133131,41.36986176810678],[-122.40807098915843,41.369952969566256],[-122.40799998901332,41.37008637314437],[-122.40773749050751,41.370359269018216],[-122.407680478928,41.37043024078222],[-122.40724525864758,41.37097202142939],[-122.4070103671671,41.371382494140974],[-122.40688932547077,41.37159391669725],[-122.40680364505727,41.37167509546335],[-122.4063195869681,41.372144031298845],[-122.40601057190025,41.3723352910609],[-122.40546035289046,41.37267591508295],[-122.4048107469725,41.373015019212346],[-122.404322442547,41.3731957824805],[-122.40369748101055,41.37353802458098],[-122.40356742741531,41.37359695260086],[-122.40290575891976,41.37340343355454],[-122.40279534878482,41.37337114088858],[-122.40216255034585,41.373096682242064],[-122.40129575604675,41.372948593814506],[-122.40063904535323,41.372977052316536],[-122.39998180465369,41.37306938664142],[-122.39839016514172,41.37342788021906],[-122.39792395837387,41.373473351058145],[-122.39711783628906,41.37362855351823],[-122.39656437076779,41.373944772843004],[-122.39577606227503,41.37446700967643],[-122.39505083437986,41.375037417208006],[-122.39469234010618,41.37530363362999],[-122.39436838156358,41.37554420187496],[-122.39362285084465,41.37601882673286],[-122.39320416495536,41.376411098429394],[-122.39313807859484,41.37647656983853],[-122.39310187379395,41.37651254952702],[-122.39289642010532,41.376700970036836],[-122.392383718335,41.37719275171644],[-122.39214249552838,41.37753112520064],[-122.39217505945743,41.377881772332785],[-122.39222429791481,41.3806213474341],[-122.39676324070368,41.38024853710514],[-122.40177043123275,41.38026738665868],[-122.40304005885136,41.38193209041152],[-122.39822615073714,41.387088176859486],[-122.39590287924034,41.390799717922235],[-122.39638592402983,41.397829915095116],[-122.39528043568164,41.39939980707521],[-122.39044717785622,41.40235462939009],[-122.3878646938909,41.404550815211685],[-122.38552101356916,41.40708594894478],[-122.38503166979285,41.41061645681439],[-122.38758723484236,41.41328756708922],[-122.3899610087261,41.412784387852874],[-122.39113431987828,41.41155969083267],[-122.39235914132713,41.408473191451876],[-122.39427403600088,41.405602561762805],[-122.3969830099447,41.40492109290866],[-122.39833359732997,41.40672749403816],[-122.39802201847027,41.409882506178974],[-122.3993216264632,41.41082988886611],[-122.40142186244464,41.41056189373165],[-122.40605734717711,41.406236271948345],[-122.40938577239142,41.40479834462413],[-122.41253481751824,41.40479516637322],[-122.41322643943862,41.407301136961095],[-122.41091311768189,41.40999909502823],[-122.40425351751018,41.41239718562128],[-122.40451360853105,41.41389703159573],[-122.40596735305365,41.41650299159183],[-122.40791206370994,41.419627310510016],[-122.4081186825135,41.42125516662787],[-122.39770075936512,41.43198967153515],[-122.39166997360412,41.433249735621246],[-122.39150937100098,41.43525679981977],[-122.39370470353671,41.43677687106053],[-122.39321558793252,41.43860251799295],[-122.39111227072964,41.43927238587876],[-122.3900555087991,41.441725941959284],[-122.38601987230093,41.44137318602218],[-122.38069915626298,41.44242750467314],[-122.37585306869866,41.44251187576841],[-122.37241654291802,41.44190878285366],[-122.36743095507488,41.44228907784635],[-122.36761268874847,41.44395566832822],[-122.36671592665145,41.44540466350567],[-122.36407951502301,41.4461693359475],[-122.36351656329235,41.44827937722007],[-122.36267028651433,41.44967658434222],[-122.36102003193005,41.45123690870007],[-122.3601693866448,41.45265709480785],[-122.35839366795804,41.45410140289553],[-122.35673494046402,41.45561168318202],[-122.3559713868456,41.456922870724064],[-122.356046419528,41.459680394199054],[-122.35644597220006,41.46220183061685],[-122.35633484251458,41.464589698469865],[-122.3565651220444,41.46773462872023],[-122.35435561499182,41.46982780980071],[-122.35397881484926,41.47183894021311],[-122.35555195894783,41.473479546098176],[-122.36072434786101,41.4767704071845],[-122.3647141657881,41.480655922233844],[-122.36639207860163,41.48353508924924],[-122.36642831933514,41.48654058162459],[-122.3664551708773,41.4873512685447],[-122.36616251682574,41.4880725335279],[-122.36514862429718,41.4880438885664],[-122.36025216549993,41.48355504346176],[-122.36040730454948,41.48250236035473],[-122.36281766771309,41.48264796145939],[-122.36381885986016,41.48229512790866],[-122.36258056817364,41.48122091142979],[-122.35989672280323,41.480460122214595],[-122.35884988276499,41.47942999665522],[-122.35760856734917,41.478260359843276],[-122.35595749260308,41.4781004390068],[-122.355167641703,41.47916410117167],[-122.35597127635279,41.480438294758784],[-122.35541773806798,41.48116089519392],[-122.35320969347266,41.48115803698812],[-122.35115230443532,41.48019447189298],[-122.34970196452764,41.48036473026284],[-122.34959371843422,41.48284801884774],[-122.34821912447129,41.48339857860943],[-122.34590804221456,41.48434832997489],[-122.34719687132237,41.48504003323319],[-122.351440474097,41.48510390728137],[-122.35281664639986,41.48460099940055],[-122.35430792073839,41.485670578422706],[-122.35571867458647,41.486216764308345],[-122.35818297888795,41.48607514360548],[-122.359867320944,41.48723647470087],[-122.36118313095135,41.48873872651479],[-122.3620655559364,41.490535413176744],[-122.36376758132882,41.490312564886715],[-122.36481307389413,41.491294975851986],[-122.36441593589356,41.49268624799836],[-122.36327824833232,41.49376802443723],[-122.36242410051574,41.49563444849248],[-122.362540999182,41.49725465340559],[-122.3624649100808,41.49878305114148],[-122.36156141331413,41.49958187204036],[-122.3639122819548,41.50042598299107],[-122.36316239710169,41.501055349066],[-122.36446430298507,41.50179942882535],[-122.36526316039419,41.50297736046371],[-122.3646112520942,41.504325724417505],[-122.36351593267501,41.50517033191136],[-122.36241974638158,41.50601557757819],[-122.3605957486382,41.5054509445352],[-122.35958466514151,41.50626275304772],[-122.35815282244386,41.506260255861676],[-122.35721331311575,41.504655448779594],[-122.35215684011189,41.50494097536115],[-122.34979961678893,41.504507851297035],[-122.34951250983424,41.50155470475555],[-122.34647279686402,41.50347244207426],[-122.34445555174011,41.503748645390914],[-122.34366418268719,41.5046376996138],[-122.34490883264931,41.50598293911641],[-122.34810133557461,41.5067823116392],[-122.35277666777647,41.50645636136668],[-122.35345980960058,41.50797056425279],[-122.35567958349857,41.50807216978565],[-122.3574913066619,41.507322456075904],[-122.35993243802228,41.50837420376609],[-122.36319183489356,41.50735864717971],[-122.36516319497109,41.50760790698825],[-122.36594780959136,41.510265385076146],[-122.36733852561868,41.51210024546158],[-122.36674496648965,41.517121885630225],[-122.36846694705777,41.51905116038114],[-122.36827870239505,41.521501856668266],[-122.36719666097407,41.523932933344966],[-122.36597044444159,41.525619491086275],[-122.36435639645484,41.52723554748957],[-122.36231941803906,41.52884855140687],[-122.35845619160014,41.52887330203988],[-122.35766628230957,41.52989021507678],[-122.35570849308105,41.53007004275922],[-122.35174842825447,41.53100306984432],[-122.34914754948711,41.53281727620761],[-122.34431431411954,41.53610463075881],[-122.34165049758674,41.53601106906175],[-122.3405702761525,41.533979220249016],[-122.33634027656625,41.532483085572714],[-122.33624220299511,41.52561333607183],[-122.3321082440925,41.5231609237639],[-122.32985953815415,41.52024402236212],[-122.32624374727035,41.52007233597241],[-122.32671635722953,41.5209702505776],[-122.32937851547233,41.5229728965348],[-122.33104821409094,41.52561423121216],[-122.32953465973672,41.526994714587985],[-122.32791258350628,41.52657894455904],[-122.32656414758611,41.5240747833316],[-122.32518547706842,41.52452973839578],[-122.3251718639986,41.52605699396089],[-122.32334381036173,41.52632935697667],[-122.3220420607852,41.525255853278814],[-122.32059693559773,41.525616546740494],[-122.31882288687912,41.525601534475555],[-122.31797052850662,41.5247105837375],[-122.31659179061529,41.5251654442113],[-122.31507096799209,41.52514571735703],[-122.31324131804897,41.52341377738983],[-122.31153062840563,41.52339749886484],[-122.308703722733,41.52216100164023],[-122.30532415373463,41.52145947568956],[-122.30277984637223,41.5211243217648],[-122.29966740220338,41.52084722204154],[-122.29784284031801,41.519258137357376],[-122.29643843486407,41.51694559156676],[-122.29365646202363,41.517091777786014],[-122.29115271179971,41.51603988585688],[-122.28779346448968,41.515957864421864],[-122.28703749265223,41.51015004928826],[-122.28417264753189,41.50967720700445],[-122.28363580623324,41.51269315996129],[-122.27903279559828,41.51530566786166],[-122.27967683375807,41.516606906521545],[-122.2847705715749,41.52045057044911],[-122.28538227128274,41.523732016888246],[-122.28957735874383,41.526541435969094],[-122.29037314481299,41.531228519109554],[-122.29328178190514,41.533036580308305],[-122.29504021700582,41.5345315294482],[-122.29527913114217,41.53586280004539],[-122.29378727020372,41.53694032966021],[-122.29207626165847,41.536923786917505],[-122.29152633370278,41.53755415171905],[-122.28904788812211,41.53731294302585],[-122.28778618454263,41.537479043693025],[-122.28845674186795,41.53855776678297],[-122.29004655240999,41.53882178788611],[-122.29233357329184,41.53901874617271],[-122.29358220907886,41.53903263847995],[-122.2939471119338,41.540170563698354],[-122.29350339269249,41.541908314104866],[-122.29335156662968,41.54300890819528],[-122.2943924337696,41.54394404872539],[-122.29382205566647,41.54591095159263],[-122.29276113004457,41.54728871195282],[-122.29077175784727,41.546996863557176],[-122.28891546746608,41.54714993556583],[-122.287312866711,41.54780539183093],[-122.28478135854479,41.54913384189325],[-122.2835534837223,41.54912630084192],[-122.28320642679878,41.54841728144742],[-122.28186738456155,41.54841125969973],[-122.28045359800109,41.54754214088962],[-122.28022720098994,41.54656169740975],[-122.28032262003944,41.54468134041726],[-122.27902099353207,41.54360140638076],[-122.27789101621092,41.542935897519286],[-122.27858243331542,41.5422672405469],[-122.28161969747815,41.54066133599991],[-122.28261334647179,41.53953980953526],[-122.28170404119851,41.53932749949228],[-122.2790027047312,41.53930700303559],[-122.27837759587109,41.53855075434758],[-122.2778069554599,41.53836962157946],[-122.27732449637195,41.537938122488846],[-122.27524040670941,41.537984276288924],[-122.2751653928916,41.53823579173124],[-122.2750535202994,41.53861089155427],[-122.27418695866392,41.538941831780996],[-122.27340644934448,41.539014781071955],[-122.27277642759807,41.53872361613903],[-122.2715647422136,41.53787057139416],[-122.269787821581,41.53806687362291],[-122.26884839759288,41.53772081860529],[-122.2688233920886,41.53693390810175],[-122.26654634340473,41.53704651860952],[-122.26686759712001,41.53818598562574],[-122.26671171785867,41.539262469967774],[-122.26626863282792,41.54027254900457],[-122.26563785110676,41.541357585434355],[-122.26586867321903,41.54264184633855],[-122.26686162062843,41.543983962946974],[-122.26803548154956,41.54503649851968],[-122.26911439324005,41.54609073742434],[-122.27027239799808,41.546642487366526],[-122.27087643687324,41.54770527799386],[-122.26985661187052,41.54851104772542],[-122.26865588144094,41.54960638781213],[-122.26802278116804,41.55061990999761],[-122.26643293648999,41.55143592298811],[-122.26481128067111,41.5512503745694],[-122.26310144712227,41.55128112937175],[-122.26189376642735,41.55216179232038],[-122.260283432076,41.5523338789192],[-122.25881553818934,41.551000221342164],[-122.25767565155226,41.551020673084146],[-122.25775018027983,41.554779647421356],[-122.257647694184,41.55955347852563],[-122.25964737814243,41.56266713032595],[-122.26391576813069,41.56936675360545],[-122.26681551908806,41.57685448921809],[-122.26949208361304,41.58129208055956],[-122.27228962066413,41.585536574402894],[-122.2768045703501,41.59243198123335],[-122.2775002823,41.59188252622462],[-122.27955195984873,41.59160679255696],[-122.28507232556028,41.59872770135731],[-122.28610024438369,41.59756370196301],[-122.28759171096172,41.59662034399153],[-122.28870110608311,41.59562664674339],[-122.28841424526678,41.59379931473349],[-122.28737438154504,41.592214734238375],[-122.28914128775884,41.59161180251102],[-122.29005270586968,41.592847943881075],[-122.29082679942135,41.594742764995026],[-122.29190627974546,41.59627410868581],[-122.29265555374418,41.59739388419642],[-122.29409474466085,41.597785250510306],[-122.29553066750653,41.59979739487286],[-122.2957508984816,41.60191228079248],[-122.29205406518611,41.60289589534955],[-122.28813128134219,41.60341288964296],[-122.28907829339954,41.605011651008695],[-122.29028701973344,41.60710858923863],[-122.29270836659803,41.611416914252935],[-122.29529133475526,41.61600862179336],[-122.29735924665786,41.61877709475027],[-122.29898014429865,41.62184005156108],[-122.30147778328369,41.6259202868979],[-122.30199955534341,41.62735949646145],[-122.30263184264099,41.62860288366141],[-122.30366747978931,41.63028757987389],[-122.304726757901,41.63244446338278],[-122.30571001787838,41.63460273501423],[-122.30683994938546,41.63658651141879],[-122.3083113386169,41.63970943937948],[-122.3098385509567,41.64220136185614],[-122.31206182648765,41.64502413323654],[-122.31609123137267,41.64953183606093],[-122.3173701646393,41.65139828299408],[-122.32000607770277,41.650951619350955],[-122.32302194399543,41.651924217752715],[-122.32642210417674,41.651116966041904],[-122.3285322791185,41.65044800522307],[-122.33214748969063,41.64923572274586],[-122.33625317591631,41.64440614310649],[-122.3398482480564,41.64027318472972],[-122.34234028155406,41.63965417424023],[-122.34349660915747,41.64009084206743],[-122.34234692279897,41.64217398143439],[-122.33825116295716,41.64728992931085],[-122.33742144751972,41.649008360017724],[-122.33757456356327,41.65222705703283],[-122.33663556088499,41.65407001458702],[-122.33506997341455,41.6556740124881],[-122.33294480828567,41.65617870460407],[-122.33196040834619,41.658094063230266],[-122.3305790455776,41.6595156255776],[-122.3290385633244,41.66043898146891],[-122.32711399469342,41.66126202525982],[-122.32222032157186,41.66153125939765],[-122.31855072789074,41.66285164751852],[-122.3149170093288,41.665280924975356],[-122.31065880623588,41.66754257140199],[-122.30382423760304,41.671104030385926],[-122.3059527399732,41.66626852951099],[-122.30618029940435,41.66447460436603],[-122.3049227954488,41.662385692423165],[-122.3025166166378,41.66157058888817],[-122.29744177937458,41.66212852776969],[-122.29285251745503,41.664467182144584],[-122.29256209392034,41.66579688361253],[-122.29215695911708,41.666520154760626],[-122.28855709446496,41.66855430018925],[-122.28768401285716,41.66963504832829],[-122.28839617745146,41.67095550512472],[-122.28932307892457,41.671654582020814],[-122.29329599594787,41.67233407140309],[-122.2980405855632,41.67332153285147],[-122.30279807588431,41.673129924670086],[-122.30317163041374,41.674237203912575],[-122.30256013462343,41.6747066824407],[-122.30092842485988,41.67577454801362],[-122.29834406521225,41.67584429722656],[-122.2962190366273,41.67736383410831],[-122.2945050393871,41.677359245463805],[-122.29043437577938,41.67660996957142],[-122.28752798986535,41.6750519411024],[-122.28489975290597,41.674741649894976],[-122.28070721306709,41.67463859267281],[-122.2784900622497,41.673783800220924],[-122.27407189705244,41.67257494764346],[-122.2712478066999,41.67208893269272],[-122.26876930901693,41.671990383755904],[-122.26684145704355,41.672740968869384],[-122.26312912960606,41.673460370222],[-122.2609851124326,41.67420636073195],[-122.26129677303896,41.67652746420328],[-122.25958058660443,41.67795425486585],[-122.25771705580202,41.679240481773704],[-122.25773747181348,41.68138784540136],[-122.2610061419934,41.68537417596058],[-122.26398041269518,41.68757594045404],[-122.26973887777106,41.69047927185],[-122.27536303842378,41.69363535785563],[-122.27911214917722,41.69621657915872],[-122.2826609014863,41.69550805239243],[-122.28592916652605,41.69348004460264],[-122.28796338891053,41.69158174210214],[-122.29071246275032,41.68970622044028],[-122.29362142143934,41.688364674148765],[-122.29676557973097,41.68841482797799],[-122.29942784936489,41.68976235763824],[-122.30177117934367,41.69007756463973],[-122.30550498639795,41.690689478339785],[-122.30835322436366,41.69189024224052],[-122.3093850472653,41.692873651224936],[-122.31055036071646,41.69503589430806],[-122.31227407682971,41.696794132317685],[-122.31398042311864,41.698001957137514],[-122.31348945698495,41.69902703749966],[-122.31160429654716,41.69963435949357],[-122.30892513499263,41.69925388087309],[-122.3056365518578,41.699170863934825],[-122.30256397851453,41.698403680591724],[-122.29860479942684,41.69672187641202],[-122.29594459052821,41.6954458672347],[-122.29319620569623,41.69438618891151],[-122.29019570688313,41.69436912841688],[-122.28771457983132,41.69525240921904],[-122.28626812423893,41.69662398430028],[-122.28322508211231,41.698254166622945],[-122.2804004069565,41.699271786525806],[-122.28155869648049,41.699751986959384],[-122.28347334052422,41.7015429596971],[-122.28599535619283,41.70296493411763],[-122.28835974268186,41.70392436278264],[-122.28945285673703,41.70533639765924],[-122.29156598803438,41.704403095921],[-122.29459952778194,41.70395417095094],[-122.30016256885936,41.703673842841084],[-122.30278268954011,41.70369761971927],[-122.30472242442806,41.70477189191243],[-122.3075688945093,41.705901143238776],[-122.310564052838,41.707206596039846],[-122.31366377955742,41.70732875391119],[-122.31559679953861,41.70818820758996],[-122.3158077347471,41.70958548982018],[-122.31539375423326,41.710733546861334],[-122.31392160682373,41.71086795732793],[-122.31182251080439,41.71076326268237],[-122.30932637649742,41.710164639673515],[-122.30782989193027,41.70954768179166],[-122.30564503554736,41.7082631458753],[-122.30351248177526,41.70712080754471],[-122.30113854170317,41.7058754517842],[-122.29888411978466,41.705379611675276],[-122.29694183996952,41.70570137829497],[-122.29429363525801,41.706286537968445],[-122.2923489533478,41.706840465074066],[-122.2917183027807,41.70765785290619],[-122.2938529864583,41.708871942520766],[-122.29563378511803,41.70944809175168],[-122.2969582144605,41.71064108183045],[-122.29830836077299,41.711153444516206],[-122.29999289506848,41.711695492355155],[-122.30160883400889,41.713062110513164],[-122.30197442227842,41.714057766256225],[-122.30748927772396,41.716677605126584],[-122.31192003191163,41.71817156722001],[-122.31462084466112,41.71919596663114],[-122.31664601921403,41.72141405307356],[-122.3182335192892,41.72335377575192],[-122.3198965182724,41.72468352824487],[-122.32068405690893,41.725641674033255],[-122.32056440490635,41.726174764582034],[-122.31945303438968,41.72569403071407],[-122.31789804703962,41.724756063820394],[-122.31568586929565,41.724116530649425],[-122.31328096788896,41.72340889865431],[-122.31085522287276,41.722057241815214],[-122.3086188409218,41.72066627861259],[-122.30660320378223,41.71873427833219],[-122.30469315551949,41.71859020398121],[-122.3047487163198,41.72030747916878],[-122.3056068104354,41.720327595646],[-122.3068155376676,41.720878259804806],[-122.30743584143931,41.72196838487481],[-122.3071234792487,41.72272456607601],[-122.30667249622998,41.72381630112968],[-122.30681351017002,41.72485393321492],[-122.30656083564017,41.72625260569799],[-122.30748168067161,41.726736937647544],[-122.30838489446899,41.72741983835994],[-122.30788103930757,41.728770124688474],[-122.31009329161168,41.72940979858241],[-122.31223125773339,41.7292274368392],[-122.31413346999192,41.729120960645254],[-122.31687060342497,41.728318955702846],[-122.32083277030928,41.72710058060763],[-122.32342808401347,41.72633684072266],[-122.3265724695789,41.72488275683418],[-122.3296574154186,41.72307171122398],[-122.33365495885711,41.721494297637506],[-122.33728790396957,41.72042468595582],[-122.34380537988355,41.72016055601158],[-122.34455010032207,41.72107746800908],[-122.34674358502328,41.72114407175537],[-122.35007139489161,41.7209389218041],[-122.35167669238918,41.72194715187898],[-122.35171967228395,41.726134759210595],[-122.35051130347951,41.72705224231534],[-122.34683931758478,41.726941617214166],[-122.34303328508335,41.72565202911699],[-122.34020426926811,41.725095973173644],[-122.3373905607453,41.72500494882965],[-122.33426820815886,41.72567133670084],[-122.33150249841832,41.72704702164349],[-122.3291246012674,41.728630276358565],[-122.32501821345747,41.72834804392465],[-122.32355505728562,41.728768784526245],[-122.32200228428273,41.729464665556186],[-122.3218005747722,41.73048360956942],[-122.32399432896797,41.730550610497],[-122.3246947912091,41.73157585970604],[-122.32416193932865,41.732767027245295],[-122.3187813613568,41.732866038149375],[-122.31571083617233,41.73514194433038],[-122.31314416974257,41.73679996555153],[-122.30751465333414,41.7380486086382],[-122.30422775364215,41.738072884254365],[-122.30089069292303,41.739494133023086],[-122.29860925327402,41.741146656800765],[-122.29838472206372,41.74304807782748],[-122.29926477549643,41.74521577153174],[-122.30133343120406,41.745822437293846],[-122.30373451027918,41.74491944762837],[-122.30641315709903,41.743760746991185],[-122.30950866622815,41.74370412408208],[-122.31224293313714,41.744262627582586],[-122.31504922876222,41.74410377167481],[-122.32242712003845,41.74239303162163],[-122.32518058843665,41.74183009270289],[-122.3255760205365,41.7425140253763],[-122.32358196452334,41.74419751700328],[-122.31987916012618,41.74609140405257],[-122.31621214820319,41.747626534751355],[-122.31465334660639,41.7495166955415],[-122.31308746628518,41.74972440553451],[-122.31018220775684,41.74977762925645],[-122.3069224830005,41.75212841500902],[-122.30560277789806,41.75258212556405],[-122.3041762172943,41.752679780999],[-122.30094805933707,41.75159311046485],[-122.29847021742425,41.75160246950147],[-122.2957262145742,41.752225207283175],[-122.29303363847758,41.75148658355527],[-122.29067681759985,41.750813409122856],[-122.28836373389667,41.75149975994761],[-122.28635873460671,41.751392908515896],[-122.27663446985947,41.75131813378662],[-122.27509473230965,41.75234827411062],[-122.27309578137651,41.75392365475643],[-122.26933183225121,41.75395559963878],[-122.26780104731152,41.755271883443264],[-122.2644203527241,41.75536839152939],[-122.26224624109032,41.75444081302413],[-122.26040453485774,41.754975000816906],[-122.25779161866556,41.755236571092134],[-122.25441085939944,41.75683636850077],[-122.25228210370437,41.75733976520941],[-122.2528844106276,41.7605757811398],[-122.2498808422712,41.76455436117288],[-122.25009865408319,41.77597054520185],[-122.2495960385969,41.776659701223615],[-122.24827401763764,41.7800842502621],[-122.24833147388323,41.78341263697629],[-122.25488852867032,41.78922661412891],[-122.26020241122387,41.790396546483414],[-122.26059360417392,41.79270465329629],[-122.2598857182553,41.79644061105188],[-122.26214900744397,41.79843126202179],[-122.26205978048174,41.79927187945439],[-122.26242391617541,41.79886036842153],[-122.2627819918342,41.79854536284155],[-122.26315748223304,41.7982140058756],[-122.26332790791382,41.79805742720601],[-122.2634351586739,41.79794622596206],[-122.26349619021433,41.79789686012347],[-122.26376590937836,41.79770929651182],[-122.26401601742145,41.79764871708419],[-122.26418304477549,41.7975875770624],[-122.264298918464,41.79756525134646],[-122.26443081001233,41.79754704091783],[-122.26457241234888,41.79754299527135],[-122.26478220849359,41.797515154573375],[-122.26488842978435,41.79751583297791],[-122.26498721751615,41.797519642892276],[-122.26503123945666,41.79751537222541],[-122.26526142915496,41.79749985731954],[-122.26540376451676,41.79744218284924],[-122.26544095207457,41.79742370517554],[-122.26547294198015,41.79740927181232],[-122.26553069826305,41.79737820779083],[-122.26563265345453,41.79731071339201],[-122.26574971202089,41.79724926900339],[-122.26584444924906,41.79724244876571],[-122.26590799068238,41.79723970901761],[-122.26601601668855,41.79722603505441],[-122.266183720474,41.797173878012835],[-122.26625501436823,41.79710744889588],[-122.26635064182682,41.79687160662476],[-122.2664647871567,41.796635929573235],[-122.26661705608896,41.796440148282485],[-122.26678056653866,41.796222000696844],[-122.26672419725456,41.79607912217799],[-122.26672230540258,41.79603420515039],[-122.26670161450666,41.79598322047863],[-122.26670009096392,41.79591186638158],[-122.26669789278642,41.7957854213473],[-122.26669770773348,41.795774780220526],[-122.26675928275463,41.79564411301363],[-122.2667860112276,41.79557153295373],[-122.26683555421383,41.79534018890569],[-122.26683243975472,41.79518440286383],[-122.26685098457547,41.795136242408994],[-122.26685486260254,41.7951039235631],[-122.26697613247097,41.79500066950635],[-122.26711565071604,41.79497134694193],[-122.2672334378161,41.79493127661099],[-122.26725246054058,41.794806581647364],[-122.26732649429637,41.79457189088035],[-122.26734321374045,41.79454230424635],[-122.26744179396141,41.79435412872861],[-122.26768268349305,41.793952121815494],[-122.26783573845117,41.79372038347409],[-122.26806552390757,41.79353136769843],[-122.26817465573987,41.79348758007708],[-122.26833910492904,41.79342150076268],[-122.26844314870355,41.793274541285975],[-122.26846445404716,41.793239477563795],[-122.26860540420682,41.793061796474646],[-122.26863410538014,41.793019776660444],[-122.26877544271369,41.79281260129443],[-122.2688841406597,41.79262364646799],[-122.26901311627661,41.79245516940432],[-122.26922987795803,41.79239435595525],[-122.26941291778202,41.7923830344671],[-122.26958458223955,41.79233490070673],[-122.26962977019329,41.79232221157304],[-122.26989760828515,41.79216215654882],[-122.26999811090081,41.7921006027424],[-122.27024867259311,41.791990249120545],[-122.2703492398875,41.791916247717324],[-122.27056766524883,41.79171849899221],[-122.27060966059005,41.79166299402881],[-122.27070259310281,41.79153269283572],[-122.27089821293403,41.7914419013148],[-122.27120391411678,41.79131200219998],[-122.27146247620502,41.791233309655986],[-122.27160435612099,41.791190149373676],[-122.27213934689013,41.79102894421313],[-122.27265410220917,41.79098523123574],[-122.27300325669887,41.7909750594883],[-122.27340305461101,41.791000182435646],[-122.27362955133519,41.7910610903049],[-122.27373847835158,41.79109039925352],[-122.27384861809362,41.79111925542748],[-122.27411124326187,41.791192196843824],[-122.27416336531131,41.791206875401386],[-122.27419722101772,41.79121802295852],[-122.27431110314124,41.791255441336766],[-122.27441084488387,41.79128829056662],[-122.2744805927775,41.791316437372224],[-122.27469470353049,41.791408024748385],[-122.27474344611781,41.7914339217709],[-122.27483802614083,41.79149908154277],[-122.27484266683757,41.79150227898319],[-122.2750377297133,41.7916385993702],[-122.27542785995635,41.791929361557145],[-122.27547464152143,41.79196502207925],[-122.2756945868322,41.79224453963408],[-122.2758985861484,41.79227801122748],[-122.27604694022264,41.792302340006955],[-122.27620032126919,41.79233399788023],[-122.27660313482572,41.79241712015053],[-122.27708592269708,41.792447978953696],[-122.27745786205566,41.79242249758689],[-122.27779383017528,41.79228557274039],[-122.27803681906974,41.79216191476748],[-122.27806303190971,41.79214072038632],[-122.27822432352067,41.79201014556438],[-122.27831950900818,41.79181606941221],[-122.27847139166484,41.79152498522607],[-122.27861618391896,41.79116212775862],[-122.27862871451887,41.791138330339884],[-122.27885870209624,41.790663567611766],[-122.27896149182261,41.79039669919162],[-122.27926685074723,41.7898512606676],[-122.27937955697605,41.78974312081389],[-122.27965335718645,41.78948040657112],[-122.27982110678599,41.78934464220354],[-122.27982774353929,41.7892945624474],[-122.27983923119513,41.789207856125856],[-122.27986137197196,41.789188366041834],[-122.28000709308408,41.7890596485528],[-122.28017472051273,41.788948691575186],[-122.28032935560742,41.78891807622996],[-122.28052648999821,41.78887904095705],[-122.2805625411872,41.78886615824011],[-122.28061290164034,41.788847469119865],[-122.28067894488171,41.78882288986756],[-122.28082496603112,41.78876854582186],[-122.28091962241093,41.78873283596641],[-122.28109865844371,41.7887704453458],[-122.28128709804082,41.78883621465402],[-122.28134867036705,41.78885061645837],[-122.28139331573836,41.788861058467816],[-122.28155285383787,41.7888723082408],[-122.28158833729158,41.78887582128278],[-122.28189139832574,41.78887308251663],[-122.28216158910531,41.78887063979698],[-122.28240475586621,41.788857001556444],[-122.28252194019672,41.78884896074],[-122.28282313722663,41.788829684879396],[-122.2831355694858,41.788792978411095],[-122.28353497663082,41.78874572942676],[-122.2841192408916,41.78872026467259],[-122.28445050902567,41.788809107612146],[-122.2849565524831,41.788827428359504],[-122.28552398051883,41.78878552164316],[-122.28601128961101,41.788667299639364],[-122.28657988815156,41.78851928773563],[-122.28692568563703,41.7883850384156],[-122.2874136828387,41.78823567488284],[-122.28784038709023,41.78816743274109],[-122.2878970025127,41.78816224048131],[-122.28829582485444,41.788178111299814],[-122.28860733993373,41.788204443654784],[-122.28867889074611,41.78821376654099],[-122.28912869876844,41.78827147275836],[-122.2892226652421,41.788335407341876],[-122.2893918647225,41.7884698978913],[-122.2894151571395,41.78849138551575],[-122.28952103168058,41.78851474319368],[-122.28956215475765,41.788521086128334],[-122.28977990368756,41.78846839085709],[-122.28983895983268,41.78847243573678],[-122.29034458737011,41.78856189053986],[-122.2904034135465,41.78856885838571],[-122.29063381345055,41.788577049940464],[-122.2909524611532,41.78862291325081],[-122.29100055336023,41.788630538825025],[-122.29155897668359,41.78873194313605],[-122.29200372808917,41.78879531329756],[-122.29230663101981,41.78884196680282],[-122.29238685326963,41.78885541147756],[-122.29269051527673,41.788951088746266],[-122.29329478322225,41.7892427901058],[-122.2935176471594,41.78935378743119],[-122.29381841928623,41.78950358706623],[-122.29414071145396,41.78965711970818],[-122.29446335037139,41.789780353184625],[-122.29464476514303,41.789857237770896],[-122.29468816095776,41.78985997917411],[-122.29472552189043,41.789849384617874],[-122.29477967952229,41.78983402726368],[-122.29481541091103,41.7898240877468],[-122.29496778764108,41.78984761506297],[-122.29502770796547,41.78985954716704],[-122.29525320216977,41.78990087918149],[-122.29528799481908,41.78989586924179],[-122.29543936992759,41.78982166783591],[-122.29548958215872,41.78979830996441],[-122.29563517481175,41.789723829147405],[-122.2956641302083,41.78970955278807],[-122.29596091201861,41.78956906761621],[-122.2960562035073,41.78954118728632],[-122.29629359949081,41.78947941663273],[-122.29641671449883,41.78944732065135],[-122.29677395741933,41.78937659691202],[-122.29746247566044,41.789327321591486],[-122.29781704609294,41.78934607286173],[-122.29796019532841,41.789339317421906],[-122.29812753349955,41.789331389189606],[-122.29825659535472,41.78930675988902],[-122.29831735290897,41.78930190395324],[-122.29841674520696,41.789293920794016],[-122.2985824511392,41.78928225047037],[-122.29882301098915,41.78926543686844],[-122.29922824999697,41.78921847757952],[-122.29950578719894,41.78918608944102],[-122.29990408222963,41.78902705872811],[-122.30034842580007,41.78893026101722],[-122.30065971360557,41.78884916435585],[-122.30081126927548,41.788844877036304],[-122.3008923557046,41.788835828185675],[-122.30107544763086,41.788805392959915],[-122.30129462937366,41.788806721152376],[-122.3015614029619,41.78880834941051],[-122.3018238421789,41.78877659267651],[-122.30190264598889,41.78875886802764],[-122.30212944993686,41.7887056464966],[-122.30225744010191,41.78867617905672],[-122.30263702142858,41.78858755160594],[-122.30292161220217,41.788483209355284],[-122.30322719750228,41.78831836375214],[-122.30365616101675,41.78797240991649],[-122.30398603855873,41.78771860279684],[-122.30401909117133,41.78769164330847],[-122.30417596666432,41.7875433826647],[-122.30438306965982,41.78730169531186],[-122.30444588974594,41.78718009005869],[-122.30462531385092,41.78698215927117],[-122.3048491210191,41.78678437791014],[-122.30516258095099,41.78650434557321],[-122.30528304143733,41.786428996868835],[-122.30549554061271,41.78640744559055],[-122.30596097482943,41.786425401305614],[-122.3063456999094,41.786427726231125],[-122.30658852620883,41.786444368435056],[-122.30667822748151,41.7864560734358],[-122.307073778159,41.78650789625449],[-122.307499213091,41.78651508201293],[-122.30753397519757,41.786514649313446],[-122.30773571075925,41.78650903024866],[-122.30802192568686,41.78648837185894],[-122.30877432222948,41.786390438328034],[-122.30881696256108,41.78638307103586],[-122.30890882068876,41.78636631427762],[-122.30930057867913,41.78629457169876],[-122.3095196939466,41.78618881374232],[-122.30986703473772,41.78598517906579],[-122.31024682088028,41.7857055002532],[-122.31051894034279,41.78554386199094],[-122.3108263734774,41.78539380325856],[-122.31127201152019,41.785180779097495],[-122.31131528516404,41.7851649068672],[-122.31158352659945,41.78506658013481],[-122.31205159377825,41.78482050074023],[-122.3126531820493,41.78452550443974],[-122.3129437861454,41.78429502145483],[-122.31323508913079,41.783998168620386],[-122.31384319018763,41.78359041983342],[-122.31475129351507,41.7831445306348],[-122.31481978376732,41.78310735871569],[-122.31521497691529,41.78289237501152],[-122.31526406804893,41.78286561310943],[-122.31537688027895,41.782683810462],[-122.31537715067185,41.782617448050075],[-122.3153809200028,41.78256802016641],[-122.31536142656111,41.78233879684461],[-122.31535870466583,41.782302181779755],[-122.31541501735602,41.782135778268085],[-122.31541530212196,41.782134937594854],[-122.31542824235362,41.78202059923519],[-122.3156033590368,41.78191847224627],[-122.31569891642684,41.78185896173115],[-122.31584203871284,41.781761567067406],[-122.31594181189651,41.781658665972905],[-122.31608114059708,41.781549165200936],[-122.3163001184223,41.78154694057837],[-122.31636193598861,41.78155450268717],[-122.31657317752259,41.781632802513926],[-122.31676140242239,41.78169678725887],[-122.31720197217032,41.781805410258734],[-122.3173352165815,41.78185799512025],[-122.31771080759167,41.78196278892199],[-122.3177726925316,41.78198003649928],[-122.31803114143209,41.781924552578],[-122.3183412587328,41.78185795023953],[-122.31863650981386,41.781852312010464],[-122.31906589912977,41.78185529691588],[-122.31927100696701,41.78188670741044],[-122.31971333561629,41.78197580900786],[-122.32007950779072,41.782114931578484],[-122.32056137758386,41.78249665582479],[-122.3208006402665,41.78284667372495],[-122.32092366544299,41.78307525284567],[-122.32093971564218,41.78310507319089],[-122.32109767091016,41.78348487980501],[-122.32121578499697,41.78380384649455],[-122.32131650590325,41.78392443530522],[-122.3213404424123,41.78397562516196],[-122.32153796128203,41.78397244744132],[-122.32228738350274,41.7839465782172],[-122.32265221000091,41.78391840004245],[-122.32289750217575,41.783903915409525],[-122.32298893270537,41.783894305204726],[-122.32311800893358,41.78389293738987],[-122.32352032123022,41.78390584589028],[-122.32382634400985,41.78391537973148],[-122.32409650694164,41.78392522906611],[-122.32441473513106,41.78396253983782],[-122.32478006917734,41.78399587910833],[-122.32490230922625,41.7840026853492],[-122.32586769272947,41.7840736548192],[-122.32621166843155,41.78420367711497],[-122.326250285209,41.78422004660252],[-122.32641712032357,41.784290479962635],[-122.3269396110355,41.78441342232933],[-122.32734441256379,41.784431864233326],[-122.32740735122754,41.78443119506801],[-122.32785851929921,41.78446616313309],[-122.32858900683037,41.78455341843315],[-122.32866424792194,41.78456858079108],[-122.32909775242017,41.784655951162996],[-122.32954856116574,41.78468779366719],[-122.32958422607912,41.78469358771787],[-122.32992084637566,41.784781537323674],[-122.33009401730793,41.7848258433128],[-122.33058483072803,41.785070471838395],[-122.33111301316563,41.78481697608896],[-122.33122785828313,41.784737000881776],[-122.33151495176308,41.784537306246946],[-122.33161918508213,41.78447146487522],[-122.33182722412215,41.78434005053333],[-122.3322703980861,41.78406740991094],[-122.3323379657685,41.784025760650614],[-122.33265157931231,41.78393015708209],[-122.33304114002347,41.78377421336025],[-122.33389743301692,41.78347289359665],[-122.33474102742551,41.78334505150911],[-122.33560582746468,41.7833002990485],[-122.33635856626545,41.78338756531299],[-122.33697774085479,41.783523886879586],[-122.33769732463504,41.783652472806466],[-122.33830128266182,41.78374055512951],[-122.33870375575687,41.78379925004055],[-122.33916290176658,41.7837529900821],[-122.33925724463435,41.78375748673293],[-122.3395215685168,41.78376526092099],[-122.33992161166903,41.783789554080364],[-122.33998492942183,41.783795322758245],[-122.34051179133596,41.7838416583782],[-122.34099830362248,41.78378263260405],[-122.34146129531992,41.78364979410311],[-122.3415089554373,41.78363593772262],[-122.34172050868672,41.7835511616077],[-122.3420542750356,41.78347021756516],[-122.34212128486423,41.783457118071134],[-122.34269785864785,41.78334102707119],[-122.34294910216146,41.78328352942735],[-122.34300771274218,41.783272490345446],[-122.34329207624201,41.78321987918011],[-122.34345489229396,41.783202590405736],[-122.34369747335329,41.78317674900465],[-122.34382952300514,41.783169581627824],[-122.34420364077823,41.78315440889136],[-122.3444509317046,41.7831645436983],[-122.34470817237104,41.78321606372684],[-122.34491343112524,41.78324924865075],[-122.34561743542355,41.78319569030121],[-122.34589142877171,41.7831815156447],[-122.34606625709567,41.783191091794045],[-122.34611157171187,41.78318982109216],[-122.34643120935796,41.78314686237773],[-122.3464598817852,41.78312572865169],[-122.346614825002,41.783011509282495],[-122.34672189789568,41.782911126154374],[-122.34673324900758,41.78281771267967],[-122.34673740102085,41.78278354485905],[-122.34667278160921,41.782600693657],[-122.34667489534507,41.78238507992865],[-122.34669949840406,41.78215293268847],[-122.3467238202904,41.781937404536464],[-122.3468591263351,41.78170593357751],[-122.34710562854063,41.78144192236165],[-122.3473524649195,41.781144734780895],[-122.34753185399013,41.78094667483254],[-122.34775691251154,41.78059954980003],[-122.34804218600473,41.78037184676232],[-122.34847369534471,41.78007048823418],[-122.3485048147828,41.78004947541256],[-122.34854246497298,41.78002809414941],[-122.34873360670251,41.77994096867726],[-122.34925638307874,41.779720245506155],[-122.34974025521663,41.77951594853434],[-122.3500517810757,41.779401610193986],[-122.35007794001677,41.77938617865908],[-122.35038612773624,41.77920437820462],[-122.35056088419499,41.77889368392099],[-122.35079367810927,41.7784473286386],[-122.35095088508062,41.778145898095794],[-122.35106061429258,41.777889943220664],[-122.35117785521695,41.77761635539134],[-122.35136020154152,41.777119720406695],[-122.35147415822522,41.77680513252733],[-122.35159332783248,41.776601260375045],[-122.35167917892586,41.77645915073464],[-122.35170094600352,41.77643943369219],[-122.35202807290412,41.77627556066424],[-122.35219659954636,41.77621884518202],[-122.35254367353787,41.77623063110015],[-122.35267631517945,41.77622723259171],[-122.35280725631021,41.77622674555928],[-122.35288443147458,41.77622188461327],[-122.35362876923081,41.776148134987174],[-122.35383176153556,41.7761601386428],[-122.35447860243903,41.77619838847276],[-122.35458951742716,41.77621754553539],[-122.35484235904364,41.77626109239274],[-122.35531400690716,41.776304495857644],[-122.35537950487117,41.77630866276024],[-122.35566847762671,41.776287268191304],[-122.35578039513469,41.77617924078332],[-122.35595870712534,41.776017519553335],[-122.35625044489531,41.775654228633826],[-122.35638552097134,41.775439324451334],[-122.35650514602445,41.775200668468756],[-122.3566342707617,41.77494305447089],[-122.35690606144081,41.774363921145245],[-122.35733215483796,41.77385206325926],[-122.35791162299344,41.7735235498702],[-122.35873065297058,41.77361103578359],[-122.35921662806459,41.77376307833419],[-122.35972550480841,41.77384889240636],[-122.36030046252286,41.773968200245434],[-122.36052294287937,41.77406023647866],[-122.36066749707994,41.774116822560934],[-122.36107528101498,41.77427644697786],[-122.36140162638125,41.774637539597464],[-122.36151155861249,41.774754599003494],[-122.36161275293094,41.7748636270144],[-122.3616326290549,41.774885045505954],[-122.36177469492215,41.77503813348213],[-122.36223930179047,41.77529242290248],[-122.36232576912812,41.77533977023175],[-122.36274350459986,41.7756738460986],[-122.36298605691312,41.77606296242746],[-122.36314067673644,41.77650438361147],[-122.36331928067953,41.77682996492514],[-122.36339921816341,41.77697561155476],[-122.36343009146307,41.777061251841005],[-122.36349769417978,41.77724895358085],[-122.36363653509517,41.77748087740779],[-122.36383858866046,41.777584265529384],[-122.36422176234994,41.77773794126861],[-122.36449237893098,41.77782885000293],[-122.36472624273877,41.777907381476076],[-122.3653734672229,41.77797162852067],[-122.36604200603374,41.77792983194173],[-122.36641727095547,41.777888094287],[-122.3666906148217,41.777857639796316],[-122.36689411377628,41.77775270061558],[-122.36730079188517,41.77757306803821],[-122.36750473281089,41.77742262622161],[-122.36764634233397,41.77720510392468],[-122.3682277652235,41.776869517338646],[-122.36877935326581,41.77654899276323],[-122.36899174015181,41.776417509261016],[-122.36918580410097,41.77629728349796],[-122.36919746962324,41.776290056399226],[-122.36933940613307,41.77619150503245],[-122.36948163190044,41.776103780127016],[-122.36978592901639,41.77602577032509],[-122.37032949600157,41.77594117440729],[-122.37054574384666,41.77598153596652],[-122.37098010443934,41.77606264153456],[-122.37138725146883,41.77618241018119],[-122.37150492538115,41.7762170598427],[-122.37188988581975,41.77618883740607],[-122.3722752666699,41.776115162103316],[-122.3725584066643,41.7761470054992],[-122.37310503959952,41.776322847644906],[-122.37343333610663,41.77652818445246],[-122.3734618917529,41.77654324085135],[-122.37390958064947,41.776692406531055],[-122.37451500382845,41.77689269167462],[-122.3752025914149,41.77697220906634],[-122.37603541322662,41.776944719177315],[-122.37631702339009,41.77693542412875],[-122.37669815880218,41.77668942473486],[-122.37683853134513,41.77676718854059],[-122.37723511598351,41.77700576902304],[-122.3772626053295,41.77702563059248],[-122.37757287264886,41.77725011788473],[-122.37767856393361,41.7773623485079],[-122.37784489868656,41.777544046999104],[-122.37787480180573,41.77756544918771],[-122.37809095532774,41.777726128161355],[-122.37851580186323,41.77779092805878],[-122.3785772178826,41.777790497980085],[-122.37892442751969,41.77774054652939],[-122.37945237280204,41.77766860940504],[-122.38004642869946,41.77761952940751],[-122.38084949022411,41.777623861021596],[-122.38097707614727,41.77765936336449],[-122.3810839819543,41.77768743911459],[-122.38130496122598,41.777909475593745],[-122.3814044559319,41.77811291686041],[-122.38148519650962,41.77831213108847],[-122.38177919893243,41.77865078159694],[-122.3818140257177,41.77869089693916],[-122.38197660371614,41.77880734135337],[-122.38212369745403,41.778964148587804],[-122.38213607713693,41.778977346803906],[-122.38216033973447,41.77899814360179],[-122.38222763522732,41.77907444826477],[-122.38230951576716,41.77916151797358],[-122.38228381945845,41.779525554706105],[-122.38228710908903,41.779551857120516],[-122.38228274148013,41.77961448139483],[-122.38232094682918,41.77993929464191],[-122.38232420412037,41.77996718182698],[-122.3826341453513,41.78018783916984],[-122.38265544350836,41.78022027673602],[-122.38276706906386,41.78042377029107],[-122.382923557383,41.78059131502385],[-122.38309990565641,41.780911120719736],[-122.38314040889597,41.78136444958784],[-122.38329038263264,41.78168455822558],[-122.38329633217477,41.78171408380773],[-122.38335831592937,41.782020096839915],[-122.38333347841007,41.782271742782434],[-122.38321910670473,41.78250602174184],[-122.3829770251087,41.7826123082593],[-122.38285888047918,41.78267200362468],[-122.38271007095909,41.78274760191045],[-122.38243088175531,41.782871012112416],[-122.3819581631,41.78306984716137],[-122.38164357039254,41.78313529007269],[-122.38128274229574,41.78335150614973],[-122.38098893211239,41.7836016537852],[-122.38088090251296,41.78372463565371],[-122.38073949870409,41.783885610670985],[-122.38029191850366,41.78429322629278],[-122.37958698983896,41.7846493459413],[-122.37954193214095,41.784703852228986],[-122.37949186992846,41.78476423758325],[-122.37942912889409,41.78484029156659],[-122.37974020290056,41.78494220022614],[-122.38010395321699,41.78499725083603],[-122.38036879273241,41.78502876830374],[-122.38048175228613,41.785042201051404],[-122.3805373211713,41.78504060886838],[-122.3809504410991,41.785028779020976],[-122.38142105949328,41.7850553665346],[-122.38182549361062,41.78508276988812],[-122.38228185124969,41.78516785008915],[-122.38263534909377,41.78524133748768],[-122.38337112680361,41.785666580912896],[-122.38347970168044,41.78572954819256],[-122.38367430731371,41.78581836848385],[-122.38403788245867,41.78598430763139],[-122.38408162861636,41.78600014750754],[-122.38439889201514,41.78610694533222],[-122.38446487147614,41.786134920930145],[-122.38465803441504,41.78628612398274],[-122.38468917810764,41.786333664809824],[-122.38482730665898,41.78663531675219],[-122.38483811518849,41.78671021711035],[-122.3850067999342,41.78696861239267],[-122.38523834698691,41.78706475062575],[-122.38576909321631,41.787026724294876],[-122.38642611562526,41.78713824388778],[-122.38659263632945,41.78718020995409],[-122.3870903595907,41.787373462886094],[-122.38734619619038,41.7875079956417],[-122.38769616994362,41.78765208216439],[-122.38773091318554,41.78767904769762],[-122.3880141681643,41.78801384830596],[-122.38806699718783,41.78804208697195],[-122.38842573759992,41.78823309684023],[-122.38876935307756,41.78834182732061],[-122.38886683735386,41.78831841733571],[-122.38910622669898,41.78826015590038],[-122.38973676587501,41.78797819965154],[-122.39029011102204,41.78795274865825],[-122.39079077446922,41.78796705487995],[-122.39120506400354,41.7880331424964],[-122.3915520427736,41.78808854209569],[-122.3921341142468,41.78828587669901],[-122.39235673474052,41.788361313643264],[-122.39257064966078,41.78838535187914],[-122.3926820039251,41.788407919239255],[-122.39296228458194,41.78852871238447],[-122.39302760288287,41.788549451831415],[-122.39331709127141,41.78876913590667],[-122.39376297455425,41.78904001040079],[-122.39447872971475,41.78920114822622],[-122.39475799527536,41.78921034772695],[-122.39489914845424,41.789215016129845],[-122.39504909524146,41.78921906899983],[-122.3955844327603,41.789170096301305],[-122.3961851056481,41.78900240653779],[-122.39653961409687,41.788887905609734],[-122.39673601546237,41.78882443775051],[-122.39717390733247,41.78877265230325],[-122.39769304822673,41.788736526510384],[-122.39784712187435,41.7887258761759],[-122.3983364387012,41.78861076524364],[-122.39870243929742,41.788377871621],[-122.39891327569124,41.78827425508688],[-122.39910180152663,41.788135127126296],[-122.39948440119268,41.78795896840557],[-122.39964239508822,41.787892652981036],[-122.39973269733385,41.78779555951508],[-122.39979405047112,41.787729562076784],[-122.39992348512715,41.78759033179403],[-122.3999503375676,41.787568624172366],[-122.40081862576504,41.7870492626617],[-122.40119786932515,41.78678582001225],[-122.40164466439803,41.786406639803666],[-122.40213548410634,41.78607737622517],[-122.40258226660279,41.785698132212474],[-122.40308105257104,41.7853297793339],[-122.40312116145014,41.785307265816016],[-122.40330380332045,41.78521413916903],[-122.40349629252292,41.785122302475365],[-122.40388244502589,41.78491113284178],[-122.40461815176886,41.78438102372524],[-122.40473045824737,41.78430100443486],[-122.4051122413448,41.784113351469266],[-122.4052350679936,41.784052991625714],[-122.40529104291728,41.78401657983123],[-122.40561411751763,41.783806176203996],[-122.40588116958361,41.783691414804366],[-122.40617890540473,41.78352671764296],[-122.40623760132539,41.78349424490787],[-122.40637067595497,41.78347990955461],[-122.40647014550807,41.783462002583114],[-122.40681462696163,41.78341424393634],[-122.40742055050222,41.783384494068734],[-122.40765044645144,41.78339646354745],[-122.4077179350821,41.783403452719874],[-122.40776717803104,41.78340073649475],[-122.40806726923482,41.78335379568479],[-122.40813667846358,41.78334294082275],[-122.40841095657771,41.78329779850969],[-122.40865768336207,41.78330934801062],[-122.40885132869629,41.78337891826961],[-122.40892999596235,41.78341096035225],[-122.40901961908162,41.783444800953966],[-122.40944254322243,41.78358363632348],[-122.40958346283935,41.78362763702189],[-122.40993711699032,41.78369573663052],[-122.41015149903455,41.78370411234486],[-122.41042458867756,41.78371481844066],[-122.41058474571629,41.78371564033762],[-122.4107999074982,41.78372294028222],[-122.41103390425668,41.783755457780885],[-122.41134943480529,41.78396133211621],[-122.41137266613684,41.78425962393094],[-122.41137853662723,41.78439907244515],[-122.41137813418197,41.78444352137339],[-122.41137717927282,41.78454912881683],[-122.4113824972993,41.78475157441411],[-122.4114254080238,41.78479390911026],[-122.41160475577195,41.78497082740658],[-122.41161651382072,41.78501174325995],[-122.41165049439297,41.785126625544756],[-122.41162420699281,41.785636783193326],[-122.41162610872628,41.78566783749944],[-122.41164521409574,41.78591781400168],[-122.41154869730497,41.786195663958345],[-122.4116348798767,41.78658206867512],[-122.41185677902324,41.786834941890355],[-122.4122576252693,41.787139071099254],[-122.41252444287498,41.78739211492703],[-122.41303736922414,41.787696810823704],[-122.41311700128082,41.7877441865036],[-122.41328318152354,41.78784287015145],[-122.41355029557326,41.78800152335674],[-122.41378481065964,41.78810685166244],[-122.41393032605758,41.78817221240602],[-122.41404164079601,41.788222192569584],[-122.41446554949037,41.788425028444955],[-122.41464798205322,41.78850571037146],[-122.414783236894,41.78856155564388],[-122.41500182664703,41.7886634476718],[-122.41551523269652,41.788917788221006],[-122.41585111637451,41.78896985687129],[-122.41598476592586,41.78897053603603],[-122.41631961654127,41.789072788428946],[-122.4167623072116,41.7891413182847],[-122.41732368329725,41.78927116017806],[-122.4180711076648,41.78938103690663],[-122.41830929775902,41.78949412706225],[-122.41839368819173,41.78957428655331],[-122.41854641256984,41.78971909916182],[-122.41878501319414,41.78978744882585],[-122.41893138738148,41.789813798603866],[-122.41897446698924,41.78982509241506],[-122.41947385123545,41.78997347303029],[-122.41955984066941,41.79001024245148],[-122.41964483117673,41.790046585203875],[-122.4198877589858,41.79017342132213],[-122.41993367816815,41.790264564261804],[-122.42001476369896,41.790425507454216],[-122.42003464161955,41.79046507224497],[-122.42011884789765,41.79055225374315],[-122.42011685094279,41.790772973115494],[-122.42014393694525,41.79103852521828],[-122.42017208295971,41.79119351694972],[-122.42021553447,41.7913792678293],[-122.42024472971674,41.79154276670954],[-122.4203165203793,41.791944795431434],[-122.42032120689014,41.79197103984065],[-122.42033903934686,41.79203825722573],[-122.42037744232525,41.79218299528334],[-122.42071594459229,41.793458889055806],[-122.42082998481928,41.79392541810879],[-122.42101670414269,41.79468927488061],[-122.42104995258798,41.79482528644312],[-122.42114426131975,41.79493643416647],[-122.42185595699351,41.79577521687578],[-122.42216203367204,41.79591476423921],[-122.42231583602847,41.79602609826284],[-122.42299233391273,41.79640554504344],[-122.42356709220117,41.79696377473331],[-122.42387064730873,41.79738468713682],[-122.42397780913562,41.797533272592744],[-122.42477535769937,41.798633760215715],[-122.42554446560122,41.79957733923771],[-122.42625827950239,41.80000609643043],[-122.4266671432124,41.800126862362326],[-122.42718284715238,41.80027921705749],[-122.42783680540788,41.80072997005743],[-122.4288466815688,41.80149579621948],[-122.4289237228842,41.80159905454436],[-122.42985151548605,41.802843303070716],[-122.43114708106017,41.80380916575505],[-122.43121813779916,41.8038569875548],[-122.43211173153813,41.80426420632801],[-122.43267808968037,41.804468378234134],[-122.43348790204438,41.804774452066525],[-122.43460187138717,41.80504845836508],[-122.43670139769957,41.805444703941866],[-122.4367118046821,41.80544666725474],[-122.43908499376263,41.80587324643746],[-122.44046942248129,41.8061088955438],[-122.44061246571556,41.80618060590184],[-122.44255191404093,41.807517098511134],[-122.44298387164025,41.80779212826793],[-122.44310320653753,41.80786818840916],[-122.44342589755726,41.80800014107657],[-122.44396490649066,41.80822069523705],[-122.44407964381033,41.80825279788746],[-122.44408863414971,41.80825531419247],[-122.44436177589498,41.807970182324134],[-122.44459758725034,41.80772401809984],[-122.4464051395358,41.80758160180048],[-122.44828162763783,41.8094428056204],[-122.45064310987357,41.810148867966234],[-122.45073611245495,41.81121594908365],[-122.45098530331815,41.81148270871832],[-122.45153267287188,41.81158320980487],[-122.45218045970138,41.81162263900649],[-122.4532055227805,41.81201219331297],[-122.45325372278538,41.812030510105934],[-122.4536452013997,41.81226666751262],[-122.4539827505542,41.81247030104691],[-122.45493817713084,41.81354888018063],[-122.4558257512591,41.81469428461535],[-122.45649304051338,41.81536869749862],[-122.4571831945866,41.81599286830686],[-122.4579140073079,41.81650697804619],[-122.45811988949293,41.81665180946853],[-122.45938866550864,41.817832545448944],[-122.4599445744475,41.81843281993803],[-122.46012233127928,41.81862474880366],[-122.46024659163928,41.818793140998245],[-122.46035378580551,41.818946869922335],[-122.46065498912363,41.81948114646315]],[[-122.55639228386022,41.69555529624936],[-122.5552027715919,41.696381305877004],[-122.55463878679865,41.69765286222718],[-122.55430526658817,41.698977027431305],[-122.55341409919875,41.69962514178379],[-122.55341820180467,41.69973961621555],[-122.55233781867369,41.69936053801704],[-122.55191814373927,41.69828073777259],[-122.55098187912597,41.697669618675924],[-122.54928216150553,41.69701665187938],[-122.54833570011544,41.69611932819233],[-122.547580357997,41.69541676814484],[-122.54731107721081,41.69516630024621],[-122.54609943494549,41.693243313588425],[-122.54524964575468,41.69291680184186],[-122.54369828131014,41.69214621606467],[-122.5422869696083,41.69102912243811],[-122.5420320178492,41.69028965006114],[-122.54167031299667,41.68869316381285],[-122.54170357581502,41.687489662214034],[-122.54183746521655,41.68697146372522],[-122.5414900705265,41.68577563882703],[-122.54093266768935,41.685099543738716],[-122.54059141927246,41.68407542752826],[-122.54049488721036,41.68350459987735],[-122.54076062593938,41.68241097522738],[-122.54042755488656,41.681615806993605],[-122.53973834134943,41.68151513848116],[-122.53859033663714,41.6813664299322],[-122.53872015936537,41.680733767329755],[-122.53816078382783,41.68000042896709],[-122.53761160955868,41.67955326794931],[-122.53683814752263,41.67922517309441],[-122.53605043551123,41.67849642153564],[-122.53601173878373,41.67740894021827],[-122.5354361279941,41.67621770681643],[-122.53383149614815,41.67607814068575],[-122.5329779007955,41.67563708173076],[-122.53308335223008,41.674317601300075],[-122.53372365339831,41.67304464966004],[-122.53369923718886,41.672357823632446],[-122.53232101133726,41.6721564131996],[-122.53222456012354,41.67158558718311],[-122.53110203342932,41.670004396635875],[-122.53072848249313,41.66806450975536],[-122.53020476737744,41.66618491704462],[-122.53068876617779,41.6648005799695],[-122.53100833824688,41.66307589042347],[-122.53131773420041,41.66106503099662],[-122.53132270368054,41.65906028866315],[-122.53080716503058,41.65740965764169],[-122.53028961774761,41.65570179390683],[-122.52985428697441,41.654164106034],[-122.52948897628433,41.65245319015096],[-122.5295898957183,41.65190851998299],[-122.52968070730869,41.65141839485042],[-122.52942805703334,41.65073616895864],[-122.5311741367056,41.65058655965986],[-122.5339297583655,41.65098937993168],[-122.53538977941703,41.651360938140364],[-122.53663375294772,41.65208047972351],[-122.5370569977871,41.65327473517902],[-122.53703793194352,41.65487882201688],[-122.5363897076345,41.65592282328531],[-122.53518841216462,41.6564051963491],[-122.53507284839489,41.65743847726782],[-122.53540384613603,41.658626249422795],[-122.5354220334273,41.65869151113434],[-122.53582900798023,41.65942790435111],[-122.53664349697362,41.65918641717393],[-122.53665798769747,41.659182120522665],[-122.53717847965792,41.65882799077774],[-122.53868624526842,41.65839670034553],[-122.53970410745225,41.65917805004604],[-122.54072811231599,41.66013109630187],[-122.54195188273597,41.660278246556736],[-122.5427292461553,41.66072077111885],[-122.54200698898875,41.66182358009549],[-122.54172093665622,41.662344830617364],[-122.54067994015888,41.66305312934219],[-122.54039999367531,41.66374608241333],[-122.5419180476908,41.66360092451375],[-122.54262546558716,41.66421669039505],[-122.543413087767,41.66494538754408],[-122.54355268416553,41.66545930611292],[-122.54367613244851,41.66591377236198],[-122.54313464685987,41.667814811763655],[-122.54280309485816,41.669196131463565],[-122.54253539331025,41.6702325052435],[-122.54294455076932,41.671026121818706],[-122.54322032188345,41.670807318386345],[-122.54338898327298,41.67067349655333],[-122.5440454118955,41.66985838050578],[-122.54520804118062,41.66828844796842],[-122.54583989459191,41.66678650550141],[-122.54678842390378,41.665621819862615],[-122.54767309018546,41.66480207648565],[-122.54925088576059,41.66419741334412],[-122.55011263422274,41.66486729435782],[-122.55071092837167,41.6666880262906],[-122.55071912100705,41.66691696534414],[-122.55115293093249,41.66839737090516],[-122.55151474537946,41.66999378833361],[-122.55131508851939,41.670799701627885],[-122.54995936546563,41.67122807058828],[-122.54898010927946,41.67153425938308],[-122.54906850619837,41.67187613102926],[-122.5505867156224,41.671730867322225],[-122.55173664003445,41.67193670103675],[-122.55244832403007,41.67266688900495],[-122.55232478591559,41.67347126513805],[-122.55118712799872,41.67360884810221],[-122.54937259849845,41.67398921941031],[-122.54816085472349,41.67418555011497],[-122.54765462621312,41.674940381076055],[-122.54779417230598,41.67671314373883],[-122.54801394064867,41.678598843910194],[-122.54920696083813,41.6800066531384],[-122.54985486175367,41.68108181887741],[-122.55035052877126,41.68216006219715],[-122.55143269056649,41.682596384859444],[-122.5523646612327,41.6830930171831],[-122.55202501810524,41.68424544370274],[-122.55089333308675,41.68455473510156],[-122.55038091518406,41.6851378773464],[-122.55057619365544,41.68633675711461],[-122.5512016321973,41.68678232467477],[-122.55169121223051,41.68768886252989],[-122.55149150686138,41.688494793077204],[-122.55114157802392,41.68936104308105],[-122.55110642604856,41.69050731395598],[-122.55377115796462,41.69045336896421],[-122.55546460175114,41.69093455961782],[-122.55626497102486,41.6920066200833],[-122.55698922514628,41.69308022159475],[-122.55786166984855,41.694036258037315],[-122.55744386879978,41.69513302215],[-122.55639228386022,41.69555529624936]],[[-122.58707006073168,41.71088333090277],[-122.58681954754839,41.71185507151718],[-122.58553663923662,41.712602785550224],[-122.58435997287685,41.712508921683366],[-122.58369752015206,41.712456071437124],[-122.58212897542772,41.711235193975476],[-122.58168466689158,41.70949008985703],[-122.58171841120692,41.70645502873132],[-122.58250173315152,41.705750175281395],[-122.58418398392956,41.70485651859531],[-122.58488590323805,41.70568384329404],[-122.58597526323366,41.70696778826932],[-122.58698587152153,41.70982933759045],[-122.58707006073168,41.71088333090277]],[[-122.50532346150494,41.80365371703702],[-122.5047238243747,41.802877934976514],[-122.50332654166264,41.802126611878705],[-122.50312066127425,41.80068991203252],[-122.50417419196472,41.80081223498383],[-122.50573542260604,41.80191174619663],[-122.50691871763426,41.80290598294262],[-122.50712448573323,41.80333153976334],[-122.50667056702018,41.80398501641159],[-122.50532346150494,41.80365371703702]]]},"properties":{"OBJECTID":143,"Basin_Number":"1-004","Basin_Subbasin_Number":"1-004","Basin_Name":"SHASTA VALLEY","Basin_Subbasin_Name":"SHASTA VALLEY","Region_Office":"NRO","Date_Data_Applies_To":null,"Area_Acres":218215,"Area_SqMiles":340.961}},{"type":"Feature","id":222,"geometry":{"type":"Polygon","coordinates":[[[-121.43164550674358,41.997124233444545],[-121.438123308563,41.99719651604598],[-121.44393587827017,41.997261093712396],[-121.44942068596778,41.997321785176204],[-121.45452125547232,41.99737801163432],[-121.45802710154848,41.997416539156916],[-121.46340687283322,41.99745481163107],[-121.46793180370032,41.99754388076489],[-121.47148353392458,41.9975893559386],[-121.4779465000671,41.99767184832947],[-121.48232124968669,41.99772750034044],[-121.48555537515236,41.99776854451013],[-121.4902372318181,41.99782781617004],[-121.49465175614354,41.99788354415102],[-121.50200610796608,41.99800303986558],[-121.50977154682896,41.99812875136087],[-121.5170285850551,41.998245800540545],[-121.52333539615346,41.998347185709044],[-121.53124414774517,41.99847387922343],[-121.5388281493785,41.998594905955635],[-121.54548393440518,41.998663802860975],[-121.55259329229358,41.99873700899571],[-121.55953633788685,41.998808116808185],[-121.56955698559241,41.99891007253769],[-121.5802235318687,41.99901772931123],[-121.59008276938566,41.99911643755877],[-121.59864505971964,41.9992015375667],[-121.59825943542603,41.99731049795292],[-121.59562182005511,41.99445227518847],[-121.59252703047655,41.99109828989278],[-121.58975133685992,41.98761523692633],[-121.58663471552498,41.98370391343941],[-121.58472907080375,41.980139564950385],[-121.58202370449409,41.975078770962334],[-121.58042112799353,41.972095589204116],[-121.57895288735719,41.969362249037374],[-121.57745425671479,41.96634960226852],[-121.57607001754066,41.963566682680494],[-121.57536714601797,41.96126286149717],[-121.57466432030932,41.958959043188365],[-121.57574635813707,41.95604807048358],[-121.57581337694883,41.95261212303054],[-121.57631978691889,41.948985851605705],[-121.57677544207539,41.944336240982054],[-121.57656994077603,41.942083469587004],[-121.57630452005064,41.939173622549276],[-121.57675447719328,41.93693135858519],[-121.57526345887459,41.934266430860475],[-121.57485439034872,41.93060277948115],[-121.57441036568021,41.926625654573165],[-121.57403348738421,41.92324963202714],[-121.57436751244788,41.91968168406628],[-121.57427253087795,41.91539075527565],[-121.57361753686496,41.9116428285622],[-121.57321955175306,41.90660291979674],[-121.57227955014815,41.90301799353179],[-121.57256457570635,41.89900405254157],[-121.57341661607524,41.89512609974048],[-121.57209557966956,41.89224087451456],[-121.57053458438686,41.8888312563997],[-121.57051760443137,41.88451732747895],[-121.5714436444201,41.880905367405425],[-121.57186737614636,41.877339030363814],[-121.5723417009894,41.873346474518314],[-121.57228831770533,41.87093188962133],[-121.57222072756505,41.86787456367028],[-121.57132473083267,41.86338365326861],[-121.57140215123712,41.861021203247404],[-121.57152520515969,41.8572659807712],[-121.57165600076338,41.85327412366541],[-121.57173480367503,41.85086884922322],[-121.56953777332342,41.847207626491176],[-121.56760877599807,41.8439927405694],[-121.56573771911022,41.8408741247133],[-121.56383888092391,41.838512303551724],[-121.5612259764098,41.83526202031776],[-121.55884455786295,41.83193983100441],[-121.55667199761969,41.8291234351862],[-121.55456623520261,41.82639339218228],[-121.55134792996742,41.826240517213485],[-121.54954919644308,41.825252385477235],[-121.54905408368603,41.82434832815421],[-121.54381740594124,41.82344122890663],[-121.5426254107295,41.822324321620094],[-121.54036024226527,41.819229295129134],[-121.53776448748826,41.81551187378746],[-121.53434151728521,41.81404674609204],[-121.53103492921718,41.81549818363823],[-121.5270236002323,41.81845444547159],[-121.52407010576646,41.821099662718346],[-121.52131339894167,41.82677409295969],[-121.51948279229276,41.8288205019178],[-121.51704668790468,41.829106262546574],[-121.51407965672581,41.82757271487039],[-121.5116005742396,41.826771843800444],[-121.50933042731205,41.82545081660001],[-121.50771394938245,41.82325582266969],[-121.5040149780966,41.822540329182544],[-121.50168268571773,41.82351042825534],[-121.50024704314642,41.825890922382946],[-121.49793745658461,41.82937904826129],[-121.49604093515342,41.831712796303144],[-121.49288106442913,41.833045292389826],[-121.48932335681498,41.833986213380065],[-121.48525091184806,41.833507940947044],[-121.48199645391423,41.83243812086347],[-121.47967268025917,41.831690283684864],[-121.47752627805866,41.83156770443433],[-121.47396399712139,41.83239399370582],[-121.47034979805227,41.833850861235206],[-121.46765672428899,41.835401130958076],[-121.46492128418024,41.83586440568167],[-121.46186150104995,41.835304482948466],[-121.45852739129654,41.83469426607555],[-121.45570501582786,41.834277746540316],[-121.45225912780532,41.833769119308265],[-121.44845008415106,41.833206771350724],[-121.44313765686825,41.83229734584075],[-121.4385495340125,41.83034059913045],[-121.43707919042006,41.82791247066251],[-121.43696443423579,41.82493847695972],[-121.43646995029941,41.82203030461435],[-121.43524881912974,41.82011176160358],[-121.43236392630719,41.81668527768685],[-121.43110231166094,41.814887927935935],[-121.42898611082026,41.81187287316482],[-121.42702477144974,41.80907820892928],[-121.42520290540854,41.805667212795974],[-121.42339995249733,41.802291294068034],[-121.42167869866626,41.799912977742984],[-121.41928308044973,41.796602578124116],[-121.41545300453971,41.79439953784645],[-121.41280594967179,41.79314254288848],[-121.41144662437374,41.79557711706853],[-121.40950010451047,41.7966512846281],[-121.4071367519823,41.79681888741162],[-121.40453558665237,41.796762727873855],[-121.40156106891388,41.79694399903456],[-121.39866303733199,41.797123614847614],[-121.39700884453353,41.79784734289579],[-121.3946118806407,41.79800307960443],[-121.39210066272182,41.7978784147262],[-121.39038916639137,41.79928713007734],[-121.38904789273896,41.800253298161365],[-121.38685973325077,41.801565732464375],[-121.3844703421558,41.80135306874724],[-121.3831694720299,41.80070796620579],[-121.3807575754421,41.80139033522325],[-121.37872802339879,41.8030797642109],[-121.37684373342852,41.804648176523365],[-121.37184854708659,41.80340646146037],[-121.36775170297825,41.802387879413054],[-121.36548205281906,41.80217652022352],[-121.36251933804512,41.80097027080448],[-121.35963987823341,41.80119781563824],[-121.35660637891003,41.802766223123626],[-121.3528777443552,41.803835095935916],[-121.34947399720095,41.80504796150721],[-121.34966111268135,41.80786528305699],[-121.34488309585599,41.8097960208935],[-121.34061581798207,41.811520136021116],[-121.33703396994127,41.81326750921187],[-121.3340461912726,41.81472493049676],[-121.32960903838516,41.815728092461654],[-121.32561412790875,41.81508762241559],[-121.32095274115335,41.814340129561046],[-121.31970832924479,41.81152541543904],[-121.31794900032041,41.80866217155886],[-121.31317445009371,41.805404709129895],[-121.30886895339603,41.802466862281555],[-121.30481939390931,41.79970330868745],[-121.30109235027082,41.79715955375475],[-121.29532423189889,41.796502648908294],[-121.2899567244144,41.79589112061032],[-121.28482982259395,41.79530678186514],[-121.28387283654199,41.79989782504131],[-121.2830823038206,41.80368989803771],[-121.28240248037316,41.80695059611187],[-121.28167347057064,41.8104468919541],[-121.28106797642475,41.81335056549762],[-121.28106104502402,41.81789149969804],[-121.28237910081957,41.82162835552076],[-121.28358622276241,41.82505036168201],[-121.28581208544139,41.82868392862382],[-121.28790444589272,41.83209920501216],[-121.29037880234222,41.835942107065485],[-121.29222365986482,41.83880704999266],[-121.29535478000845,41.84165296876167],[-121.29788888969567,41.84472389259509],[-121.298442121655,41.84623127962888],[-121.2995768672337,41.849044753895335],[-121.30015409588918,41.85047583964378],[-121.30130862057379,41.85333801211642],[-121.30247615196541,41.85623219332478],[-121.30368040019762,41.859217144558436],[-121.30503805462924,41.86288181508212],[-121.305991848967,41.865456139472535],[-121.30761390363786,41.869833690614065],[-121.30919658514983,41.87410446832337],[-121.31068864012437,41.878130231648164],[-121.31322374334833,41.88176814353896],[-121.31441716059317,41.885787712764916],[-121.3152766102665,41.8886821672477],[-121.31642503449204,41.89254946831831],[-121.31758072968147,41.896440839178226],[-121.3182840548534,41.898808823650945],[-121.3210388114357,41.900992803032544],[-121.32315017574686,41.90266657310111],[-121.3257502819631,41.90472763784287],[-121.32604730811516,41.90654460552848],[-121.32454930898842,41.909379583112674],[-121.32414317076699,41.91183168816219],[-121.32379734453542,41.913919524485856],[-121.32256136780737,41.91803124205177],[-121.3215463829274,41.92140744311894],[-121.31860074512701,41.92327710523381],[-121.31492640923952,41.92560906173709],[-121.31126864726902,41.92793024701774],[-121.30852923211515,41.92966849567742],[-121.30894004067774,41.93500553313556],[-121.3092372563743,41.938866339958594],[-121.30954501559741,41.94286368845311],[-121.30985280895646,41.94686105829065],[-121.31014652302005,41.95067516033128],[-121.3107046229499,41.95470468482394],[-121.31118463143375,41.958170035139446],[-121.31213018642372,41.961731366133385],[-121.31286609618594,41.96450285041678],[-121.31386661998647,41.96827055631977],[-121.31501075565481,41.972578585684495],[-121.31579991305549,41.97554971377807],[-121.31489596533453,41.98122364127154],[-121.31516179120015,41.98505218914962],[-121.31537943053561,41.988186422730955],[-121.31565641707031,41.99217494619361],[-121.31600159920983,41.99714488190523],[-121.32234811943701,41.997016171566656],[-121.32896866625005,41.99688156395953],[-121.33381720441848,41.99678276478826],[-121.33829056570004,41.996691444733216],[-121.34391066956093,41.996678602527005],[-121.3492432460556,41.99666618759074],[-121.35328157390632,41.99662308378918],[-121.35780449703874,41.996574650393796],[-121.3642691511157,41.996535295186874],[-121.3690144737563,41.99650619719341],[-121.37429325464015,41.99663480575088],[-121.3778415524017,41.99672112947353],[-121.38446032414375,41.99663937022527],[-121.39028637756329,41.996689112093094],[-121.39691145188537,41.99674535045963],[-121.40170306561087,41.99678580909939],[-121.40757781939693,41.9971199360483],[-121.41290455774055,41.996984948122936],[-121.41808133941547,41.99707664495594],[-121.4238974475865,41.99717941460316],[-121.42843086483809,41.9970882386532],[-121.43164550674358,41.997124233444545]]]},"properties":{"OBJECTID":222,"Basin_Number":"1-002","Basin_Subbasin_Number":"1-002.01","Basin_Name":"KLAMATH RIVER VALLEY","Basin_Subbasin_Name":"KLAMATH RIVER VALLEY - TULELAKE","Region_Office":"NRO","Date_Data_Applies_To":null,"Area_Acres":110521,"Area_SqMiles":172.69}},{"type":"Feature","id":235,"geometry":{"type":"Polygon","coordinates":[[[-121.76073773793273,41.35129217627042],[-121.76072324092067,41.354496876777],[-121.7594796698352,41.35738918309168],[-121.75842940811403,41.36124947791947],[-121.75756018746533,41.36401794488959],[-121.75603954899678,41.36754683063398],[-121.75473698285165,41.37084143554384],[-121.75372298971176,41.37378510854274],[-121.7532894304163,41.377858618178095],[-121.7553441972713,41.38146858973169],[-121.75672542708926,41.38355067848698],[-121.75851366110453,41.38625188444835],[-121.75945435171722,41.388688238338986],[-121.76150719887251,41.39224102737445],[-121.76319553753322,41.39614623162297],[-121.7647783888268,41.3993675711177],[-121.7666064209041,41.402983141175056],[-121.76834130397465,41.404426802870766],[-121.77173968818666,41.40565632586772],[-121.7744788077948,41.40570075205157],[-121.77776190312154,41.40601755656816],[-121.78150819945319,41.40649407261179],[-121.78473540160297,41.40726982595413],[-121.78842068705548,41.408091051028194],[-121.79079009422867,41.40837375891644],[-121.79200192334355,41.406511683580966],[-121.79257146601347,41.403864913876816],[-121.79320940012093,41.40104469231064],[-121.79346910217123,41.39651757206087],[-121.79253876464217,41.392593177538636],[-121.79110072626399,41.387480384486686],[-121.78997657811071,41.38258828474095],[-121.78799523325881,41.378377296230454],[-121.78713028320097,41.37653886694174],[-121.78491977183188,41.372876048711476],[-121.78227875094773,41.36979663924904],[-121.77814383713596,41.36555377730545],[-121.77523865226944,41.36162270998502],[-121.77394193505513,41.356220233710005],[-121.7716248044416,41.35181630504251],[-121.76819208302618,41.34972961901781],[-121.76421385067133,41.34908695275657],[-121.76155271381299,41.34904007770779],[-121.76073773793273,41.35129217627042]]]},"properties":{"OBJECTID":235,"Basin_Number":"5-037","Basin_Subbasin_Number":"5-037","Basin_Name":"TOAD WELL AREA","Basin_Subbasin_Name":"TOAD WELL AREA","Region_Office":"NRO","Date_Data_Applies_To":null,"Area_Acres":3358,"Area_SqMiles":5.246}},{"type":"Feature","id":249,"geometry":{"type":"Polygon","coordinates":[[[-123.14827123542996,41.85886580899058],[-123.14562808553856,41.859837947396855],[-123.14253225211762,41.860991382369384],[-123.1402109137953,41.8624151185855],[-123.13797812420714,41.86418065694938],[-123.13526275785175,41.86744558320532],[-123.13608804998476,41.86914698965529],[-123.13888467794074,41.86817177240687],[-123.1415681451204,41.866167467794085],[-123.14296604767,41.86459151813112],[-123.147168172533,41.86226874490682],[-123.15027013426081,41.86128675650577],[-123.15407647847762,41.860748195142435],[-123.15662041483577,41.8591477743993],[-123.15931741603352,41.857544057903674],[-123.1616171938907,41.85766728055348],[-123.16451592885348,41.85743390333113],[-123.16646873063554,41.85641860669132],[-123.16882686125695,41.85390521888461],[-123.17121335079356,41.852193096266994],[-123.17424634436547,41.85144128241671],[-123.17880394426447,41.85054215386044],[-123.18420846054202,41.84979683279207],[-123.18608454260556,41.84878289175989],[-123.18801196608254,41.84708036860844],[-123.19022862641977,41.847032795227996],[-123.19267462395408,41.846980586393485],[-123.19617624345682,41.84650459261846],[-123.19797537403652,41.84549204821673],[-123.20153441475054,41.84449892491787],[-123.20348230364633,41.843368683437895],[-123.20735298789873,41.842540628553195],[-123.21159149003915,41.84130350561886],[-123.21510299909491,41.841113204072194],[-123.21808796783338,41.84116313892516],[-123.21925221139105,41.83953375381377],[-123.21592600411718,41.83851733043749],[-123.21317053876415,41.83846225486205],[-123.2114182957507,41.836552403064665],[-123.2113205365899,41.83386219815291],[-123.2101789781881,41.82981954271335],[-123.20990715966123,41.82656020894346],[-123.21048246861696,41.82345449561867],[-123.21068181555827,41.820528587540096],[-123.21129448903994,41.818453090444876],[-123.2131911254555,41.8159490257354],[-123.21449125536958,41.81385886620049],[-123.2136291889038,41.81118510601309],[-123.21077613506986,41.8126213663165],[-123.20939123563402,41.8144844095114],[-123.20762241511031,41.81629819414511],[-123.20577238059677,41.81799932091343],[-123.20469103177686,41.819798441783405],[-123.2042968339622,41.82158276821201],[-123.2043079308509,41.8239885852696],[-123.20478971440578,41.82672777365154],[-123.20545561666127,41.83032254192939],[-123.20491087288308,41.83216727185679],[-123.20261661786827,41.8342789754011],[-123.19985709302844,41.83410895934398],[-123.19781209535213,41.83254889678234],[-123.19645274130802,41.83091676488193],[-123.19446780139833,41.828897235241364],[-123.19251383809461,41.82561668124609],[-123.18993833493737,41.82418246557771],[-123.18685106605436,41.82338916952011],[-123.18282398780592,41.8241054862811],[-123.17936039578576,41.82561141102256],[-123.17688392919366,41.82692435803752],[-123.17307967445818,41.827463880929066],[-123.17060578064107,41.82671442862936],[-123.16839225542418,41.824699133006575],[-123.16655915505204,41.822618720862685],[-123.16329371701049,41.823260654610905],[-123.16527592334677,41.82522371001779],[-123.16663437548236,41.82685617182131],[-123.16613330420003,41.82996009292583],[-123.1639216160379,41.83012160510546],[-123.16175938282714,41.829537062473484],[-123.15860171836518,41.828916778176996],[-123.1544650456521,41.82871765763314],[-123.1521468244838,41.830198716394754],[-123.15440184827355,41.831239529654695],[-123.1581934726961,41.83247691407634],[-123.16066748509085,41.83322655593575],[-123.16288977157669,41.833351360188686],[-123.16661346360087,41.834819066128],[-123.17020924451168,41.83485709890247],[-123.17419343090026,41.83505877717698],[-123.17875846525659,41.83438871605342],[-123.17969410464246,41.832764802916174],[-123.18061949155597,41.830854787792326],[-123.18210926121643,41.8276149637137],[-123.18567596006825,41.82685138767826],[-123.18747249811003,41.82790130606065],[-123.1878589865829,41.83012711458774],[-123.1862189907592,41.83130798094835],[-123.18364762883542,41.83210771563071],[-123.18245552492753,41.83511191737293],[-123.18282521310798,41.83687993954574],[-123.18298609239221,41.83922513155748],[-123.18134993327304,41.8426397678736],[-123.17803438091677,41.844028072305505],[-123.17601383987407,41.845274260401716],[-123.17195624585544,41.84730816318463],[-123.16752443075744,41.8495791988153],[-123.16112093667996,41.852349994928126],[-123.15737259668107,41.85449158908076],[-123.15361751752087,41.85646150624411],[-123.14827123542996,41.85886580899058]]]},"properties":{"OBJECTID":249,"Basin_Number":"1-016","Basin_Subbasin_Number":"1-016","Basin_Name":"SEIAD VALLEY","Basin_Subbasin_Name":"SEIAD VALLEY","Region_Office":"NRO","Date_Data_Applies_To":null,"Area_Acres":2245,"Area_SqMiles":3.508}},{"type":"Feature","id":310,"geometry":{"type":"Polygon","coordinates":[[[-122.82742824786787,41.649642049303864],[-122.8273272206361,41.65130469360987],[-122.82837486017496,41.653117619647446],[-122.82848257805897,41.65408861139302],[-122.83172904996994,41.65655633850799],[-122.8333308925469,41.65650988014475],[-122.83549301436658,41.653901344996235],[-122.8340832711232,41.65026264260441],[-122.83504391331837,41.64680876138505],[-122.83513063038771,41.64468814588796],[-122.83446039016769,41.642753656971415],[-122.83364475312739,41.638588558831586],[-122.83447582771585,41.63588158068668],[-122.83411225885912,41.63399859202506],[-122.83284154158409,41.63236176982347],[-122.83519334357432,41.63197428729415],[-122.83828774687733,41.63094301578047],[-122.83928890578673,41.6288055583627],[-122.83800717247138,41.626825155715274],[-122.83877254248334,41.62446297705886],[-122.84123590175713,41.62521860639754],[-122.84159613696585,41.62698719148747],[-122.84353311941575,41.62798168155128],[-122.84471809698852,41.62440911437774],[-122.84267969025143,41.62261474125901],[-122.84139644057989,41.620577290171184],[-122.84230673938988,41.617983475712215],[-122.84378252856955,41.61640963001791],[-122.84525822612108,41.61483584262866],[-122.84691782587926,41.61182705638568],[-122.8474683386382,41.609927209827916],[-122.8508278554428,41.61009330656396],[-122.85401414651791,41.61203760767237],[-122.85477156194801,41.614313768475334],[-122.85483605829049,41.616373982137624],[-122.85521248922542,41.61865745032554],[-122.85745099120048,41.619531791445276],[-122.85638138875125,41.62189959350684],[-122.85431426916273,41.624057209569926],[-122.85670694360012,41.62498584804707],[-122.85439480043303,41.626632628255436],[-122.85748080538644,41.627777235609976],[-122.85993193589427,41.62813175293082],[-122.86378187535183,41.62931885345672],[-122.8659954302131,41.62939167654107],[-122.86902394298835,41.62870454204937],[-122.8720975314279,41.62944805300411],[-122.871472941794,41.63140696380773],[-122.87062333226628,41.63348470642499],[-122.87002789296334,41.63635914299398],[-122.86948673795473,41.63854534560568],[-122.86925036605065,41.64072608592848],[-122.86962386129127,41.6428949212589],[-122.86847286429078,41.64509283565987],[-122.87214714448272,41.64370782297581],[-122.87882876146371,41.63733766429996],[-122.8806109354441,41.633409713937006],[-122.88279911020366,41.63027575844585],[-122.88602876205918,41.62872523643004],[-122.88732983879757,41.631277476113],[-122.88672048638752,41.63369430813322],[-122.88580962433386,41.63623129603217],[-122.89064369872787,41.63975931760393],[-122.89399388024003,41.638352848448775],[-122.89439491692896,41.63761370136809],[-122.89681547956432,41.636994480034375],[-122.8993324754471,41.63700370604457],[-122.90233592163264,41.63791971901587],[-122.90459927370337,41.63953686187513],[-122.90717321648695,41.64131989252327],[-122.90693997700828,41.64355788989764],[-122.90507480947541,41.644853409975006],[-122.90722730494852,41.64538466507483],[-122.90783250534534,41.64760673988812],[-122.9110229906545,41.64720149063047],[-122.91297528578674,41.64624779121155],[-122.9158744492459,41.643901306389814],[-122.91876161211118,41.64355900829149],[-122.91839109748068,41.64625775832908],[-122.92465252299594,41.646480353304696],[-122.92889324038188,41.645539201597245],[-122.9325185902386,41.64443808202021],[-122.93520874717221,41.642725149648925],[-122.93788016524894,41.64043958127369],[-122.94259432084075,41.63765628212024],[-122.94823416787497,41.637546077914365],[-122.946868235468,41.640092600309394],[-122.9461582340169,41.64171007599814],[-122.94530515699218,41.64361652633552],[-122.94564787505286,41.64710314794269],[-122.94802536436863,41.645166670678876],[-122.94941748985264,41.64342160547102],[-122.95072578455432,41.64144894247832],[-122.95325918097929,41.639624068414804],[-122.9535711038937,41.63749912648408],[-122.95317816012717,41.63481515160704],[-122.95650530524219,41.63394827024335],[-122.96035148165701,41.634960736935014],[-122.96305454648291,41.635995664307856],[-122.96690655835381,41.6371796901567],[-122.97056115286465,41.63699322523783],[-122.97256906988265,41.637755475076325],[-122.97378260130503,41.637908485759354],[-122.97665607923527,41.637521597837406],[-122.98213811652856,41.638125102907985],[-122.98930556846638,41.63793545040546],[-122.99223435836359,41.63513237868702],[-122.99129710380684,41.63217301484065],[-122.99158284532233,41.62930406201304],[-122.99281364056782,41.62733231856252],[-122.99315664878432,41.623889572758415],[-122.99094121734242,41.62376178298917],[-122.98927061142537,41.62167631730625],[-122.98833191956417,41.61865978199642],[-122.98822555274634,41.61545493765613],[-122.9899340576869,41.61410381899451],[-122.99227687113441,41.61348469219321],[-122.9950883221909,41.61319965013922],[-122.9993472286647,41.61288575452363],[-123.00237362051755,41.612195349924114],[-123.00246673359172,41.610418136126206],[-123.00201702707898,41.60836567608937],[-123.00139974164667,41.605858304355586],[-123.00008924697086,41.60313578318898],[-122.99845327380298,41.599789893993986],[-122.9970304115632,41.59369084411694],[-122.99529950084283,41.5897741612923],[-122.99303750432988,41.58821588893798],[-122.98961232786452,41.58605067545573],[-122.98875589563221,41.58320462108362],[-122.98834515983317,41.57771552226856],[-122.98767351374973,41.573548704843375],[-122.98689149795555,41.570643682349676],[-122.9860314598857,41.56768321180742],[-122.98651356413912,41.56383723544308],[-122.98768422436288,41.56238224291253],[-122.98905104250869,41.5599499488325],[-122.98695365957659,41.55873190146832],[-122.9849421232463,41.55779849803169],[-122.98330369049116,41.55662870907775],[-122.9809478667434,41.55449946850509],[-122.97957441094593,41.55212154029639],[-122.97778945308652,41.55112620698172],[-122.97734845035062,41.54930251260047],[-122.97563421236191,41.54813420625832],[-122.97084638503534,41.548457905540054],[-122.97290035238976,41.54606962457725],[-122.97491022863339,41.54465561422493],[-122.97760306524147,41.54317072682995],[-122.97959953233287,41.54135613648016],[-122.97885402407184,41.53953862815052],[-122.9751491571428,41.5403563046145],[-122.97237284458693,41.54161373985725],[-122.97178531764501,41.53996464067558],[-122.96787934936489,41.539297535785735],[-122.96619272738465,41.54127764816222],[-122.96594651264,41.5430574452221],[-122.96458303173546,41.54560386748772],[-122.96323531716247,41.550955454982756],[-122.9617935121483,41.5534462292048],[-122.95930652538591,41.55658720145799],[-122.95586143506733,41.56072038001268],[-122.95215336744093,41.56148020945084],[-122.94692465865103,41.56467463531236],[-122.9447742364896,41.564144048770444],[-122.94178828679082,41.56368706356138],[-122.93943911506774,41.56407655395588],[-122.93845308378769,41.56655780623762],[-122.93991296021045,41.56927813008043],[-122.94153428005941,41.57228132551366],[-122.94095506882208,41.575556391866954],[-122.94416633036715,41.575894779012216],[-122.948237267961,41.57455526440951],[-122.95472798845255,41.57265318681619],[-122.95915182291759,41.572795224300926],[-122.95894675550451,41.57583412947099],[-122.95826570675501,41.57830984260232],[-122.95760163975764,41.58130058815795],[-122.95757292960117,41.58508037951171],[-122.95783959089998,41.5885683198505],[-122.9591613756023,41.591691731951975],[-122.95932953034202,41.594494427433155],[-122.95629453173044,41.59724536432559],[-122.95308783991523,41.597079309082645],[-122.94793074841303,41.59786745501751],[-122.94711735716093,41.60097564139618],[-122.94943070407045,41.60178936259724],[-122.95263764651565,41.60195541781241],[-122.95643131999539,41.601422984579074],[-122.959523437086,41.602736622325416],[-122.9611145672532,41.604766857265005],[-122.9624941369845,41.60731667204474],[-122.96194090682181,41.6090455684879],[-122.96110374165573,41.611409673977654],[-122.96178083422471,41.613458043054386],[-122.96459704186061,41.61563611158714],[-122.96557716402273,41.61762089406086],[-122.96367499578166,41.62006349770526],[-122.9590026495798,41.6194108583609],[-122.95387330973168,41.61876707570171],[-122.94995949287089,41.61798477184468],[-122.94733709046932,41.61706265634351],[-122.94511814302139,41.61681942073154],[-122.94272284730003,41.61818344312136],[-122.93919384624908,41.61985572195013],[-122.93697860525,41.61972697461063],[-122.93630762751317,41.617850289569574],[-122.9344086213419,41.61571114153974],[-122.93221016177067,41.61609747399725],[-122.93034980561447,41.617507998846826],[-122.92819740356616,41.619324906476656],[-122.92316435143839,41.62165581406452],[-122.91917761563106,41.623336146319645],[-122.91535847401471,41.62312356632733],[-122.912645312125,41.621744295189515],[-122.91007760454781,41.620133229359595],[-122.90671023377269,41.61973968442275],[-122.90447492710511,41.61898085939001],[-122.90461187706681,41.61611513616293],[-122.90469471700735,41.61393739744971],[-122.90447082270255,41.6117083420458],[-122.90663800203731,41.610349818539],[-122.90904856103366,41.60944454860212],[-122.91175450136676,41.60824716494145],[-122.91086492489374,41.60666073401511],[-122.9089091047723,41.60509500500265],[-122.91004718399903,41.60255351317878],[-122.91253592876444,41.59935609974314],[-122.91349404220207,41.59595897790956],[-122.91292680730415,41.592534375863856],[-122.91331093949603,41.587888668572724],[-122.91486421825043,41.58642695249107],[-122.9163536600258,41.58771533960527],[-122.91922333808239,41.58926330814695],[-122.92228460522952,41.5896622043177],[-122.92493927691272,41.589267342055535],[-122.92624732547604,41.5872947871221],[-122.92857316615456,41.58616197485371],[-122.9265485889813,41.584826779956195],[-122.92478993379336,41.58228400951906],[-122.92276930381746,41.581063366786694],[-122.92083774180198,41.580242006792474],[-122.92136769302238,41.5777692814759],[-122.92243795573336,41.575515419903326],[-122.92316656039569,41.57212281902305],[-122.92414045633453,41.569240898956195],[-122.9220868635776,41.566990254884956],[-122.92480575402385,41.56625055943523],[-122.92650521562442,41.56461428172621],[-122.92836780409411,41.56331831844459],[-122.92890859169178,41.5611892249981],[-122.93015277812322,41.55961898774369],[-122.93052439857983,41.55697771136133],[-122.93251893968328,41.55270185177827],[-122.93490290405562,41.55105202833086],[-122.93574214522835,41.54874542181566],[-122.93713827540188,41.5471722205654],[-122.94050410826127,41.545274104311204],[-122.94479802298,41.543816262002004],[-122.94849975838197,41.54288481016768],[-122.95075287953996,41.5395769764124],[-122.95192185182928,41.538065282718],[-122.95557821961445,41.53576038617363],[-122.95752525421238,41.5347486073493],[-122.96046704542674,41.53388940234772],[-122.96047558660848,41.53182762529712],[-122.96144152077896,41.52877412123868],[-122.95965309093094,41.525316383501305],[-122.95719199002176,41.52456310192371],[-122.95259267325926,41.52362269283425],[-122.94898255343985,41.52266282763263],[-122.94444660204084,41.5213201300265],[-122.9405309364472,41.52265642348864],[-122.9403565473994,41.524320055815096],[-122.94123830044465,41.528024682272836],[-122.93890351344422,41.53116222996676],[-122.93630109137116,41.53310248086915],[-122.9320096730706,41.53461748464305],[-122.92882975554242,41.53519467311069],[-122.92535860958905,41.53617823415485],[-122.92252961982496,41.535832288051274],[-122.9237459782455,41.53340367583784],[-122.92623695622271,41.53272567871319],[-122.9272934729132,41.530071082422396],[-122.92796575949542,41.52730964989564],[-122.92831877314758,41.52409640844285],[-122.92700907617572,41.52125877955663],[-122.92460623101272,41.517583845096546],[-122.92258795462287,41.51401580383381],[-122.92210252660288,41.510761323797226],[-122.92370426228034,41.508497441007286],[-122.92609434777306,41.50707685142808],[-122.92770151825798,41.50498425114535],[-122.92609129978929,41.50226719537114],[-122.92245699822075,41.500505359172124],[-122.91839224283267,41.49955364661468],[-122.9144238793695,41.49922940184927],[-122.91109337455534,41.49980909864826],[-122.90826064240973,41.49929122061524],[-122.90995334867938,41.497483544672676],[-122.9111227189224,41.49597224611116],[-122.91343469500282,41.49449626008825],[-122.91567437736417,41.493136269509],[-122.91645765618959,41.491460619330155],[-122.91625112811589,41.48739954719953],[-122.9128816543847,41.48437273086139],[-122.91054051629517,41.48493307320034],[-122.90842744249001,41.48548930906898],[-122.90581964759326,41.484852367690564],[-122.90304823804223,41.48147041922551],[-122.90163846425615,41.47783318326186],[-122.90406655926516,41.477614776360454],[-122.90635885415604,41.477914076539115],[-122.90569919339514,41.47632372134667],[-122.90418681313898,41.47423445658516],[-122.90203692637347,41.47124123076082],[-122.90223867810482,41.468031230168236],[-122.90328968632598,41.4652055859966],[-122.90298666302108,41.46286382769248],[-122.90210588644457,41.45910199851029],[-122.90281054830965,41.454966250501656],[-122.90503273508249,41.45309150005057],[-122.90663011662575,41.450713393985865],[-122.90821288347765,41.447877400789814],[-122.90870003536465,41.44408935774632],[-122.90889775905026,41.44076488040657],[-122.90940876300469,41.4377206659539],[-122.91132072108576,41.43567991911207],[-122.9127152244103,41.43410713701527],[-122.91070450105536,41.43305835602913],[-122.90837045516504,41.433790497107026],[-122.90556767464764,41.434130676570724],[-122.90191416530169,41.43402909785923],[-122.90035221510985,41.43274239258352],[-122.89895820855364,41.42956320719199],[-122.89833085390529,41.43135007555559],[-122.89787349644133,41.43370616855231],[-122.89781254754594,41.43656975914027],[-122.896857866571,41.440023275621094],[-122.89555168111357,41.441994845532406],[-122.89347439259608,41.443637755960744],[-122.89051570407123,41.44627075560064],[-122.88678410687258,41.448517579960516],[-122.88317701617231,41.44990332409177],[-122.878724677265,41.451018859945464],[-122.87420163465661,41.44990239827873],[-122.87374585014271,41.44750665895197],[-122.87444112910465,41.445432260027964],[-122.87646996788561,41.44464947863355],[-122.87968236939278,41.442813350764574],[-122.88162240611466,41.44163138931507],[-122.88440384625414,41.44060513914373],[-122.88772267476627,41.43974006237375],[-122.88713802602655,41.438091132372584],[-122.88483447794012,41.437390679764185],[-122.88231543030521,41.437095446042925],[-122.87928974183323,41.43761089432783],[-122.87644326366717,41.43898213939932],[-122.87381543364465,41.44006243639288],[-122.87128752323116,41.43948079360238],[-122.8723518956888,41.43705593800005],[-122.87388841098168,41.43513740954406],[-122.87488573857641,41.43300005976439],[-122.87397765950347,41.43072747892118],[-122.87133795914278,41.42900277963076],[-122.86796900373949,41.42826537469973],[-122.86662153171163,41.426515866060534],[-122.86557062320344,41.42453218915437],[-122.86328910270608,41.42451799543679],[-122.86157974616266,41.42334798986393],[-122.8614774226619,41.42008670886866],[-122.86386952397412,41.41878201251527],[-122.86579609405155,41.41960432750563],[-122.8676345016704,41.41762296027076],[-122.8706756142158,41.417622504881024],[-122.87479123041864,41.41794515311288],[-122.87837684689205,41.418334787818466],[-122.88017520042901,41.41990353637729],[-122.8834533020211,41.42018455594631],[-122.88501089268885,41.418952502862034],[-122.88664264107994,41.417661737101064],[-122.88878276675159,41.41561732478216],[-122.89015194297505,41.41324364395658],[-122.88822526869299,41.41242199827052],[-122.88583742000536,41.41384137449668],[-122.88207651437226,41.415115661855914],[-122.8794824080038,41.414821447840765],[-122.87596206042397,41.41408716138369],[-122.87342960902674,41.413333749775255],[-122.86923104149224,41.4127836339785],[-122.86585572152518,41.411817107241575],[-122.86576414007858,41.408899143886174],[-122.86802891328409,41.40839818300169],[-122.87086720689959,41.406798601966024],[-122.8694277985906,41.40453590627962],[-122.86906098412075,41.402539210443855],[-122.87035103673398,41.4000529896138],[-122.8711869909711,41.397632863676414],[-122.87237743030076,41.394404313793515],[-122.87429133143775,41.390016818973315],[-122.87659191508376,41.38585118733615],[-122.88066795241349,41.382567737337425],[-122.8858337252346,41.38012193253681],[-122.88973013903336,41.378387156384974],[-122.89082020869805,41.37682059041741],[-122.88960493364571,41.37443947399671],[-122.88628915132071,41.37530453219498],[-122.88342893342238,41.37616048348265],[-122.87882560208885,41.37716425191812],[-122.87672099939681,41.37548703971353],[-122.8763218078475,41.372460405472786],[-122.87700891663194,41.37015752048392],[-122.87863076289364,41.36617662238305],[-122.88055797706315,41.362247014636225],[-122.88159379926444,41.3589643013846],[-122.88220467791216,41.35425837703519],[-122.88234744626196,41.351565184682165],[-122.88086183759789,41.3502196064667],[-122.8791538060695,41.35145419324183],[-122.8793651589946,41.353339301127974],[-122.87966151500345,41.35550904001162],[-122.87725362490181,41.35864623727901],[-122.87509712114591,41.3601184907076],[-122.87202942206136,41.361608091241806],[-122.8697459082024,41.363883994219734],[-122.86855748020064,41.367169582093965],[-122.86814629165069,41.37101306423293],[-122.86768437703327,41.37565891971479],[-122.86709210339342,41.3809939446535],[-122.8669828583734,41.3847744954268],[-122.86538393981269,41.38709474402376],[-122.86361841969938,41.38895997784846],[-122.8618397150126,41.39282939980038],[-122.86435349582499,41.3930106686897],[-122.86380316722071,41.394852988343644],[-122.86303759868106,41.397100384118076],[-122.86288326631862,41.39945051976524],[-122.86363508614284,41.401611725371616],[-122.86325107073189,41.40390869039881],[-122.85971816021285,41.40517791169885],[-122.85638810994618,41.405641501411544],[-122.85260661133351,41.40382360409464],[-122.84710491530852,41.40289677612239],[-122.84513279345964,41.40058670706588],[-122.84561101968599,41.39886026658885],[-122.8480928357456,41.398012101983774],[-122.85022088266992,41.39556765646804],[-122.84892364263614,41.392958558678416],[-122.8486332846784,41.39096044704581],[-122.84879522307638,41.38883897797622],[-122.84948702465982,41.38665060838947],[-122.84888060255425,41.38425755339309],[-122.84645916855307,41.384589462895],[-122.84387570183084,41.387042492454384],[-122.84223859588738,41.38816086488227],[-122.8386880119134,41.38639540132828],[-122.8371227828708,41.38493641084484],[-122.83421718477926,41.38189949529893],[-122.83126758720509,41.37743197764141],[-122.83198441585236,41.37358315087276],[-122.83262707599653,41.36979288086657],[-122.83061042016745,41.36599501507856],[-122.83070547629754,41.361699753984276],[-122.83141539510363,41.36008374796578],[-122.83208786673879,41.357265945210706],[-122.83091367972924,41.35368156406125],[-122.83051124616004,41.35048334504985],[-122.8332315819956,41.35003167572134],[-122.8356747812778,41.34798257613492],[-122.83334614594042,41.346365907855],[-122.83178378881175,41.34496412236952],[-122.8303521356586,41.34287281945429],[-122.82855856385392,41.341360681893434],[-122.82748384100755,41.338518611828434],[-122.82765137950298,41.336569145685964],[-122.82881463940544,41.334887142892626],[-122.83067322947377,41.33359329870886],[-122.83343340559217,41.33199612291064],[-122.83666139556446,41.33079072883386],[-122.83883390729872,41.32983420315572],[-122.84333226510138,41.3279750972017],[-122.8444244826379,41.32646627075721],[-122.84220423712438,41.3258783086281],[-122.83925706589983,41.326334182963826],[-122.83540793223108,41.32709331410558],[-122.82984182700022,41.32880035190888],[-122.82463714275427,41.32992788710593],[-122.82159106432196,41.32964108148457],[-122.82029944145364,41.32714632146977],[-122.81814991760749,41.32638506258594],[-122.81702094729775,41.32423058727672],[-122.81545620154876,41.32025264324641],[-122.81735013403531,41.317641510343314],[-122.81992677895128,41.31501775009033],[-122.82211514774693,41.312114987727824],[-122.82438789799217,41.30949659619657],[-122.82470732992405,41.30754464955425],[-122.82222489492517,41.30827765861038],[-122.82059268839329,41.30951016454619],[-122.81822102375381,41.31138598869469],[-122.81621981894759,41.312968894293704],[-122.8137686147779,41.31473147731698],[-122.8096269618049,41.315838687486476],[-122.80750676525784,41.31353109422995],[-122.80563864675928,41.3120201290724],[-122.80274690428267,41.30680718531488],[-122.80134397745569,41.3031124784015],[-122.79866598910097,41.302417654196745],[-122.79957363788085,41.30480510322998],[-122.79942791676875,41.30749813733842],[-122.79642723739427,41.306179672807595],[-122.79343385772981,41.30509000112274],[-122.79075425330586,41.304337835005676],[-122.78714189308812,41.30285863217586],[-122.7867038754539,41.30092054825109],[-122.78432776774703,41.300162679302694],[-122.78292625037672,41.30150486657984],[-122.78037622074599,41.30252448846855],[-122.778967737839,41.301119328705674],[-122.77768839224564,41.29896762139976],[-122.7755506354314,41.29854867849705],[-122.77385233445416,41.300125255705325],[-122.77265900793917,41.30335247192877],[-122.77080370480645,41.30476005275061],[-122.7686326384615,41.30577279059391],[-122.76601335321394,41.30702242777841],[-122.76341340869446,41.30638272764814],[-122.76106147375356,41.30642545769976],[-122.75817852398696,41.30647763296998],[-122.75647697380333,41.305421013359776],[-122.75242109287197,41.306867887065394],[-122.75241694894356,41.30927232395041],[-122.75068097531823,41.31216547967667],[-122.74969708113026,41.31481653106381],[-122.74831841420584,41.31695914540805],[-122.74660718557334,41.318135011436766],[-122.74613714838915,41.32020411745774],[-122.74831453168719,41.32193950082733],[-122.74859826995957,41.32382343251146],[-122.7495113328857,41.32643993106861],[-122.75042952609044,41.32922822398829],[-122.75068514889107,41.33271541558182],[-122.75014263203647,41.33490037072498],[-122.74899819543249,41.33726813506597],[-122.74853476895044,41.339566009205015],[-122.7489116104155,41.34202077633472],[-122.74921421600381,41.34453407144216],[-122.74940067661237,41.34825139236423],[-122.74957196108257,41.3514540145419],[-122.75085301167829,41.35366351665814],[-122.75018416205036,41.35670960388382],[-122.75099270419656,41.358354900276574],[-122.75054122979937,41.3610535602824],[-122.75067162116119,41.362883131718185],[-122.74967351921869,41.365076449416556],[-122.74700466762869,41.36729987736425],[-122.74442958667963,41.36757510003407],[-122.74383135181955,41.370447998373706],[-122.74381651883758,41.37250907906386],[-122.74203806567911,41.37402954233164],[-122.73985957386,41.37487007897661],[-122.737664089509,41.37513826174143],[-122.73900932293517,41.37694621456624],[-122.73990395692326,41.378933569597955],[-122.73939976848688,41.3824348156664],[-122.73729709447777,41.383273866689755],[-122.73553178906181,41.38525188772462],[-122.73749481816338,41.387392155533654],[-122.73891799122023,41.38925561238757],[-122.73866476961635,41.390977539255125],[-122.73826506333238,41.39287395807884],[-122.73774385810958,41.39580271760792],[-122.73632100395466,41.39909120064578],[-122.73390545212195,41.402225860453875],[-122.73182392535296,41.40380885872834],[-122.73097151847142,41.40582760192623],[-122.72863304747999,41.40901796054616],[-122.72587909758482,41.41358987306996],[-122.72489690300937,41.41550215938708],[-122.72759407219205,41.41593523696308],[-122.73164751868903,41.413707814106765],[-122.73341456953158,41.4113371390283],[-122.73653430532559,41.40630053085919],[-122.73863748778116,41.402885225735446],[-122.74336702163232,41.39833532403039],[-122.74612167490838,41.39639632142293],[-122.74636603014036,41.394388566904574],[-122.74491377053295,41.39155223302961],[-122.74430890790268,41.38910154845098],[-122.74678491545568,41.3880264099273],[-122.75034265091762,41.38756163710666],[-122.74867631469314,41.38518746107168],[-122.74551128045259,41.383527022867284],[-122.74785836359264,41.38067980192949],[-122.7494968502467,41.37956266712337],[-122.74941337609557,41.37675909640991],[-122.74954578327683,41.37355086436306],[-122.75211052910855,41.37293217637573],[-122.75467195297036,41.37219884909687],[-122.75459691399972,41.36968158545603],[-122.75504993888907,41.36704007332831],[-122.75604279826359,41.36467525574451],[-122.75575701003574,41.36273386037918],[-122.75760402620995,41.360983128470494],[-122.7595941431106,41.35894353210307],[-122.75998288096494,41.356704055193106],[-122.75846351091758,41.35415551968487],[-122.75816400361869,41.351756856264146],[-122.757879700306,41.34987288200194],[-122.75769793159816,41.34632702374693],[-122.75754413552995,41.341177826411275],[-122.75600646590193,41.33799997620562],[-122.75545888434574,41.33491896968266],[-122.7561793736278,41.33107047966793],[-122.75686156054276,41.32848234887982],[-122.75647411356748,41.325684359632184],[-122.7543042276088,41.32165964129854],[-122.75343795163761,41.318068922696675],[-122.7539853463442,41.31605547961966],[-122.75562049665527,41.314881225760615],[-122.75787790277711,41.31421060453077],[-122.76314823949733,41.31274121643344],[-122.7724153722577,41.310397556012475],[-122.77879872969974,41.30810577274576],[-122.78667694216506,41.307560955948674],[-122.79240520318616,41.30871501724318],[-122.79834975427315,41.3119828951366],[-122.80228536336442,41.31408547126472],[-122.8047544817375,41.317875114406554],[-122.8079251484149,41.324742851494676],[-122.81078664371755,41.32892569909518],[-122.81333892722131,41.335404278245015],[-122.81561268447798,41.34268920139093],[-122.81307224526125,41.34405307433328],[-122.81112671983297,41.345005170786415],[-122.80944896242795,41.34726850386424],[-122.81063847020468,41.348906659305825],[-122.81401415129451,41.347527446747215],[-122.81533485532356,41.34601455539605],[-122.8172857230328,41.3452341818478],[-122.81842386154834,41.3476744654704],[-122.81890184433121,41.35087122899268],[-122.81908309381284,41.35430276754088],[-122.81967398764041,41.35869972938357],[-122.8203074804771,41.362008041665604],[-122.82174277899368,41.364214027547625],[-122.82166833470775,41.3667340895669],[-122.81980351392461,41.36785664659735],[-122.81602814990701,41.368613516009624],[-122.81153595095392,41.36829630738816],[-122.8064022920059,41.36936446698539],[-122.80629497297383,41.373316237792025],[-122.80895452610233,41.373324312315006],[-122.8119125543654,41.37315525742574],[-122.81793090474797,41.37367314585283],[-122.81836505782982,41.37543980618643],[-122.81829226824065,41.37801737058163],[-122.81942014260575,41.38257597045394],[-122.82043331827875,41.38833906478337],[-122.81934257308097,41.394885518334355],[-122.81702814549813,41.396245302803976],[-122.81518990406761,41.39330253452374],[-122.8131728422,41.39196613213571],[-122.81128685441382,41.38993993723043],[-122.80988748581368,41.39139715556019],[-122.81180855909993,41.39456754897198],[-122.81164737169355,41.39674578122527],[-122.80944780180462,41.39690098205637],[-122.80709481673314,41.39700180548972],[-122.80920355167548,41.398852026774335],[-122.81175762552162,41.40035034453714],[-122.8125979329946,41.40296834171359],[-122.81032705932998,41.40575827574838],[-122.80772241212998,41.40758094304367],[-122.80505023228187,41.40969133461629],[-122.80264886394922,41.410708995730246],[-122.79848397155976,41.41124379860714],[-122.79512197450667,41.41067590301414],[-122.79288197324344,41.4095147974203],[-122.78912808884257,41.4085530467555],[-122.78594069283966,41.40872608982446],[-122.78247491971001,41.407243778354164],[-122.77881110219616,41.4067381927752],[-122.7766319564035,41.40757935971322],[-122.7785157990128,41.40954862914386],[-122.78069159588605,41.411112080219496],[-122.78331111649223,41.41226638918509],[-122.7871221436266,41.41259724011508],[-122.79001786114834,41.41283048196782],[-122.79218883317021,41.41422199830755],[-122.79069214648206,41.417512561843914],[-122.78867527146406,41.41869451114583],[-122.78546330294485,41.420585366091935],[-122.78390753855207,41.42193059634065],[-122.780745317835,41.422961547778286],[-122.77791659936211,41.42244059770909],[-122.77463168764186,41.42192815855038],[-122.77432823584056,41.42175941056252],[-122.77339989526638,41.42285941809981],[-122.7746090231472,41.42622224254002],[-122.77612359259773,41.42854186893755],[-122.77624967833438,41.4301997548996],[-122.77664169054793,41.433112354684106],[-122.77593165765579,41.434785312821624],[-122.77357904808011,41.4349427186589],[-122.7694800498117,41.43518901362618],[-122.77013805497758,41.43683740384195],[-122.77374464801116,41.43791688328307],[-122.77620614148412,41.43884524671215],[-122.7760282364303,41.44050875923557],[-122.77472201683693,41.44259337203331],[-122.77332111930416,41.44405025731521],[-122.77032194730273,41.44547877269633],[-122.76863718932671,41.447627814870394],[-122.76969415966644,41.44989846879142],[-122.76837740822467,41.451640043937566],[-122.76429640321139,41.452515611516304],[-122.76121372741444,41.4537163187542],[-122.75827455658579,41.45462826738819],[-122.76037685240415,41.4562507000746],[-122.76265943111692,41.45626653901529],[-122.7634694051777,41.4579122118817],[-122.7633082869416,41.46014772971525],[-122.76442234521761,41.46178798114694],[-122.76688670701127,41.460254710455786],[-122.76813101651192,41.458629106713595],[-122.76944448371299,41.4567731649431],[-122.7722436979187,41.456264169839656],[-122.77261885953418,41.4535666008593],[-122.77464566991925,41.45015186704407],[-122.77541814740174,41.44801953992832],[-122.77734443810314,41.447302493493524],[-122.78085010451626,41.43951713035141],[-122.78135043468848,41.43625710870094],[-122.78634369683905,41.43207623363705],[-122.78967500295049,41.42909549104426],[-122.79137993708777,41.43015186335396],[-122.79239518337748,41.42853028943304],[-122.7948869204311,41.425450199240245],[-122.79711437133149,41.4236920426322],[-122.80140749643111,41.42235332625281],[-122.80455698891892,41.42092125980148],[-122.80963241368036,41.420312107750995],[-122.80987670692859,41.41836134294237],[-122.80994628504061,41.41566910943024],[-122.81117846458997,41.41369995344365],[-122.81380800320818,41.41267813189717],[-122.81672002245736,41.41096397663448],[-122.8188600789587,41.40886330810875],[-122.82025971256188,41.407405902596786],[-122.8225071069599,41.4063335543843],[-122.8258338523246,41.40575655896576],[-122.82857061565178,41.405762898528984],[-122.83064134467106,41.406353954806285],[-122.83230035064283,41.408383792391895],[-122.83389414341654,41.410758430971086],[-122.83628688343093,41.41437780548824],[-122.8381425602628,41.417835038840856],[-122.83900193807092,41.421025137199315],[-122.83958733959888,41.425193422196976],[-122.84016061207384,41.42896129185505],[-122.84079544160366,41.432269783452654],[-122.84189197554511,41.435741374890796],[-122.84238045334546,41.43922458183812],[-122.8399130220085,41.44058780072392],[-122.8360793609222,41.44203359299353],[-122.83245032078625,41.44273093222759],[-122.82956721740777,41.442956514449826],[-122.82575968022824,41.442798482264365],[-122.82224911260693,41.442405920976206],[-122.8209672589173,41.44523487827532],[-122.82286027152902,41.44743247127625],[-122.82078467453917,41.44918857701188],[-122.8186951330012,41.450487118286624],[-122.82042375481421,41.45228716803746],[-122.82380065491789,41.45079288156777],[-122.82655152987984,41.44873803956598],[-122.83143420313074,41.446757591026746],[-122.83446935355758,41.44652911515133],[-122.8373896786299,41.44750507659488],[-122.8405893285516,41.447674227656975],[-122.84277789677324,41.44711774404327],[-122.84556418871361,41.448668706671036],[-122.84510505168704,41.45102464095898],[-122.84264816028329,41.45273087320895],[-122.84341062244869,41.45523563040779],[-122.8415366550193,41.456129740691736],[-122.83753932807478,41.45723523376243],[-122.836696257384,41.459483713530304],[-122.83578061180143,41.46184827854009],[-122.83453251949511,41.463302758354025],[-122.83192451169762,41.46506915320607],[-122.83138705774799,41.46736913775771],[-122.82815802393333,41.466284354523026],[-122.8237022849027,41.46487883680925],[-122.81910159820939,41.46370465804738],[-122.81496075282179,41.462636373218224],[-122.81279140225901,41.46135984912658],[-122.80964558388072,41.46296390517338],[-122.80754987720493,41.464090381638115],[-122.80884193216293,41.46652827549021],[-122.81210791548183,41.46635346933776],[-122.81408077844083,41.46866422677826],[-122.81167908042644,41.46973928746988],[-122.80927028572133,41.470585426286604],[-122.8047535241334,41.472157401598544],[-122.8073721994249,41.47319696620888],[-122.80885553894456,41.47442886736339],[-122.81197510316034,41.47442847564016],[-122.81423004161013,41.47352804104862],[-122.8166493313327,41.47302510727469],[-122.82092167211158,41.47340392284523],[-122.82114088439711,41.47557549706177],[-122.82127662342981,41.477519650106345],[-122.81872111497415,41.47854025720548],[-122.8154563273129,41.47877269948987],[-122.81190123828779,41.47946830785356],[-122.80872309044074,41.480042208577],[-122.80584895224877,41.48061057081438],[-122.80250799643456,41.48084404410832],[-122.79886096304348,41.481025614499174],[-122.79332166982891,41.48152824997542],[-122.78902262303495,41.480290148775715],[-122.7862224835645,41.478280267895265],[-122.78321324504202,41.47690403099207],[-122.77990685819658,41.4757622155668],[-122.77682706329672,41.47455871944409],[-122.77351910619615,41.475878582462045],[-122.77012642718454,41.47691355919396],[-122.77209817892752,41.47922499686725],[-122.77429327161309,41.47884148399932],[-122.77687542050676,41.478679853107415],[-122.77908269165263,41.47869708712361],[-122.78172187548206,41.48042372965745],[-122.77940592166155,41.481840162702255],[-122.77691000295025,41.4823437050969],[-122.77442783834431,41.483304840436936],[-122.77280106841653,41.4848803848498],[-122.7721649740588,41.48649486555311],[-122.77260559231573,41.4884906194583],[-122.77485273428718,41.487304751585285],[-122.7776427335747,41.48645262450692],[-122.77857627269942,41.48964164275082],[-122.78164272671901,41.48786797021821],[-122.78311710374705,41.48629536719779],[-122.78542804945985,41.48470715041402],[-122.78982176251509,41.4840542298942],[-122.79118599530952,41.486376560810484],[-122.79341439213592,41.48708017620434],[-122.79768330853692,41.48482606857588],[-122.80127355672396,41.48527517227379],[-122.80518220917014,41.48617659977984],[-122.80692348644891,41.488377149246276],[-122.81004371990959,41.48837678856164],[-122.81225293141647,41.48845053372493],[-122.81606288865736,41.48860901051155],[-122.81841407440331,41.48587436872689],[-122.82182589741195,41.48546756271517],[-122.82526610898023,41.485976169089994],[-122.82877160381514,41.48613999643736],[-122.83398764635956,41.4850121392936],[-122.83482916835477,41.4827060657335],[-122.8358142303526,41.48011132689547],[-122.83992575023774,41.4777443730377],[-122.84179144597996,41.47656417875924],[-122.84479279100607,41.4776529560449],[-122.84328479991841,41.480543965339095],[-122.84122647663317,41.482872802549736],[-122.83923518922771,41.484914001656314],[-122.83700187143016,41.48896364404286],[-122.83640776971872,41.491894572846974],[-122.83451009934227,41.49450653930161],[-122.8309385567744,41.4946876407813],[-122.82919959355583,41.49260178337217],[-122.8270417063944,41.49172592941444],[-122.82300155226869,41.491514582159816],[-122.82072672422021,41.49178605563807],[-122.81810171221272,41.49303712477828],[-122.81522358370425,41.49349107809887],[-122.81215246114016,41.49509381630514],[-122.81138058732553,41.497226544037616],[-122.81020907280394,41.49873689225265],[-122.80662792544906,41.501093264662025],[-122.80244894567936,41.501342086387375],[-122.80024293397149,41.50138272928188],[-122.79643421191413,41.501280971293845],[-122.7939115880861,41.50092644354329],[-122.79139432809862,41.50074357930387],[-122.79144813448922,41.50251737629511],[-122.79371343410749,41.504422762972204],[-122.79660953341319,41.504541241965505],[-122.79882102214933,41.50467245589744],[-122.80060204269284,41.50567017051441],[-122.80103843976632,41.5074943377391],[-122.80035269462451,41.50996891906857],[-122.79805521914939,41.512014901408534],[-122.79604273329986,41.513426068999635],[-122.79464410850476,41.51499763934309],[-122.7919886481007,41.5177947494473],[-122.79443741424272,41.51820793861885],[-122.79630834446812,41.51714299851048],[-122.79839857770887,41.515787573139995],[-122.80123407576718,41.5139031895591],[-122.80446906720881,41.51264148368318],[-122.80681638480915,41.514716429084025],[-122.80842709196135,41.5126255724155],[-122.80882403772247,41.51067144675616],[-122.80984175168425,41.509106774225316],[-122.81258830754632,41.506823064810135],[-122.81779198298422,41.5052381862471],[-122.82090217238171,41.50489418780605],[-122.82308376338857,41.50405211098307],[-122.82657959953751,41.503872394659616],[-122.82904750338834,41.50491434802796],[-122.83119711886263,41.50550406891029],[-122.83392355336065,41.50751446284266],[-122.83595111204235,41.506617843584685],[-122.83846869811826,41.50679973798049],[-122.83860160925444,41.50862953691554],[-122.83873452128894,41.510459078965795],[-122.83635322401466,41.51222132037085],[-122.83502821705542,41.51367762611181],[-122.83315276201593,41.51703318172799],[-122.83272104875837,41.52030500925171],[-122.8350659732468,41.52226532897337],[-122.83765699480057,41.52479338027996],[-122.838188222527,41.527188303269206],[-122.83663279769739,41.52859150109135],[-122.83477279817237,41.53000038730644],[-122.83352155277943,41.53139784443857],[-122.83002438622553,41.53157772240028],[-122.8279377696021,41.53058576878221],[-122.82614856540629,41.52935940890145],[-122.8219187221269,41.528006846035915],[-122.81947485000654,41.52776569858073],[-122.81606972842991,41.52845867119766],[-122.81794010169985,41.529855581948276],[-122.82026008266776,41.531014997553285],[-122.82164202215478,41.533852099730055],[-122.8240914018461,41.53672663195698],[-122.82505780403886,41.53842644066564],[-122.82334962428845,41.539832314217534],[-122.82025004668941,41.540577165256245],[-122.81724999793227,41.53960213242416],[-122.81433644885216,41.538968907722904],[-122.81155100671809,41.53753176254336],[-122.80886611121711,41.536894258494556],[-122.80640064539396,41.535966472533794],[-122.80468956767847,41.53479550646807],[-122.80190765682174,41.533472505219116],[-122.79888614012594,41.53427260609922],[-122.79621371324113,41.53403526046655],[-122.79400483321261,41.53401868335861],[-122.79474910539179,41.53595165162177],[-122.79716769532676,41.537853941476754],[-122.79746414476041,41.54008148930796],[-122.80029244821165,41.540430355682524],[-122.80246137566793,41.53913092473692],[-122.80755743023984,41.53892227386391],[-122.81061172915531,41.541671695079934],[-122.81254962698851,41.54278090806657],[-122.81493573114786,41.543595594628506],[-122.81717825308378,41.54469932669327],[-122.81519521490759,41.54708358340812],[-122.81735827097518,41.548074350188756],[-122.82064210561539,41.54835705117122],[-122.82161378720706,41.550228418478675],[-122.82276765791816,41.553069845399015],[-122.82068728548428,41.55476898049134],[-122.81834136925578,41.555270563612304],[-122.81564301160196,41.55669486254795],[-122.81130343641567,41.55677505031493],[-122.80863907370714,41.55682411611794],[-122.80839751852389,41.558890151772864],[-122.80934022226113,41.56230830167753],[-122.80635336256898,41.56179071805713],[-122.8020084055758,41.56169893306809],[-122.79903026762676,41.56146733222227],[-122.7975347550367,41.55989178347083],[-122.79778715108881,41.55816907007582],[-122.79780388490595,41.556222279041144],[-122.79418733494572,41.55502893162328],[-122.79230798481119,41.55334547269876],[-122.79039139142327,41.55544183795727],[-122.78885169609427,41.55741680497813],[-122.78966338054735,41.55906258747133],[-122.78868264303928,41.561886213211736],[-122.78568052546201,41.560853288163415],[-122.78371472326116,41.55882766800126],[-122.77911545051612,41.55788083814768],[-122.78071941940536,41.560543037198734],[-122.7831125232374,41.561587052439386],[-122.7846094713353,41.563220302188455],[-122.7845976099803,41.56533926373127],[-122.7841997030218,41.567293155739556],[-122.78297446565297,41.56960606776712],[-122.78327933230085,41.57211973499215],[-122.78544765429262,41.57076336741902],[-122.78754163710136,41.56946522158189],[-122.78806104210032,41.57151724263624],[-122.7879280815568,41.574668817422676],[-122.78683615956601,41.576349450178796],[-122.78362054029353,41.5783550052998],[-122.78011057454346,41.57818992288079],[-122.77743313865261,41.577837827088295],[-122.77454609526326,41.578119428210236],[-122.77461855337408,41.58052293890942],[-122.77777215924759,41.58149617055351],[-122.77585427587891,41.58359241746221],[-122.77348446446386,41.58586885001232],[-122.77133774695469,41.58796920127188],[-122.76900090371053,41.588813238868326],[-122.76593351723972,41.58818171772778],[-122.76451780558959,41.58671863895547],[-122.76385182428236,41.58484114619865],[-122.76312577712363,41.58096042714814],[-122.76135118582258,41.58276776287193],[-122.76079682827424,41.58461004019935],[-122.7570958196093,41.58570753268384],[-122.7534228653307,41.58520108063854],[-122.75148448600052,41.5840907041385],[-122.74991364697898,41.5825156197356],[-122.74886531124577,41.58058783554174],[-122.74749392606503,41.57803564223239],[-122.7461725465029,41.57972012781038],[-122.74610038393783,41.582412603122975],[-122.74618908628393,41.58538852379092],[-122.74782929770332,41.586733252034875],[-122.74834261571792,41.58861358892076],[-122.7508392099623,41.587996166645546],[-122.75247797868732,41.589283663123474],[-122.75151417352404,41.592736629135956],[-122.75180587715806,41.59484993523113],[-122.7541244378895,41.593376623147144],[-122.75719440611846,41.591546327077126],[-122.76090765522747,41.59084938810863],[-122.76134353217635,41.592673886523],[-122.76441841418993,41.59101501662902],[-122.76508779741715,41.593006885912295],[-122.76321396743003,41.59659100675691],[-122.76163953245238,41.599997784096516],[-122.76374158662392,41.59892908341913],[-122.7655336627337,41.597694339598405],[-122.76738292110286,41.59582831459214],[-122.76885469840647,41.5940839466981],[-122.7719743991662,41.59391268006166],[-122.77370878726504,41.59582798876822],[-122.77433205008725,41.593755241114465],[-122.7746422347616,41.59140193770884],[-122.77745356634216,41.58860243777779],[-122.77961734016364,41.58707436762943],[-122.78186951090406,41.588464654453695],[-122.78351747208939,41.59003788250334],[-122.78508243972229,41.59138354250943],[-122.78717543168925,41.59254785827055],[-122.78987457806389,41.59358644793814],[-122.79226899253794,41.59463068764922],[-122.79516730798748,41.59721136382654],[-122.7981383393643,41.59715693356646],[-122.79838008678706,41.59509108910974],[-122.79689437661338,41.59385851776416],[-122.79510926514202,41.59280343829544],[-122.7924207970412,41.59210827446538],[-122.78908980803503,41.59033704455434],[-122.78735675303611,41.58847904071487],[-122.78449020111671,41.58692802446816],[-122.78409518044523,41.583957784661074],[-122.78603018839814,41.58243377599608],[-122.78895210528513,41.58329632176562],[-122.7912194728252,41.582682407900535],[-122.79376697100348,41.581261370277154],[-122.79594894469263,41.577842982588464],[-122.79657332501905,41.57582735829845],[-122.79770619850868,41.57300077796687],[-122.79991968958957,41.573131904822375],[-122.80050332862292,41.57478189041335],[-122.80168311932323,41.578482065872144],[-122.8042156075514,41.57906517932342],[-122.80597129740056,41.57668523050899],[-122.80923894170444,41.57639587156683],[-122.81297726548793,41.5765558896574],[-122.8160357604341,41.57690007965256],[-122.81556608167767,41.578970185319896],[-122.81539043229354,41.58069121590757],[-122.81536533156788,41.582352188834754],[-122.8177684147844,41.583682069556126],[-122.81837102533825,41.580979612850356],[-122.8181676153169,41.579322901218404],[-122.81849740392569,41.57765616600374],[-122.82067743096562,41.57669970003483],[-122.82179848082949,41.57845400925707],[-122.82218230310264,41.58102362665209],[-122.82361855203673,41.58311554014281],[-122.82516128816297,41.58125441421439],[-122.82585400423139,41.57900848734363],[-122.82695204824084,41.57755643708801],[-122.82941028891416,41.57819799880127],[-122.83168250556011,41.57775473692675],[-122.83344299959943,41.58047039488514],[-122.8344827770829,41.582054386757754],[-122.83642563810803,41.583277871173955],[-122.83509925942133,41.584734025193626],[-122.83279136259063,41.586494917799804],[-122.8333849064483,41.5884309590654],[-122.83185994618493,41.590864263619615],[-122.83175905729367,41.59252673507075],[-122.82877082407745,41.59447201699912],[-122.83199306573025,41.5951563903086],[-122.83534976002822,41.59526574726398],[-122.83730389221522,41.59683260490239],[-122.83676032612836,41.5989613673146],[-122.83974886836505,41.5994780088816],[-122.8419985804165,41.5982907607563],[-122.84379689802086,41.5997459937494],[-122.8437761244799,41.601521413756316],[-122.84185417533627,41.60344718780648],[-122.84007756641907,41.60514103427154],[-122.83794462996465,41.6076431242587],[-122.83590031410967,41.6105442772454],[-122.83176165881474,41.61474440905221],[-122.82816263768065,41.619163351088545],[-122.8254797184733,41.621160381988545],[-122.82320975031051,41.62171784689387],[-122.81985335155828,41.621665683584006],[-122.81441496609956,41.62085006816756],[-122.81101644624196,41.61942391945922],[-122.81081316827294,41.61776712532176],[-122.80974709799939,41.61532449313151],[-122.80770112924426,41.6132433619079],[-122.80723627713589,41.61548533885538],[-122.80475686496794,41.61667626855318],[-122.80250859201759,41.61545788328291],[-122.80029214997099,41.615269619447496],[-122.79691402995516,41.61699229679818],[-122.7938435389067,41.616304156425606],[-122.79096025856009,41.61675765786808],[-122.78807835712742,41.61474890813361],[-122.78755167487633,41.612468147253885],[-122.78601891454134,41.60969015678196],[-122.78403099581818,41.6069779397634],[-122.78094198150856,41.60817935284026],[-122.78069444174888,41.610073640550034],[-122.77921735450361,41.61164671667516],[-122.77656294872172,41.612095939655426],[-122.7725993463296,41.61211057654146],[-122.77426841612747,41.61437074913789],[-122.77606223766381,41.61571234100823],[-122.77370714783963,41.615984150998734],[-122.77100382699388,41.617350426736365],[-122.76836097444486,41.61820003289171],[-122.76540481288092,41.61876904338145],[-122.76247605172978,41.62025339216741],[-122.7601345093984,41.620982902272026],[-122.75761810460706,41.6209709522168],[-122.75506322587044,41.622219544735856],[-122.75489975674324,41.62439860802048],[-122.75240723276544,41.62518796804779],[-122.75069559809445,41.62659303502866],[-122.74901271490242,41.6289710276879],[-122.74509412978412,41.63053014024616],[-122.74331443245897,41.63222266792822],[-122.74702231503244,41.63381671435084],[-122.74858401728926,41.63504854989269],[-122.75092353391969,41.63678175037781],[-122.75207637605976,41.63452774785542],[-122.7525551538517,41.63268677997151],[-122.75508117870139,41.63046503733675],[-122.75873427751726,41.63022753537661],[-122.76112144528193,41.62846649039049],[-122.76239582678501,41.6302760451521],[-122.76307253397674,41.6324970355958],[-122.7636575833651,41.63420417640533],[-122.76609980528025,41.63427460445277],[-122.76610896001132,41.63204107596988],[-122.76499033559872,41.630343367369875],[-122.76450780015395,41.6269737773809],[-122.76746102422693,41.626290486884926],[-122.77250088468622,41.62654265643316],[-122.77202779143342,41.628555468451445],[-122.7741131423306,41.62943381083785],[-122.7742883245908,41.627655311454696],[-122.7747525649465,41.62535646771142],[-122.77608098999536,41.623900697658975],[-122.78024095692211,41.62279407391178],[-122.78091481375944,41.62490065500116],[-122.78283192996686,41.62274705868584],[-122.78557682574225,41.62275425672568],[-122.78672876238056,41.625539056192785],[-122.78835654291304,41.62390593409069],[-122.78945440097121,41.62239697605663],[-122.79209350934214,41.62143249269852],[-122.79366281493952,41.62289247451368],[-122.79645344753932,41.62438761817822],[-122.79696299712131,41.626096072965254],[-122.79817070207073,41.62819260446651],[-122.80041396781172,41.629239513829354],[-122.80268608115142,41.6287396224452],[-122.8047972451383,41.62795634977843],[-122.80744867569999,41.627392152899375],[-122.81139734270222,41.62686119130513],[-122.81581895832848,41.626836851538],[-122.82108944416899,41.62713993631303],[-122.82281742727984,41.62876852741465],[-122.82295710362843,41.630827632042084],[-122.822053097517,41.63365008854212],[-122.82127295111692,41.63555445901825],[-122.82288202782689,41.638273252067904],[-122.82250595981128,41.64091447952644],[-122.82431932150169,41.642827880675576],[-122.82759139000832,41.64259523088299],[-122.82849543654395,41.64469717343659],[-122.82631675787528,41.64576850180465],[-122.8229150714563,41.64674802677213],[-122.82068644466116,41.64867890525726],[-122.82455998286125,41.64814895942123],[-122.8271322952026,41.64747143601584],[-122.82742824786787,41.649642049303864]],[[-122.88136415035196,41.611463061249864],[-122.87647709691572,41.61121230429814],[-122.87285293912336,41.60990657792301],[-122.87021562289144,41.608467731770865],[-122.86573565090768,41.606605625258126],[-122.86373029498652,41.60343674453488],[-122.86312881541161,41.60127212018526],[-122.8611488207276,41.59890428974193],[-122.85904556371185,41.59745537606031],[-122.85971025234342,41.59435067549566],[-122.86010981310032,41.5925105431435],[-122.86077971914702,41.589577716434285],[-122.86070802101096,41.587288564742096],[-122.85935045551254,41.58531000091921],[-122.85966113246366,41.5830708638955],[-122.86012412416109,41.58082909443955],[-122.8635134273039,41.57956250305725],[-122.86702381975374,41.57972527778454],[-122.86881548713002,41.57854623142327],[-122.87050558109881,41.57656735536194],[-122.87238228928811,41.57567269567978],[-122.8741775166879,41.574607943618766],[-122.87737409347301,41.572084940338996],[-122.8783711893024,41.56989004627666],[-122.87752472567479,41.56721515661007],[-122.87744884408443,41.56481146860359],[-122.87964596786084,41.56442631921308],[-122.88023676916194,41.566247460337586],[-122.88291255484761,41.56653985427179],[-122.88573334299319,41.56660066443565],[-122.88735764075732,41.56496633130729],[-122.88794463140499,41.56186306889285],[-122.8904603947992,41.55952477646265],[-122.89345297316645,41.557807090732595],[-122.89500968887512,41.55646001782561],[-122.89610423484486,41.554950576197974],[-122.897726241905,41.55325895955961],[-122.90138853587612,41.551069906616355],[-122.90502062130086,41.55031299615923],[-122.90753262344899,41.55026482962475],[-122.9106571787045,41.5503191656304],[-122.91268969428992,41.55194039713884],[-122.91335030277347,41.55353120131486],[-122.9129742599107,41.55605772556023],[-122.91207644858146,41.55893799662521],[-122.91093185656892,41.561250477102725],[-122.90859456237051,41.56438756762554],[-122.9077781024734,41.567438195842755],[-122.90811468054912,41.57081023100634],[-122.90696418570685,41.57295080980014],[-122.90513385034916,41.57527653017085],[-122.90292441336516,41.577666733061164],[-122.90107734419034,41.5794772244858],[-122.89990449656887,41.5809313999601],[-122.89959326805217,41.583113123195496],[-122.89952310334027,41.58569139414256],[-122.89929347149577,41.588043508875764],[-122.90366035816166,41.588761439309266],[-122.90500257594344,41.59022463706583],[-122.90523920117242,41.59285414892944],[-122.90236327982461,41.593481987766964],[-122.9001415053785,41.59312368366826],[-122.8977219677209,41.59133764317198],[-122.89534795937682,41.59098244120598],[-122.89305243683913,41.593087523750576],[-122.89284794434785,41.59624106968925],[-122.89367894078289,41.59840109386443],[-122.8950212897187,41.59986421956381],[-122.896289423439,41.60138621197815],[-122.89666362026384,41.60355502202741],[-122.8932645704002,41.60453608859636],[-122.88982379199501,41.60420108451126],[-122.8884363269707,41.60611723985185],[-122.889401508353,41.607702130550344],[-122.8910906150733,41.61047593561239],[-122.88707444057577,41.61123974152855],[-122.88359357395272,41.612050480191776],[-122.88136415035196,41.611463061249864]],[[-122.87486866519612,41.478287529150464],[-122.8729931185285,41.476720022070886],[-122.87301142349907,41.4748873649886],[-122.87241423337963,41.47283773540082],[-122.87234382252934,41.47060616528659],[-122.87295964460606,41.46841885585506],[-122.87420527103693,41.46690657166361],[-122.87475216807684,41.46494944956219],[-122.87530808779546,41.463278688144115],[-122.87841833558345,41.462990522823596],[-122.87911492428906,41.465782698068935],[-122.87909313744845,41.46990523173935],[-122.87860778219203,41.4738078471177],[-122.87760289257923,41.47571629334116],[-122.87486866519612,41.478287529150464]],[[-122.98087872611093,41.602772191089116],[-122.98080085654884,41.6050074783691],[-122.98010617855985,41.60702588400724],[-122.97871050922207,41.60859965910182],[-122.97825368805229,41.61089971812247],[-122.9780616417193,41.61428296107158],[-122.97775728351787,41.61657994642621],[-122.97811556489084,41.618176582370644],[-122.97719011509525,41.62014232078717],[-122.97625274914742,41.61947335470864],[-122.97582218034356,41.61799288308121],[-122.97524676987818,41.61674383465334],[-122.97463329959088,41.61435049341206],[-122.97492245829768,41.61159550431797],[-122.97540244881525,41.60998218880497],[-122.9761925458537,41.60853492563296],[-122.9768399221531,41.607376556522844],[-122.97717309022399,41.605938070395815],[-122.97751759503375,41.60484302900153],[-122.97830987138512,41.60345287057918],[-122.97934950513816,41.60263059638035],[-122.98087872611093,41.602772191089116]],[[-122.97829941769015,41.62596255037468],[-122.98050926879752,41.625918980181176],[-122.98222567442097,41.62708794257261],[-122.98279364863244,41.62810768491559],[-122.98215565254122,41.62955222061377],[-122.97867144059202,41.63025118966274],[-122.97736068720141,41.62981878130776],[-122.97583284154933,41.6297342835544],[-122.97563459055264,41.628363619636204],[-122.97652401341378,41.627601443382765],[-122.97725356220546,41.626613412476466],[-122.97829941769015,41.62596255037468]]]},"properties":{"OBJECTID":310,"Basin_Number":"1-005","Basin_Subbasin_Number":"1-005","Basin_Name":"SCOTT RIVER VALLEY","Basin_Subbasin_Name":"SCOTT RIVER VALLEY","Region_Office":"NRO","Date_Data_Applies_To":null,"Area_Acres":63831,"Area_SqMiles":99.737}},{"type":"Feature","id":319,"geometry":{"type":"MultiPolygon","coordinates":[[[[-121.55349062661739,41.1198978313825],[-121.55737148878197,41.122264908595064],[-121.56039079023228,41.12390866110238],[-121.56406335733698,41.1267382547097],[-121.56568881752112,41.12761441093131],[-121.5704990515258,41.12858607109775],[-121.5729388309217,41.12898515516117],[-121.57574069875076,41.13027476304313],[-121.57577744523579,41.129889549607526],[-121.57782014053001,41.127952936081066],[-121.57805835577705,41.126345487189866],[-121.57662981977793,41.1228334761804],[-121.57507050973472,41.11983938536356],[-121.57500385114737,41.11818224227158],[-121.57720012511754,41.11818668310545],[-121.57871515270884,41.11631979489192],[-121.5808081087432,41.1156402852377],[-121.58359577510592,41.11528743478968],[-121.58342562880124,41.11294614123985],[-121.58004170387204,41.10976730239312],[-121.57672898749712,41.10458459273646],[-121.57318502051352,41.099293257711736],[-121.57106970092015,41.097513461785965],[-121.56890388522801,41.096364327789686],[-121.56604381285675,41.096776175061244],[-121.56292211244721,41.09822360649739],[-121.5583359308508,41.099019512850354],[-121.55556524534187,41.09788434311883],[-121.55367497528675,41.096041820854765],[-121.55237645156039,41.09195466532489],[-121.55052829362745,41.087365764880424],[-121.54477874612739,41.08172568014231],[-121.54239605017621,41.08080999244571],[-121.53877505355534,41.07729268579911],[-121.53759414804576,41.07423191991112],[-121.53665142364724,41.07145189529705],[-121.53464824793731,41.068639525009026],[-121.53296116601966,41.06616285407025],[-121.53263702511907,41.063711180853204],[-121.53250270632284,41.06222730895412],[-121.52956464760851,41.06063837416878],[-121.52698425851445,41.05469383175302],[-121.52499654460718,41.05033684480198],[-121.52233799040529,41.0462245269632],[-121.51986001374519,41.04285146797482],[-121.51682724026054,41.04074954017216],[-121.51413951147319,41.03972612196912],[-121.51182072256965,41.038465207656294],[-121.50947965904031,41.0366329757169],[-121.50779640214914,41.03421316786119],[-121.50160224338065,41.03441586459026],[-121.49278747884114,41.03336377522754],[-121.48385304882433,41.0311702750137],[-121.47891059269129,41.028540176391395],[-121.47521533683744,41.024908620485654],[-121.47146033044079,41.02167875084476],[-121.46734835241487,41.017026975252044],[-121.46530677642146,41.01507273642612],[-121.46364319353331,41.01310950918563],[-121.46146339556381,41.01344588598899],[-121.45963418130358,41.015032395071735],[-121.45700106020404,41.01537900375076],[-121.45338035643393,41.01475715517343],[-121.4495961341293,41.01354828889942],[-121.44724215911438,41.011314731929865],[-121.44649098248391,41.01025698478758],[-121.44564367354164,41.009064160527195],[-121.44496483644434,41.00713514176032],[-121.44150878308606,41.00572768439707],[-121.43821257594942,41.00454522693095],[-121.43516502877162,41.00392870900237],[-121.43206773558833,41.004355667235046],[-121.42869710303042,41.00482024510352],[-121.42376167351951,41.00624845551077],[-121.42071230366001,41.00757594002114],[-121.41834244643088,41.00688647698251],[-121.41438413870904,41.006176104253036],[-121.40974802066427,41.00353655365654],[-121.4050885455238,41.00226972953264],[-121.40110668756847,41.00293165155629],[-121.39843268683528,41.00419327005895],[-121.39645309190153,41.007840920282824],[-121.39320833936607,41.012031699583076],[-121.39007842655816,41.013246112584994],[-121.38497343015592,41.01421901843525],[-121.38023522127408,41.0148974072177],[-121.37710131994633,41.014967775107195],[-121.37683552462344,41.01497375477471],[-121.3757163746964,41.01740106927318],[-121.37771623562296,41.020329817499864],[-121.38053453274021,41.022897229960535],[-121.3833966811181,41.02460586668809],[-121.38580328123899,41.026267388986355],[-121.38803948622181,41.02741790088252],[-121.38967134330908,41.02858224567123],[-121.3904763424998,41.02987932015534],[-121.38840347638845,41.03106983960422],[-121.38458665691711,41.03012660382109],[-121.38019601520182,41.027994756069624],[-121.37605673917102,41.0244846736944],[-121.37265844389223,41.020557813539085],[-121.36746003976842,41.01701408906967],[-121.36118958977781,41.013093715013596],[-121.35663490401356,41.010564740708126],[-121.35291351976139,41.00807417451107],[-121.34910834874432,41.00535657401473],[-121.34684804914892,41.00351942573334],[-121.34539802993979,41.000405164483354],[-121.34440264719764,40.99961227725943],[-121.34325840193483,40.99893523688737],[-121.34234480361278,40.99848520229991],[-121.34104767676669,40.99769498699361],[-121.33891529816607,40.996625833518294],[-121.33654960103502,40.99515759262064],[-121.33578489308144,40.99459165553885],[-121.33494078573482,40.99379700398496],[-121.33394471308652,40.99294656461829],[-121.33281366766849,40.993014146156405],[-121.3318324235106,40.9930231457675],[-121.33113456009562,40.99276637396625],[-121.33104600147995,40.99273378863735],[-121.33076896553793,40.99263186869241],[-121.3294819115011,40.992414048396014],[-121.32857033438843,40.992078556214345],[-121.32719903185273,40.99134604468874],[-121.32599254232387,40.99141433643547],[-121.32531620433971,40.9915924694998],[-121.32456554154561,40.9918284588608],[-121.32357155837867,40.991092563755565],[-121.322648185488,40.99006948854811],[-121.32149249658677,40.988704765055694],[-121.32019079462096,40.98762763582004],[-121.31919500404369,40.986777137895494],[-121.317524994608,40.98621918548702],[-121.31601769881634,40.98634739337432],[-121.31474257081327,40.98681703747245],[-121.31400265995477,40.98768331683995],[-121.3137145253274,40.988488046557734],[-121.31380762941839,40.98951850070498],[-121.31427109003639,40.99014460230863],[-121.31512768306715,40.991684034475675],[-121.31437990566172,40.99209171849296],[-121.31370364852593,40.992269782600474],[-121.31295969884191,40.99290665654565],[-121.31305661807791,40.99416632844375],[-121.31269399514719,40.99502920523854],[-121.3116402838953,40.99521037486365],[-121.31058760480772,40.9954488992509],[-121.30930540616504,40.995517784755386],[-121.30802445707891,40.995643851707136],[-121.3065118747018,40.9954853594416],[-121.30439476117282,40.99527495047142],[-121.30318045809761,40.99488466310944],[-121.30135926489457,40.994327818719164],[-121.30014888566052,40.99416636437919],[-121.29878944178488,40.994121070115774],[-121.29750913589248,40.99430448039959],[-121.29637325574157,40.994085031581946],[-121.29538244991582,40.99352092615425],[-121.29477481598289,40.99329714614605],[-121.2937210777816,40.99347815373473],[-121.29214572831897,40.99406494635575],[-121.29086853329241,40.994419948080655],[-121.28988264304787,40.994142099817026],[-121.28874378677844,40.99375090735656],[-121.28791359792886,40.99375830739111],[-121.2868647007486,40.99422583207985],[-121.28545169033254,40.995498761734815],[-121.28371480042566,40.99545642859553],[-121.28212977341246,40.9954703638134],[-121.27933821285299,40.99555193356206],[-121.27624284655599,40.99552138568371],[-121.27556644119818,40.995698952359795],[-121.27383524481357,40.99600041723077],[-121.2730766930146,40.99577782266552],[-121.27216054437547,40.995155576198194],[-121.27080010965807,40.995052568388225],[-121.269976546782,40.995460708897006],[-121.2696906804007,40.99643737110679],[-121.26994917601361,40.998383323112],[-121.26938023611324,41.0005079469813],[-121.27037124226331,41.00222089451058],[-121.27076362727772,41.00472864685189],[-121.27173614070938,41.00865363135302],[-121.27188220497794,41.014826488189804],[-121.27326343389757,41.019600457073075],[-121.27468967110785,41.02351552089589],[-121.27701254285435,41.02712545541457],[-121.27896178551129,41.03085746590144],[-121.2850864047953,41.03501373678766],[-121.29046647881228,41.03529736005187],[-121.29367972114254,41.03631390381514],[-121.29954875176193,41.03755852829145],[-121.30743274488609,41.0401312030551],[-121.31944076064752,41.041698108425344],[-121.32729029439739,41.04329812085629],[-121.33035128935498,41.046318950913026],[-121.33091249655739,41.048171082222886],[-121.3309537939076,41.04830734461852],[-121.33091600178362,41.0485336239577],[-121.33027140127845,41.052382871245456],[-121.32986407728087,41.05570898668324],[-121.32919003539055,41.05795433879763],[-121.32866716019966,41.060196041936265],[-121.32648728138177,41.06058724694148],[-121.3241438418085,41.06063879479881],[-121.32223497842362,41.06016626640654],[-121.3195093137818,41.06011195053309],[-121.31628367919221,41.060868753035216],[-121.31647414718525,41.06401034929314],[-121.31671519482039,41.066464239618135],[-121.3161855445356,41.06853474525552],[-121.31544570733897,41.071067396571905],[-121.31419331659404,41.07406871987357],[-121.31359204542828,41.076255217696925],[-121.31266491847808,41.079878503006505],[-121.31304879015853,41.082100627342214],[-121.31387377776262,41.08397000719634],[-121.31662685359704,41.0888852599127],[-121.33012420153938,41.106032384796485],[-121.33162850504277,41.108163196421515],[-121.3319322802376,41.10859346799189],[-121.33915065227895,41.118815977763994],[-121.34553480023845,41.12559538453543],[-121.34855365881931,41.12844420736807],[-121.35056894381928,41.12657020078593],[-121.35142823538914,41.12523560767743],[-121.35095254061527,41.122615217052115],[-121.34890273246062,41.120430251815385],[-121.34724406156045,41.118579547506066],[-121.34543417006199,41.11673248344232],[-121.34370419358952,41.1149976742088],[-121.34302515077805,41.11301080171465],[-121.34361304153764,41.11048120569964],[-121.34551868446223,41.10878034977798],[-121.34879851081966,41.10739216182308],[-121.35134085446484,41.106535077200625],[-121.35300442208161,41.10443904898553],[-121.35544335795947,41.10284066268599],[-121.35729193540561,41.10165563207112],[-121.35946352097683,41.09897639059598],[-121.36262331803925,41.09844839267799],[-121.36375235751926,41.10031046770343],[-121.3655602844022,41.10210045056062],[-121.36749920272155,41.10131358733934],[-121.36986207375273,41.09971661085391],[-121.37236539548026,41.09783019718242],[-121.37476661648923,41.09726171834363],[-121.37666605115689,41.09744784777778],[-121.37787964007146,41.09953675430385],[-121.3791669788742,41.10156713143205],[-121.38083470569073,41.1036456221328],[-121.38091821038458,41.105874514941696],[-121.38244746998492,41.1082995443303],[-121.38547276589313,41.11023320814339],[-121.38789471103571,41.11423974741674],[-121.38842388251844,41.11503569383152],[-121.3901419976359,41.11762075589399],[-121.39187448310295,41.123415553139445],[-121.39319912624451,41.1264173362131],[-121.39637898897544,41.12840450999038],[-121.3999201047063,41.129926005033965],[-121.40406565906261,41.1317439344178],[-121.4058287618095,41.13196581145359],[-121.40777891625643,41.131464040465325],[-121.40877981106115,41.127895255083544],[-121.40971129843376,41.122497544146675],[-121.41027103419573,41.119282123830494],[-121.41100141303075,41.116577409997525],[-121.41203866984155,41.11397979902844],[-121.41334199955466,41.11240610148979],[-121.41509465848806,41.11070751001289],[-121.41836678358855,41.109146113498355],[-121.4202666638206,41.10933149856902],[-121.42365818849711,41.11091311150232],[-121.42819269001524,41.1106950218741],[-121.433036365603,41.11064161408926],[-121.43599105303157,41.11068858930739],[-121.4376191003637,41.111680670584626],[-121.44009142302741,41.11099491996868],[-121.44178633915266,41.11175694444451],[-121.44379600608883,41.110852872694075],[-121.44675510783871,41.111013561057554],[-121.44979409407182,41.11128675236962],[-121.45201654135609,41.11197946503092],[-121.45470252651349,41.110945084031805],[-121.45658928235923,41.11078710551335],[-121.45852755029833,41.10999909084942],[-121.46466594704387,41.11014314745782],[-121.46683713735634,41.111465595352115],[-121.46742636480909,41.11299635466776],[-121.46960023659268,41.112431232103404],[-121.4727579630384,41.109898636357954],[-121.47570170629183,41.107714043110995],[-121.47797116780481,41.1076613314193],[-121.48163305304249,41.10837707293915],[-121.48405593512788,41.108377944046616],[-121.48682588581487,41.10951433075472],[-121.48650328462668,41.1109518996561],[-121.48749795500483,41.11315928612079],[-121.49132735358509,41.11621582612863],[-121.49391985556244,41.11861479039719],[-121.49828140803218,41.119771380429775],[-121.50072260676625,41.12022909375892],[-121.50507247215414,41.11915480275728],[-121.50793325239782,41.11679977483126],[-121.51085834033778,41.11415720664459],[-121.51282157874681,41.11016450694889],[-121.5138109454715,41.10836789077558],[-121.51529155950257,41.10558780006449],[-121.51712399512141,41.10405749685352],[-121.51890334210357,41.103100377646825],[-121.52091630585684,41.102309332248744],[-121.52480314091974,41.10296136072848],[-121.5271218597547,41.104164880175176],[-121.53008762700398,41.10449501234164],[-121.53325998970061,41.1043058338447],[-121.53577412265257,41.10470363122633],[-121.54239642207872,41.10940843846178],[-121.54775398251806,41.114657710382005],[-121.55349062661739,41.1198978313825]]],[[[-121.23981700709963,40.95532193970434],[-121.23891648016328,40.95561582730675],[-121.23877845940977,40.95641913010023],[-121.2395612297888,40.958188837986356],[-121.24080230894766,40.96029843116088],[-121.24210600158014,40.961605258834815],[-121.24371970461381,40.9634252530192],[-121.24548532533845,40.96530121574267],[-121.2467975079487,40.96712370387783],[-121.24896009060413,40.970199443103745],[-121.2510361960404,40.97258831199644],[-121.25195834812058,40.97361190392945],[-121.25404022523257,40.97634457947895],[-121.25612133877657,40.979020033429535],[-121.25819700583497,40.981351403985045],[-121.26042195043574,40.98356723819891],[-121.26257046098223,40.985726122538544],[-121.26441455134356,40.987715976542866],[-121.26730772393812,40.98923818392358],[-121.26757840250289,40.98734484950684],[-121.26785397239439,40.985738209240544],[-121.26806056424847,40.984533251668715],[-121.26810957543205,40.98292854884724],[-121.26784264643527,40.98046694927438],[-121.2671333519583,40.978639606987294],[-121.2647491216846,40.975909676295394],[-121.26252442591718,40.97369419659115],[-121.2603658551378,40.970905117207515],[-121.25897969716223,40.969197824143656],[-121.25728903905144,40.967321507554274],[-121.25544480765463,40.96527441583669],[-121.2542890073623,40.9637946098705],[-121.2527522737788,40.96208878666324],[-121.25098834188691,40.96032747918743],[-121.24937995418477,40.95885128326873],[-121.24708916307368,40.957151769707885],[-121.24502831282754,40.955679226629485],[-121.24358503367802,40.955061170357915],[-121.23981700709963,40.95532193970434]]]]},"properties":{"OBJECTID":319,"Basin_Number":"5-005","Basin_Subbasin_Number":"5-005","Basin_Name":"FALL RIVER VALLEY","Basin_Subbasin_Name":"FALL RIVER VALLEY","Region_Office":"NRO","Date_Data_Applies_To":null,"Area_Acres":54825,"Area_SqMiles":85.663}},{"type":"Feature","id":328,"geometry":{"type":"Polygon","coordinates":[[[-121.93251471125281,41.978705699972366],[-121.93626204603693,41.98187021342834],[-121.93926304970323,41.983794745975075],[-121.94241212716936,41.985600508858255],[-121.94585201175086,41.98705495778233],[-121.94911995609203,41.98977389781842],[-121.9525413722096,41.99248850814165],[-121.9558996080166,41.99549130747184],[-121.95798789101487,41.997554181228075],[-121.9612847970408,42.00374068839027],[-121.96976993736322,42.003761425489344],[-121.96704823249516,41.99782696030535],[-121.96418047234171,41.995498685402495],[-121.96163244505577,41.993448103835796],[-121.95962854620203,41.99155450167765],[-121.95770116135257,41.98965920735199],[-121.95646580985195,41.98780224838336],[-121.95918807437045,41.986985051411565],[-121.9601863676541,41.985354827367736],[-121.9584150462207,41.98351244806199],[-121.9571347340401,41.982344131658564],[-121.95544005507008,41.980499586424905],[-121.95502341374636,41.978105564451816],[-121.95869554606645,41.97795007852514],[-121.96065428032264,41.97887099403647],[-121.96310703767949,41.978862561725634],[-121.96386744809277,41.977066962281],[-121.96306753426485,41.974683403266006],[-121.96240262374944,41.971895143430594],[-121.96126780989877,41.96889031338252],[-121.96185399655428,41.966641181652115],[-121.96222107782377,41.964627255431765],[-121.96137649347175,41.9629317958084],[-121.96056126336825,41.96020516724891],[-121.96028970265787,41.95763550238237],[-121.96146166184553,41.956458630724484],[-121.96389229100194,41.95599260516389],[-121.96766644498886,41.95640679920732],[-121.96983580004321,41.956921102297365],[-121.97206875851464,41.95880798485589],[-121.97441245410775,41.96143654259875],[-121.97828501224583,41.965627196443755],[-121.98129716041154,41.96777946408839],[-121.98418546234062,41.970564851838766],[-121.98684438844502,41.9733563876466],[-121.99056477646555,41.97589005684415],[-121.99453361154423,41.97881788655357],[-121.9963903169471,41.980829068317455],[-121.99844830785564,41.983865838429914],[-122.00107223918985,41.98487714814905],[-122.00454610793689,41.986209654775244],[-122.00731377241148,41.98669163878986],[-122.01138628205709,41.98727236713969],[-122.01416194243605,41.98815471354193],[-122.01486708669643,41.98894792928481],[-122.01612102883185,41.990364527112796],[-122.01804288365237,41.99068459713855],[-122.0231769127063,41.9906792871105],[-122.02639655463463,41.99075467971909],[-122.02908914869758,41.99129438210857],[-122.03116339192627,41.9915551526529],[-122.03277552739978,41.99170717288988],[-122.034382086132,41.99157277238107],[-122.03551064860659,41.990528320017084],[-122.03424628062396,41.988596711104044],[-122.03129989362863,41.98685761189016],[-122.02911516750147,41.984880076175685],[-122.02556220928021,41.98343470974392],[-122.02216010244967,41.981872717560236],[-122.0201279668516,41.97983595100992],[-122.01831653564075,41.97733830586826],[-122.01712500306137,41.975176803750244],[-122.01706510070329,41.972142549869744],[-122.01799660514386,41.96886731675408],[-122.01902376129762,41.96656405459927],[-122.02058800129512,41.96431175212743],[-122.02362749058481,41.963072267130336],[-122.02653523295494,41.96292197936318],[-122.02813876526297,41.962673183138],[-122.03026922955372,41.961960128724606],[-122.0305311459512,41.95972353119025],[-122.03050295322434,41.95829224138704],[-122.03162420700579,41.95690427862488],[-122.03344809245972,41.956194711612476],[-122.03533522290296,41.954797195447185],[-122.03559571636906,41.95250341306131],[-122.0331812317349,41.95047165742627],[-122.0299394876573,41.94919435004412],[-122.02822432440387,41.9476692352728],[-122.02681566003717,41.94614037782532],[-122.02664045711575,41.94116076405683],[-122.02734149607525,41.93788816560665],[-122.02688509891033,41.93417166911824],[-122.02698596264874,41.93153657978891],[-122.0259591649228,41.92994577524882],[-122.0257733151686,41.928287589455714],[-122.02628875769885,41.92725053845283],[-122.03012149082545,41.92748990434423],[-122.03437777332032,41.929785228269004],[-122.03926162246592,41.93281709382495],[-122.04183691362077,41.93524753293281],[-122.04309595998363,41.93694979664967],[-122.0450293312061,41.93789944732566],[-122.0473167015326,41.93741295237162],[-122.04891273560295,41.93682041668143],[-122.05075682506596,41.937141335829025],[-122.05469780248933,41.938924567227836],[-122.05654790707149,41.93953139514157],[-122.05755107371559,41.93991967077884],[-122.05916681861989,41.94030019488709],[-122.05999849867287,41.93977463266333],[-122.05972696581026,41.937716380924755],[-122.05783314022322,41.93493441755809],[-122.05472036008446,41.93245353964236],[-122.05151979118622,41.92940144284788],[-122.04743079655682,41.927848857930535],[-122.04612165474379,41.92746432368209],[-122.04449713329917,41.92662535114336],[-122.04412559548756,41.92336608762318],[-122.0446370647693,41.9183209322262],[-122.0451049145558,41.91493665183785],[-122.0467265182724,41.91182447568793],[-122.05010901847353,41.9087477720167],[-122.05362572428318,41.90475308655023],[-122.05748185672633,41.90241439863784],[-122.05952911366555,41.90147273248724],[-122.06258946183615,41.901434356877736],[-122.06466237196496,41.90175210630944],[-122.06701782560683,41.90092085321965],[-122.06954847947519,41.90117515709996],[-122.07162717655105,41.90177880783659],[-122.07256055397905,41.90251143265003],[-122.07380357349894,41.90341211158825],[-122.07501139972092,41.90259504371735],[-122.0765169806287,41.90137350986652],[-122.07919594545213,41.90139714396112],[-122.08097223367076,41.898454252144724],[-122.08154553489183,41.89655734436099],[-122.08242477804416,41.894656857615175],[-122.08409011085047,41.89377653788019],[-122.08855675363205,41.895151377081184],[-122.09406581943561,41.8988029503265],[-122.09703963648813,41.90197157854432],[-122.09876672218203,41.90773247747037],[-122.09946906459703,41.91574002340894],[-122.09980814627744,41.92100365068957],[-122.09728226785313,41.92470081325121],[-122.09421070241959,41.927946859123274],[-122.09152288200407,41.93124518329907],[-122.08869701119062,41.935289415942],[-122.08720254873111,41.9370835118838],[-122.08644921075408,41.94138788723906],[-122.08433882021664,41.9467400808765],[-122.08279461893822,41.9498518969155],[-122.08260736871047,41.95191596141166],[-122.08418239477962,41.95401478173806],[-122.08704263064425,41.955295330758545],[-122.09033258999808,41.95513890933086],[-122.09453785896457,41.95479896912622],[-122.0984371006599,41.95446277690613],[-122.10098312560108,41.951681512768566],[-122.10322968007429,41.949247623196236],[-122.1067743297775,41.946625246762125],[-122.10902921792162,41.94459177568938],[-122.11044652138641,41.94279835670226],[-122.11145699582532,41.93986486898872],[-122.11277843737123,41.937156478755064],[-122.11316564629297,41.93371569718516],[-122.113042280655,41.93148401694014],[-122.11219859641488,41.92777282879088],[-122.11115311013776,41.925381506073805],[-122.11123897650252,41.92217357787888],[-122.11272890965633,41.9202075896585],[-122.11457832163741,41.91714874456927],[-122.11576423435638,41.91530117953064],[-122.1162373401856,41.91231747173272],[-122.11643017883269,41.906932217512605],[-122.11671626709784,41.90234788816587],[-122.11648740331292,41.89874334648346],[-122.11668011529756,41.89335845247016],[-122.11775411769506,41.88985175397403],[-122.11861310922762,41.88703507673886],[-122.11893045796634,41.883938757910684],[-122.11931341965344,41.88032662333813],[-122.12076950877893,41.876814901298935],[-122.12254463637423,41.87392893265248],[-122.12432934001043,41.87150073707341],[-122.12710931499768,41.869116934420994],[-122.12944000657875,41.8671970172569],[-122.13109916077254,41.866087363341435],[-122.13299770970134,41.865432839284814],[-122.13542526212792,41.86448493008565],[-122.13704410801657,41.86148618047651],[-122.1380304501137,41.857522491741115],[-122.13903493099303,41.85441745780815],[-122.14002841649332,41.85079727656335],[-122.14041741755406,41.84752843943185],[-122.13900097287868,41.84565779200584],[-122.13723028835079,41.84510843933014],[-122.13495024198883,41.845767970205685],[-122.13332411615309,41.844816153131845],[-122.13198310301212,41.84288691147893],[-122.13046748702432,41.839929318902755],[-122.12598524140456,41.837697831740016],[-122.12013463972323,41.835827362728175],[-122.114215001614,41.83430084456755],[-122.10945914532839,41.83356092380138],[-122.1044716243108,41.83270907247028],[-122.0983649264167,41.83318840706837],[-122.09282580657697,41.83154186446221],[-122.08952387717198,41.83083963638515],[-122.08643444963734,41.82933296712401],[-122.08365237888053,41.827879824287486],[-122.08104780534235,41.82390514782035],[-122.07990034231419,41.82014107266345],[-122.07972766186208,41.815448431624134],[-122.07894961931642,41.811049730435116],[-122.07800475243594,41.80596623325513],[-122.0760537454878,41.800265883265375],[-122.07505048092736,41.79604170192766],[-122.07362394188314,41.793540934264975],[-122.07199046513344,41.792130137592856],[-122.06965432077858,41.789984193484145],[-122.06900484331975,41.78810286235287],[-122.06958216719666,41.78643540431195],[-122.07124034671835,41.7853269004227],[-122.07453673172142,41.78585766283133],[-122.07761350109541,41.78684918205034],[-122.08076399161148,41.7877251829197],[-122.0840900713246,41.78968695105755],[-122.08557435317698,41.791270770220386],[-122.08688477329261,41.79182670048011],[-122.08918250119433,41.79208383073479],[-122.09025435392337,41.792184472091265],[-122.09209021392007,41.79227559274875],[-122.09204055684776,41.78987163733661],[-122.0917629010682,41.78752794505154],[-122.09169081216497,41.78403662879387],[-122.09223189171507,41.78065183621653],[-122.09341153778662,41.778575721097184],[-122.09481771382,41.77638226414959],[-122.09639185325193,41.77493062115954],[-122.09782637831903,41.77411079173463],[-122.09964027360873,41.77317160454448],[-122.10314520699656,41.77272559399308],[-122.10557958482266,41.77223632690311],[-122.10702706449449,41.772045872348336],[-122.10837069981778,41.77054012010729],[-122.1046296379693,41.76698163498838],[-122.10130313335304,41.764963374749],[-122.09866644504349,41.76305073407041],[-122.08801659305844,41.76146965533488],[-122.08385418810404,41.75963367185543],[-122.08005400453344,41.756819294425256],[-122.07682134242336,41.755600805259554],[-122.0718140162487,41.75348874425582],[-122.06936233237863,41.753138026664026],[-122.06887572666733,41.75547222876578],[-122.06959781135734,41.75718070577776],[-122.06970454019623,41.75866769839413],[-122.06827236063035,41.75960197438367],[-122.06591806401856,41.76026121062514],[-122.06310313109199,41.760811754249524],[-122.05935457549742,41.760515363628755],[-122.05764815015677,41.759220128614764],[-122.05568035639091,41.756324979239864],[-122.05386641798209,41.75348514483537],[-122.05177283133038,41.751908356112466],[-122.0487084982332,41.75143133529674],[-122.04628014361106,41.7522058507165],[-122.04469600772667,41.753198558346206],[-122.04311318158594,41.75424878842053],[-122.0424398888906,41.7549440629969],[-122.04109184194094,41.756277389362076],[-122.03967065595751,41.7577835560943],[-122.0376454715231,41.75964058655669],[-122.03614546915325,41.761032919075376],[-122.03394122532988,41.761575533795984],[-122.03233424888106,41.76142359436381],[-122.02959328592996,41.761858091267634],[-122.02716537597391,41.762689208362254],[-122.02611100446032,41.76344661411713],[-122.02360221289105,41.76404977543829],[-122.02092283304594,41.763738963520424],[-122.01831067593014,41.762969563135414],[-122.01737187896606,41.76183595681085],[-122.01519005619387,41.75962969082593],[-122.01406613261942,41.756838348045164],[-122.01202494110497,41.75400064867781],[-122.01096647866358,41.7506360320232],[-122.01031099596706,41.74835412094084],[-122.0088425657862,41.74745584636783],[-122.00678221769832,41.747538168257314],[-122.00465564580769,41.74813631912104],[-122.00291181102531,41.74878720439446],[-122.00118760533024,41.750005389292966],[-121.99920229261973,41.75332251126956],[-121.99819578154784,41.75632682276391],[-121.99819378369465,41.757930085620124],[-121.99781618405149,41.7613180969256],[-121.99766687596642,41.763039570895245],[-121.99426655857995,41.76387609674051],[-121.99208485887695,41.764622330945755],[-121.99024042176593,41.76604632605788],[-121.98791638220955,41.76702523434741],[-121.98898286480977,41.76859927451202],[-121.98986290027618,41.771094638932055],[-121.98981627861124,41.77338576665065],[-121.98936143193849,41.775115750565014],[-121.98849071739149,41.777772862071004],[-121.98868102817937,41.78022946747727],[-121.98829215467941,41.78338888022079],[-121.98779273360225,41.78580699827706],[-121.986571597941,41.78750033845318],[-121.98541621446695,41.788963127513476],[-121.98442650907744,41.79070739132052],[-121.98400041118869,41.793066048015625],[-121.98435401952555,41.79574733388741],[-121.98520000524944,41.79915971262831],[-121.98532983157092,41.801961765201405],[-121.98449267987957,41.80370202376764],[-121.98430890882695,41.80634046655123],[-121.98597673266154,41.80932981159487],[-121.9882026824771,41.81115883331612],[-121.99085582073614,41.81394966613503],[-121.99342201375377,41.81651407608431],[-121.9942236873813,41.81895410024596],[-121.9952360527739,41.8209879692506],[-121.99789699739276,41.82228993787781],[-122.00041860253127,41.82388192085979],[-122.0027983870426,41.82570662440884],[-122.00261260376374,41.8282879968263],[-121.99894552895867,41.828387857724174],[-121.9955893628701,41.828593144224975],[-121.99368265993347,41.83036249039258],[-121.99309330222502,41.832496945870744],[-121.99226659434711,41.83446602768121],[-121.99105815996568,41.83644567124101],[-121.98575474368347,41.83756227662118],[-121.98207159442472,41.83897886192373],[-121.97806947406981,41.84011756936325],[-121.9701966326316,41.84193290464207],[-121.96572778268936,41.84457224857656],[-121.96234159131073,41.84580829716082],[-121.95864977780106,41.84705261502049],[-121.95438337129293,41.84745308151906],[-121.95029358165453,41.848364190093015],[-121.94606163092743,41.84784764140455],[-121.94071556712714,41.84638708340003],[-121.93753737616095,41.84715892496884],[-121.9348389879644,41.84671548431893],[-121.92985371812492,41.846447533086575],[-121.92727720346468,41.84531370231809],[-121.92451527922472,41.84178002863824],[-121.92119155938587,41.839348791054285],[-121.91678300616216,41.83660315934872],[-121.9118941003998,41.83507219140616],[-121.91026240141606,41.832825164403395],[-121.91020692326074,41.83250211914356],[-121.90974330992913,41.82980441448877],[-121.9071237794415,41.8276980703389],[-121.90450411869814,41.828969388645866],[-121.90404947324802,41.830756318976626],[-121.90367619180643,41.83265564782162],[-121.90253634289863,41.83451777017732],[-121.90123576292858,41.836212333049154],[-121.89826719203732,41.83823728725539],[-121.89629345950914,41.838575577632426],[-121.89391272727516,41.84006948953464],[-121.8924486108043,41.84153951960099],[-121.89016480499285,41.843488914555294],[-121.8908334381268,41.84644855560412],[-121.89211792477853,41.84778886931893],[-121.89330871085791,41.850448438160875],[-121.89376316227194,41.85203965728399],[-121.89423521976722,41.854031189209984],[-121.89439685183964,41.855916324433444],[-121.89439764235712,41.857633902674266],[-121.89455916932666,41.859519056819884],[-121.89385669216435,41.86091176785616],[-121.8924996108579,41.86306603276617],[-121.89093032861673,41.863908674537264],[-121.8889936093732,41.86338712409082],[-121.88764288274905,41.8622775284877],[-121.88560923438804,41.86130035657944],[-121.88183358740112,41.86242983902718],[-121.8799304516745,41.86265159859544],[-121.87720144799474,41.8615205819668],[-121.87615388301607,41.86034572379954],[-121.87551901306205,41.858129276731674],[-121.87598491080944,41.85657114328475],[-121.87715645587373,41.85539539930224],[-121.8791862217161,41.852880400192774],[-121.88128726618129,41.850248914193486],[-121.88134764374817,41.84818601681636],[-121.88108721675742,41.84578821332047],[-121.88047526013135,41.844086748802674],[-121.87856484984754,41.84413667665063],[-121.87670318125275,41.84527329207056],[-121.87478233434197,41.845094647767716],[-121.87335568570327,41.84398683677598],[-121.87156963459411,41.84168603441597],[-121.87063764685992,41.84308450896356],[-121.86979722260594,41.844824080521185],[-121.86910723112778,41.8465024873584],[-121.86842220823146,41.848295277917735],[-121.86750271696117,41.8499796421373],[-121.86516940768936,41.8508420340761],[-121.86466727908994,41.848164139011445],[-121.86356926921647,41.84584545010737],[-121.86319959900234,41.84270589479908],[-121.86285046876716,41.84002406593926],[-121.86216025540514,41.83826740117548],[-121.86122784276778,41.83623041937623],[-121.85849245745626,41.8349275669664],[-121.85532163447206,41.83415135714676],[-121.85287407207251,41.834157741746765],[-121.8528203564118,41.83639210112842],[-121.8525781831876,41.83782963259703],[-121.85267741738208,41.840059899130026],[-121.85284538706885,41.84211659508361],[-121.85256499681755,41.84441413228703],[-121.85267671579784,41.84693033286568],[-121.85210838675191,41.849635999268244],[-121.85599829764631,41.85108082660049],[-121.85788092393672,41.85211951770629],[-121.86030866950105,41.85337350530101],[-121.86305764901778,41.85496203883279],[-121.86563861932183,41.85621163636865],[-121.8692313684186,41.85955334964428],[-121.87184858843929,41.86332100047963],[-121.8729600299229,41.86592559205955],[-121.87460439335554,41.87017675269041],[-121.87514829990387,41.87548752739539],[-121.8753606005516,41.878516473728475],[-121.87729112591124,41.88401991006274],[-121.87971368370484,41.88853717315109],[-121.88337536592326,41.893365303928796],[-121.88721062511243,41.89692919985892],[-121.89033211531621,41.899939334940925],[-121.89149556925474,41.90196999060551],[-121.89274057135647,41.90411329759383],[-121.89618237024783,41.90911870682397],[-121.89918791220295,41.91293322243304],[-121.90450011400861,41.91863375282322],[-121.907710082878,41.921870235800284],[-121.91088028782131,41.92590944795182],[-121.91286412639644,41.929120965665696],[-121.91272290404724,41.93107146604162],[-121.91155821043361,41.932419187032785],[-121.9083148844228,41.93353554916153],[-121.90545024950822,41.93286689156008],[-121.90242230087499,41.93197309662863],[-121.89868789015286,41.93069717361153],[-121.89394259625837,41.927386375281195],[-121.88904850631853,41.92757214601994],[-121.88837096998179,41.92953683534371],[-121.88780343774145,41.932242994289815],[-121.88566369924372,41.932356345981574],[-121.88364874931534,41.93183665206423],[-121.8809810053481,41.932135467879576],[-121.88128766862654,41.93384530130844],[-121.88098722707976,41.93568560546175],[-121.87997511231714,41.93702908788413],[-121.88059802030483,41.93895944756715],[-121.8820471546734,41.940524920285014],[-121.88406628356447,41.94453762870239],[-121.88775878608195,41.94827728012867],[-121.89041044032415,41.95101384313409],[-121.89472123259044,41.95485160160899],[-121.89758245839852,41.957124209179455],[-121.90089790385531,41.9592703431871],[-121.90211058457307,41.96066998300079],[-121.90379314706654,41.96228641408524],[-121.90442213844536,41.96433109135703],[-121.90781976807249,41.966589496010485],[-121.91024211116874,41.96761362760846],[-121.91329230298672,41.9689645162077],[-121.91598873824583,41.97095481988761],[-121.9183710173787,41.9727814349528],[-121.92297472869959,41.972888624335816],[-121.92603606950856,41.97446828504417],[-121.92912083119361,41.97656262612798],[-121.93251471125281,41.978705699972366]]]},"properties":{"OBJECTID":328,"Basin_Number":"1-003","Basin_Subbasin_Number":"1-003","Basin_Name":"BUTTE VALLEY","Basin_Subbasin_Name":"BUTTE VALLEY","Region_Office":"NRO","Date_Data_Applies_To":null,"Area_Acres":79739,"Area_SqMiles":124.592}},{"type":"Feature","id":357,"geometry":{"type":"Polygon","coordinates":[[[-121.62966033633828,41.041929169502644],[-121.62907136849866,41.0441742297109],[-121.63465673181256,41.04386594721892],[-121.63998031796785,41.0427058335594],[-121.64491862568093,41.04138352471863],[-121.64966779311092,41.0409805232742],[-121.65249677299357,41.041711676123626],[-121.65584313397083,41.04214382465277],[-121.65815276544838,41.04128612469687],[-121.66265843913072,41.038658275906734],[-121.66591231944781,41.03686195405368],[-121.6690386362996,41.035640548618616],[-121.67204666299477,41.03339253899863],[-121.67359994085086,41.03072293468939],[-121.67355450496211,41.02780687130019],[-121.67272995034597,41.024338663173026],[-121.67572547428902,41.02180492160132],[-121.67320620387194,41.02123828821671],[-121.67143312802875,41.020796791780455],[-121.67007321613085,41.02045790211441],[-121.66766264635474,41.0188589896426],[-121.664449576501,41.01796630148225],[-121.66149622756222,41.017867951806],[-121.65847442250721,41.017942393384565],[-121.65548599794984,41.01515663934205],[-121.65357628386039,41.01285868568177],[-121.65042015641588,41.013336954739415],[-121.65035592777139,41.017284749882585],[-121.65017363444741,41.020206270234674],[-121.65057222861707,41.022541416534054],[-121.64780316097401,41.02140851541322],[-121.64321397451295,41.02014873658096],[-121.6432134660665,41.02197886609833],[-121.64071791925775,41.021983275481304],[-121.63748149590158,41.02051824005264],[-121.63508116242814,41.01974460137079],[-121.6244540108703,41.01631890385375],[-121.62287802629878,41.01475592493858],[-121.62064758221183,41.013838074547465],[-121.61723667189149,41.013635314471955],[-121.61380936372397,41.01303246875623],[-121.61158847411842,41.01234310145035],[-121.60839025431467,41.01179182935479],[-121.6057617245045,41.01036858240992],[-121.60064577853727,41.00877611975024],[-121.5975334511494,41.00696503833916],[-121.59581625231351,41.00563387403328],[-121.59394341316816,41.00419232367701],[-121.59230648239618,41.00297367278963],[-121.59152532808636,41.00047593835712],[-121.60055081134037,40.99465434617317],[-121.60021086548066,40.994421875704404],[-121.59914220446586,40.99386084802643],[-121.59778734469309,40.99404791157314],[-121.59658826087544,40.99446231917688],[-121.59478183597567,40.994711818016235],[-121.59416123126837,40.99391662684311],[-121.59345783153627,40.9927783671641],[-121.59176160387071,40.99107823298201],[-121.59112553736072,40.98953843881791],[-121.59162390740902,40.98810017709192],[-121.59199025565324,40.98758040585022],[-121.59320366670137,40.98785332966089],[-121.5943404487608,40.988069741035964],[-121.59583763131896,40.98748006468346],[-121.596565819163,40.98621120346693],[-121.59640286027889,40.985640010147804],[-121.59092640242181,40.980028614589976],[-121.58924128781464,40.97884399318839],[-121.58913358430364,40.97729833514214],[-121.59024373490816,40.97625440591704],[-121.5915849914926,40.97543730743135],[-121.59292155168471,40.974390759949195],[-121.59289517085975,40.973130723830046],[-121.59210698992777,40.97153510560697],[-121.59110701499789,40.970629297590925],[-121.58883780770815,40.97036820074842],[-121.58741262422168,40.97078527828947],[-121.58480547072205,40.97241865863506],[-121.58377075434684,40.973461610174226],[-121.58223752778623,40.97594241100694],[-121.58143974296554,40.9774985152428],[-121.58042753118487,40.97962973535571],[-121.57978281479707,40.981298404486616],[-121.57911206253733,40.98170710077842],[-121.57797304367286,40.98137589229968],[-121.57661025896265,40.981161690784404],[-121.57717461116683,40.979264529443356],[-121.57775192785722,40.977997665452655],[-121.57841453419394,40.97718812812942],[-121.57900141614546,40.97637927535819],[-121.57898605225917,40.97563470231373],[-121.57867000338264,40.974950461870364],[-121.57811922202744,40.97386793982613],[-121.57735523542101,40.97341799932431],[-121.57621512779839,40.973029505412114],[-121.57514823107479,40.9725256736339],[-121.57325365719113,40.972145467474206],[-121.572282396011,40.97261444017874],[-121.57111073955558,40.97434628022149],[-121.57031515920062,40.97601686264527],[-121.56982124838942,40.97768386528982],[-121.56916337707256,40.97872254782664],[-121.56758709785363,40.97914106997821],[-121.56651658271608,40.978465156761395],[-121.56580812636723,40.97704043461442],[-121.56627960175425,40.974284775496535],[-121.56700462213855,40.97284434643957],[-121.56812560732372,40.9723163579912],[-121.56900978671857,40.97127524407368],[-121.56919940041378,40.96949680829009],[-121.56835300326149,40.96870408724664],[-121.56684075685432,40.96854873447319],[-121.56381343524515,40.96812351750004],[-121.56063204447993,40.96752805258231],[-121.55784528092407,40.96778754970495],[-121.55633050665769,40.96751751042654],[-121.55534629446612,40.96735631263754],[-121.55465564182789,40.96679099840492],[-121.55404030034984,40.9662244970272],[-121.55485974714529,40.96570016669238],[-121.55635911799946,40.965225280047136],[-121.55763449214096,40.96486754147288],[-121.55822277995591,40.96411624101244],[-121.55834904266065,40.962911780475864],[-121.55742510293307,40.962004998671844],[-121.55605198400386,40.961275072801755],[-121.55490520728856,40.960542610563586],[-121.55381880095362,40.95906453625116],[-121.5532791164871,40.958497711437126],[-121.55175402686633,40.95771185258875],[-121.55075015504475,40.956576850598225],[-121.54997015507006,40.955324759923286],[-121.54956723461402,40.954068591824615],[-121.54923643090893,40.952639676498464],[-121.54958093931198,40.9510315097667],[-121.54947755310425,40.94965753891458],[-121.54861991892606,40.94829182461987],[-121.54638609627537,40.94602402845641],[-121.54568988576051,40.94517183658146],[-121.54515501806056,40.94483409429487],[-121.54418966959162,40.94558938751341],[-121.54301418721143,40.947148949402596],[-121.54205812911914,40.94836260421436],[-121.54125629020159,40.94974634979007],[-121.53988581860753,40.95285527460251],[-121.53871484756668,40.954643973760774],[-121.53730829963078,40.95597711667492],[-121.53561026006328,40.95782893516293],[-121.53510302094823,40.95886576961218],[-121.53444841231249,40.96007591688362],[-121.53244395021505,40.961701879888814],[-121.52967911992518,40.96304910995189],[-121.52713387741657,40.96405034944378],[-121.52442603085842,40.96448039593569],[-121.52216168794592,40.96444699484095],[-121.5196116089079,40.96521913035494],[-121.51729578803803,40.966389455433834],[-121.51444486231298,40.96722174332636],[-121.51241473894117,40.96758710476704],[-121.510624590616,40.968637416156064],[-121.50936809636686,40.9699684349237],[-121.50819612999267,40.971756855512574],[-121.50688670970194,40.974234620929536],[-121.50593753360307,40.97584886412965],[-121.5046144472419,40.97763911175621],[-121.50259752101991,40.978691446889115],[-121.50109295610673,40.97893653617536],[-121.49890699838929,40.97907398082316],[-121.49718391828327,40.979721986981055],[-121.49555198573755,40.98117150038092],[-121.4942217308204,40.982617891614204],[-121.49289492543397,40.98423599504916],[-121.4914215635022,40.98608498421224],[-121.48993244781526,40.98713169876753],[-121.48782611317134,40.987497257125035],[-121.48428269146517,40.987705811920684],[-121.48194778948037,40.987959086850694],[-121.47924434646373,40.98867455033407],[-121.47438118102755,40.99090169400526],[-121.47363648753847,40.9914249547831],[-121.47229239497271,40.99218357976027],[-121.47087163389239,40.99288570171279],[-121.46821813540893,40.99228249054973],[-121.46570899080174,40.9913339807125],[-121.46326538368442,40.98986879939786],[-121.460427084679,40.987491085097325],[-121.45898345428819,40.9869900605828],[-121.45641111948896,40.986671999953515],[-121.4537742658894,40.98692796617105],[-121.45151801410266,40.9873515911499],[-121.44904167686796,40.98812141485285],[-121.44588954872309,40.98906974307131],[-121.44340991377297,40.98966752852782],[-121.44205591907784,40.989910122409164],[-121.43964414555924,40.99010601613047],[-121.4385758483621,40.98948645962145],[-121.43841726337511,40.98908694255731],[-121.4398403034813,40.98849977743668],[-121.44088936056168,40.98808814032343],[-121.44118260031483,40.98762694958852],[-121.44063380693134,40.98654374048317],[-121.43873753882504,40.98604695713402],[-121.43639700440342,40.986012725421304],[-121.4339110165676,40.98626654052567],[-121.4320320041996,40.98668627065536],[-121.42993727399255,40.98768118016628],[-121.42805920844886,40.988158025563216],[-121.4266156759744,40.98765668673383],[-121.42456641040218,40.98704649957919],[-121.42042331742974,40.98748813809294],[-121.42008809221684,40.9889789651067],[-121.42007462287748,40.98903886738902],[-121.42130334481132,40.990172605176184],[-121.4226756327989,40.99090405840298],[-121.42442854415889,40.99180376355349],[-121.42588494499981,40.9929926590969],[-121.42725620531469,40.99366686123962],[-121.42945242897919,40.99404609988136],[-121.43110635138476,40.993686231941254],[-121.4329962917582,40.993839392432314],[-121.43436339916153,40.99428415318499],[-121.43602704583006,40.99443961892578],[-121.437842554494,40.99465074519749],[-121.43914077279315,40.995440040997885],[-121.43930566125849,40.99618322903033],[-121.43979095902274,40.99789734593698],[-121.44110432291758,40.99948870063215],[-121.44233574159388,41.000737104493595],[-121.44496550748589,41.000080461448206],[-121.44932160538521,40.99889101439477],[-121.45181765435221,40.999152357661295],[-121.4556735559283,40.999457561352024],[-121.4580909475107,40.999547617764215],[-121.4602043833369,40.99952635724299],[-121.46299267762201,40.99926904127308],[-121.46592858576956,40.998838079163704],[-121.46780771042697,40.99841788807202],[-121.47122179629183,40.99929965860207],[-121.47281017581764,40.99945557150204],[-121.47507002715372,40.999203091932095],[-121.47860517717278,40.998536683542596],[-121.48117131629151,40.99851031884341],[-121.4825242851106,40.998209792935114],[-121.48508389168053,40.99783983822569],[-121.48826155533565,40.99820808983537],[-121.48978569184393,40.998937333195606],[-121.49130973133416,40.99966618950237],[-121.4923866586462,41.00068653411405],[-121.49783221894909,41.00120285700412],[-121.49969666603307,41.00003747430145],[-121.50065871319333,40.99905334395697],[-121.50159251732107,40.99663702529397],[-121.5024000973716,40.99548265213329],[-121.50303199569865,40.99306935274697],[-121.50399271065734,40.99202772085519],[-121.50541191136402,40.991268089882254],[-121.5063129512384,40.99102941611257],[-121.50774574255702,40.99095715595918],[-121.50949621858425,40.99168370697625],[-121.51111396313838,40.99332836563249],[-121.51309669139584,40.99433891053729],[-121.51582956322119,40.995112268527464],[-121.51718815279898,40.99509779895605],[-121.51802055330083,40.99520367063702],[-121.5193207541818,40.99604923923359],[-121.5204688523189,40.996839592241095],[-121.52282226229349,40.997502228486375],[-121.52532436949873,40.9980484314952],[-121.52643923266524,40.99717699316143],[-121.52785599803919,40.99630255533831],[-121.52875944719514,40.996178238902964],[-121.52982300488084,40.99651075006065],[-121.53050677103407,40.99673271839032],[-121.53169823893477,40.995917881196036],[-121.53250999794798,40.99499213457874],[-121.53310569506739,40.99458470716103],[-121.53394054707164,40.994805105578244],[-121.53728089742137,40.99574344616422],[-121.53978535282276,40.996404163828565],[-121.54093489545082,40.99725113132489],[-121.5410336113174,40.99839627192296],[-121.54145971100273,41.0007981404874],[-121.54417607269147,41.00561504781429],[-121.54913064080952,41.00852825157242],[-121.55679164692734,41.01103332158846],[-121.55949909373517,41.014457544524035],[-121.5620164803851,41.02068832339296],[-121.56427119515439,41.02412325055465],[-121.56719943528266,41.02548281800939],[-121.57032934449727,41.02620858045693],[-121.57320495233304,41.02625383979103],[-121.57575771284223,41.02579224720437],[-121.58106515806851,41.026121994379295],[-121.58496407996356,41.02528474420333],[-121.58860854776616,41.02376679652698],[-121.59121141989517,41.02267453715458],[-121.59203949411058,41.02070992138587],[-121.5912627720884,41.01832652891992],[-121.59526908308406,41.01828671212574],[-121.59979264312206,41.017948425649045],[-121.60504232218396,41.01873628954759],[-121.61240648360938,41.02130267769537],[-121.62100899690851,41.02641209880007],[-121.63018870113389,41.03819858618082],[-121.63026806279767,41.0401414429308],[-121.62966033633828,41.041929169502644]]]},"properties":{"OBJECTID":357,"Basin_Number":"5-046","Basin_Subbasin_Number":"5-046","Basin_Name":"LAKE BRITTON AREA","Basin_Subbasin_Name":"LAKE BRITTON AREA","Region_Office":"NRO","Date_Data_Applies_To":null,"Area_Acres":14061,"Area_SqMiles":21.971}},{"type":"Feature","id":375,"geometry":{"type":"Polygon","coordinates":[[[-121.69824097792758,41.1947913000364],[-121.69975918914825,41.19664120836424],[-121.70255499514577,41.1982303630381],[-121.70590891095456,41.19866135109527],[-121.71007571585724,41.20038754259492],[-121.7160591621994,41.203841463131944],[-121.72223678747508,41.20648940645509],[-121.72639138337473,41.20970295112489],[-121.72828351473915,41.21320228367255],[-121.729899748327,41.217337681562086],[-121.73182203793212,41.21974928012534],[-121.73523344502078,41.219720437786975],[-121.7379242981487,41.21879413417364],[-121.73882155521743,41.21671200562116],[-121.73769346795162,41.21336535609855],[-121.73572938871946,41.21175580074175],[-121.73142260293933,41.20854658211235],[-121.72834032150277,41.20559221552424],[-121.72624032537153,41.2025557611593],[-121.72607580611376,41.19866992783898],[-121.72312796115271,41.19708507873439],[-121.71978217509724,41.19505264036787],[-121.71642690462899,41.19279127401235],[-121.71186987066856,41.19078899461258],[-121.71001136324523,41.189863262931986],[-121.70556171658883,41.188601446102055],[-121.70089946385754,41.18768832125187],[-121.69976255783058,41.18588620287168],[-121.70001304855596,41.18334772477597],[-121.70002139300665,41.183263164295894],[-121.70002846454456,41.18319107804835],[-121.70095420719095,41.17996430494917],[-121.70177639384796,41.1778842977854],[-121.70509807451113,41.17757240920238],[-121.7088837502899,41.1774777316454],[-121.71224874502111,41.17819427413724],[-121.7175317003761,41.17766117516167],[-121.7179917348196,41.17599078645753],[-121.71744823880135,41.17388777674616],[-121.71568138648645,41.17152945692511],[-121.71353141887259,41.16906654912957],[-121.70993241211154,41.16818433441942],[-121.70650669665703,41.16781252014744],[-121.7003532019265,41.1674514553354],[-121.6966223359565,41.16702970831456],[-121.69438256735693,41.167829241485194],[-121.69402639253327,41.17018357838925],[-121.69441779029921,41.17229045446939],[-121.69478361123238,41.17559915773779],[-121.69545498512625,41.17895757759262],[-121.6942563423814,41.18110388364325],[-121.69185021926592,41.18156451431406],[-121.68883113520792,41.181868336352416],[-121.68474712083847,41.182084453189454],[-121.67996970139278,41.183369808176074],[-121.67959502127428,41.183470605173426],[-121.67912549253654,41.18359697321228],[-121.67815350192438,41.18573757479797],[-121.67727856439723,41.18839072044482],[-121.67575986539138,41.1901446334404],[-121.6779734894229,41.19415148154381],[-121.68214797402294,41.1942765764068],[-121.68787086132203,41.19516401296035],[-121.68847725468152,41.19570692417458],[-121.69023349519796,41.19727902406325],[-121.69230630112222,41.19608326577232],[-121.69588291647646,41.19279070618894],[-121.69824097792758,41.1947913000364]]]},"properties":{"OBJECTID":375,"Basin_Number":"5-038","Basin_Subbasin_Number":"5-038","Basin_Name":"PONDOSA TOWN AREA","Basin_Subbasin_Name":"PONDOSA TOWN AREA","Region_Office":"NRO","Date_Data_Applies_To":null,"Area_Acres":2083,"Area_SqMiles":3.255}},{"type":"Feature","id":401,"geometry":{"type":"Polygon","coordinates":[[[-121.89320760726932,41.76663473788938],[-121.89556203862838,41.768003873098166],[-121.89855289672184,41.76992885132536],[-121.903231084668,41.77198079263056],[-121.90730417193032,41.774163186612654],[-121.91089600654215,41.77584288377515],[-121.91219767527029,41.777583148125025],[-121.91369352293196,41.78023430199419],[-121.91567099245174,41.783387961861884],[-121.91665323733285,41.786510484413654],[-121.9183100792631,41.7893291159428],[-121.92035497542979,41.790591843237216],[-121.92142814598732,41.79233806863633],[-121.92244309493466,41.79448647556958],[-121.92362386749356,41.79691716330313],[-121.92493145162788,41.7987717195583],[-121.92605717812111,41.80032201562522],[-121.9269786708379,41.79671345756141],[-121.9256824971043,41.7934271741404],[-121.92374274963996,41.787753686284006],[-121.92112032118722,41.78387306656003],[-121.91908198541707,41.78106454063476],[-121.91449173445238,41.775919443413876],[-121.91146409124636,41.77319437020571],[-121.90510376840483,41.76775220868988],[-121.9011968497071,41.76585166276254],[-121.89641962968743,41.76328699960398],[-121.88786673662965,41.760019973943486],[-121.88493363392072,41.76107011987072],[-121.88177648509176,41.76224067583511],[-121.87800057130521,41.761538489420886],[-121.87671517016852,41.76014071401879],[-121.87437905276315,41.75745413818596],[-121.87031106433835,41.75704546273328],[-121.86169914388158,41.757556464287276],[-121.85438970512831,41.75814775972467],[-121.84902908592544,41.75788626631493],[-121.84767588084942,41.756661920408796],[-121.8466228361475,41.75531545591188],[-121.84404122085309,41.7522339295648],[-121.84125403868231,41.74795552657554],[-121.8401179231728,41.74472183750058],[-121.83944730835532,41.741647941165176],[-121.83693230313918,41.74005288428589],[-121.83315600756866,41.737574638716666],[-121.82888185129457,41.734193360126156],[-121.82743295497953,41.732513376426915],[-121.82541970735865,41.730160988217335],[-121.8219511548415,41.729449065805134],[-121.81769877462823,41.730016574787065],[-121.8142705663488,41.73021921057813],[-121.81170016741902,41.729083168801104],[-121.8087020185987,41.728644790231854],[-121.80566277814232,41.72900910018149],[-121.80031567229629,41.73074900166933],[-121.79588774870008,41.73080507957365],[-121.7923242217995,41.731411233215816],[-121.78922094673477,41.73206297115083],[-121.78734801506293,41.73254921277483],[-121.78408482191128,41.73339612985811],[-121.77778699396573,41.736132360482216],[-121.7761557477329,41.73903583219475],[-121.77596191285414,41.74161687962263],[-121.77613487627558,41.74384494498173],[-121.77511858794013,41.745072857108546],[-121.77217434522339,41.74589189338675],[-121.76933851209344,41.74567749272404],[-121.76543901617494,41.74560475154994],[-121.76182027073217,41.74672660123492],[-121.75971297039933,41.747466828613156],[-121.75743821960596,41.74786778584681],[-121.75393250917539,41.748070714500415],[-121.75119740952813,41.748426064129454],[-121.74811263796161,41.749534229976135],[-121.74615996194366,41.7521021710477],[-121.7437617314263,41.75319285661319],[-121.74139090311833,41.75313796500908],[-121.73795882938823,41.75328139291608],[-121.73504148133277,41.75295399455898],[-121.73258945700125,41.75278650697806],[-121.73227862913316,41.75445425686934],[-121.73235180409955,41.756169704869926],[-121.73342463868717,41.75803210204147],[-121.73432536325289,41.75944045661527],[-121.73591538220411,41.76088899453849],[-121.73810408607135,41.762036178451694],[-121.74075580948383,41.763286271923164],[-121.74318087447539,41.764599102593394],[-121.74618227968858,41.76687078050984],[-121.74848676471787,41.768930801307604],[-121.75119552396437,41.76972126634769],[-121.75351546810136,41.766800342757705],[-121.7551284884154,41.765214243373855],[-121.75744305433881,41.76217884805925],[-121.76222963390545,41.7579933910644],[-121.76718066535621,41.75409014687497],[-121.7709886013877,41.750272700578535],[-121.77418170708255,41.74990539750825],[-121.7763904343975,41.751509279170634],[-121.77962325820431,41.752056711200375],[-121.78438068743999,41.75428271544488],[-121.78839981290322,41.75709975726879],[-121.79011227312596,41.75957500441508],[-121.79133438884918,41.76131834552402],[-121.79166283447665,41.76359977964592],[-121.78955535088747,41.76434055619822],[-121.78669708412994,41.76538668223651],[-121.78444928638832,41.76641712808474],[-121.78217709040364,41.76865054695206],[-121.78079854205683,41.77034560846353],[-121.78248115575427,41.77213476251098],[-121.78708915832728,41.77264711982099],[-121.78995355967989,41.77348983668283],[-121.79332104004948,41.77535053466818],[-121.79584650524873,41.777175147523415],[-121.7971752384198,41.779602769116124],[-121.79947181018974,41.78143313237431],[-121.800906310104,41.779278442513544],[-121.80278382498044,41.78026068517325],[-121.80375614617259,41.78327005277117],[-121.80690040866885,41.788742481614584],[-121.8076639047951,41.79221515754019],[-121.81050073415669,41.79414585261497],[-121.81347891881815,41.79406958062165],[-121.81615127383772,41.79050869247883],[-121.81832511507862,41.78604446069236],[-121.8205750400308,41.78157863055761],[-121.82561828803703,41.77807104266489],[-121.83098349403777,41.77667301647943],[-121.83713972503664,41.7758839856627],[-121.84137961327757,41.774972977078164],[-121.84343105816265,41.77297313474757],[-121.84565837341746,41.769766821550796],[-121.85040957103999,41.766609151790554],[-121.85609136131313,41.76377082713147],[-121.85981127502319,41.76321610428893],[-121.86296390173304,41.76364900572172],[-121.870324768138,41.76420105334648],[-121.87813920650636,41.766343507220235],[-121.88339601100512,41.765976580209454],[-121.89107734150622,41.76514521490015],[-121.89320760726932,41.76663473788938]]]},"properties":{"OBJECTID":401,"Basin_Number":"1-018","Basin_Subbasin_Number":"1-018","Basin_Name":"RED ROCK VALLEY","Basin_Subbasin_Name":"RED ROCK VALLEY","Region_Office":"NRO","Date_Data_Applies_To":null,"Area_Acres":9001,"Area_SqMiles":14.064}},{"type":"Feature","id":478,"geometry":{"type":"Polygon","coordinates":[[[-121.87112124590993,41.99423755222865],[-121.8728776804625,41.99579495624728],[-121.87438911030105,41.99701536909984],[-121.87592631909334,41.998807768325776],[-121.87680175788043,42.003226860768784],[-121.88227372865266,42.00329646960106],[-121.88726343167808,42.003336841300445],[-121.8916307073145,42.003372016152305],[-121.89050688524968,41.99567744924338],[-121.88799293824897,41.99093317445863],[-121.8846192136898,41.98581039322338],[-121.88166819228596,41.98067976134076],[-121.88062784167732,41.97887108285388],[-121.87768458980231,41.9764856566733],[-121.87498736312746,41.97787331109053],[-121.87317305461275,41.97843620067722],[-121.87171805783863,41.976756164620596],[-121.87012001603362,41.97359106509915],[-121.86738348177687,41.96724874161665],[-121.8641373072083,41.959774708041685],[-121.86037654171237,41.952771915078294],[-121.85833310710464,41.94818682387019],[-121.85927179088102,41.94346705316775],[-121.86082515138209,41.94050628212532],[-121.8637329692107,41.93871270479019],[-121.86281969697711,41.93713333769507],[-121.86206456326781,41.93566407569402],[-121.85946554760632,41.932353390813965],[-121.85400567983594,41.926711960910936],[-121.85043030595338,41.92554508511874],[-121.84713535466152,41.925516036897676],[-121.84445557237116,41.923810315964104],[-121.84013164404043,41.91957050962837],[-121.83601762144892,41.914867052038495],[-121.83308430404267,41.91087741839021],[-121.82785908341097,41.90700411843284],[-121.82306654262412,41.90077181234432],[-121.8202085992601,41.89672290497741],[-121.81698619411395,41.89308389400581],[-121.81302308938847,41.88826164835162],[-121.80898261546253,41.88166647653976],[-121.80616622187533,41.87503955746363],[-121.80446327121818,41.8693577612134],[-121.80466643060959,41.86700498584338],[-121.80065883232807,41.86636336239844],[-121.80043340010754,41.86470874637855],[-121.80096745034055,41.862920164345574],[-121.80300505128884,41.86052068058449],[-121.80239487602196,41.85881860098258],[-121.80102321505845,41.85719339292374],[-121.80052494382488,41.85279763606868],[-121.80093625364736,41.84820693703372],[-121.7991478678168,41.84229815082249],[-121.79554087862614,41.83677975658232],[-121.79251752757055,41.83410876457304],[-121.78731955104483,41.82891691472853],[-121.78302159480562,41.82330132711696],[-121.7793603294055,41.81824174877285],[-121.7752163740504,41.812622027153004],[-121.77216249913974,41.807432567579376],[-121.76634203773283,41.80191232142815],[-121.76194188555364,41.802710620584456],[-121.75683938197629,41.80318311373276],[-121.75176414496279,41.80428415186211],[-121.74825802939203,41.804544122240614],[-121.74579443206466,41.804148416841855],[-121.74273712828459,41.8023932178429],[-121.74108960907036,41.79962945950006],[-121.73874255018481,41.796597068436256],[-121.73709535795736,41.79383322620841],[-121.73898779744388,41.79161040582286],[-121.74231625948912,41.78900766637804],[-121.74426702748539,41.78993201179555],[-121.74609422682444,41.7933209303319],[-121.74905754706288,41.79467732224424],[-121.75279965365203,41.792808584148275],[-121.75383671103685,41.79026326958823],[-121.75576568590431,41.78712329982482],[-121.75642590721395,41.78470225199959],[-121.75603924356959,41.781048278860624],[-121.75254223871242,41.77438132619246],[-121.75097367512348,41.77167312711795],[-121.74883342817927,41.77344435982799],[-121.74916810721648,41.77589751277567],[-121.74867284623738,41.77860062515818],[-121.74747048895884,41.78086371855478],[-121.74333985382279,41.782570581690415],[-121.74011571313149,41.78225059872012],[-121.73759623789854,41.78231407375709],[-121.73508378749106,41.78254878260863],[-121.73213831138746,41.781592091492556],[-121.73016369312039,41.78009599862642],[-121.72513413903233,41.78045072412714],[-121.7226024925256,41.78022763200867],[-121.71978474248232,41.78046992547119],[-121.71703835550352,41.78059552117057],[-121.71473081440564,41.780252292932005],[-121.7109737975794,41.78177714406082],[-121.70841167123505,41.782642197144924],[-121.70834750996423,41.78653667612306],[-121.70897650403792,41.78875372404067],[-121.71188188922874,41.79057036703313],[-121.71244204001236,41.792960811576386],[-121.7128664984757,41.79575531088521],[-121.71332123645229,41.79746148759583],[-121.71339884190968,41.79929143477979],[-121.71422460116663,41.80253405861456],[-121.71514011290023,41.80428574557608],[-121.71689583868199,41.806016741927515],[-121.71739190095832,41.808695068111874],[-121.71755735985386,41.81258403205381],[-121.71780159111837,41.816527999671806],[-121.7185414741291,41.81954373641542],[-121.72263930818087,41.82058639721311],[-121.72638179565573,41.822267610727806],[-121.72746442547319,41.82613363766167],[-121.72848066619792,41.830230331447645],[-121.72958312902026,41.8345535676312],[-121.73123586654796,41.8374319583406],[-121.73377892974368,41.839658322235664],[-121.7373895454331,41.8418005735015],[-121.73949654393202,41.844553174181144],[-121.74068897841994,41.84738571951477],[-121.74217495269832,41.84992468483003],[-121.74422311693601,41.85307941679044],[-121.74456283192869,41.85564720068592],[-121.74092610131561,41.856482754281515],[-121.73758730594965,41.85713902390962],[-121.73404884923202,41.858487417350645],[-121.72938387640203,41.85854691824928],[-121.72747618531858,41.85687694735113],[-121.72577341971437,41.85462935116253],[-121.72356252925626,41.85302431828589],[-121.72107872791983,41.85039551412061],[-121.71907901162206,41.84655226007768],[-121.71779390782774,41.84332107383649],[-121.71658295726519,41.84003058581198],[-121.7154655276119,41.83713876299083],[-121.71399160692802,41.83305347692036],[-121.71286221351178,41.829875476483096],[-121.71092412793068,41.827461922307364],[-121.70639351971103,41.82522731679244],[-121.70254442826308,41.824635837844056],[-121.70247379822388,41.82658418934014],[-121.70372766490082,41.82729735971406],[-121.70569124556798,41.828508009218325],[-121.70767629597044,41.83023359121358],[-121.70908700310609,41.832831944709305],[-121.70983883999828,41.836133765926014],[-121.71015791440068,41.83824408840466],[-121.70985466202538,41.84191575618535],[-121.71069529918006,41.84550140693428],[-121.71198123122106,41.846957919211306],[-121.71342736072502,41.848582273866946],[-121.71494643253172,41.85192248811344],[-121.71614045344441,41.85481246318103],[-121.7177568361526,41.856833366286324],[-121.72005366214574,41.858665351849304],[-121.72267365077418,41.860890080395656],[-121.72446259535685,41.86336457177113],[-121.72474790388435,41.8646742235082],[-121.7230216078096,41.86546146127197],[-121.72112501451318,41.86585235308563],[-121.71883659315779,41.86602390574046],[-121.71647420272531,41.866254528866214],[-121.71496955965871,41.86686461533509],[-121.71364448891909,41.8680998170652],[-121.7110249269904,41.86948167620124],[-121.70813672387605,41.8699543141589],[-121.70480465868819,41.870781311802354],[-121.70183751521994,41.87119848404329],[-121.70166996324976,41.87117844831095],[-121.70085914567093,41.87339822236043],[-121.70060907984866,41.87472118015932],[-121.69928224122458,41.87773132572331],[-121.69873206982543,41.881008351194936],[-121.69686234873242,41.88386005545323],[-121.69527212406702,41.886075096872624],[-121.69201532242862,41.88689987562248],[-121.68740635596332,41.88833041982095],[-121.68484499049204,41.88930949840531],[-121.68074685191138,41.890154776097496],[-121.677353629419,41.891383295299114],[-121.67474426516546,41.89305066902615],[-121.67114302968417,41.894799352334374],[-121.6680817113331,41.89664923256207],[-121.66302937956269,41.898490704524214],[-121.6596211992225,41.899375580872814],[-121.65543860193716,41.90005032092102],[-121.65275909632788,41.90189042847029],[-121.6509327467951,41.90399611287371],[-121.64853243218624,41.90703191887013],[-121.64868264577312,41.908803107289614],[-121.64616037857625,41.910753812308855],[-121.64436495893703,41.91177089050138],[-121.63961937398838,41.91366098104062],[-121.63698629241468,41.916644941543034],[-121.63308395602323,41.91857180859661],[-121.63007576763131,41.919904305743984],[-121.625439793317,41.92076065840675],[-121.62000200793288,41.9226095726101],[-121.61768087981636,41.92203576085817],[-121.614923139929,41.920155441250515],[-121.61325303706853,41.91864975038738],[-121.61290235005296,41.917570312551504],[-121.61431957446604,41.91478811762682],[-121.61481976090779,41.913917183466516],[-121.61432069556349,41.9129557472334],[-121.61275076294204,41.91202045294486],[-121.61126687455176,41.91131178025625],[-121.6101785089912,41.90904763325341],[-121.60865465185897,41.9073669692458],[-121.60616472760562,41.90639620756292],[-121.60238401412047,41.9056853356954],[-121.59792170391351,41.905162512228785],[-121.59320451291435,41.90401584614497],[-121.59083282312203,41.902182991346386],[-121.59123575705284,41.900799422933396],[-121.59234809325845,41.899914153771725],[-121.59379190870223,41.899650389771956],[-121.59427125602603,41.89826502800805],[-121.59343396868907,41.896510128748226],[-121.59291439660345,41.895034167889904],[-121.59002175850654,41.893557434684105],[-121.58844097513474,41.89233553670287],[-121.5870295385671,41.891510443619566],[-121.58471887941688,41.8911648278698],[-121.58471688425861,41.89299686880957],[-121.58503704741914,41.89522206290927],[-121.58436305403787,41.897471002255266],[-121.5843680630439,41.89947487279259],[-121.58463505222781,41.90227388994426],[-121.58490919559463,41.905244384212885],[-121.58559181370093,41.910724372958654],[-121.58659887454178,41.91665475909866],[-121.58754615968698,41.92298737807237],[-121.58963196962327,41.929063741953726],[-121.59019251925888,41.93529136257405],[-121.5913652527943,41.94150426629123],[-121.59231082395395,41.94777982757974],[-121.59224238131243,41.951732048036135],[-121.59116705749315,41.955422282303935],[-121.5893773664105,41.95849960983402],[-121.5887079203012,41.96275257530818],[-121.5888272677749,41.9675595061888],[-121.59009002058666,41.97033494131791],[-121.59151113380656,41.975110565468746],[-121.59252630104451,41.979323590521545],[-121.59511218782812,41.98258278389462],[-121.59871028190084,41.98621869841506],[-121.60176542433433,41.98969546607489],[-121.60511811484113,41.99293633760116],[-121.60826222013216,41.996697356446624],[-121.61126840168777,41.999440934385966],[-121.615847143437,41.99949715162828],[-121.62221265225267,41.99957502988423],[-121.62611948830536,41.9996757433505],[-121.6420776631707,41.99989826531809],[-121.64361572626082,41.99991960582589],[-121.68063427414165,42.000427593516264],[-121.72714592509426,42.00117773984859],[-121.73056276160052,42.0012296617757],[-121.75108740902496,42.00153960765594],[-121.75113967031325,42.00156707916977],[-121.77359741497399,42.00184511943484],[-121.77725706071165,42.0018840754958],[-121.80114191574513,42.00213572322425],[-121.82480570167542,42.002434606012116],[-121.84317458016588,42.00279188928779],[-121.85784578184281,42.002992947405325],[-121.86004517476361,41.9985916621207],[-121.86144160317784,41.997238439797016],[-121.86381038512357,41.99534408649817],[-121.86614089973654,41.99430993424858],[-121.86931373494699,41.99325373010736],[-121.87112124590993,41.99423755222865]],[[-121.84860485832914,41.95513907767918],[-121.84948730577207,41.95775007283461],[-121.85231124251271,41.96094080326704],[-121.85560252777991,41.96429123462317],[-121.85862104500097,41.96839305043468],[-121.86014205357543,41.973278125349935],[-121.8601266771127,41.97637091221616],[-121.85925650784307,41.97748151351595],[-121.85679623697723,41.97812071701355],[-121.85578564845228,41.976999053077314],[-121.85205221419885,41.97577888288169],[-121.84905126892306,41.973795130642905],[-121.8464485405245,41.9721446042395],[-121.84419581372696,41.969740701244895],[-121.84097590410065,41.967991364181756],[-121.83831991458892,41.96685747580906],[-121.83699628115373,41.96465847136779],[-121.83650766501282,41.96054820081202],[-121.83635323203906,41.957059328933134],[-121.83513287791212,41.95199439960175],[-121.83398348260778,41.94853124165692],[-121.8327191945752,41.945929724652125],[-121.83209256217236,41.943884338696634],[-121.83071564606445,41.94220205705536],[-121.82934659560513,41.9406912976757],[-121.8277547584638,41.94107602414259],[-121.82472904483897,41.94195563485946],[-121.82086406938022,41.942913781696134],[-121.81881409773216,41.94159229981687],[-121.817199473027,41.941461893569546],[-121.8146777915317,41.939866080451374],[-121.81201433163005,41.936785079431694],[-121.8085534192844,41.93297995411395],[-121.80626672269439,41.92799984593658],[-121.80539772572617,41.92389945334153],[-121.80525743762489,41.92069658936513],[-121.80613530186325,41.919758023636746],[-121.80772171946846,41.919259122715424],[-121.80899218791019,41.91853959885838],[-121.80908994078277,41.917277443185235],[-121.8070308395565,41.91572685471398],[-121.80478219200867,41.915097303698396],[-121.8037277692911,41.9137501406176],[-121.80294156016117,41.91153704565691],[-121.80240244702318,41.90971858484993],[-121.80168302763464,41.907275121871834],[-121.80112392249,41.90499899793515],[-121.80137735879123,41.90378997721308],[-121.80249707375859,41.90313160173399],[-121.80464608287006,41.90324859749195],[-121.80700310676703,41.904619648536496],[-121.80953360882013,41.90644433513476],[-121.8118421245901,41.908446404492494],[-121.81294052972227,41.90904797487311],[-121.81382961930842,41.910113321373835],[-121.81499605295876,41.91225909048667],[-121.8152294765921,41.914085295444586],[-121.81389272775375,41.91503570364297],[-121.81269397182119,41.91563897934125],[-121.81238694292843,41.91736475347161],[-121.81434703992893,41.91840227197212],[-121.8176405620012,41.92015014806913],[-121.82290062468945,41.92133173248371],[-121.82974397076096,41.923675133216406],[-121.83422106184759,41.92619340131783],[-121.83816799510132,41.92883997063561],[-121.84203834428214,41.93320609332261],[-121.84586777250681,41.94009286545516],[-121.84801466518748,41.94530532109496],[-121.84963393238601,41.948985291058634],[-121.85083015147623,41.951760006698144],[-121.85144973569737,41.95363365872335],[-121.85136030302094,41.95506744343557],[-121.84925560510749,41.95426318487999],[-121.84860485832914,41.95513907767918]],[[-121.75243488734102,41.860773749015976],[-121.75500930713005,41.861911196143566],[-121.75690548809973,41.86329456586803],[-121.75810885957625,41.866356065180305],[-121.75742809738931,41.868319879221175],[-121.75611366809257,41.8697842651311],[-121.75565260148478,41.871513608522356],[-121.75778318255651,41.873005595380825],[-121.76126555834927,41.87389104751992],[-121.76396847764809,41.87445259976819],[-121.76607977728057,41.87548703242194],[-121.76631683010764,41.87742767614107],[-121.76649701867889,41.87982771991339],[-121.76688961659403,41.88182170775673],[-121.76830815883561,41.884534280597094],[-121.76954189426704,41.88650693969321],[-121.77143150855203,41.887718586141844],[-121.77284503999093,41.888541653083394],[-121.77397779490296,41.889944267055604],[-121.77349937733545,41.891273335450315],[-121.7710255275358,41.89248102370695],[-121.76783329859664,41.89301991688005],[-121.76509778033447,41.89348999887558],[-121.76341522233258,41.89353242686505],[-121.76204135869999,41.89539946587215],[-121.76157760433287,41.89707141201554],[-121.76094854378383,41.89846147014147],[-121.75958436848155,41.89878212489367],[-121.75769943711416,41.8994595524272],[-121.75559494940647,41.900371406311585],[-121.75372729623524,41.8996742431463],[-121.75109986775963,41.89911056496828],[-121.74763129997112,41.8985679553902],[-121.74475256060825,41.89749507241845],[-121.74212080494793,41.89504192322187],[-121.73943968596443,41.89321973000216],[-121.73775524599202,41.89142974701582],[-121.73532656078989,41.88834165747165],[-121.73443703641912,41.88544388914412],[-121.73390528227993,41.88196466516921],[-121.7336178186941,41.878822980807406],[-121.73376900515639,41.87698718236167],[-121.73427037198446,41.87439819860662],[-121.73403192407378,41.87240030678271],[-121.73355178263922,41.87012219604036],[-121.73372731075082,41.86885828583147],[-121.73634153848332,41.867361335428036],[-121.73891377267124,41.866667175595694],[-121.74094354929336,41.865814649143736],[-121.74323466200134,41.863925174185866],[-121.74597212331945,41.86173796323136],[-121.74830240796368,41.86076329464286],[-121.75243488734102,41.860773749015976]],[[-121.62442369452607,41.94809638619079],[-121.6274715381479,41.95140065254487],[-121.62855392991185,41.95349321669944],[-121.6286675847616,41.956045085684096],[-121.62523961363739,41.95672234833389],[-121.62276176363974,41.95609510644237],[-121.6210953591433,41.954703774267244],[-121.61964447395825,41.95296379087147],[-121.61788056003266,41.95105970696697],[-121.61733175047951,41.948897192243656],[-121.61858100700242,41.94760751299526],[-121.62108785282079,41.947088744448216],[-121.62442369452607,41.94809638619079]]]},"properties":{"OBJECTID":478,"Basin_Number":"1-002","Basin_Subbasin_Number":"1-002.02","Basin_Name":"KLAMATH RIVER VALLEY","Basin_Subbasin_Name":"KLAMATH RIVER VALLEY - LOWER KLAMATH","Region_Office":"NRO","Date_Data_Applies_To":null,"Area_Acres":75330,"Area_SqMiles":117.704}}]}