{"type":"FeatureCollection","features":[{"type":"Feature","id":93854,"geometry":{"type":"Polygon","coordinates":[[[-123.043406011078,41.624384207765],[-123.043564256685,41.6243756102463],[-123.043793003744,41.624532379166],[-123.044056872027,41.6249174256987],[-123.044327285576,41.6253070893508],[-123.044896961126,41.6260188865624],[-123.045397334919,41.6267419073132],[-123.045714980862,41.6271972547495],[-123.045966192985,41.6275826061524],[-123.04603443714,41.6278435003773],[-123.046050933404,41.6282297555988],[-123.045977599986,41.6290382569101],[-123.04580277178,41.6302931520074],[-123.045602485566,41.6309519710567],[-123.045436789976,41.6313808235662],[-123.045020169145,41.6320257822641],[-123.044643634696,41.6325695240643],[-123.044427628332,41.6330091396601],[-123.044123661078,41.6336179564036],[-123.043961846962,41.633989433066],[-123.043785086113,41.6344567396868],[-123.043469680381,41.6349464942853],[-123.043288233165,41.6353041222875],[-123.043043801031,41.6356728200446],[-123.04265658983,41.6362645523673],[-123.042426865208,41.6366806300071],[-123.042156221432,41.6371788463268],[-123.041976151078,41.6377178370086],[-123.041732993283,41.638711840579],[-123.041628819414,41.6390962440964],[-123.041558642617,41.6401290327287],[-123.041649223233,41.6410624696573],[-123.041686141302,41.6414816553541],[-123.041934500777,41.6419482416181],[-123.042414953687,41.642499921734],[-123.042924058998,41.6429793035521],[-123.043472023115,41.6434768399842],[-123.04394537318,41.6438616086264],[-123.043331351161,41.6443442630774],[-123.042826505039,41.6439650252657],[-123.042373807006,41.6436179409153],[-123.042074078256,41.6432862547569],[-123.041781911906,41.6429830276447],[-123.04141313321,41.6423713654462],[-123.041186844897,41.6419758472076],[-123.041017853291,41.6414357368698],[-123.04085964096,41.6411483693018],[-123.040726453163,41.6405548850999],[-123.040724898235,41.640220770772],[-123.040765349741,41.6395323982016],[-123.040864482909,41.6388807971111],[-123.040920016046,41.6383973242772],[-123.040973106624,41.6378566275814],[-123.041183862745,41.6372930296496],[-123.041392751874,41.6368344959153],[-123.041715976311,41.6362299932197],[-123.042306919928,41.6353564763204],[-123.042612335091,41.6347810433106],[-123.042977031765,41.634256686397],[-123.043275252351,41.6338103123961],[-123.043639531739,41.6332764163736],[-123.043905876755,41.6326780578461],[-123.044211266737,41.6321026221383],[-123.044468968368,41.6317479241275],[-123.044786009067,41.6311483380254],[-123.044968659576,41.6308193210549],[-123.045144792698,41.6303377080189],[-123.045202530972,41.6299066926398],[-123.045267419756,41.6294945989966],[-123.045297359086,41.6290069748921],[-123.045300668591,41.628787311885],[-123.045284788362,41.62841536128],[-123.045284868402,41.6279714208445],[-123.045222761221,41.6277056064286],[-123.045155535999,41.6274685559292],[-123.044802537707,41.6269281380232],[-123.044621636379,41.6267033839541],[-123.044157438715,41.6260845037968],[-123.043772386786,41.6253873349576],[-123.043460519887,41.6247695438794],[-123.043361411,41.6245284913968],[-123.043406011078,41.624384207765]]]},"properties":{"OBJECTID":93854,"USGS_ID":"ply93854","Date_Min":"1995/02/01 00:00:00.000","Date_Max":" ","Confidence":8,"LS_Type":" ","Inventory":"CA GS","Inv_URL":"https://maps.conservation.ca.gov/cgs/lsi/app/","Info_Sourc":"DMG memo to CDFF 08041995 Snow Creek."}},{"type":"Feature","id":300229,"geometry":{"type":"Polygon","coordinates":[[[-121.918686611698,42.003795316001],[-121.918610298826,42.0036504073405],[-121.918770744174,42.0036515440835],[-121.923600153924,42.0036856679592],[-121.924874589491,42.0036946153143],[-121.924877527576,42.0037541603263],[-121.925070415068,42.0044095304755],[-121.925292068274,42.0051367555569],[-121.925806444512,42.0059012989059],[-121.925601188644,42.0068145262694],[-121.925353885873,42.0069243200014],[-121.92501260215,42.0069679479125],[-121.923950535189,42.0066602080022],[-121.923019140621,42.0064634525264],[-121.92142305533,42.00553196263],[-121.920226492059,42.0050249113706],[-121.918686611698,42.003795316001]]]},"properties":{"OBJECTID":300229,"USGS_ID":"ply300229","Date_Min":" ","Date_Max":" ","Confidence":3,"LS_Type":"Talus-Colluvium","Inventory":"OR DOGAMI","Inv_URL":"https://www.oregon.gov/dogami/slido/Pages/data.aspx","Info_Sourc":"HladFR2007"}},{"type":"Feature","id":300320,"geometry":{"type":"Polygon","coordinates":[[[-122.172559289779,42.0271564454136],[-122.172061568087,42.0267022563041],[-122.171756151125,42.0267162713389],[-122.171356229806,42.0267346229046],[-122.170852276711,42.0267685318423],[-122.170219126112,42.0268353649601],[-122.169188447289,42.0269441523508],[-122.167830507872,42.0268215702593],[-122.166424630093,42.0265108742775],[-122.164665511204,42.0262726879342],[-122.160941286411,42.0261326787801],[-122.157624309714,42.025657502192],[-122.154609950389,42.0251469993346],[-122.153204275857,42.0248361432734],[-122.152149480814,42.0246405119501],[-122.150892814052,42.0244810180845],[-122.149734941414,42.0244723522174],[-122.148777346897,42.024540260025],[-122.146711264213,42.0246750207357],[-122.145149023109,42.0247760379838],[-122.145148513193,42.0247760676614],[-122.143990139633,42.0248424061522],[-122.142373558793,42.0252433805776],[-122.141358169344,42.0258741326851],[-122.140998218393,42.026434684613],[-122.140388602152,42.0268431665789],[-122.139679704355,42.02713825033],[-122.139435177791,42.0271797378547],[-122.138619945054,42.0273180472901],[-122.137564140073,42.0271973753586],[-122.13590723633,42.0268468672891],[-122.133899918047,42.026343402526],[-122.132744488867,42.0260721849834],[-122.132042696613,42.0259162272521],[-122.131496003238,42.0253863026358],[-122.130946763882,42.025044104302],[-122.130346111184,42.0247766135499],[-122.129832307815,42.0245224705357],[-122.128495625673,42.0238612844707],[-122.127393615323,42.0234397695298],[-122.127298577667,42.0230259078194],[-122.126497102759,42.0227193199407],[-122.126355792286,42.0220047968839],[-122.126007461475,42.0217016552073],[-122.125506613739,42.0215100897189],[-122.125294972685,42.0214563174551],[-122.124999828679,42.021381329285],[-122.124998069605,42.013958401559],[-122.124996297041,42.0064699222492],[-122.12577378793,42.0064757318696],[-122.126137182385,42.0064819587755],[-122.127661883989,42.0065080813829],[-122.129321197016,42.0065364882683],[-122.131090235426,42.006566948306],[-122.134211846999,42.0066206279397],[-122.139102502379,42.0067044690361],[-122.143993056135,42.0067880106582],[-122.145083885213,42.0068065987456],[-122.148883704319,42.0069479496882],[-122.153801062369,42.007129491333],[-122.154623215389,42.0071597751036],[-122.158718316997,42.0073105302568],[-122.163635774871,42.0074918668562],[-122.164515399066,42.0075243539658],[-122.168146410928,42.0075360127768],[-122.172030534282,42.0075737645176],[-122.176986287987,42.0076087076758],[-122.18194204349,42.0076433486616],[-122.183743699412,42.0076561280279],[-122.185437353951,42.0076530046825],[-122.18825653701,42.007647672602],[-122.1918539493,42.0076410284108],[-122.196770500658,42.0076320738611],[-122.200878254828,42.0076243513828],[-122.201686950392,42.0076228126427],[-122.202970292845,42.007620297239],[-122.203046068821,42.0076203269166],[-122.203011592411,42.0076581479053],[-122.202552558654,42.0081431091173],[-122.202600595041,42.0083312823628],[-122.202545152737,42.0087439470756],[-122.202437920274,42.0092689029375],[-122.201928585636,42.0097536006482],[-122.200660894984,42.0104957751599],[-122.199900756515,42.010903525977],[-122.199341948372,42.0113126770385],[-122.198727191607,42.0121720350115],[-122.198313290326,42.0130704325544],[-122.19800523925,42.0135564297855],[-122.196825917782,42.0152755684128],[-122.194109628856,42.0191243448127],[-122.193143807341,42.0198686444224],[-122.190709427098,42.0212783937829],[-122.187415425382,42.0229823149819],[-122.18579819613,42.0234589961358],[-122.184134490814,42.0236348351796],[-122.182720523633,42.0239627199036],[-122.181051668799,42.0243440558336],[-122.179236180405,42.0247638494721],[-122.177957464066,42.0255063225588],[-122.17751148037,42.0257653434958],[-122.175634765232,42.0268408193484],[-122.175173928334,42.0274383046341],[-122.17470589596,42.0285990739881],[-122.174696280409,42.0293500924329],[-122.17475995241,42.0296386902734],[-122.174768451003,42.0296772136326],[-122.174837729378,42.0300353803286],[-122.174686179224,42.0301385658422],[-122.173784170903,42.029794034667],[-122.172981020558,42.0296004978647],[-122.172532215689,42.0292592222354],[-122.172284320265,42.0289570347394],[-122.172190932865,42.0283930231196],[-122.172604327827,42.0275699087244],[-122.172657061374,42.0273824495405],[-122.172559289779,42.0271564454136]],[[-122.153573821675,42.0187377802245],[-122.153171101665,42.0187348088644],[-122.152163554305,42.0187836474474],[-122.151760835194,42.0187806697921],[-122.150907001757,42.0186242444134],[-122.150143972866,42.0185878101793],[-122.149976287975,42.0185798017166],[-122.149321320722,42.0186124965695],[-122.148815419696,42.0187964043306],[-122.147750208705,42.0193892032492],[-122.147291676769,42.0197988444412],[-122.147162038597,42.020079369967],[-122.147233510418,42.0203803002107],[-122.147403510164,42.0208508920551],[-122.147751339153,42.0211913349122],[-122.148051637173,42.02132494539],[-122.148351935194,42.0214585549684],[-122.148727071197,42.021649088035],[-122.149153904729,42.0217273542341],[-122.149557142748,42.0216927950865],[-122.150439207703,42.0216242298744],[-122.151648919962,42.0215205335458],[-122.153134983992,42.0214565036148],[-122.153638904712,42.0214226720187],[-122.153989396593,42.0213333144809],[-122.154068330989,42.0213131903515],[-122.154523348374,42.0211663454505],[-122.155308195717,42.0208342680871],[-122.155663021431,42.0206491309527],[-122.155842518917,42.0204064228182],[-122.155896782211,42.0201065124057],[-122.155774629995,42.0198240344517],[-122.15547606227,42.0195589880569],[-122.154876200077,42.019235440763],[-122.15457589756,42.0191018482718],[-122.153900061539,42.0188152873956],[-122.153573821675,42.0187377802245]]]},"properties":{"OBJECTID":300320,"USGS_ID":"ply300320","Date_Min":" ","Date_Max":" ","Confidence":3,"LS_Type":"Landslide","Inventory":"OR DOGAMI","Inv_URL":"https://www.oregon.gov/dogami/slido/Pages/data.aspx","Info_Sourc":"MertSA2008"}},{"type":"Feature","id":305300,"geometry":{"type":"Polygon","coordinates":[[[-122.096617490205,42.0346395063082],[-122.102269681601,42.0260049156943],[-122.102983344006,42.02599357974],[-122.106561811179,42.0280241913634],[-122.107399517973,42.0279415058958],[-122.109760059379,42.0277084717686],[-122.112230117526,42.0253053537591],[-122.112917436091,42.02245585995],[-122.11041154086,42.0206807016531],[-122.105069147923,42.0205001384706],[-122.105761600717,42.0186620555095],[-122.109283375527,42.0157360527767],[-122.111204476705,42.0155463578782],[-122.11567070424,42.0150978273029],[-122.120643938967,42.0150247402996],[-122.124888392785,42.0140524679471],[-122.124998069605,42.013958401559],[-122.126974664349,42.0122630607917],[-122.127661883989,42.0065080813829],[-122.129321197016,42.0065364882683],[-122.131090235426,42.006566948306],[-122.131279200974,42.0065718577051],[-122.131883772918,42.0065885644108],[-122.132489620999,42.0066052477341],[-122.133095442101,42.006620977776],[-122.133702539341,42.0066366862341],[-122.134307113083,42.00665337945],[-122.134912935084,42.0066690995993],[-122.135518784964,42.0066857676341],[-122.136124608764,42.0067014805889],[-122.136730433463,42.0067171917451],[-122.137335009003,42.0067338678738],[-122.137940832803,42.006749570936],[-122.138547957922,42.0067662020986],[-122.139152533463,42.0067828701334],[-122.13975835996,42.0067985633031],[-122.14036421074,42.0068152043583],[-122.140970037237,42.0068308912327],[-122.141575863735,42.0068465754091],[-122.142180441074,42.0068632245582],[-122.14278754371,42.0068788826543],[-122.143393396288,42.0068955066224],[-122.143999224584,42.0069111782084],[-122.144603778542,42.0069268641835],[-122.145209632019,42.0069434773596],[-122.145815486396,42.0069600887372],[-122.146421314692,42.0069757450346],[-122.147025895629,42.0069923690027],[-122.147632999164,42.0070080001192],[-122.147916166898,42.0070161191986],[-122.148238804977,42.0070226977394],[-122.148844558629,42.0070354905954],[-122.149449064023,42.0070492493235],[-122.150056092015,42.0070620160992],[-122.150661845668,42.0070748008614],[-122.1512676263,42.0070885299118],[-122.151873380852,42.0071013065801],[-122.152479136303,42.0071140787518],[-122.153084890855,42.0071268500242],[-122.153690646306,42.0071396159006],[-122.154296402657,42.0071523790791],[-122.154623215389,42.0071597751036],[-122.158718316997,42.0073105302568],[-122.163635774871,42.0074918668562],[-122.164515399066,42.0075243539658],[-122.168146410928,42.0075360127768],[-122.172030534282,42.0075737645176],[-122.176986287987,42.0076087076758],[-122.18194204349,42.0076433486616],[-122.183743699412,42.0076561280279],[-122.185437353951,42.0076530046825],[-122.18825653701,42.007647672602],[-122.1918539493,42.0076410284108],[-122.196770500658,42.0076320738611],[-122.200878254828,42.0076243513828],[-122.20004498169,42.0093424360046],[-122.195867580424,42.0141561103163],[-122.185684303288,42.0208821524894],[-122.177886305209,42.0230764308326],[-122.17076070774,42.0239547645008],[-122.159705231211,42.0231732338577],[-122.141110529327,42.0241040249808],[-122.131159977851,42.0244732713244],[-122.129832307815,42.0245224705357],[-122.125687998902,42.0246759407421],[-122.118401809496,42.0266634577524],[-122.117598393851,42.026882574871],[-122.111675698974,42.0296542548401],[-122.111187870724,42.0298825225604],[-122.106576295659,42.0306162569348],[-122.103741620879,42.0329893861513],[-122.100918010458,42.0376950482879],[-122.097724663562,42.0400760852432],[-122.096304805822,42.0411309216548],[-122.094201060431,42.0450626515202],[-122.09351341721,42.0471591708591],[-122.09331447908,42.0558296543152],[-122.091619469263,42.0598086750304],[-122.089556906526,42.0630049222394],[-122.087407894659,42.0630254429699],[-122.087619236239,42.0572084894803],[-122.088652675081,42.0553503696239],[-122.08963399911,42.0506050617742],[-122.090240546864,42.0422405267789],[-122.096617490205,42.0346395063082]]]},"properties":{"OBJECTID":305300,"USGS_ID":"ply305300","Date_Min":" ","Date_Max":" ","Confidence":3,"LS_Type":"Landslide","Inventory":"OR DOGAMI","Inv_URL":"https://www.oregon.gov/dogami/slido/Pages/data.aspx","Info_Sourc":"WalkGW2002"}},{"type":"Feature","id":307880,"geometry":{"type":"Polygon","coordinates":[[[-123.195111590328,42.0128466110823],[-123.193997142354,42.012788316128],[-123.19298298048,42.0132705317097],[-123.19217798023,42.0132902277618],[-123.191200065531,42.0128282262417],[-123.190998215395,42.0117462581833],[-123.191225497459,42.0107964365064],[-123.19224642763,42.0095989784102],[-123.19270548567,42.0087014882831],[-123.192837489958,42.0073546078289],[-123.193511913144,42.0061076105778],[-123.194877387082,42.0057889025359],[-123.196926335882,42.0061675656806],[-123.199156275042,42.0062840548653],[-123.199991410675,42.0069786597374],[-123.199469919901,42.0081924702064],[-123.199982609909,42.0093809072031],[-123.200300498669,42.0104885410134],[-123.199966269228,42.0116121764608],[-123.198526366499,42.0128770387444],[-123.196826940111,42.013491156092],[-123.195633500186,42.0133768054952],[-123.195111590328,42.0128466110823]]]},"properties":{"OBJECTID":307880,"USGS_ID":"ply307880","Date_Min":" ","Date_Max":" ","Confidence":3,"LS_Type":"Landslide","Inventory":"OR DOGAMI","Inv_URL":"https://www.oregon.gov/dogami/slido/Pages/data.aspx","Info_Sourc":"DonaMM1992"}},{"type":"Feature","id":307886,"geometry":{"type":"Polygon","coordinates":[[[-123.043020576938,42.0352962650107],[-123.042049536657,42.0340892066516],[-123.041011547245,42.0331118971964],[-123.040760205619,42.0307443140989],[-123.039899185699,42.0294196477985],[-123.038837350763,42.0287870898524],[-123.037153156193,42.0279387566683],[-123.03632702727,42.0264991579099],[-123.036047568341,42.026248861296],[-123.035994777237,42.0268215513735],[-123.035596742695,42.0274031456387],[-123.035106497966,42.0285298091035],[-123.034974513463,42.0299620082401],[-123.035450722473,42.0312670486354],[-123.03650512631,42.0326433962758],[-123.036404566817,42.0330175043544],[-123.035727059856,42.0333193258262],[-123.034687664804,42.0332291562007],[-123.033660465458,42.0325092201244],[-123.03283507308,42.0320423181985],[-123.031596709321,42.0308413257666],[-123.030975190553,42.0287960318115],[-123.030405711055,42.0280084918984],[-123.030332064673,42.0271525000879],[-123.029884795847,42.0256185696413],[-123.030445666135,42.0243476792021],[-123.031196062248,42.0239291590036],[-123.032919831485,42.0238895060959],[-123.034130998846,42.0244055253947],[-123.035742475135,42.0244254651631],[-123.036149974142,42.0240728122106],[-123.036217287498,42.0229273655055],[-123.036585372817,42.0225470934736],[-123.037616318738,42.0224377521006],[-123.038424080807,42.0215899675031],[-123.039800256676,42.0214726419489],[-123.041047441886,42.0210435403272],[-123.041923342888,42.0199649959878],[-123.043531360384,42.0189836332881],[-123.043970128818,42.0175443340038],[-123.044364466247,42.0168772178094],[-123.046524108101,42.0162548446854],[-123.0480720302,42.0165908089187],[-123.048885296119,42.0176873486922],[-123.048986565178,42.0192006927578],[-123.049196398595,42.0214836325637],[-123.051069256541,42.0231565676215],[-123.052783264536,42.0247181045569],[-123.054191499438,42.0263152393568],[-123.054475747258,42.0275951805732],[-123.054217569885,42.0287736045183],[-123.053964171509,42.0309531933353],[-123.054335547448,42.0325173329086],[-123.054395178794,42.0339460732527],[-123.053689037419,42.0344768828019],[-123.052618500643,42.0345587624769],[-123.051491871353,42.0342130855655],[-123.050385437238,42.034382305599],[-123.048609892233,42.0350234295877],[-123.047228683757,42.0350268703938],[-123.045944215353,42.0354854293092],[-123.044304828605,42.0357524901853],[-123.043020576938,42.0352962650107]]]},"properties":{"OBJECTID":307886,"USGS_ID":"ply307886","Date_Min":" ","Date_Max":" ","Confidence":3,"LS_Type":"Landslide","Inventory":"OR DOGAMI","Inv_URL":"https://www.oregon.gov/dogami/slido/Pages/data.aspx","Info_Sourc":"DonaMM1993"}},{"type":"Feature","id":307887,"geometry":{"type":"Polygon","coordinates":[[[-123.030587429866,42.0379561394643],[-123.029176630997,42.0372449753753],[-123.027797726584,42.0373051705972],[-123.026730635111,42.0374722970089],[-123.023392860692,42.0365200075923],[-123.021429822328,42.0363643502346],[-123.02018513004,42.0359354815373],[-123.019053267594,42.0345598047912],[-123.019026249262,42.0339033725427],[-123.018064015142,42.0328670702592],[-123.018252217166,42.0318615023065],[-123.020273888629,42.0297280828848],[-123.020366882126,42.0282387992812],[-123.019739235377,42.0269951726891],[-123.020310412795,42.0250090514266],[-123.019928641593,42.0222716967814],[-123.019225900555,42.0210297914917],[-123.019353504461,42.0194826706888],[-123.020117497425,42.018464873755],[-123.021103105824,42.0181846189251],[-123.022304529031,42.018500352909],[-123.023444839708,42.0191892632739],[-123.026211954718,42.0202411490098],[-123.027008231545,42.0209654953614],[-123.027582347947,42.0218679974102],[-123.027366699514,42.0231309450371],[-123.026158208534,42.02453173715],[-123.025820699266,42.0256548500913],[-123.026177267867,42.0268476119278],[-123.026140891189,42.0278202341166],[-123.025066493624,42.0306195178765],[-123.024998440126,42.0326797109],[-123.026357375093,42.0339921140449],[-123.027663223979,42.0340486688111],[-123.028837362654,42.0346217042283],[-123.029053409487,42.0351891665468],[-123.030427011497,42.0359582379823],[-123.031854723916,42.0361536228914],[-123.033062587169,42.0365841598311],[-123.034084994027,42.0372176863472],[-123.034066904164,42.0377049498236],[-123.03282168847,42.0381909758329],[-123.031933917316,42.038067814578],[-123.030587429866,42.0379561394643]]]},"properties":{"OBJECTID":307887,"USGS_ID":"ply307887","Date_Min":" ","Date_Max":" ","Confidence":3,"LS_Type":"Landslide","Inventory":"OR DOGAMI","Inv_URL":"https://www.oregon.gov/dogami/slido/Pages/data.aspx","Info_Sourc":"DonaMM1993"}},{"type":"Feature","id":308281,"geometry":{"type":"Polygon","coordinates":[[[-122.173808697214,42.0270673603704],[-122.17331178581,42.0266129140548],[-122.172606346805,42.0266454946939],[-122.172102399106,42.0266797642598],[-122.171756151125,42.0267162713389],[-122.170438262116,42.0268552156957],[-122.170219126112,42.0268353649601],[-122.169080896466,42.0267322522916],[-122.167675078942,42.0264217874356],[-122.165915548164,42.0261841478802],[-122.16219143129,42.0260436440989],[-122.158873909603,42.0255689324603],[-122.15585889737,42.0250582011751],[-122.154453185966,42.0247475672465],[-122.153398632841,42.0245514206116],[-122.152142380666,42.0243925104061],[-122.150984513425,42.0243832581809],[-122.150026356831,42.0244518036079],[-122.147960802949,42.0245863484813],[-122.146397936815,42.0246876741969],[-122.145239536276,42.0247534676984],[-122.145148513193,42.0247760676614],[-122.143622252165,42.0251550059988],[-122.142607751247,42.0257851834395],[-122.142246685136,42.0263457218776],[-122.141638011385,42.0267540491601],[-122.140928140521,42.0270498101007],[-122.139868353342,42.0272290998431],[-122.139435177791,42.0271797378547],[-122.138813288502,42.0271088676802],[-122.137156657254,42.0267580196669],[-122.135149182489,42.0262545558032],[-122.133993229004,42.0259836800029],[-122.133291678668,42.0258277312648],[-122.132744621967,42.0252978030512],[-122.13219491946,42.0249551793381],[-122.131594974528,42.0246883963525],[-122.131159977851,42.0244732713244],[-122.129743656245,42.0237728136645],[-122.128642399527,42.0233508796394],[-122.128547268342,42.0229378246209],[-122.127746146867,42.0226312187558],[-122.127604758153,42.0219165581027],[-122.12725632392,42.0216137141017],[-122.126755302615,42.0214214903096],[-122.126228330473,42.0212600673983],[-122.125753734847,42.0211986320113],[-122.125485165808,42.0212624838766],[-122.125294972685,42.0214563174551],[-122.125182299324,42.0215711464913],[-122.123973266953,42.0228504258065],[-122.122917986276,42.0237757040855],[-122.121298542893,42.0246294305039],[-122.118861625663,42.0263430850654],[-122.118401809496,42.0266634577524],[-122.116906159592,42.0277055013079],[-122.114592752553,42.0291320679906],[-122.114141946693,42.0293943867416],[-122.111814550701,42.029665170811],[-122.111675698974,42.0296542548401],[-122.109938965111,42.029517694586],[-122.108751500281,42.0292099420852],[-122.107797682017,42.0288170156928],[-122.10761646233,42.0285677523999],[-122.107433592386,42.0284012150441],[-122.107362951539,42.0282358908737],[-122.107399517973,42.0279415058958],[-122.107403997496,42.0279054358872],[-122.10762886488,42.0276321849774],[-122.107891414757,42.0273859488025],[-122.108448938668,42.0270603087862],[-122.107680455389,42.0265867257968],[-122.107243686147,42.0261700851813],[-122.107064128407,42.0258380968507],[-122.107183779608,42.0251509716401],[-122.107415074446,42.0244916849434],[-122.107608856763,42.0238605128524],[-122.107764928708,42.0232013745439],[-122.107736815002,42.0225677383105],[-122.10741139442,42.0220696245136],[-122.107160115747,42.0216274638365],[-122.106277607426,42.021372273112],[-122.104914575148,42.0211687565329],[-122.104581977976,42.0211251232259],[-122.10204105595,42.020679218671],[-122.100606309933,42.0203645225047],[-122.099245785864,42.0199137472217],[-122.097742385603,42.0192140728712],[-122.097084997375,42.0187407093163],[-122.096796663036,42.0182429795299],[-122.096763826989,42.0179126504485],[-122.097318321983,42.0152733794629],[-122.0976236652,42.0146158950076],[-122.098082327537,42.0134352632269],[-122.098982045285,42.012451652222],[-122.102230336261,42.0098891770439],[-122.108987754881,42.0063203452078],[-122.109788689297,42.0063203218254],[-122.110766833323,42.0063347496491],[-122.111242367841,42.0067661607298],[-122.112121175452,42.0073236486675],[-122.112782219424,42.0075487615662],[-122.113776544952,42.007749024398],[-122.114657792423,42.0080593039937],[-122.115025650214,42.0080890796473],[-122.115544316217,42.0080377427476],[-122.116174474772,42.0077680333681],[-122.117066664295,42.0073338217985],[-122.117732846094,42.0071738413997],[-122.118435634797,42.0070969718478],[-122.118988895021,42.0071011950641],[-122.119428882037,42.0073523343428],[-122.120051527656,42.0077148537575],[-122.120491882494,42.007883280589],[-122.121008177885,42.0078870883185],[-122.121378784903,42.0077799170096],[-122.121570192111,42.0072590269826],[-122.121611877486,42.0069561254249],[-122.121650016835,42.0064448527478],[-122.124438045579,42.0064657475962],[-122.124996297041,42.0064699222492],[-122.12577378793,42.0064757318696],[-122.126137182385,42.0064819587755],[-122.127661883989,42.0065080813829],[-122.129321197016,42.0065364882683],[-122.131090235426,42.006566948306],[-122.134211846999,42.0066206279397],[-122.139102502379,42.0067044690361],[-122.143993056135,42.0067880106582],[-122.145083885213,42.0068065987456],[-122.148883704319,42.0069479496882],[-122.153801062369,42.007129491333],[-122.154623215389,42.0071597751036],[-122.158718316997,42.0073105302568],[-122.163635774871,42.0074918668562],[-122.164515399066,42.0075243539658],[-122.168146410928,42.0075360127768],[-122.172030534282,42.0075737645176],[-122.176986287987,42.0076087076758],[-122.18194204349,42.0076433486616],[-122.183743699412,42.0076561280279],[-122.185437353951,42.0076530046825],[-122.18825653701,42.007647672602],[-122.1918539493,42.0076410284108],[-122.196770500658,42.0076320738611],[-122.200878254828,42.0076243513828],[-122.201686950392,42.0076228126427],[-122.202970292845,42.007620297239],[-122.203046068821,42.0076203269166],[-122.204212857337,42.007620774779],[-122.203803650518,42.0080542426093],[-122.203850928777,42.0082417314708],[-122.203796154669,42.0086551435201],[-122.20368838621,42.0091796479225],[-122.203179290792,42.0096647314422],[-122.20191128178,42.0104068034313],[-122.201151440986,42.0108140011653],[-122.200593059122,42.0112237862488],[-122.199978320343,42.0120831244367],[-122.199563490063,42.0129812036197],[-122.199255751052,42.0134669625303],[-122.198075919668,42.0151867603607],[-122.195360226993,42.0190348613698],[-122.194394141976,42.0197798012969],[-122.191959929008,42.021188966098],[-122.188665535186,42.0228926525739],[-122.187048107184,42.0233699344749],[-122.185385376734,42.0235455918556],[-122.183970329467,42.0238733371848],[-122.180486334277,42.0246746897852],[-122.178762059621,42.0256763160092],[-122.176885475784,42.0267515310584],[-122.176423724275,42.0273488913383],[-122.175955725177,42.028510059092],[-122.175946966679,42.0292611755629],[-122.175936673039,42.0300493908667],[-122.175034717778,42.0297047310886],[-122.17475995241,42.0296386902734],[-122.174231268858,42.0295116160683],[-122.173782059295,42.029170519404],[-122.173534090126,42.0288681916138],[-122.173440889785,42.0283039920357],[-122.173854435834,42.0274811321486],[-122.173906668458,42.0272930668216],[-122.173808697214,42.0270673603704]],[[-122.154697610906,42.0186029880375],[-122.154295984472,42.0186004672378],[-122.153287659198,42.0186488831395],[-122.152884759324,42.0186463749303],[-122.152031529332,42.0184899729339],[-122.151101024193,42.0184459421266],[-122.150445388744,42.0184785848189],[-122.150143972866,42.0185878101793],[-122.149939145975,42.0186620330264],[-122.148874095963,42.0192550028162],[-122.148416007393,42.0196649165027],[-122.148285879989,42.0199453907672],[-122.148357705244,42.020245656412],[-122.148527188779,42.0207165198516],[-122.148875472825,42.0210573242361],[-122.149176101796,42.0211906595214],[-122.149476732565,42.0213239939072],[-122.14985158798,42.0215151529021],[-122.150278221862,42.0215933642424],[-122.150681417613,42.0215588032962],[-122.15156301672,42.0214894988413],[-122.152773872916,42.0213857782311],[-122.153989396593,42.0213333144809],[-122.154259883886,42.0213216376835],[-122.154763824391,42.0212884005393],[-122.155193020442,42.0211783343127],[-122.155647999156,42.0210317556111],[-122.156433235905,42.0206995919127],[-122.156787731568,42.0205145950725],[-122.156967300101,42.0202723410957],[-122.157021638937,42.0199720826455],[-122.156899261891,42.0196896928251],[-122.156600147379,42.0194242228496],[-122.15600118091,42.0191014705564],[-122.155700522261,42.0189672035736],[-122.155024784266,42.0186807739986],[-122.154697610906,42.0186029880375]]]},"properties":{"OBJECTID":308281,"USGS_ID":"ply308281","Date_Min":" ","Date_Max":" ","Confidence":3,"LS_Type":"Landslide","Inventory":"OR DOGAMI","Inv_URL":"https://www.oregon.gov/dogami/slido/Pages/data.aspx","Info_Sourc":"MertSAUnpub"}},{"type":"Feature","id":308437,"geometry":{"type":"Polygon","coordinates":[[[-123.630346072213,42.0104911175711],[-123.630254475364,42.0103957597565],[-123.630169101823,42.0102973712267],[-123.630087449676,42.0101969763095],[-123.630010794163,42.0100945345352],[-123.629939137981,42.0099900486019],[-123.629871251757,42.0098845050659],[-123.629791431529,42.0097450615854],[-123.629716606136,42.0096035739458],[-123.629648052615,42.0094600043757],[-123.629556756139,42.0092457507908],[-123.629475550057,42.0090293064574],[-123.629404435266,42.0088106740734],[-123.629343458534,42.0085908024237],[-123.629317160558,42.0084755156326],[-123.629297229783,42.0083600480778],[-123.629282344205,42.0082434860481],[-123.629272552386,42.0081267792276],[-123.629269125969,42.0080098916432],[-123.629268506336,42.0079728161926],[-123.629270384121,42.007934719112],[-123.629272311368,42.0078975708163],[-123.629276785495,42.0078603514741],[-123.629283804704,42.0078230583875],[-123.629292146815,42.0077866799114],[-123.629301761467,42.0077502636638],[-123.629312650458,42.0077138132419],[-123.62932608633,42.007677289975],[-123.629339570765,42.0076417136942],[-123.629355602079,42.0076060681656],[-123.629376676792,42.0075693272627],[-123.629400347848,42.0075334640981],[-123.629427888686,42.0074984409004],[-123.629458071733,42.007465245125],[-123.629492123663,42.0074328902157],[-123.629527596521,42.0074033483859],[-123.629565662126,42.007374683395],[-123.629650708313,42.0073171007037],[-123.629733061931,42.0072567418052],[-123.629766082339,42.0072291712893],[-123.629796460538,42.0071997751496],[-123.629824244193,42.0071695012715],[-123.629849382043,42.0071373981725],[-123.62987065101,42.0071044569052],[-123.629889275969,42.0070696873163],[-123.629904228098,42.0070378755975],[-123.629917856424,42.0070051510669],[-123.629931486549,42.006972425637],[-123.629942570693,42.0069397721528],[-123.629953604475,42.0069061698839],[-123.629987250811,42.006791081843],[-123.630027361474,42.0066777106079],[-123.630071339221,42.0065651802389],[-123.630120460191,42.0064534565618],[-123.630130367123,42.0064227402173],[-123.630137727174,42.00639209402],[-123.630142490883,42.0063605727823],[-123.630143482835,42.0063301100466],[-123.630141928807,42.0062997192567],[-123.630137876462,42.0062703500966],[-123.630131277237,42.0062410528823],[-123.630120857691,42.0062118653854],[-123.630109167404,42.0061827138612],[-123.630093460745,42.0061498733181],[-123.630075254869,42.0061180535054],[-123.630057002229,42.0060852831094],[-123.630036298936,42.0060544867252],[-123.630014274539,42.0060227757306],[-123.629914180895,42.0058858107816],[-123.629817763679,42.0057458888617],[-123.629727615637,42.00560388681],[-123.629687144346,42.0055356066829],[-123.629649169573,42.0054663058254],[-123.629614968356,42.0053959464658],[-123.629584539795,42.0053245286041],[-123.629556655415,42.0052530369981],[-123.629532542793,42.0051804886887],[-123.629510928487,42.00510691785],[-123.62949440884,42.0050332022205],[-123.629480435174,42.0049594128467],[-123.629448359954,42.0047311118513],[-123.629423973937,42.0045035411056],[-123.629475214609,42.004358467869],[-123.629503406557,42.0042863341471],[-123.629534193948,42.0042150763647],[-123.629567574084,42.0041446963207],[-123.629589630857,42.0041022213405],[-123.629613059095,42.0040616097555],[-123.629637758975,42.004020960399],[-123.629666279175,42.0039802031239],[-123.629694894704,42.0039413443176],[-123.629729732641,42.0038994565947],[-123.629767117458,42.003857496926],[-123.629807146283,42.0038173637803],[-123.629847174208,42.0037772297354],[-123.629889846139,42.0037389231128],[-123.629933887739,42.0037024789863],[-123.629980476218,42.0036659638132],[-123.630028435264,42.0036313102368],[-123.630077716313,42.003597571271],[-123.630128318467,42.0035647460162],[-123.630180291187,42.0035337832575],[-123.630233586811,42.00350373421],[-123.630289525541,42.0034755125849],[-123.630345511036,42.0034482397445],[-123.630402867998,42.0034228302994],[-123.630461546963,42.0033983354649],[-123.630520325752,42.0033757381998],[-123.630581744952,42.0033549692565],[-123.630643213613,42.0033351490979],[-123.630704778503,42.0033172292068],[-123.630768987399,42.0033011358388],[-123.630831972318,42.0032860281278],[-123.630896375467,42.003273733496],[-123.63096210062,42.0032623516762],[-123.631027874337,42.0032519204398],[-123.631093793744,42.0032443382557],[-123.631159761714,42.0032377048562],[-123.63122582681,42.003232970825],[-123.631293263373,42.0032301010883],[-123.631419270983,42.0032255649079],[-123.631546745386,42.0032247905917],[-123.631673092939,42.0032269004012],[-123.631799585283,42.0032318592629],[-123.632198843802,42.0032594891342],[-123.632598587954,42.0032966158462],[-123.63299499922,42.0033433464184],[-123.63418197302,42.0035140287495],[-123.634382309596,42.0035416109566],[-123.634581226143,42.0035663791851],[-123.634781220977,42.0035873136037],[-123.634980926229,42.0036025472198],[-123.635089641674,42.0036089611847],[-123.635196889425,42.0036116114867],[-123.635305314389,42.0036123264477],[-123.635413592763,42.0036101914572],[-123.63552177491,42.0036061588972],[-123.635629761904,42.0035983258022],[-123.635737649973,42.0035885924397],[-123.63584411981,42.0035760468971],[-123.635950444857,42.0035606532016],[-123.636055348975,42.0035424455275],[-123.636160155966,42.0035223375859],[-123.636354492266,42.0034825596724],[-123.636547359973,42.0034390189956],[-123.637316773151,42.0032496883225],[-123.638091955479,42.0030735048384],[-123.638377971366,42.0030063785416],[-123.638662422433,42.0029335892138],[-123.638848480473,42.0028816785467],[-123.639031748816,42.0028250905056],[-123.639212228362,42.0027638268892],[-123.639391237516,42.0026987996099],[-123.639624808538,42.0026036828137],[-123.639855590763,42.0025038895429],[-123.640080935687,42.0023975932743],[-123.64037681264,42.0022493355385],[-123.640433286467,42.0022068272833],[-123.640503322071,42.0021800994321],[-123.640573261447,42.0021514722127],[-123.640916007468,42.0019723929117],[-123.64102572116,42.0018988796297],[-123.641131468842,42.0018226252141],[-123.641235797394,42.0017435586184],[-123.64133493416,42.0016627383448],[-123.64267855637,42.0005382098706],[-123.64348455307,41.999845608688],[-123.646232321864,41.9998450592022],[-123.646756881125,42.0001524825511],[-123.646980309594,42.0002820991396],[-123.647040528198,42.0006845961173],[-123.64704713102,42.0007386201912],[-123.647051139299,42.0007917665268],[-123.647052648361,42.0008459371903],[-123.647051611443,42.0009001797995],[-123.647047979081,42.0009535446704],[-123.647041751276,42.001006034501],[-123.647030382946,42.0010577194383],[-123.647015144833,42.0011085635094],[-123.646994765296,42.0011586035868],[-123.646970468312,42.0012068549125],[-123.646945781023,42.0012475069669],[-123.646919821193,42.0012881949942],[-123.646892537561,42.001327971109],[-123.646862609921,42.0013659198014],[-123.646832731745,42.0014048190772],[-123.646800209562,42.0014418909306],[-123.646489876906,42.0017798480616],[-123.646387117671,42.0018893108431],[-123.646279118087,42.0019960693631],[-123.646165879052,42.0021001245212],[-123.646108477124,42.0021493219337],[-123.646048478854,42.0021976407086],[-123.64598715948,42.0022450466716],[-123.645923145737,42.0022896764275],[-123.64585653655,42.0023334302436],[-123.645788556796,42.0023753197652],[-123.645643442191,42.0024546057955],[-123.645495581956,42.0025301659344],[-123.645344982385,42.0026020001822],[-123.64519031698,42.0026691939282],[-123.644569352194,42.0029427892783],[-123.643660248222,42.0033663285932],[-123.643357764849,42.0035100267664],[-123.643061940056,42.0036592413809],[-123.642918041334,42.0037375381569],[-123.64277678572,42.0038176605566],[-123.642639547377,42.0039014728747],[-123.642504998907,42.0039880622993],[-123.64207205628,42.0042981224604],[-123.641627063638,42.0045971101685],[-123.641168847364,42.0048869625633],[-123.64088181974,42.005058746564],[-123.640601447998,42.0052360452074],[-123.640521313907,42.0052896915661],[-123.640443823823,42.0053451653471],[-123.640368976847,42.0054024665507],[-123.640296820642,42.0054625421627],[-123.640227261679,42.0055234955129],[-123.640190815753,42.0055587750175],[-123.640154369828,42.0055940554214],[-123.640120520246,42.0056302126642],[-123.640089312871,42.0056681955309],[-123.640058106396,42.0057061792968],[-123.640029494466,42.0057450408011],[-123.640002206337,42.0057848142179],[-123.639977463289,42.0058245165882],[-123.639954043145,42.0058651308711],[-123.639933215745,42.0059066219931],[-123.639913713947,42.0059490268262],[-123.639896757229,42.0059913597135],[-123.639881122516,42.0060346054128],[-123.639866762141,42.0060778151391],[-123.639856221188,42.0061209151482],[-123.639846805286,42.0061611301321],[-123.639838664623,42.0062013091431],[-123.63983307084,42.0062414153091],[-123.639830024836,42.0062814477307],[-123.639828250473,42.0063214441794],[-123.639827799014,42.0063623561378],[-123.639829844072,42.0064022437686],[-123.639834485473,42.0064430082383],[-123.639840351751,42.006482787051],[-123.639847490569,42.0065225307902],[-123.639857177167,42.0065621998856],[-123.639868137205,42.0066018339075],[-123.639881644123,42.0066413950844],[-123.639896374118,42.0066799697049],[-123.639913650994,42.0067184714803],[-123.639932153646,42.0067559875988],[-123.639953202278,42.0067934317715],[-123.639975476687,42.0068298884886],[-123.639999024535,42.0068663101322],[-123.640023795462,42.0069017443201],[-123.640082691163,42.0069809089418],[-123.640144084282,42.0070590492358],[-123.640209202393,42.0071351813436],[-123.640509917699,42.0074785074272],[-123.64055618422,42.0075352042863],[-123.640600001889,42.0075938733586],[-123.640641273576,42.007652615276],[-123.640681319487,42.0077123437498],[-123.640702369918,42.0077497870231],[-123.640722096548,42.007786315686],[-123.640740599199,42.0078238327038],[-123.640756606232,42.0078623713514],[-123.640771336228,42.0079009459719],[-123.640784795482,42.0079395565654],[-123.640795707856,42.0079782409031],[-123.640805393554,42.0080179108979],[-123.640812534171,42.0080576528385],[-123.640818401348,42.0080974334498],[-123.640822995085,42.0081372482355],[-123.640825041942,42.0081771358662],[-123.640824541919,42.008217096342],[-123.640822769355,42.0082570927906],[-123.640819721553,42.0082971270108],[-123.640814079206,42.0083362825934],[-123.640807211983,42.0083764256316],[-123.640799023656,42.0084156549586],[-123.640788287549,42.0084549571306],[-123.640774955999,42.008493380665],[-123.640753977514,42.0085567522923],[-123.640729178709,42.0086202336369],[-123.640701736796,42.0086818875591],[-123.640671748003,42.0087436143264],[-123.640639161068,42.0088044633554],[-123.640603980489,42.0088644364446],[-123.640564882463,42.0089226189837],[-123.640524510098,42.0089808374957],[-123.640480220286,42.0090372663568],[-123.64043333593,42.0090928165803],[-123.640385127771,42.0091474539919],[-123.640333002166,42.0092003008533],[-123.640279505994,42.0092512852187],[-123.640223414379,42.0093013927451],[-123.64016472732,42.0093506225332],[-123.640086151754,42.0094099310235],[-123.640003609279,42.0094664992796],[-123.639919697136,42.0095212050396],[-123.639833140087,42.0095740833773],[-123.639743890468,42.0096241855078],[-123.639653270282,42.0096724233437],[-123.639559954828,42.0097178858718],[-123.639463947703,42.0097605712934],[-123.63927046486,42.0098421784738],[-123.639071642742,42.0099191838233],[-123.638871255804,42.0099905270412],[-123.638666853393,42.0100581785422],[-123.63800045126,42.0102683555003],[-123.637888672724,42.0103019784536],[-123.637775427394,42.0103318386435],[-123.637660762934,42.0103588857541],[-123.637610311866,42.0103698358993],[-123.637558491131,42.0103789217499],[-123.637506669497,42.0103880084998],[-123.637454750736,42.0103951949823],[-123.637401461408,42.0104005180695],[-123.637349396957,42.0104048554998],[-123.637296010502,42.0104082801181],[-123.637243848025,42.0104107181801],[-123.637190314082,42.0104112937463],[-123.63713668481,42.0104099690449],[-123.636911781454,42.0104011628834],[-123.636685313277,42.0103866945903],[-123.636461147364,42.0103674041325],[-123.636236739534,42.0103433643548],[-123.635998664707,42.0103263716647],[-123.635759559256,42.010314163368],[-123.635519423183,42.0103067394645],[-123.635377829423,42.0103060191075],[-123.635235107015,42.010308181977],[-123.635093853199,42.0103141094087],[-123.634951471633,42.0103229218654],[-123.63481055866,42.0103354952869],[-123.634634427337,42.0103576320991],[-123.63445853883,42.0103845173317],[-123.634284118018,42.010415166227],[-123.6341111631,42.0104495760871],[-123.633425269061,42.0106032135675],[-123.63315516398,42.0107079171367],[-123.632879674657,42.010807066493],[-123.632809381847,42.0108290405278],[-123.632737767934,42.0108501017509],[-123.632666055094,42.0108692627064],[-123.632592973487,42.0108865602666],[-123.632545020736,42.010896486084],[-123.632495744183,42.0109054972909],[-123.632446372302,42.010912610029],[-123.632396950059,42.0109187721836],[-123.632346255275,42.0109249703112],[-123.632296737704,42.0109292330977],[-123.632195007294,42.0109349824635],[-123.632093180656,42.0109388315619],[-123.631992479969,42.0109397956351],[-123.63152278295,42.0109322377326],[-123.631444810829,42.0109287501617],[-123.631366790145,42.0109243129068],[-123.631289945774,42.0109179394114],[-123.63121305284,42.010910616232],[-123.63117328392,42.0109060413807],[-123.631134741675,42.0109004808725],[-123.631096149068,42.0108939697809],[-123.631057508797,42.0108865090052],[-123.631020141067,42.010879013156],[-123.630982677109,42.0108696161399],[-123.630945163688,42.0108592703391],[-123.630908876044,42.0108479388813],[-123.630872538937,42.0108356568401],[-123.630837427605,42.010822389142],[-123.630802266811,42.0108081726591],[-123.630768380356,42.010793919304],[-123.630735669316,42.0107777297085],[-123.630702959174,42.010761540113],[-123.63067147301,42.0107443648606],[-123.630639889719,42.01072529024],[-123.630609629331,42.0107071293306],[-123.630580545256,42.0106870330802],[-123.630552685158,42.0106659493741],[-123.630507639016,42.0106329910197],[-123.63046509299,42.0105990110356],[-123.63042377094,42.0105640453945],[-123.630383672868,42.0105280922976],[-123.630346072213,42.0104911175711]]]},"properties":{"OBJECTID":308437,"USGS_ID":"ply308437","Date_Min":" ","Date_Max":" ","Confidence":3,"LS_Type":"Landslide","Inventory":"OR DOGAMI","Inv_URL":"https://www.oregon.gov/dogami/slido/Pages/data.aspx","Info_Sourc":"MurrRBUnpubA"}},{"type":"Feature","id":308501,"geometry":{"type":"Polygon","coordinates":[[[-123.366828935907,42.0218249981252],[-123.366883534647,42.0216019950361],[-123.366942497798,42.0213360816949],[-123.366996322222,42.0210693526685],[-123.36711511637,42.0204471603083],[-123.367168939895,42.0201804321812],[-123.367227900347,42.01991451884],[-123.367293275664,42.019649390607],[-123.367341133986,42.0194731612574],[-123.367392813527,42.0192968311838],[-123.367477472108,42.0190350052613],[-123.367540747507,42.0188612265644],[-123.36757368158,42.0187747792327],[-123.367644687552,42.0186027011538],[-123.36768148781,42.0185171036815],[-123.367761499593,42.0183466938449],[-123.367804756085,42.0182628302655],[-123.367895135252,42.0180959529659],[-123.367942257929,42.0180129401451],[-123.36804300538,42.0178495962819],[-123.368095309951,42.0177683506289],[-123.368203787974,42.0176067073837],[-123.368316219418,42.0174478142653],[-123.368429923402,42.0172888896706],[-123.368777534755,42.0168147931682],[-123.368952633657,42.0165781869338],[-123.369190404514,42.0162638666841],[-123.369313197946,42.0161085061027],[-123.369421686761,42.0159744414673],[-123.369517117421,42.0160242576134],[-123.369617641841,42.0160739415592],[-123.369720580041,42.0161207081043],[-123.369930101393,42.0162103453312],[-123.370143265,42.0162960821985],[-123.370355156066,42.0163818514413],[-123.370462923625,42.0164227858829],[-123.370571874692,42.01646178948],[-123.370681968798,42.0164979080521],[-123.370794474885,42.016531111022],[-123.370909304821,42.0165594990217],[-123.371025231929,42.0165840532115],[-123.371143482885,42.0166037924311],[-123.371262786049,42.0166187499554],[-123.371739682141,42.0166719259686],[-123.37185903027,42.0166878313784],[-123.371976052753,42.0167085526576],[-123.3720932542,42.0167330735725],[-123.372206900628,42.0167633924167],[-123.372316993834,42.0167995100893],[-123.372422351211,42.016843360133],[-123.372520466346,42.0168959560835],[-123.372606332716,42.0169593340061],[-123.372672357343,42.0170346405363],[-123.372719585241,42.0171170957774],[-123.372763083649,42.0172015502114],[-123.372812816159,42.0172829892186],[-123.372882573872,42.0173562974552],[-123.372968397074,42.017418723895],[-123.373066558075,42.0174722713283],[-123.373169501671,42.0175190351754],[-123.37327608932,42.017561899562],[-123.373382631103,42.017603815164],[-123.373491630734,42.0176437648479],[-123.373601682572,42.0176789319372],[-123.373715332596,42.0177092489827],[-123.373832402743,42.0177309181474],[-123.373952848045,42.0177429897472],[-123.37419324762,42.0177566828247],[-123.374313513957,42.0177649529903],[-123.374432819819,42.0177799078165],[-123.374549845899,42.0178006254985],[-123.374664635365,42.0178280593175],[-123.374777190915,42.0178622092736],[-123.374884962971,42.0179031392186],[-123.374987865198,42.0179489524822],[-123.375087212405,42.0180005645744],[-123.37518414763,42.0180550913694],[-123.375463799015,42.0182256226145],[-123.375559549833,42.0182820820525],[-123.375656440992,42.0183356600627],[-123.375756974405,42.0183853377132],[-123.375861149173,42.018431117702],[-123.375966511046,42.018474963249],[-123.376180787114,42.0185568555145],[-123.376297478646,42.0185975516358],[-123.376415353686,42.0186363160132],[-123.376685631437,42.0187157926997],[-123.376960648615,42.0187875370153],[-123.377052335397,42.0188117683485],[-123.377144111212,42.0188378990499],[-123.377234659452,42.0188650127102],[-123.37727354254,42.0188782624219],[-123.377312424729,42.018891510335],[-123.37735139595,42.0189066585155],[-123.377387865258,42.01892282293],[-123.377425608005,42.0189389540695],[-123.377460892906,42.0189570511271],[-123.377496221873,42.0189760978687],[-123.3775302774,42.0189951796838],[-123.37756314942,42.0190161932427],[-123.3775947471,42.0190372400766],[-123.377725538203,42.0191336761783],[-123.377851370444,42.0192330935325],[-123.377973515465,42.0193354597637],[-123.378090698927,42.0194408099455],[-123.3782893151,42.0195963342035],[-123.378483058746,42.0197567417803],[-123.378669294852,42.0199201980587],[-123.378721340417,42.0199692398885],[-123.37877088317,42.0200192988516],[-123.378816692836,42.0200713552089],[-123.378861229062,42.0201234466398],[-123.378903308341,42.020177504888],[-123.378942884806,42.0202325775714],[-123.378979957559,42.0202886682875],[-123.379021612358,42.0203608056067],[-123.379060718477,42.0204330094759],[-123.37909736675,42.0205071801623],[-123.379124116185,42.0205606871261],[-123.379153413399,42.02061412754],[-123.379183983154,42.020667534679],[-123.379217012555,42.0207189759001],[-123.379242868963,42.0207534855849],[-123.379269953845,42.0207870141095],[-123.379302043455,42.0208185092669],[-123.37933531837,42.0208480699825],[-123.379382783688,42.0208810643097],[-123.37943147838,42.0209130756779],[-123.379481358378,42.0209431535038],[-123.37953246595,42.0209722492699],[-123.379586077236,42.0210003270035],[-123.379639599488,42.0210265062683],[-123.379694350214,42.0210517016748],[-123.379751560586,42.0210749311632],[-123.379808725093,42.0210972100683],[-123.379867074006,42.0211175563302],[-123.379926652293,42.0211369196332],[-123.379986140648,42.0211543826687],[-123.380046859275,42.0211708636445],[-123.380108717343,42.0211844604945],[-123.380170576311,42.0211980582438],[-123.38023357472,42.0212087727667],[-123.380297799804,42.0212185043306],[-123.380360664213,42.0212263689019],[-123.380424712131,42.0212323008301],[-123.380489988522,42.0212372497993],[-123.380553902441,42.021240331776],[-123.380619000766,42.0212414811095],[-123.380682737518,42.0212407652492],[-123.380747700946,42.0212390646312],[-123.380812576239,42.0212354637457],[-123.380876086362,42.0212299985656],[-123.380939508352,42.0212226313195],[-123.381004159714,42.0212142829129],[-123.381066131097,42.0212031502053],[-123.381129373222,42.0211919851221],[-123.381191208807,42.0211780042615],[-123.381252998527,42.0211630719183],[-123.381313425774,42.0211462743811],[-123.381372489649,42.0211276098514],[-123.381431509457,42.0211079965368],[-123.381489164993,42.0210865153305],[-123.381546776463,42.0210640853393],[-123.381603023661,42.0210397883556],[-123.381656634046,42.0210136594529],[-123.381692144677,42.0210365040315],[-123.3817264709,42.0210612830518],[-123.381757065836,42.0210880612651],[-123.381846793894,42.0211789098788],[-123.381934065005,42.0212717253099],[-123.382016328691,42.0213665741082],[-123.382051148642,42.0214017996534],[-123.382088469607,42.0214360089647],[-123.382125790573,42.021470218276],[-123.382164297744,42.0215024958435],[-123.382205350896,42.021534705962],[-123.382235767766,42.0215576845396],[-123.382266138771,42.0215797134331],[-123.382299012589,42.0216007251934],[-123.382331887307,42.021621737853],[-123.382365945532,42.0216408178695],[-123.382401278096,42.0216598628125],[-123.382436565695,42.0216779589707],[-123.382473082667,42.0216950712706],[-123.382509554672,42.0217112338864],[-123.382547301017,42.0217273632273],[-123.382938057345,42.0218730938682],[-123.383000499074,42.0218990375107],[-123.383061800462,42.0219278634802],[-123.383121873376,42.021957673308],[-123.383180716916,42.0219884660949],[-123.383250197638,42.0220284904225],[-123.383320862768,42.0220665821071],[-123.383393987542,42.0221027060751],[-123.383468295825,42.0221368973999],[-123.38354383528,42.0221701057658],[-123.383816217444,42.0222666291017],[-123.383852644484,42.0222818420334],[-123.383887843049,42.0222980370248],[-123.383920583768,42.0223161988336],[-123.383942487656,42.0223479592909],[-123.383959877846,42.022392201439],[-123.38398104429,42.0224353931789],[-123.384004713547,42.0224775677856],[-123.384033433396,42.0225186587092],[-123.384065885432,42.0225577504399],[-123.384100840282,42.0225958259367],[-123.384140755791,42.0226309183822],[-123.384181901573,42.0226650278688],[-123.384228007117,42.0226961534048],[-123.384275297967,42.0227253462978],[-123.38431317921,42.0227443246909],[-123.38435097142,42.0227614028165],[-123.384388762731,42.0227784827408],[-123.384427739349,42.0227936273241],[-123.384467989406,42.0228087404311],[-123.384521246358,42.0228292170947],[-123.384573273937,42.0228506776168],[-123.384624072143,42.022873121997],[-123.38467496208,42.0228974657455],[-123.384723347405,42.0229228257279],[-123.384896285235,42.023020050535],[-123.385074094694,42.0231123920233],[-123.385197887273,42.0231681095207],[-123.385324092733,42.023220911416],[-123.38545275604,42.0232717446953],[-123.385534620426,42.0233038352039],[-123.385614071932,42.0233388413145],[-123.38569233903,42.0233757800682],[-123.385769376755,42.0234137035796],[-123.385845275939,42.0234545085188],[-123.385918672309,42.0234963296919],[-123.385989654899,42.023541069165],[-123.386059408115,42.0235867897986],[-123.386126659418,42.023633526666],[-123.386191497839,42.0236831818334],[-123.386253832548,42.0237338523355],[-123.386385543658,42.0238492740248],[-123.386511066532,42.0239686626238],[-123.386632856321,42.0240900504156],[-123.386748457875,42.0242154042176],[-123.386860282276,42.0243418066291],[-123.386910417682,42.0244042096866],[-123.386958005308,42.0244666783946],[-123.38700309102,42.024530165135],[-123.387129651712,42.0247256049028],[-123.38724989017,42.0249221625278],[-123.387362619289,42.0251217706532],[-123.38745377727,42.0252696371841],[-123.387549941776,42.0254154721464],[-123.387652340383,42.0255582889839],[-123.387759792281,42.0257000230377],[-123.387911341535,42.0258843462856],[-123.388067855947,42.0260656864823],[-123.388115132407,42.026121505603],[-123.388164911681,42.0261763093892],[-123.388215919429,42.0262301284178],[-123.388270705229,42.0262828988368],[-123.388326674536,42.0263337357134],[-123.388366506409,42.0263669260928],[-123.388410025502,42.0263971684946],[-123.38845477217,42.0264264261387],[-123.388503162891,42.0264517843224],[-123.388554055525,42.0264761253729],[-123.388606043534,42.0264966362108],[-123.38866048939,42.0265151775335],[-123.38871730496,42.0265298535699],[-123.388774028798,42.0265426302382],[-123.388831848911,42.0265515730967],[-123.388890807565,42.0265576345272],[-123.38898288735,42.0265628263134],[-123.389074833137,42.0265651681481],[-123.389166689891,42.0265656106145],[-123.389277566407,42.0265636509918],[-123.389328701858,42.0265661124362],[-123.389379971309,42.0265714238322],[-123.389431376557,42.0265795842805],[-123.389480323958,42.0265897124453],[-123.389529405358,42.0266026887631],[-123.389589036705,42.0266229972536],[-123.389642254087,42.0266425215352],[-123.389694242096,42.0266630305745],[-123.389745000731,42.0266845216734],[-123.389795805232,42.0267069633557],[-123.390026663899,42.0268958587569],[-123.390263623567,42.0270788887797],[-123.390294044934,42.0271018646593],[-123.390321963488,42.0271258576723],[-123.390349882041,42.0271498506851],[-123.390391347982,42.0271906052623],[-123.390418261993,42.0272203314532],[-123.390437262869,42.0272445582898],[-123.390453805898,42.027270752843],[-123.390467846114,42.0272979636302],[-123.390478110077,42.0273262230268],[-123.39048859797,42.0273592335419],[-123.390498260286,42.0274017750719],[-123.390501103943,42.0274349861357],[-123.390503167887,42.0274786778987],[-123.390501366545,42.027521521601],[-123.390494466946,42.0275644966043],[-123.390486025909,42.0276018085767],[-123.390426205705,42.0277935800098],[-123.390420266582,42.0278298739496],[-123.390418240409,42.0278679674328],[-123.390422852133,42.0279115935452],[-123.390430702315,42.0279427703426],[-123.390442418683,42.0279747969993],[-123.390457913102,42.0280057723486],[-123.390474635096,42.0280357665375],[-123.390495135142,42.0280647103182],[-123.390518138002,42.028092635167],[-123.390543643674,42.0281195446813],[-123.390570379619,42.0281454712365],[-123.390600890918,42.0281703473837],[-123.390633816897,42.0281923070294],[-123.390688937245,42.0282250954119],[-123.390741331747,42.0282541525072],[-123.390794910657,42.0282812751608],[-123.390868047123,42.0283173946321],[-123.390900927236,42.0283384045937],[-123.390931394468,42.0283623310568],[-123.390958130413,42.0283882567127],[-123.390981133273,42.0284161824609],[-123.391000359879,42.0284451595165],[-123.391108056392,42.0286458468284],[-123.391129920709,42.0286766549037],[-123.391158020027,42.0287044475523],[-123.391187259684,42.0287293569743],[-123.391220275595,42.0287532159882],[-123.391254341015,42.0287722924074],[-123.391290909248,42.0287903516934],[-123.391327431616,42.0288074621947],[-123.391365050257,42.0288207388861],[-123.391405170812,42.0288329993435],[-123.391468404843,42.0288484568908],[-123.391535323396,42.0288609637625],[-123.391602152917,42.0288715721654],[-123.391671305386,42.0288773629],[-123.391732680519,42.0288805060306],[-123.391786410514,42.0288838497099],[-123.391838912036,42.0288881763483],[-123.39189150349,42.0288944032542],[-123.391944094944,42.0289006292607],[-123.391986585213,42.0289090235327],[-123.392026706667,42.0289212830908],[-123.392064505173,42.0289383594178],[-123.392098615559,42.0289583855212],[-123.392129039623,42.0289813614008],[-123.392154501229,42.0290073212309],[-123.392175002175,42.029036263213],[-123.392193090239,42.0290681225958],[-123.392208763624,42.0291028975807],[-123.392221935994,42.0291386914974],[-123.392231330312,42.0291755331244],[-123.392238130985,42.0292114925164],[-123.392241157204,42.0292485023166],[-123.392229842833,42.0294409032751],[-123.392229869813,42.0294684809856],[-123.392233029131,42.0295083416367],[-123.392239426009,42.0295357529727],[-123.392252733277,42.029574394143],[-123.392264182546,42.0296007208966],[-123.39228631666,42.029637228875],[-123.392310819589,42.0296698715674],[-123.392342966754,42.0297023119122],[-123.392378845208,42.0297327521648],[-123.392410543612,42.0297556947696],[-123.392445928337,42.029775687598],[-123.392482453402,42.0297927971999],[-123.392521435416,42.0298079390852],[-123.392562787143,42.0298192165836],[-123.392603958106,42.0298266926478],[-123.39264754285,42.0298312540092],[-123.392690993594,42.0298329645197],[-123.392782764913,42.0298315040208],[-123.392870804944,42.0298320445133],[-123.392966621412,42.02983523261],[-123.393011435529,42.0298388101131],[-123.393053969865,42.0298481531698],[-123.393094137185,42.029861362412],[-123.39313321003,42.0298784045648],[-123.393168594755,42.0298983964939],[-123.393196382907,42.0299195404545],[-123.393229668614,42.0299490975728],[-123.393260407442,42.0299787221404],[-123.393288733388,42.03001126231],[-123.393306463522,42.0300355224215],[-123.393325511163,42.0300606998415],[-123.393345788178,42.0300848925038],[-123.393367339531,42.0301090527906],[-123.393388845918,42.030132262494],[-123.393412856018,42.0301544559634],[-123.393440867202,42.0301803474451],[-123.39347379498,42.0302023070909],[-123.393339573862,42.0302771603627],[-123.393208032724,42.030354796137],[-123.393080449503,42.0304351811387],[-123.392768878481,42.0306440324961],[-123.392466535402,42.0308592960197],[-123.392170876984,42.0310810409573],[-123.391668950062,42.0316077720811],[-123.391144773013,42.0321227211867],[-123.390599573412,42.0326249053152],[-123.390034627396,42.0331142911916],[-123.386879683351,42.0356221406493],[-123.385254766694,42.0368458895262],[-123.385094729638,42.0369689608489],[-123.384938646002,42.0370947796005],[-123.384890095202,42.0370931985923],[-123.38484145357,42.0370897182159],[-123.384794042211,42.0370852548806],[-123.384745312446,42.0370798742368],[-123.384697811155,42.0370735115334],[-123.384650218133,42.0370652485624],[-123.384603857182,42.0370560017332],[-123.384557450366,42.0370458043205],[-123.384511000382,42.0370346590224],[-123.384465734806,42.0370215801818],[-123.38442046833,42.037008500442],[-123.384376386261,42.0369934889584],[-123.384332260126,42.0369775259921],[-123.384290635904,42.0369605485905],[-123.384247695075,42.0369426520818],[-123.384203299143,42.036920991011],[-123.384169231925,42.0369019127931],[-123.384136438146,42.036882800401],[-123.384107333387,42.0368607391318],[-123.384080730541,42.0368376598302],[-123.384054039562,42.0368126820597],[-123.384031125736,42.0367866547804],[-123.384009486249,42.0367605924275],[-123.383992854187,42.0367324985061],[-123.38397617536,42.0367034540013],[-123.383963320451,42.0366743087724],[-123.383952969254,42.0366441482089],[-123.383946439277,42.0366138869214],[-123.383941877016,42.0365712113923],[-123.383946591262,42.0365359004115],[-123.383957765339,42.036502321525],[-123.383974082638,42.0364695601221],[-123.383996857069,42.0364385317129],[-123.384024863756,42.0364102192562],[-123.384058100901,42.0363846218528],[-123.38410130703,42.0363540089304],[-123.38414715087,42.0363252288263],[-123.384196906762,42.0362982482656],[-123.384284169779,42.0362550691162],[-123.384371297897,42.0362090391159],[-123.384455788304,42.0361611771966],[-123.384538916238,42.0361114491841],[-123.384587128893,42.0360788028945],[-123.38463265887,42.0360433741025],[-123.38467423273,42.0360051951837],[-123.384713167079,42.0359651834465],[-123.384748192975,42.0359233721659],[-123.384778028883,42.0358797946169],[-123.384806458251,42.0358334021898],[-123.384832293975,42.0357861248298],[-123.384855536054,42.0357379661343],[-123.384877506492,42.0356898398143],[-123.384898155825,42.0356407970852],[-123.384916258279,42.0355918218052],[-123.384974474992,42.0354466928107],[-123.385026230076,42.0352998326212],[-123.385070296857,42.0351522232965],[-123.385080242459,42.0351196273689],[-123.385087592618,42.0350861492064],[-123.385092395897,42.0350527384932],[-123.385097198277,42.0350193277798],[-123.385099453777,42.0349859836163],[-123.385101663411,42.0349516897687],[-123.385101370232,42.0349184112557],[-123.385099757748,42.0348842172329],[-123.385095641551,42.034851039444],[-123.385091526253,42.0348178625543],[-123.38508481731,42.0347838025305],[-123.385076879894,42.0347507245663],[-123.385067668138,42.0347176807764],[-123.385055772806,42.0346818544841],[-123.385044103203,42.0346507775114],[-123.385028699615,42.0346216997317],[-123.385010748247,42.0345926885018],[-123.384990338134,42.0345656440892],[-123.38496738024,42.0345386671258],[-123.384943237041,42.0345136219062],[-123.384914042349,42.0344896603696],[-123.384884938489,42.0344675991005],[-123.384853330017,42.0344465540652],[-123.384819263698,42.0344274758474],[-123.384784057938,42.034411280856],[-123.384731974601,42.0343888697506],[-123.384692990789,42.034373724268],[-123.384652778503,42.0343595608451],[-123.384612565318,42.0343453983215],[-123.384571213591,42.0343341199237],[-123.384529860065,42.0343228397273],[-123.384488552405,42.0343125101143],[-123.384327500913,42.0342786893101],[-123.384167545696,42.0342410355954],[-123.384008685852,42.0341995480707],[-123.383852193924,42.0341541961592],[-123.383698116675,42.0341059259477],[-123.383606180781,42.0340769515901],[-123.383511785241,42.0340499431504],[-123.383417525498,42.0340257819643],[-123.383322036383,42.0340026064352],[-123.383256698838,42.0339967104799],[-123.383192547498,42.0339888800828],[-123.383128351192,42.0339801000016],[-123.383065341093,42.0339693872775],[-123.383002240161,42.0339567742857],[-123.382939095163,42.03394321161],[-123.382877134572,42.0339277162911],[-123.382816402455,42.0339112380133],[-123.38278137566,42.0338988408589],[-123.382750036985,42.0338834948275],[-123.382719839549,42.0338652646703],[-123.382692099061,42.0338450694944],[-123.382668091659,42.033822873327],[-123.38264786141,42.0337996276508],[-123.382630091705,42.0337744160565],[-123.382613415577,42.0337453724511],[-123.382592335468,42.03370407918],[-123.382575032512,42.0336617364001],[-123.382560233268,42.0336183782856],[-123.382448273969,42.0331372472862],[-123.382423727873,42.0330494455755],[-123.382394175251,42.0329636790306],[-123.382360754645,42.0328770608277],[-123.382323603651,42.0327924427171],[-123.382282630539,42.0327079253305],[-123.382237922542,42.0326254080362],[-123.382188164852,42.0325439726263],[-123.382135903449,42.0324635543496],[-123.38207863642,42.0323851694401],[-123.382018864779,42.0323077989658],[-123.381884324402,42.0321325327902],[-123.381758615368,42.0319551325234],[-123.381640369807,42.0317737329714],[-123.381576083569,42.0316546375515],[-123.381509250452,42.0315356095808],[-123.381435957503,42.0314148486164],[-123.381416868494,42.0313887197137],[-123.38139655101,42.0313635746693],[-123.381372456374,42.0313394791337],[-123.381347131465,42.0313163665571],[-123.381316665132,42.0312924382954],[-123.38127855636,42.031268708784],[-123.381236759469,42.0312479299481],[-123.381191274458,42.0312300999892],[-123.381147286818,42.0312169860751],[-123.3810943815,42.0312041068841],[-123.381040380809,42.0311950579057],[-123.380986470049,42.031187910094],[-123.38093141895,42.0311836446095],[-123.380875273375,42.0311832120357],[-123.380820490273,42.031184645555],[-123.380765841171,42.0311889290259],[-123.380669507592,42.0312019107396],[-123.380594833285,42.0312143258805],[-123.380521478284,42.0312276565312],[-123.380448254583,42.0312438380328],[-123.380312962373,42.0312692519744],[-123.380176263624,42.0312918483402],[-123.380039339144,42.0313096953862],[-123.379992469177,42.0313166273605],[-123.379945509278,42.0313216590674],[-123.379897231872,42.0313257752643],[-123.379850137074,42.031327957919],[-123.37980299821,42.0313291917888],[-123.379755815279,42.0313294750753],[-123.379707313941,42.0313288419525],[-123.379659995213,42.0313262752874],[-123.379612632417,42.0313227598376],[-123.379566499894,42.0313182605294],[-123.379519003999,42.0313118942286],[-123.379472737477,42.0313045458681],[-123.379426425989,42.031296246025],[-123.379380069535,42.0312869973971],[-123.379334897488,42.0312758170254],[-123.379298644917,42.0312644019307],[-123.379262345581,42.0312520380511],[-123.379226003977,42.031238722689],[-123.379190890847,42.0312244252671],[-123.379155730952,42.0312091763624],[-123.379121802229,42.0311929462975],[-123.37908910288,42.0311757323742],[-123.37905640443,42.0311585184509],[-123.379024933554,42.0311403215686],[-123.378994647985,42.0311201920433],[-123.378965681721,42.0311009789271],[-123.378936625525,42.0310798646441],[-123.378908843668,42.0310587179855],[-123.378881016845,42.0310366216428],[-123.378855692836,42.0310135099656],[-123.378830369726,42.0309903964896],[-123.378806275989,42.0309663009541],[-123.378784685065,42.030941187386],[-123.378763095041,42.0309160747171],[-123.378741458252,42.0308900132635],[-123.37872237194,42.0308638834615],[-123.378704558169,42.0308377221832],[-123.378687973771,42.0308105752479],[-123.378667210224,42.030775931564],[-123.378647721015,42.0307412546053],[-123.37863073552,42.0307055605132],[-123.378613749125,42.0306698673206],[-123.378599266443,42.030633155196],[-123.37858733154,42.0305963792196],[-123.378575395738,42.0305596023438],[-123.378566009514,42.0305227589183],[-123.378549694912,42.0304471043505],[-123.378537248295,42.0303723014406],[-123.378528577032,42.0302964472233],[-123.378523728787,42.0302204940806],[-123.378514616856,42.0299183128799],[-123.378516924516,42.0296148825209],[-123.378518491135,42.0295397117884],[-123.37851619067,42.0294636929951],[-123.378511341525,42.0293877389531],[-123.378502671161,42.0293118856351],[-123.378497152022,42.0292758911695],[-123.378489084204,42.0292399641531],[-123.378479787912,42.029205020995],[-123.378469171415,42.0291691596291],[-123.378456052105,42.0291343162957],[-123.37844170522,42.0291004541227],[-123.378426037232,42.0290656773392],[-123.378407868229,42.0290319167896],[-123.378389741493,42.0289991050247],[-123.378369023811,42.0289654101256],[-123.378347121722,42.0289336487689],[-123.378323945294,42.0289019215865],[-123.378298265153,42.0288712097386],[-123.378272585911,42.02884049879],[-123.378244402957,42.0288108022768],[-123.378214945663,42.0287811399377],[-123.378185578302,42.0287533787655],[-123.378153662262,42.0287256832437],[-123.378120517748,42.028698970681],[-123.37808614386,42.0286732410773],[-123.378051814939,42.0286484611576],[-123.377991246499,42.0286082012076],[-123.37792822111,42.0285699062762],[-123.37786396455,42.0285325952032],[-123.377798525382,42.0284972167732],[-123.37773185594,42.0284628222016],[-123.37687103567,42.0280592721178],[-123.376644413709,42.0279596344296],[-123.376414189963,42.027864843188],[-123.376181600101,42.0277739181319],[-123.376029584098,42.0276333388076],[-123.375956079809,42.0275620315626],[-123.375883805793,42.0274897422578],[-123.37581403459,42.0274164349206],[-123.375747995573,42.0273411301891],[-123.375685689643,42.0272638235667],[-123.375627117697,42.02718451955],[-123.375469011486,42.0269413887341],[-123.37541298642,42.0268620181677],[-123.375351910762,42.0267837285863],[-123.375284643272,42.0267094068137],[-123.375209911408,42.0266390816284],[-123.375128944545,42.0265717736685],[-123.375043106054,42.0265093481279],[-123.374949801392,42.0264509209733],[-123.374852942609,42.0263982917478],[-123.374749938759,42.0263505800153],[-123.374643380787,42.0263086644134],[-123.374533223729,42.0262715997546],[-123.374419511651,42.0262403321257],[-123.37430352159,42.0262148309497],[-123.374186480222,42.0261941123684],[-123.374067114106,42.0261782087574],[-123.373710423197,42.0261333146008],[-123.373592197422,42.0261145277633],[-123.373476163294,42.0260880760039],[-123.373366095269,42.0260529089147],[-123.373266735471,42.0260012950238],[-123.373192007205,42.0259309698384],[-123.373148547467,42.0258474659878],[-123.373126522171,42.0257586471439],[-123.37310025837,42.0255795930239],[-123.373080779954,42.0254907085294],[-123.373051199453,42.0254039878038],[-123.373007696548,42.0253195333698],[-123.372951675979,42.0252401610047],[-123.372884368918,42.0251648868501],[-123.372808413078,42.0250955437244],[-123.372724992864,42.0250302007832],[-123.372635423986,42.0249697717376],[-123.372540940312,42.0249132763267],[-123.372444041959,42.0248596947192],[-123.372344728926,42.0248090305124],[-123.372242958945,42.0247603322236],[-123.372138729319,42.0247136007521],[-123.371722083307,42.0245323684741],[-123.371617856379,42.0244856361033],[-123.371516130465,42.0244378865992],[-123.371415544891,42.024387254768],[-123.371318649236,42.0243336731605],[-123.371225440801,42.0242771426761],[-123.37113587642,42.0242167136305],[-123.371051228631,42.0241523518496],[-123.370972772675,42.0240840240585],[-123.370900508552,42.0240117311565],[-123.370762214405,42.0238641290264],[-123.370689950281,42.023791835225],[-123.370615227411,42.0237215091404],[-123.370530537354,42.0236561967761],[-123.370437330718,42.0235996662916],[-123.370333194621,42.0235548314903],[-123.370220675044,42.0235216267217],[-123.370105921551,42.0234951389895],[-123.369989937785,42.0234696333169],[-123.369873909054,42.0234431779604],[-123.369762619749,42.0234089902328],[-123.369657254279,42.0233651374912],[-123.369560361322,42.0233115558836],[-123.369380008581,42.0231916762549],[-123.369287989949,42.0231332113287],[-123.369186224465,42.023084510342],[-123.369073752552,42.0230522543581],[-123.36895351859,42.0230449275814],[-123.368833955523,42.0230518478646],[-123.368713207149,42.0230607007908],[-123.368592235743,42.0230648043973],[-123.368473143021,42.0230545943941],[-123.368359486701,42.0230242710533],[-123.368258951489,42.0229745862083],[-123.368179270657,42.0229072395775],[-123.36813204276,42.022824783437],[-123.368111297199,42.0227359295196],[-123.368105840112,42.0226466781017],[-123.368111394325,42.0224658433241],[-123.36810848322,42.0223765271551],[-123.368092789151,42.0222865904539],[-123.368059442289,42.0222009192371],[-123.3680071638,42.0221195449811],[-123.367938637258,42.0220452510875],[-123.367855269205,42.0219808533338],[-123.367757151371,42.0219282519873],[-123.367648191311,42.0218892465915],[-123.36753339555,42.0218618055779],[-123.367414040226,42.0218458956716],[-123.367293810761,42.0218385661969],[-123.367172619021,42.021837918685],[-123.36705296782,42.0218429378014],[-123.366931821047,42.0218432399736],[-123.366828935907,42.0218249981252]]]},"properties":{"OBJECTID":308501,"USGS_ID":"ply308501","Date_Min":" ","Date_Max":" ","Confidence":3,"LS_Type":"Landslide","Inventory":"OR DOGAMI","Inv_URL":"https://www.oregon.gov/dogami/slido/Pages/data.aspx","Info_Sourc":"MurrRBUnpubA"}},{"type":"Feature","id":308503,"geometry":{"type":"Polygon","coordinates":[[[-123.359610689382,42.0168659996662],[-123.359609156038,42.0162326799942],[-123.359609119165,42.0153311438173],[-123.359601395788,42.0144288567064],[-123.359585400446,42.0131311727654],[-123.359595634731,42.0128589245998],[-123.359763001261,42.0128384092652],[-123.360002789297,42.0128122075174],[-123.360122156312,42.0128014965919],[-123.360242884901,42.0127926535582],[-123.360362475848,42.0127866928516],[-123.360483471535,42.0127835479224],[-123.360845586255,42.0127826935665],[-123.360966626009,42.0127804992207],[-123.36108757673,42.0127764037081],[-123.361207078644,42.0127685418348],[-123.361327674133,42.0127568470509],[-123.361445500609,42.0127404703965],[-123.361563062685,42.0127183938388],[-123.36167785305,42.0126916345114],[-123.361791060609,42.0126582597709],[-123.361900224815,42.0126202337369],[-123.362007979784,42.0125793928248],[-123.362114329113,42.0125357334374],[-123.362429510913,42.0124039090132],[-123.36253726858,42.0123630663025],[-123.362646386022,42.0123240905843],[-123.362756911802,42.0122879306435],[-123.36287015983,42.0122555046879],[-123.362983587722,42.0122268774685],[-123.363101058067,42.0122028988447],[-123.363218750545,42.0121836704401],[-123.363337937696,42.0121691580802],[-123.363457347878,42.0121593932415],[-123.363578342666,42.012156244715],[-123.363698374281,42.0121597799499],[-123.363818851958,42.0121728111264],[-123.363933537103,42.0121983563691],[-123.364041293871,42.0122392980052],[-123.36413324865,42.0122968168447],[-123.364210451851,42.0123661329907],[-123.364276459391,42.0124414449168],[-123.364394776897,42.0125990816823],[-123.36445705315,42.0126763937007],[-123.364525521236,42.0127497397088],[-123.364606458421,42.0128170548633],[-123.364700871948,42.0128726077847],[-123.364805032326,42.012918397666],[-123.364914018467,42.0129583545445],[-123.36513541177,42.01302962132],[-123.365244310676,42.0130676788303],[-123.365349653664,42.0131115351693],[-123.365448985582,42.013163154456],[-123.3655422165,42.0132206409199],[-123.365631759298,42.013281074462],[-123.365888055289,42.0134712558938],[-123.36597514024,42.0135336544546],[-123.366065913311,42.0135931059372],[-123.366161603875,42.013648623785],[-123.366263351373,42.0136973283691],[-123.366368651192,42.0137402323259],[-123.366477596864,42.013779238621],[-123.366810355913,42.0138865933916],[-123.366919300685,42.0139255978881],[-123.367025831677,42.0139675188859],[-123.367128854413,42.0140161892958],[-123.367225730283,42.0140697736012],[-123.367317690459,42.0141272915413],[-123.367403548735,42.0141906721618],[-123.367486948264,42.0142560195996],[-123.367565388932,42.0143243491894],[-123.36764014058,42.0143956276561],[-123.367712345348,42.0144669726727],[-123.36778209227,42.0145402845065],[-123.368120951421,42.0149137531672],[-123.368260447961,42.0150603750363],[-123.368404950128,42.0152049635383],[-123.368478430135,42.0152762743806],[-123.368631626948,42.0154158806384],[-123.368711341955,42.0154841769532],[-123.368792243167,42.0155505397257],[-123.368874372854,42.0156159195391],[-123.368959007152,42.0156802822193],[-123.369047372738,42.0157426466059],[-123.369135649291,42.015803110725],[-123.36922765803,42.0158615765505],[-123.369322125516,42.0159180746595],[-123.369421686761,42.0159744414673],[-123.369313197946,42.0161085061027],[-123.369190404514,42.0162638666841],[-123.368952633657,42.0165781869338],[-123.368777534755,42.0168147931682],[-123.368429923402,42.0172888896706],[-123.368316219418,42.0174478142653],[-123.368203787974,42.0176067073837],[-123.368095309951,42.0177683506289],[-123.36804300538,42.0178495962819],[-123.367942257929,42.0180129401451],[-123.367895135252,42.0180959529659],[-123.367804756085,42.0182628302655],[-123.367761499593,42.0183466938449],[-123.36768148781,42.0185171036815],[-123.367644687552,42.0186027011538],[-123.36757368158,42.0187747792327],[-123.367540747507,42.0188612265644],[-123.367477472108,42.0190350052613],[-123.367392813527,42.0192968311838],[-123.367341133986,42.0194731612574],[-123.367293275664,42.019649390607],[-123.367227900347,42.01991451884],[-123.367168939895,42.0201804321812],[-123.36711511637,42.0204471603083],[-123.366996322222,42.0210693526685],[-123.366942497798,42.0213360816949],[-123.366883534647,42.0216019950361],[-123.366828935907,42.0218249981252],[-123.366715532296,42.0217727933797],[-123.366638313807,42.0217034799317],[-123.366578527777,42.0216251534781],[-123.366530029137,42.0215427297132],[-123.366487811363,42.0214582393063],[-123.366410971489,42.0212881100583],[-123.366370026256,42.0212035872758],[-123.366324033128,42.0211201463777],[-123.366270483896,42.0210388035979],[-123.366205738104,42.0209634601956],[-123.366127247075,42.0208941791231],[-123.366037736652,42.020834695265],[-123.365938437109,42.020784024763],[-123.365831848561,42.0207411522824],[-123.365721751757,42.0207050283145],[-123.365608099934,42.0206747022757],[-123.365492079296,42.0206482424225],[-123.365374963284,42.0206256136812],[-123.36502260441,42.0205634624339],[-123.364788417352,42.0205191546353],[-123.364672483948,42.0204945941502],[-123.364557649516,42.020466198956],[-123.364443954525,42.0204349223338],[-123.364333902687,42.0203997462513],[-123.364224903956,42.0203597884735],[-123.364120734584,42.0203139994915],[-123.36402143594,42.0202633271908],[-123.363925782249,42.0202087563291],[-123.363738073054,42.0200947663604],[-123.363643648735,42.0200392116404],[-123.363545536297,42.0199866075959],[-123.363442552232,42.0199388832729],[-123.36333482784,42.0198988913208],[-123.363221089682,42.019866663216],[-123.362874441502,42.0197900913397],[-123.362760749209,42.0197588120196],[-123.362655439497,42.0197159035661],[-123.362562201384,42.0196584153037],[-123.362488723176,42.0195871008641],[-123.36243021868,42.0195087384376],[-123.362382956608,42.0194253299151],[-123.362340745129,42.0193408377095],[-123.362265149917,42.0191697237038],[-123.362222939337,42.0190852314983],[-123.362175722232,42.0190027726599],[-123.362118448008,42.0189234263751],[-123.362052435072,42.018848114449],[-123.361978958662,42.0187767982107],[-123.361898016081,42.0187094803583],[-123.361810927532,42.0186470764015],[-123.361718965558,42.0185895557634],[-123.361623272296,42.018534033419],[-123.361523979048,42.0184833593196],[-123.361422227054,42.0184346511383],[-123.361318017213,42.0183879088749],[-123.361213940471,42.0183440165632],[-123.360894202705,42.018215383833],[-123.360788852523,42.0181715238967],[-123.360685917921,42.0181247474592],[-123.360584168624,42.0180760392778],[-123.36048610475,42.0180243822195],[-123.360391598593,42.0179669254333],[-123.360304511844,42.0179045214765],[-123.360226076572,42.0178361864908],[-123.36015883786,42.0177618530271],[-123.360104070047,42.0176814923071],[-123.360059361151,42.0175980154361],[-123.360022204761,42.0175124413461],[-123.35992079361,42.0172526029253],[-123.359882406947,42.0171680117943],[-123.359835150272,42.0170846014732],[-123.359776651172,42.0170062390467],[-123.35970441043,42.0169339371515],[-123.359610689382,42.0168659996662]]]},"properties":{"OBJECTID":308503,"USGS_ID":"ply308503","Date_Min":" ","Date_Max":" ","Confidence":3,"LS_Type":"Landslide","Inventory":"OR DOGAMI","Inv_URL":"https://www.oregon.gov/dogami/slido/Pages/data.aspx","Info_Sourc":"MurrRBUnpubA"}},{"type":"Feature","id":308504,"geometry":{"type":"Polygon","coordinates":[[[-123.358919358042,42.0070345867768],[-123.359042162266,42.0070703869888],[-123.359384171742,42.0071585016636],[-123.359497794787,42.0071888330982],[-123.359609049018,42.0072230307184],[-123.359718022569,42.0072629929928],[-123.359823397032,42.0073078044117],[-123.359923854902,42.0073565467673],[-123.360023171532,42.00740817145],[-123.360214478016,42.0075182691529],[-123.360403325753,42.007630330975],[-123.360495312908,42.0076888039952],[-123.360581155896,42.0077521891123],[-123.360658306036,42.0078205582722],[-123.360721846736,42.0078978370156],[-123.360767824575,42.0079812797123],[-123.360798653335,42.0080679689617],[-123.360818108369,42.008156856154],[-123.360829966829,42.00824689268],[-123.360835413124,42.0083361422992],[-123.360843847865,42.0085166110528],[-123.360850611666,42.0086067797791],[-123.360858606639,42.0086959637478],[-123.360871736741,42.0087859660995],[-123.360889919234,42.0088748865668],[-123.360914424861,42.0089626909755],[-123.36094652796,42.0090493469498],[-123.360988774512,42.0091347879402],[-123.361038485438,42.009216231444],[-123.361098251683,42.0092945614949],[-123.361164251129,42.0093698752196],[-123.36123398546,42.0094431897514],[-123.361530349846,42.0097274375713],[-123.36160258609,42.0097997367685],[-123.361671091947,42.00987403336],[-123.361735865618,42.0099503300438],[-123.361794359322,42.0100286924703],[-123.361846618926,42.0101100694242],[-123.36188882411,42.0101945598311],[-123.361920928108,42.0102812158055],[-123.361941660179,42.010370069723],[-123.361957296692,42.0104590567401],[-123.361990287422,42.0107282786872],[-123.3620059689,42.0108182144891],[-123.362029201986,42.0109060521726],[-123.362057530631,42.0109937576559],[-123.362094686121,42.0110793308465],[-123.362136891304,42.0111638221527],[-123.362189153607,42.0112451991067],[-123.36224764911,42.0113235606338],[-123.362313653053,42.0113988743586],[-123.362385893794,42.0114711726566],[-123.362613764913,42.0116811193882],[-123.362687235028,42.0117524347271],[-123.362825525578,42.0119009955346],[-123.362898951625,42.0119713602901],[-123.36298603118,42.0120337624482],[-123.363087818248,42.0120834194144],[-123.363195528251,42.0121234122657],[-123.363337937696,42.0121691580802],[-123.363218750545,42.0121836704401],[-123.363101058067,42.0122028988447],[-123.362983587722,42.0122268774685],[-123.36287015983,42.0122555046879],[-123.362756911802,42.0122879306435],[-123.362646386022,42.0123240905843],[-123.36253726858,42.0123630663025],[-123.362429510913,42.0124039090132],[-123.362114329113,42.0125357334374],[-123.362007979784,42.0125793928248],[-123.361900224815,42.0126202337369],[-123.361791060609,42.0126582597709],[-123.36167785305,42.0126916345114],[-123.361563062685,42.0127183938388],[-123.361445500609,42.0127404703965],[-123.361327674133,42.0127568470509],[-123.361207078644,42.0127685418348],[-123.36108757673,42.0127764037081],[-123.360966626009,42.0127804992207],[-123.360845586255,42.0127826935665],[-123.360483471535,42.0127835479224],[-123.360362475848,42.0127866928516],[-123.360242884901,42.0127926535582],[-123.360122156312,42.0128014965919],[-123.360002789297,42.0128122075174],[-123.359763001261,42.0128384092652],[-123.359595634731,42.0128589245998],[-123.359605696346,42.0125010924515],[-123.359610925904,42.0122308758543],[-123.359611059003,42.0119607914574],[-123.359607722518,42.0117801905034],[-123.359597666299,42.0115103714066],[-123.3595854607,42.0113309521617],[-123.359570660558,42.0111506488834],[-123.35955081252,42.0109714292881],[-123.359514010463,42.0107023035685],[-123.35945648353,42.0103443266294],[-123.359408310445,42.0100774006516],[-123.359242935013,42.009184916151],[-123.359165956644,42.0087380520195],[-123.359107203934,42.0083810562408],[-123.359050954038,42.0080230451275],[-123.358999798802,42.0076649018138],[-123.358952422516,42.0073057089913],[-123.358919358042,42.0070345867768]]]},"properties":{"OBJECTID":308504,"USGS_ID":"ply308504","Date_Min":" ","Date_Max":" ","Confidence":3,"LS_Type":"Landslide","Inventory":"OR DOGAMI","Inv_URL":"https://www.oregon.gov/dogami/slido/Pages/data.aspx","Info_Sourc":"MurrRBUnpubA"}},{"type":"Feature","id":308505,"geometry":{"type":"Polygon","coordinates":[[[-123.356418082628,42.0111421763704],[-123.356502922872,42.0110201491606],[-123.356791687087,42.0106227504396],[-123.356905364991,42.0104628869527],[-123.357012584863,42.0103012886736],[-123.357113303536,42.0101370059181],[-123.357160391139,42.0100530479099],[-123.357204929164,42.0099691555521],[-123.357245558736,42.009883463651],[-123.357283641427,42.009797836501],[-123.357316540426,42.0097104430825],[-123.357346891646,42.0096231162139],[-123.357373334412,42.0095339871039],[-123.357393409079,42.0094450252678],[-123.357409619358,42.0093552108743],[-123.357419415673,42.0092646131714],[-123.357425390769,42.0091741143939],[-123.357428820783,42.0090836821662],[-123.357431378455,42.0088106821673],[-123.35743480847,42.008720250839],[-123.35744548702,42.0085392856595],[-123.357472330883,42.008267557302],[-123.357547320852,42.007634156691],[-123.35757539229,42.0073614462738],[-123.357591164601,42.0071803488941],[-123.357612432668,42.0068165209657],[-123.357619681203,42.006725990712],[-123.357630752757,42.0066353588348],[-123.357646916272,42.0065445965559],[-123.357668218513,42.0064546499622],[-123.357680452891,42.0064162929776],[-123.357722579833,42.0064446791786],[-123.357814519325,42.0065022043133],[-123.357910191002,42.0065577293558],[-123.358106318752,42.0066619985524],[-123.358405450351,42.0068149453535],[-123.358505994556,42.0068655888759],[-123.35860768,42.0069133491718],[-123.358711823292,42.006959144449],[-123.358819611536,42.0070010402658],[-123.358919358042,42.0070345867768],[-123.358952422516,42.0073057089913],[-123.358999798802,42.0076649018138],[-123.359050954038,42.0080230451275],[-123.359107203934,42.0083810562408],[-123.359165956644,42.0087380520195],[-123.359242935013,42.009184916151],[-123.359408310445,42.0100774006516],[-123.35945648353,42.0103443266294],[-123.359514010463,42.0107023035685],[-123.35955081252,42.0109714292881],[-123.359570660558,42.0111506488834],[-123.3595854607,42.0113309521617],[-123.359597666299,42.0115103714066],[-123.359607722518,42.0117801905034],[-123.359611059003,42.0119607914574],[-123.359610925904,42.0122308758543],[-123.359605696346,42.0125010924515],[-123.359595634731,42.0128589245998],[-123.359523068435,42.0128341824516],[-123.359413123617,42.0128009012407],[-123.359182344989,42.0127469850854],[-123.359068756118,42.0127176024354],[-123.358955079114,42.0126863204174],[-123.358842630583,42.012654054541],[-123.358732507699,42.0126169736944],[-123.358624797696,42.0125769763465],[-123.358520601345,42.0125302322845],[-123.358423734468,42.0124766407844],[-123.358336657611,42.0124142341297],[-123.358258231332,42.0123458982447],[-123.358111300996,42.0122032612716],[-123.358032874717,42.0121349262859],[-123.357944570286,42.0120735025901],[-123.357845246461,42.0120218752094],[-123.357739909769,42.0119780125753],[-123.357521995044,42.0118990332139],[-123.357417929993,42.0118551364055],[-123.357319792374,42.011801577281],[-123.357236450402,42.011737170534],[-123.357164216855,42.0116648695381],[-123.357037181321,42.0115112554401],[-123.356969955199,42.0114369210771],[-123.356893989466,42.0113666183748],[-123.356805686833,42.0113051937797],[-123.356707593281,42.01125258344],[-123.356603487761,42.0112077360482],[-123.356495783154,42.0111677387002],[-123.356418082628,42.0111421763704]]]},"properties":{"OBJECTID":308505,"USGS_ID":"ply308505","Date_Min":" ","Date_Max":" ","Confidence":3,"LS_Type":"Landslide","Inventory":"OR DOGAMI","Inv_URL":"https://www.oregon.gov/dogami/slido/Pages/data.aspx","Info_Sourc":"MurrRBUnpubA"}},{"type":"Feature","id":308506,"geometry":{"type":"Polygon","coordinates":[[[-123.359595634731,42.0128589245998],[-123.359585400446,42.0131311727654],[-123.359601395788,42.0144288567064],[-123.359609119165,42.0153311438173],[-123.359609156038,42.0162326799942],[-123.359610689382,42.0168659996662],[-123.359522909255,42.0168159757767],[-123.359421162656,42.016767266696],[-123.359315772005,42.0167224543778],[-123.359103850362,42.0166357129678],[-123.35899973495,42.0165908691733],[-123.358899173658,42.0165402256509],[-123.358807217979,42.0164827014156],[-123.358727556032,42.0164153484896],[-123.358666512749,42.0163370517136],[-123.358626855345,42.0162524920589],[-123.358603623159,42.016164653476],[-123.358593039937,42.0160745845745],[-123.358588825714,42.0159843501976],[-123.358591025455,42.0158949000296],[-123.358606447929,42.0156244190318],[-123.358609921111,42.0155349346895],[-123.358606979429,42.0154446688364],[-123.358600218325,42.0153544992108],[-123.358585857951,42.0152654798181],[-123.358566403816,42.0151765926257],[-123.358538078769,42.0150888862432],[-123.358502154451,42.0150023282949],[-123.358457449152,42.0149188514239],[-123.358405188649,42.0148374726713],[-123.358345465571,42.0147600914052],[-123.358278188188,42.0146848091567],[-123.358204719872,42.0146134911198],[-123.357974350436,42.0144045507295],[-123.357899653646,42.0143342147522],[-123.357829918416,42.0142608984217],[-123.357766419085,42.0141845657652],[-123.357714161279,42.0141031870126],[-123.357680786539,42.0140165625144],[-123.357672797861,42.0139273767471],[-123.357692873427,42.0138384131123],[-123.357734822304,42.0137536376203],[-123.357792366325,42.0136751124165],[-123.35786027683,42.0136001242464],[-123.357936094175,42.0135306354305],[-123.358018458585,42.0134647798757],[-123.358104776414,42.0134016744478],[-123.358196409237,42.0133431870385],[-123.358291997278,42.013287449756],[-123.358390354331,42.0132363943442],[-123.358492664805,42.0131880908577],[-123.358597700224,42.0131435186585],[-123.358705414723,42.013101729861],[-123.358814582527,42.0130637083236],[-123.358925154172,42.0130285016641],[-123.359037044224,42.0129942132124],[-123.359263728238,42.0129331663326],[-123.359522118751,42.0128684430243],[-123.359595634731,42.0128589245998]]]},"properties":{"OBJECTID":308506,"USGS_ID":"ply308506","Date_Min":" ","Date_Max":" ","Confidence":3,"LS_Type":"Landslide","Inventory":"OR DOGAMI","Inv_URL":"https://www.oregon.gov/dogami/slido/Pages/data.aspx","Info_Sourc":"MurrRBUnpubA"}},{"type":"Feature","id":308507,"geometry":{"type":"Polygon","coordinates":[[[-123.355651806286,42.0108434827406],[-123.355751256016,42.0106792341594],[-123.355803572277,42.010597993003],[-123.355912068287,42.0104363641469],[-123.356080655198,42.0101961453359],[-123.356134244,42.0101148700053],[-123.35618392255,42.0100317960306],[-123.356229736713,42.0099478721966],[-123.356267820304,42.009862245946],[-123.356300720202,42.0097748525275],[-123.356327209733,42.0096866740009],[-123.356351105619,42.00959761234],[-123.356413837828,42.0093297078998],[-123.356480432626,42.0090626551175],[-123.356520538792,42.0088837799625],[-123.356539295952,42.0087938999186],[-123.356569126464,42.0086133897962],[-123.356592586179,42.0084330442497],[-123.356634371379,42.0080715374716],[-123.356646717272,42.0079808732188],[-123.356675271646,42.0078003954719],[-123.356707692206,42.007620769383],[-123.356815094641,42.0070806752331],[-123.356881118369,42.0067194886135],[-123.356916082211,42.0065397968742],[-123.356958690291,42.0063599054853],[-123.356982584379,42.0062708438244],[-123.357010342853,42.0061826320229],[-123.357041924345,42.0060943221953],[-123.357077368426,42.006006862227],[-123.357115403453,42.0059202862922],[-123.35718138851,42.0057768768015],[-123.357193938549,42.0058545314615],[-123.357229808909,42.0059401397257],[-123.357277053893,42.0060235509462],[-123.35733303669,42.0061029305059],[-123.357397755502,42.0061782793042],[-123.357469983653,42.0062505820987],[-123.357549676177,42.0063188847088],[-123.357633055021,42.0063842402405],[-123.357680452891,42.0064162929776],[-123.357668218513,42.0064546499622],[-123.357646916272,42.0065445965559],[-123.357630752757,42.0066353588348],[-123.357619681203,42.006725990712],[-123.357612432668,42.0068165209657],[-123.357591164601,42.0071803488941],[-123.35757539229,42.0073614462738],[-123.357547320852,42.007634156691],[-123.357472330883,42.008267557302],[-123.35744548702,42.0085392856595],[-123.35743480847,42.008720250839],[-123.357431378455,42.0088106821673],[-123.357428820783,42.0090836821662],[-123.357425390769,42.0091741143939],[-123.357419415673,42.0092646131714],[-123.357409619358,42.0093552108743],[-123.357393409079,42.0094450252678],[-123.357373334412,42.0095339871039],[-123.357346891646,42.0096231162139],[-123.357316540426,42.0097104430825],[-123.357283641427,42.009797836501],[-123.357245558736,42.009883463651],[-123.357204929164,42.0099691555521],[-123.357160391139,42.0100530479099],[-123.357113303536,42.0101370059181],[-123.357012584863,42.0103012886736],[-123.356905364991,42.0104628869527],[-123.356791687087,42.0106227504396],[-123.356502922872,42.0110201491606],[-123.356418082628,42.0111421763704],[-123.356163058278,42.0110603533526],[-123.356052940791,42.0110232698081],[-123.355945236184,42.0109832706615],[-123.355838673716,42.0109403882884],[-123.355735709435,42.0108926576701],[-123.355651806286,42.0108434827406]]]},"properties":{"OBJECTID":308507,"USGS_ID":"ply308507","Date_Min":" ","Date_Max":" ","Confidence":3,"LS_Type":"Landslide","Inventory":"OR DOGAMI","Inv_URL":"https://www.oregon.gov/dogami/slido/Pages/data.aspx","Info_Sourc":"MurrRBUnpubA"}},{"type":"Feature","id":308508,"geometry":{"type":"Polygon","coordinates":[[[-123.347564399178,42.0066129072599],[-123.348119248504,42.0062609503826],[-123.348392827667,42.0060845942287],[-123.348572094926,42.0059639357871],[-123.349104575416,42.0055973370475],[-123.349285155685,42.0054775923171],[-123.349472370254,42.0053633820145],[-123.349566678559,42.0053076852016],[-123.349663625476,42.0052538221063],[-123.349761931268,42.0052018251042],[-123.349925178005,42.0051205668607],[-123.350016603084,42.0051124936467],[-123.350136399076,42.0051112939511],[-123.350256771533,42.0051224401486],[-123.350370297451,42.0051508821076],[-123.350472017969,42.0051996001815],[-123.350559075941,42.0052620122321],[-123.350633752945,42.0053323518067],[-123.350701010543,42.0054076385517],[-123.350827973232,42.0055603101603],[-123.350892729816,42.0056366131392],[-123.350962490227,42.0057108845497],[-123.351035893791,42.0057812573992],[-123.351118036069,42.0058476003865],[-123.351207555484,42.0059080447205],[-123.351305588782,42.0059597107721],[-123.351413412999,42.0060025643669],[-123.351524615968,42.0060358194975],[-123.351639373958,42.0060632775982],[-123.351756413528,42.0060849701453],[-123.35187582461,42.0061027974062],[-123.351993872319,42.0061187585739],[-123.352114289743,42.0061308526568],[-123.352234486832,42.0061381983193],[-123.352354373655,42.0061388943945],[-123.352475223653,42.006132908507],[-123.352594358643,42.0061174581542],[-123.352709141813,42.0060907087193],[-123.352819573165,42.0060526593028],[-123.352924598691,42.0060080924995],[-123.353024311922,42.0059589094761],[-123.353222237416,42.0058558264852],[-123.353323178222,42.0058056614022],[-123.353628766055,42.0056598444263],[-123.353727069149,42.005607843827],[-123.353821376555,42.0055521425174],[-123.353909004697,42.0054899588945],[-123.353988726898,42.0054222741187],[-123.354057950414,42.0053482041563],[-123.354118081784,42.0052705647848],[-123.354169077841,42.0051884099173],[-123.354211070784,42.0051045850087],[-123.354242698142,42.0050172248651],[-123.354264093013,42.0049291794381],[-123.354277759111,42.0048394324939],[-123.354285058009,42.0047498519242],[-123.354294128571,42.0044795364016],[-123.354298836522,42.0043890726976],[-123.3543086814,42.0042994246788],[-123.354323620039,42.0042096444596],[-123.35434501581,42.0041215990326],[-123.354375368828,42.0040342730633],[-123.354417315906,42.0039494975713],[-123.354470989245,42.0038701261055],[-123.354541529368,42.0037969725523],[-123.354630471419,42.0037357035399],[-123.354734132674,42.0036892688447],[-123.35484750301,42.0036597000352],[-123.354966586739,42.0036432973003],[-123.355086336865,42.0036411416254],[-123.355206706624,42.0036522833263],[-123.355322647222,42.0036778042873],[-123.35543147778,42.0037149220061],[-123.355534383605,42.0037617020409],[-123.355632507734,42.003815262964],[-123.355725670303,42.0038718069384],[-123.35600160569,42.0040472340926],[-123.356183104167,42.0041661514468],[-123.356270166635,42.0042285572022],[-123.356354772155,42.0042929306742],[-123.356435688656,42.0043602512247],[-123.356510371057,42.0044305881012],[-123.356578863424,42.00450488829],[-123.356642352862,42.004581221846],[-123.356702108316,42.0046595518969],[-123.356758131582,42.0047398829393],[-123.356811609768,42.0048202778336],[-123.356914833053,42.0049830686138],[-123.356962033071,42.0050655301501],[-123.357006730276,42.0051490088197],[-123.357046421855,42.0052345163599],[-123.35707851686,42.0053211741329],[-123.357103059359,42.005409929125],[-123.357121234657,42.0054988495923],[-123.35714998958,42.0056778389612],[-123.35718138851,42.0057768768015],[-123.357115403453,42.0059202862922],[-123.357077368426,42.006006862227],[-123.357041924345,42.0060943221953],[-123.357010342853,42.0061826320229],[-123.356982584379,42.0062708438244],[-123.356958690291,42.0063599054853],[-123.356916082211,42.0065397968742],[-123.356881118369,42.0067194886135],[-123.356815094641,42.0070806752331],[-123.356707692206,42.007620769383],[-123.356675271646,42.0078003954719],[-123.356646717272,42.0079808732188],[-123.356634371379,42.0080715374716],[-123.356592586179,42.0084330442497],[-123.356569126464,42.0086133897962],[-123.356539295952,42.0087938999186],[-123.356520538792,42.0088837799625],[-123.356480432626,42.0090626551175],[-123.356413837828,42.0093297078998],[-123.356351105619,42.00959761234],[-123.356327209733,42.0096866740009],[-123.356300720202,42.0097748525275],[-123.356267820304,42.009862245946],[-123.356229736713,42.0099478721966],[-123.35618392255,42.0100317960306],[-123.356134244,42.0101148700053],[-123.356080655198,42.0101961453359],[-123.355912068287,42.0104363641469],[-123.355803572277,42.010597993003],[-123.355751256016,42.0106792341594],[-123.355651806286,42.0108434827406],[-123.355545675493,42.0107825203971],[-123.355456146184,42.010722078761],[-123.355369030656,42.0106587197242],[-123.355118927397,42.0104636001151],[-123.355033086208,42.010400209602],[-123.354942373392,42.0103416997097],[-123.354843010896,42.010289119947],[-123.354737724566,42.0102462042989],[-123.354625237365,42.0102129842419],[-123.354509329142,42.010188412965],[-123.354391095273,42.0101686557589],[-123.354035519524,42.0101179654718],[-123.353918472759,42.0100962747234],[-123.353802564537,42.0100717025471],[-123.353687799352,42.0100442471443],[-123.353574129542,42.010012958831],[-123.353462872613,42.0099787549157],[-123.353352757823,42.0099416695725],[-123.353243784273,42.0099017001035],[-123.353137225403,42.0098588159316],[-123.353033124379,42.0098139649426],[-123.352930165495,42.0097662325256],[-123.352729162521,42.0096668340572],[-123.352432447399,42.0095109572649],[-123.35223390587,42.0094095928784],[-123.352132177258,42.0093608757039],[-123.351718018772,42.0091747547112],[-123.351616336025,42.00912698812],[-123.35151579272,42.0090763383024],[-123.351417709959,42.0090237225668],[-123.351227687708,42.0089135763006],[-123.351130834321,42.0088599785053],[-123.35102906344,42.0088103107473],[-123.350922507268,42.0087674247769],[-123.350811298902,42.0087341669483],[-123.35069420987,42.0087115247172],[-123.350574884223,42.0086955959251],[-123.350216207612,42.0086601896161],[-123.350098111339,42.008643277865],[-123.349980979139,42.0086196841511],[-123.349868498233,42.0085864595975],[-123.349761987925,42.0085445215125],[-123.349660262011,42.0084958025393],[-123.349563410423,42.0084422029454],[-123.349470201988,42.008384703891],[-123.349200457535,42.0082052963374],[-123.349108434407,42.00814586464],[-123.348830131106,42.0079742847855],[-123.348738108877,42.007914853088],[-123.348649819733,42.0078534239964],[-123.348563990236,42.007790027188],[-123.348481892925,42.0077246329855],[-123.348402208495,42.0076563222815],[-123.348326302117,42.0075869647667],[-123.348251581046,42.0075156728101],[-123.348110876716,42.0073690590349],[-123.348042390644,42.0072947534501],[-123.347909195653,42.0071450918725],[-123.347844442667,42.0070687879942],[-123.347782236561,42.0069924166668],[-123.347722446034,42.0069131306365],[-123.3476677052,42.0068327636212],[-123.347620515974,42.0067502984875],[-123.347582110426,42.0066647522765],[-123.347564399178,42.0066129072599]]]},"properties":{"OBJECTID":308508,"USGS_ID":"ply308508","Date_Min":" ","Date_Max":" ","Confidence":3,"LS_Type":"Landslide","Inventory":"OR DOGAMI","Inv_URL":"https://www.oregon.gov/dogami/slido/Pages/data.aspx","Info_Sourc":"MurrRBUnpubA"}},{"type":"Feature","id":308509,"geometry":{"type":"Polygon","coordinates":[[[-123.349925178005,42.0051205668607],[-123.349761931268,42.0052018251042],[-123.349663625476,42.0052538221063],[-123.349566678559,42.0053076852016],[-123.349472370254,42.0053633820145],[-123.349285155685,42.0054775923171],[-123.349104575416,42.0055973370475],[-123.348572094926,42.0059639357871],[-123.348392827667,42.0060845942287],[-123.348119248504,42.0062609503826],[-123.347564399178,42.0066129072599],[-123.347553805164,42.0065770449947],[-123.347536915896,42.0064880885545],[-123.347534037166,42.0063987714861],[-123.347542573531,42.0063082079575],[-123.347561389147,42.0062192802956],[-123.347593069564,42.0061328707354],[-123.347635027435,42.00604809974],[-123.347689941837,42.0059677471139],[-123.34775530996,42.0058928299902],[-123.347832402543,42.0058233159933],[-123.347917403765,42.0057593022501],[-123.348010396363,42.0057026890279],[-123.348108661685,42.0056497441404],[-123.348212286068,42.0056023660564],[-123.348317314293,42.005557804649],[-123.348423794023,42.0055170087031],[-123.3485328647,42.0054770976899],[-123.348751181422,42.0054010735008],[-123.348861702705,42.0053649288485],[-123.349085422554,42.0052954211468],[-123.349197437612,42.0052639916399],[-123.349312043616,42.0052334452673],[-123.349426781821,42.0052057488463],[-123.349542926565,42.0051808691019],[-123.349659203509,42.0051588384097],[-123.349776842028,42.0051386738108],[-123.349925178005,42.0051205668607]]]},"properties":{"OBJECTID":308509,"USGS_ID":"ply308509","Date_Min":" ","Date_Max":" ","Confidence":3,"LS_Type":"Landslide","Inventory":"OR DOGAMI","Inv_URL":"https://www.oregon.gov/dogami/slido/Pages/data.aspx","Info_Sourc":"MurrRBUnpubA"}},{"type":"Feature","id":308510,"geometry":{"type":"Polygon","coordinates":[[[-123.346311032928,42.0114943823599],[-123.346430134643,42.0114779895176],[-123.346530369481,42.0115219942447],[-123.346575010928,42.0116045259282],[-123.346598268295,42.0116933168931],[-123.346604968245,42.0117825359353],[-123.346595109876,42.0118721821555],[-123.346568607755,42.0119603588835],[-123.346531781417,42.012045948262],[-123.346487226304,42.0121298361231],[-123.346436171792,42.0122110395079],[-123.346381249295,42.0122913912348],[-123.346323735852,42.0123708598274],[-123.346263588294,42.0124484929037],[-123.346136877415,42.0126029766461],[-123.345811445142,42.0129813241289],[-123.345620672856,42.0132116396055],[-123.345372340361,42.0135204721921],[-123.345065169722,42.0139078560628],[-123.344896026131,42.0140548754322],[-123.344909926052,42.0137777799206],[-123.344921961679,42.0135977329491],[-123.344930548406,42.0135081191045],[-123.344941681114,42.01341843871],[-123.34495790938,42.0133286279139],[-123.344978048798,42.0132406166612],[-123.345003280177,42.0131524741075],[-123.345032377742,42.013065181413],[-123.345066613134,42.0129787089003],[-123.345140225341,42.0128065804594],[-123.345220336949,42.0126371355954],[-123.345304267978,42.0124675927053],[-123.345347551448,42.0123837390184],[-123.345394700205,42.0123007360901],[-123.345445758315,42.0122195327053],[-123.345499406472,42.0121392142534],[-123.345559511762,42.0120606305937],[-123.345623569572,42.0119847979601],[-123.345692811074,42.0119107333937],[-123.345767279436,42.0118393865785],[-123.345844382812,42.0117698716823],[-123.345924166167,42.0117031428858],[-123.346007857077,42.0116382136327],[-123.346099499792,42.011579736116],[-123.346200500852,42.0115305261129],[-123.346311032928,42.0114943823599]]]},"properties":{"OBJECTID":308510,"USGS_ID":"ply308510","Date_Min":" ","Date_Max":" ","Confidence":3,"LS_Type":"Landslide","Inventory":"OR DOGAMI","Inv_URL":"https://www.oregon.gov/dogami/slido/Pages/data.aspx","Info_Sourc":"MurrRBUnpubA"}},{"type":"Feature","id":308511,"geometry":{"type":"Polygon","coordinates":[[[-123.263683934966,42.0148336658411],[-123.263803365833,42.0148240098202],[-123.263924756322,42.0148295199664],[-123.264041654699,42.0148484560914],[-123.264151722724,42.0148856322662],[-123.264249741632,42.0149383253435],[-123.264332990075,42.0150028013382],[-123.264402656058,42.0150771267081],[-123.26445852644,42.0151565548312],[-123.264500600322,42.015241083909],[-123.264532569422,42.0153277677623],[-123.264556939251,42.015415594654],[-123.264573751178,42.0155055124695],[-123.264585427975,42.0155946092039],[-123.264593324922,42.0156847509505],[-123.26459740065,42.0157749889247],[-123.26459761199,42.0158643725428],[-123.264591753806,42.0160452001259],[-123.264573324,42.0163147827011],[-123.264557188364,42.0164939672229],[-123.264545936945,42.016583638624],[-123.264532135949,42.0166733756758],[-123.264515788972,42.0167631756801],[-123.264495533542,42.0168511725436],[-123.264472774399,42.0169401820438],[-123.264444833362,42.0170274207789],[-123.264413072006,42.0171147548421],[-123.264376129655,42.0172003181402],[-123.264334049477,42.0172850585587],[-123.264288059946,42.0173679940377],[-123.264236933488,42.0174501102344],[-123.264180583767,42.017529503284],[-123.264119051253,42.0176071255684],[-123.264053568917,42.0176819932295],[-123.263981633046,42.017755119803],[-123.263905745554,42.0178254935518],[-123.263750021646,42.0179634891238],[-123.263642386287,42.0180650900319],[-123.263725388316,42.0176721654381],[-123.263755582154,42.0174935780662],[-123.263768108811,42.0174038751887],[-123.263778089487,42.0173142352638],[-123.263784203978,42.0172237409829],[-123.263787815655,42.017134260238],[-123.263787562046,42.0170439269357],[-123.263783487218,42.0169536880623],[-123.263776908677,42.0168644645235],[-123.263754746684,42.0166843402102],[-123.26371203878,42.0164162936771],[-123.263664235316,42.0161483739483],[-123.26362560224,42.0159705653894],[-123.26360250675,42.0158827070214],[-123.263576820314,42.0157939628212],[-123.263467882737,42.0154429439367],[-123.263443514706,42.0153551170451],[-123.263422925627,42.0152662451412],[-123.263408703749,42.0151772131579],[-123.263405904159,42.0150869428082],[-123.263421021763,42.0149981239643],[-123.263474822805,42.0149187956659],[-123.263570543046,42.0148640899059],[-123.263683934966,42.0148336658411]]]},"properties":{"OBJECTID":308511,"USGS_ID":"ply308511","Date_Min":" ","Date_Max":" ","Confidence":3,"LS_Type":"Landslide","Inventory":"OR DOGAMI","Inv_URL":"https://www.oregon.gov/dogami/slido/Pages/data.aspx","Info_Sourc":"MurrRBUnpubA"}},{"type":"Feature","id":309033,"geometry":{"type":"Polygon","coordinates":[[[-122.977946820789,42.005524875073],[-122.97968075866,42.00505603241],[-122.981523398486,42.0053510891815],[-122.982141588863,42.0058829293537],[-122.982556414647,42.0064925698762],[-122.983715936641,42.0103116146893],[-122.984045932074,42.0127573479733],[-122.984066369168,42.0150522298766],[-122.983867570432,42.0155891916879],[-122.979399350899,42.0189798786185],[-122.979099072664,42.0195942333872],[-122.977881022791,42.0205953308099],[-122.976772904246,42.0223603240698],[-122.976272376669,42.0235107026568],[-122.975966750165,42.0237419786095],[-122.975660217145,42.0236671010559],[-122.975033953554,42.0223709171841],[-122.974715657402,42.0209955426103],[-122.974912942578,42.020229479407],[-122.975112397819,42.0197695382337],[-122.975414557436,42.019232170828],[-122.975604016712,42.0175477649175],[-122.974968366897,42.0151031782691],[-122.974963868488,42.014644971888],[-122.974757532534,42.0144927229608],[-122.974532764975,42.0122756575956],[-122.974632575333,42.0119691443606],[-122.974833804037,42.011585231873],[-122.975514653778,42.0078331110093],[-122.976115424287,42.0064532362279],[-122.97692913717,42.0059889783088],[-122.977946820789,42.005524875073]]]},"properties":{"OBJECTID":309033,"USGS_ID":"ply309033","Date_Min":" ","Date_Max":" ","Confidence":3,"LS_Type":"Landslide","Inventory":"OR DOGAMI","Inv_URL":"https://www.oregon.gov/dogami/slido/Pages/data.aspx","Info_Sourc":"WileTJunpub"}},{"type":"Feature","id":309037,"geometry":{"type":"Polygon","coordinates":[[[-122.966072396424,42.0036779364876],[-122.965713906871,42.0035906995512],[-122.966927310847,42.0035958050025],[-122.966583479344,42.0036750370734],[-122.966072396424,42.0036779364876]]]},"properties":{"OBJECTID":309037,"USGS_ID":"ply309037","Date_Min":" ","Date_Max":" ","Confidence":3,"LS_Type":"Landslide","Inventory":"OR DOGAMI","Inv_URL":"https://www.oregon.gov/dogami/slido/Pages/data.aspx","Info_Sourc":"WileTJunpub"}},{"type":"Feature","id":309038,"geometry":{"type":"Polygon","coordinates":[[[-122.966096627757,42.0064319645635],[-122.968236435963,42.0056556454917],[-122.968645560944,42.0056531237927],[-122.969359532716,42.0054963782553],[-122.970178858268,42.0056443859797],[-122.970586908559,42.0054887951718],[-122.97191897538,42.0058639347728],[-122.97314964454,42.0063164547407],[-122.973458444751,42.0065443708261],[-122.973665273534,42.0067726781167],[-122.97367409948,42.0078431249603],[-122.973479757785,42.0088392194544],[-122.972870423931,42.0093777784618],[-122.970150325477,42.0137537851091],[-122.970060528171,42.0151307191074],[-122.969959614345,42.0152841677302],[-122.969863755608,42.0159737777677],[-122.96997128125,42.0165846584553],[-122.969880956041,42.0178855376874],[-122.969374768131,42.0184236632215],[-122.968764267857,42.0188100902135],[-122.967640370707,42.0188923458052],[-122.967332083109,42.0187414170828],[-122.966920181921,42.0183608051071],[-122.965663863197,42.0151551473922],[-122.9631703921,42.0107315827964],[-122.96336570956,42.0096603724283],[-122.964679135234,42.0078928313891],[-122.966096627757,42.0064319645635]]]},"properties":{"OBJECTID":309038,"USGS_ID":"ply309038","Date_Min":" ","Date_Max":" ","Confidence":3,"LS_Type":"Landslide","Inventory":"OR DOGAMI","Inv_URL":"https://www.oregon.gov/dogami/slido/Pages/data.aspx","Info_Sourc":"WileTJunpub"}},{"type":"Feature","id":309045,"geometry":{"type":"Polygon","coordinates":[[[-122.951447410869,42.0054195824478],[-122.951797737276,42.0035321707731],[-122.9534217681,42.003538850038],[-122.957620425742,42.0035565639843],[-122.957181588959,42.0039567128321],[-122.957183674487,42.0042628339627],[-122.957698628089,42.0046421257336],[-122.958312736444,42.0047919500885],[-122.960153163038,42.0047812427602],[-122.960669230001,42.0053145317403],[-122.960889584587,42.0071494679736],[-122.960794105364,42.0079141732006],[-122.960802458267,42.0087564269676],[-122.960603760255,42.0095224901708],[-122.960201320834,42.0101362199107],[-122.959180600204,42.0103710715678],[-122.956406208779,42.0087795350476],[-122.953846201341,42.0083346134517],[-122.952514192076,42.0079592535168],[-122.952103522959,42.0077325991801],[-122.951588045052,42.0072762759794],[-122.951447410869,42.0054195824478]]]},"properties":{"OBJECTID":309045,"USGS_ID":"ply309045","Date_Min":" ","Date_Max":" ","Confidence":3,"LS_Type":"Landslide","Inventory":"OR DOGAMI","Inv_URL":"https://www.oregon.gov/dogami/slido/Pages/data.aspx","Info_Sourc":"WileTJunpub"}},{"type":"Feature","id":309052,"geometry":{"type":"Polygon","coordinates":[[[-122.938170482082,42.0162212361212],[-122.937864549809,42.0162232595958],[-122.937456307063,42.0163777793111],[-122.936736922271,42.0159230488097],[-122.936016520346,42.015314301314],[-122.933324208246,42.0113509090173],[-122.931155337549,42.0094201761003],[-122.930412834784,42.0086046061177],[-122.930637894623,42.0080757292116],[-122.931516513376,42.0073108728985],[-122.931985990061,42.0072548568262],[-122.932588520544,42.0068897329748],[-122.933583659059,42.0066518919713],[-122.93448805508,42.0061840475558],[-122.935323322913,42.0060619241186],[-122.936239826507,42.0056746175896],[-122.937058120536,42.005670759498],[-122.93752530395,42.0059418556322],[-122.937676922452,42.0063559097974],[-122.937926051746,42.0115561738784],[-122.938345735667,42.0127781996542],[-122.938251000183,42.0136968984931],[-122.938457721946,42.0139252714342],[-122.938972640475,42.0143046531373],[-122.939485331383,42.0145319477912],[-122.940389638371,42.0150196420429],[-122.940396787082,42.0157107386597],[-122.939090907619,42.0162170066096],[-122.938478686043,42.0163722466819],[-122.938170482082,42.0162212361212]]]},"properties":{"OBJECTID":309052,"USGS_ID":"ply309052","Date_Min":" ","Date_Max":" ","Confidence":3,"LS_Type":"Landslide","Inventory":"OR DOGAMI","Inv_URL":"https://www.oregon.gov/dogami/slido/Pages/data.aspx","Info_Sourc":"WileTJunpub"}},{"type":"Feature","id":309056,"geometry":{"type":"Polygon","coordinates":[[[-122.920682102797,42.0200977736933],[-122.92123827053,42.01990963732],[-122.92192251701,42.0200904523126],[-122.922204460767,42.020158412281],[-122.922870138046,42.0204175977939],[-122.92365060659,42.0207417620227],[-122.924546704567,42.0209587819223],[-122.92532766504,42.0216489918076],[-122.92648323991,42.0226209431021],[-122.928130590155,42.0234840989121],[-122.929026506468,42.0244341795938],[-122.929691246654,42.0255994914235],[-122.929733849338,42.026479973572],[-122.929426832482,42.0267130481687],[-122.928686742599,42.0270878442287],[-122.928066382158,42.0271376621734],[-122.92713359364,42.0268663295175],[-122.926261133445,42.0263150630897],[-122.92519924365,42.0254884215535],[-122.924570844169,42.0246588797036],[-122.924072102645,42.0244302549523],[-122.923511601079,42.0241554473161],[-122.922763158293,42.0237716247607],[-122.922326514057,42.0234684129369],[-122.921592866917,42.0232002575859],[-122.920726062558,42.0227248948381],[-122.920118977009,42.0220774189378],[-122.920070538624,42.0209812298999],[-122.920375511321,42.0204705849496],[-122.920682102797,42.0200977736933]]]},"properties":{"OBJECTID":309056,"USGS_ID":"ply309056","Date_Min":" ","Date_Max":" ","Confidence":3,"LS_Type":"Landslide","Inventory":"OR DOGAMI","Inv_URL":"https://www.oregon.gov/dogami/slido/Pages/data.aspx","Info_Sourc":"WileTJunpub"}},{"type":"Feature","id":309061,"geometry":{"type":"Polygon","coordinates":[[[-122.916865140814,42.0167586871637],[-122.917041379156,42.0163136351662],[-122.917466655961,42.0156206508724],[-122.919056844398,42.0143677037066],[-122.919847878177,42.0136390963672],[-122.921204203311,42.013342082671],[-122.921825139319,42.0138903570544],[-122.922202479561,42.0145333669214],[-122.922418517401,42.0153853054875],[-122.92242312103,42.0159205190168],[-122.92212051445,42.0164577398329],[-122.921759592231,42.0166168640771],[-122.921419107106,42.0165834704508],[-122.921106058498,42.0163089137254],[-122.920502284253,42.0163240960802],[-122.919856321012,42.0167880419347],[-122.918956441387,42.0170864163051],[-122.917288601887,42.0171820133393],[-122.916945336958,42.0170459764907],[-122.916865140814,42.0167586871637]]]},"properties":{"OBJECTID":309061,"USGS_ID":"ply309061","Date_Min":" ","Date_Max":" ","Confidence":3,"LS_Type":"Landslide","Inventory":"OR DOGAMI","Inv_URL":"https://www.oregon.gov/dogami/slido/Pages/data.aspx","Info_Sourc":"WileTJunpub"}},{"type":"Feature","id":309099,"geometry":{"type":"Polygon","coordinates":[[[-122.820715290678,42.0164445018124],[-122.821226254888,42.0158309249573],[-122.823477526866,42.0141414010049],[-122.82686854205,42.0144329585142],[-122.826870999897,42.0149672529364],[-122.826361158041,42.0158099752502],[-122.825848693762,42.0158122487363],[-122.824312015887,42.0168116698227],[-122.823498380346,42.0184195263401],[-122.822577221861,42.0191102290539],[-122.821343757608,42.0189632069865],[-122.821342719791,42.0187340885074],[-122.821032445591,42.0183527085107],[-122.821133638207,42.0178941936622],[-122.820715290678,42.0164445018124]]]},"properties":{"OBJECTID":309099,"USGS_ID":"ply309099","Date_Min":" ","Date_Max":" ","Confidence":3,"LS_Type":"Landslide","Inventory":"OR DOGAMI","Inv_URL":"https://www.oregon.gov/dogami/slido/Pages/data.aspx","Info_Sourc":"WileTJunpub"}},{"type":"Feature","id":309102,"geometry":{"type":"Polygon","coordinates":[[[-122.807631548857,42.0078640036209],[-122.811120796987,42.0073923973413],[-122.811739039525,42.0076950713705],[-122.812150821103,42.0079992283817],[-122.812461957753,42.0086087987571],[-122.812667869227,42.0087613507558],[-122.812670887352,42.0094487061929],[-122.812468345638,42.0100605131822],[-122.808784022864,42.0129018060735],[-122.80806608688,42.0131345955851],[-122.807247779361,42.0137488478311],[-122.806634705227,42.0143625964567],[-122.806022622146,42.0155106610882],[-122.805203284904,42.0158957795666],[-122.804689545386,42.0158979829056],[-122.803865653077,42.0155187549866],[-122.803862422713,42.0147553420854],[-122.804064055212,42.0139134795235],[-122.80558792854,42.0101639990693],[-122.806812699946,42.0086313402642],[-122.807631548857,42.0078640036209]]]},"properties":{"OBJECTID":309102,"USGS_ID":"ply309102","Date_Min":" ","Date_Max":" ","Confidence":3,"LS_Type":"Landslide","Inventory":"OR DOGAMI","Inv_URL":"https://www.oregon.gov/dogami/slido/Pages/data.aspx","Info_Sourc":"WileTJunpub"}},{"type":"Feature","id":309108,"geometry":{"type":"Polygon","coordinates":[[[-122.789440720813,42.0049561851799],[-122.788007089955,42.0041304672473],[-122.792644441388,42.0041454130804],[-122.795836272026,42.0041561258046],[-122.795703343235,42.0044729677533],[-122.793648433728,42.0044045797076],[-122.790405494618,42.0051547869639],[-122.789440720813,42.0049561851799]]]},"properties":{"OBJECTID":309108,"USGS_ID":"ply309108","Date_Min":" ","Date_Max":" ","Confidence":3,"LS_Type":"Landslide","Inventory":"OR DOGAMI","Inv_URL":"https://www.oregon.gov/dogami/slido/Pages/data.aspx","Info_Sourc":"WileTJunpub"}},{"type":"Feature","id":309153,"geometry":{"type":"Polygon","coordinates":[[[-122.631080233066,42.0056585251209],[-122.632620764537,42.0053491655316],[-122.63328436708,42.00548081189],[-122.633839938562,42.0059872345233],[-122.633612581855,42.0073274141289],[-122.633472583493,42.0078825008767],[-122.633349361084,42.0085532512316],[-122.633332007766,42.0086039774916],[-122.63314500184,42.0091637775863],[-122.633186340077,42.0125817958133],[-122.633364355481,42.0136659807005],[-122.633365026375,42.0141242194572],[-122.633161588037,42.0145056030512],[-122.631828310728,42.0155011822338],[-122.628339132745,42.0164243713877],[-122.627132956621,42.0164581490244],[-122.626161971198,42.0159587644854],[-122.625960023037,42.0153199724388],[-122.625680695408,42.013737652171],[-122.626035013005,42.0124501782332],[-122.627910617481,42.0106256102837],[-122.629032116139,42.0076471590892],[-122.629347754795,42.0073396700898],[-122.631080233066,42.0056585251209]]]},"properties":{"OBJECTID":309153,"USGS_ID":"ply309153","Date_Min":" ","Date_Max":" ","Confidence":3,"LS_Type":"Landslide","Inventory":"OR DOGAMI","Inv_URL":"https://www.oregon.gov/dogami/slido/Pages/data.aspx","Info_Sourc":"WileTJunpub"}},{"type":"Feature","id":309154,"geometry":{"type":"Polygon","coordinates":[[[-122.610797835552,42.0131418414229],[-122.612610225781,42.0121687012247],[-122.610441085288,42.012482227373],[-122.609476233242,42.0127098844537],[-122.608125188926,42.0129031010973],[-122.607496602386,42.0125671773334],[-122.607509873682,42.0120269123122],[-122.60805623161,42.0117150696948],[-122.608651599891,42.0116789448275],[-122.609117776064,42.0116671583128],[-122.609584011593,42.0115831157683],[-122.609954293955,42.0113782663939],[-122.610304978292,42.0108267787329],[-122.610819341939,42.0106229662769],[-122.614312510214,42.0107774248383],[-122.615085784182,42.010872850102],[-122.615762259621,42.0108969240538],[-122.616807033518,42.0105488324627],[-122.61770726298,42.0102605565795],[-122.618172406731,42.0099245554739],[-122.618986179868,42.0091644727623],[-122.620670815106,42.0081166465661],[-122.62142037485,42.007454756332],[-122.621950990146,42.0067286311215],[-122.622330511244,42.0058361888891],[-122.622665897213,42.0055093257948],[-122.622908568476,42.0052082777399],[-122.625276835957,42.005150291253],[-122.625226552164,42.005209858748],[-122.624299560676,42.0059360478104],[-122.623588916395,42.0067997117374],[-122.623109405974,42.0074183778559],[-122.622157442112,42.008639407183],[-122.621402929801,42.0090114279351],[-122.620615009475,42.0091920405803],[-122.620148831503,42.0092400032236],[-122.61936346705,42.0098997215949],[-122.618465684644,42.0108477671108],[-122.617889401774,42.0114720773746],[-122.617222675886,42.0118775547054],[-122.616331247189,42.0123843235777],[-122.615462541663,42.0125160643649],[-122.613723165592,42.0121691976504],[-122.612086499292,42.013357650835],[-122.611235313459,42.0138132177059],[-122.610301659794,42.0138739066555],[-122.609995787775,42.0137656849384],[-122.609945607404,42.0133454767125],[-122.610797835552,42.0131418414229]]]},"properties":{"OBJECTID":309154,"USGS_ID":"ply309154","Date_Min":" ","Date_Max":" ","Confidence":3,"LS_Type":"Landslide","Inventory":"OR DOGAMI","Inv_URL":"https://www.oregon.gov/dogami/slido/Pages/data.aspx","Info_Sourc":"WileTJunpub"}},{"type":"Feature","id":309170,"geometry":{"type":"Polygon","coordinates":[[[-122.595087380878,42.0182279707443],[-122.594354777851,42.0179814180081],[-122.593182686931,42.0180436447984],[-122.592782793491,42.0179818469847],[-122.592601808527,42.0177970461968],[-122.592627151422,42.0173449722927],[-122.592888575347,42.016973974969],[-122.594448553758,42.0171078219685],[-122.595332862522,42.0173543396311],[-122.596176274615,42.017858323303],[-122.596301784,42.0181354448949],[-122.59630325709,42.0185879594668],[-122.596028417078,42.0187529149151],[-122.595654105752,42.0186193359137],[-122.595087380878,42.0182279707443]]]},"properties":{"OBJECTID":309170,"USGS_ID":"ply309170","Date_Min":" ","Date_Max":" ","Confidence":3,"LS_Type":"Landslide","Inventory":"OR DOGAMI","Inv_URL":"https://www.oregon.gov/dogami/slido/Pages/data.aspx","Info_Sourc":"WileTJunpub"}},{"type":"Feature","id":309181,"geometry":{"type":"Polygon","coordinates":[[[-122.563598411737,42.0158290957362],[-122.563244364836,42.0141757955765],[-122.562856586162,42.0129585523953],[-122.563349009949,42.0125148466829],[-122.564187431705,42.0126540896146],[-122.565275574508,42.0129778302627],[-122.565930127174,42.0137879080855],[-122.566863157609,42.0142742659447],[-122.567515979079,42.0143903495351],[-122.568478396661,42.0142743423871],[-122.569564190435,42.0141122728631],[-122.570464142007,42.0139964716599],[-122.570870108569,42.0143900329737],[-122.57118223807,42.0147606417903],[-122.5717102867,42.0151072198224],[-122.572643584234,42.0155241221405],[-122.574260037371,42.0157094796089],[-122.574974454308,42.0159869294533],[-122.575037812445,42.0164268670064],[-122.57507232213,42.0171440052916],[-122.574504856214,42.0175540026151],[-122.574133131339,42.0184356655736],[-122.574488746658,42.0188843544295],[-122.574980843091,42.0193723031893],[-122.57543434422,42.0196993551412],[-122.575894011999,42.0199825561501],[-122.57707407271,42.0210555174982],[-122.578656568346,42.0224887958214],[-122.578982120229,42.0236273114513],[-122.578896042518,42.0240586622775],[-122.578741283583,42.0244951113604],[-122.57800468307,42.0257459046499],[-122.576523894462,42.0262976962817],[-122.574665343831,42.0261635138352],[-122.574285427031,42.0259396491955],[-122.573844003798,42.0255562709052],[-122.573577615614,42.0249195553932],[-122.573498394335,42.0243876954358],[-122.573309794811,42.023901628957],[-122.572872774659,42.0231958724915],[-122.572186470529,42.0225081168562],[-122.571501993822,42.0219115929457],[-122.570707306997,42.0212981249086],[-122.570489213307,42.0210322241579],[-122.569850886209,42.0202912646302],[-122.569072606615,42.0198980414615],[-122.568388752239,42.0196199773801],[-122.565542457319,42.0183937724547],[-122.56454587809,42.0175368660336],[-122.56395278869,42.0167731608527],[-122.563598411737,42.0158290957362]]]},"properties":{"OBJECTID":309181,"USGS_ID":"ply309181","Date_Min":" ","Date_Max":" ","Confidence":3,"LS_Type":"Landslide","Inventory":"OR DOGAMI","Inv_URL":"https://www.oregon.gov/dogami/slido/Pages/data.aspx","Info_Sourc":"WileTJunpub"}},{"type":"Feature","id":309189,"geometry":{"type":"Polygon","coordinates":[[[-122.558957305635,42.0091422343267],[-122.559345529473,42.0087841593615],[-122.559577272173,42.0091553509387],[-122.559366805634,42.0098713686688],[-122.558837173297,42.0103081451049],[-122.55822110442,42.0111696011962],[-122.557692728437,42.0116063479546],[-122.55711000912,42.0120574191146],[-122.556650856652,42.012468150285],[-122.556105001445,42.0128785972695],[-122.555682982883,42.0139778916664],[-122.555223113656,42.0139123256934],[-122.55428534829,42.0136997637331],[-122.553930804063,42.0133156408042],[-122.553822691164,42.0129050526261],[-122.554070034405,42.0126399423795],[-122.554457664689,42.0121107695964],[-122.55477353537,42.0116466321864],[-122.556114461413,42.0104275013282],[-122.556468537993,42.01011475759],[-122.557615313896,42.0096065614937],[-122.558957305635,42.0091422343267]]]},"properties":{"OBJECTID":309189,"USGS_ID":"ply309189","Date_Min":" ","Date_Max":" ","Confidence":3,"LS_Type":"Landslide","Inventory":"OR DOGAMI","Inv_URL":"https://www.oregon.gov/dogami/slido/Pages/data.aspx","Info_Sourc":"WileTJunpub"}},{"type":"Feature","id":558041,"geometry":{"type":"Polygon","coordinates":[[[-123.602689740239,41.5548639974755],[-123.603042100912,41.5547941822058],[-123.603335591065,41.5547757757815],[-123.603713209197,41.5547684202265],[-123.603967297353,41.5547260405743],[-123.604330151315,41.5546930993071],[-123.604782642505,41.5546173539078],[-123.605067210483,41.554544969275],[-123.60539864753,41.5544295853571],[-123.60566194924,41.5543134621966],[-123.605919528563,41.5541817717714],[-123.606342042651,41.5540565636595],[-123.606931844129,41.5539317206724],[-123.607457214579,41.554029779151],[-123.607626724194,41.5541787950154],[-123.607592117382,41.5544672948299],[-123.60770296422,41.5548895499129],[-123.607670348508,41.5551170927797],[-123.607670659673,41.5553153051572],[-123.607652611179,41.5555412184525],[-123.607543542301,41.5557095760362],[-123.607432413075,41.5559734488157],[-123.607388367879,41.5562504642875],[-123.607376066053,41.5564305697151],[-123.607338041817,41.5568593062121],[-123.607341743427,41.5571786590679],[-123.607238866381,41.55735781661],[-123.607074093495,41.5573772311743],[-123.606782008083,41.5572579792724],[-123.606316928184,41.5570878707087],[-123.606114193115,41.556964034063],[-123.605696454428,41.5568329129086],[-123.605413364035,41.556745988037],[-123.605157700268,41.5566711563488],[-123.605045421709,41.5565654554315],[-123.604764495085,41.5564790575625],[-123.60452178785,41.5563708808115],[-123.604164663468,41.5562858714958],[-123.603756705807,41.5562405672484],[-123.603424939609,41.5562345795623],[-123.603220697277,41.5562061492944],[-123.602800123027,41.5561478633332],[-123.602338202446,41.5561381416619],[-123.602305239595,41.5560023827039],[-123.602278125035,41.5557566834242],[-123.602288628218,41.5554880766135],[-123.602463784676,41.5552161845793],[-123.602478388767,41.5549695527027],[-123.602689740239,41.5548639974755]]]},"properties":{"OBJECTID":558041,"USGS_ID":"ply558041","Date_Min":" ","Date_Max":" ","Confidence":8,"LS_Type":"slow moving landslide","Inventory":"West Coast Slow Moving (Yuankun and others, 2021)","Inv_URL":"https://doi.org/10.5066/P9OY7FZK","Info_Sourc":"ALOS2 captured only (2015-2019)"}},{"type":"Feature","id":558044,"geometry":{"type":"Polygon","coordinates":[[[-123.711459117444,41.3117535404935],[-123.711458904305,41.3113399485798],[-123.711816884841,41.3107332596323],[-123.712419388344,41.310111628449],[-123.713226911193,41.3095964284325],[-123.714124927423,41.3091648401853],[-123.714996083602,41.3087947952437],[-123.716006640094,41.3084139071761],[-123.716989576608,41.308281655574],[-123.717613064891,41.3084455201447],[-123.718298439122,41.3088968988728],[-123.718814362193,41.3095133778402],[-123.719389595553,41.3104927728232],[-123.719607923067,41.3113179709476],[-123.719466988511,41.3120059370244],[-123.718756062742,41.3126513678664],[-123.717542249575,41.3133937393297],[-123.71653274529,41.3136558521359],[-123.715518913467,41.3136306855078],[-123.714171059047,41.313310025937],[-123.712907042126,41.3130613804784],[-123.712316956462,41.3126054197044],[-123.711735145461,41.312259103375],[-123.711459117444,41.3117535404935]]]},"properties":{"OBJECTID":558044,"USGS_ID":"ply558044","Date_Min":" ","Date_Max":" ","Confidence":8,"LS_Type":"slow moving landslide","Inventory":"West Coast Slow Moving (Yuankun and others, 2021)","Inv_URL":"https://doi.org/10.5066/P9OY7FZK","Info_Sourc":"ALOS2 captured only (2015-2019)"}},{"type":"Feature","id":558045,"geometry":{"type":"Polygon","coordinates":[[[-123.667923376962,41.2157654469179],[-123.668473957207,41.215615432806],[-123.669435851383,41.2153788256723],[-123.670398661969,41.2148298749988],[-123.671330844343,41.2143266368648],[-123.672131074589,41.2137041540236],[-123.673025631128,41.2133326863544],[-123.673865687851,41.2132032523283],[-123.674512956008,41.2134151604813],[-123.675155244619,41.2135560275887],[-123.676204344255,41.2138890123681],[-123.676954136924,41.2140570291087],[-123.67825542265,41.2144149332026],[-123.679356565153,41.2147077902324],[-123.680377578962,41.2150564753761],[-123.681207427481,41.2153744037058],[-123.682282371834,41.2157401148145],[-123.682906766634,41.2161584605446],[-123.683378171465,41.2166267869967],[-123.683465957888,41.2169736384227],[-123.683256270161,41.2175225135532],[-123.682296307728,41.2178785911241],[-123.681055829663,41.2180915847589],[-123.680149775292,41.2182316478723],[-123.679466304926,41.2183215944661],[-123.678689032573,41.2183999532953],[-123.677918553698,41.2184047349906],[-123.677338526951,41.2184074203662],[-123.67661461767,41.2183188623257],[-123.675808629065,41.2182639973856],[-123.675350856157,41.2182092268744],[-123.674853380879,41.2181325533747],[-123.67415668958,41.2179375830531],[-123.673452014998,41.2178705745674],[-123.672738991112,41.2177932589518],[-123.672099573137,41.2177039886482],[-123.671247932246,41.2177358147561],[-123.670140787667,41.2177874601232],[-123.668983255873,41.2177152679453],[-123.668233267152,41.2175735473813],[-123.667737503283,41.217402196854],[-123.667298065753,41.2170276265238],[-123.667298358932,41.216358942811],[-123.667923376962,41.2157654469179]]]},"properties":{"OBJECTID":558045,"USGS_ID":"ply558045","Date_Min":" ","Date_Max":" ","Confidence":8,"LS_Type":"slow moving landslide","Inventory":"West Coast Slow Moving (Yuankun and others, 2021)","Inv_URL":"https://doi.org/10.5066/P9OY7FZK","Info_Sourc":"ALOS2 captured only (2015-2019)"}},{"type":"Feature","id":558046,"geometry":{"type":"Polygon","coordinates":[[[-123.542479051867,41.201275345281],[-123.542377120008,41.2010129518863],[-123.542174494657,41.2006407908399],[-123.542159012828,41.2002302098563],[-123.542273068447,41.1997962464996],[-123.542361804554,41.1992876780839],[-123.542598777711,41.1988852413609],[-123.542956433593,41.1985472050895],[-123.543512809069,41.1981973238475],[-123.544269743254,41.1978885721999],[-123.544922116862,41.1976172962013],[-123.545604863274,41.1974461561153],[-123.546421893755,41.1974582852717],[-123.546936013686,41.1975042073533],[-123.547466546244,41.1976583655412],[-123.548027242963,41.1981670607613],[-123.548488945908,41.1986265423811],[-123.548824374146,41.1991540828947],[-123.54909362667,41.1997472604278],[-123.549172826365,41.2003505004753],[-123.549202946459,41.2009569394113],[-123.548918212106,41.2013462936965],[-123.548447509645,41.2018213452789],[-123.547881719166,41.2021740090233],[-123.547464917572,41.2024446689863],[-123.547039277441,41.2024636662653],[-123.54654035965,41.2024063380821],[-123.545875093361,41.2022827388574],[-123.54508273488,41.2020743668386],[-123.544513318335,41.2018944502687],[-123.544044157312,41.201698404358],[-123.543702986903,41.201621515021],[-123.543385503738,41.2015408233503],[-123.542878019005,41.2014525647841],[-123.542479051867,41.201275345281]]]},"properties":{"OBJECTID":558046,"USGS_ID":"ply558046","Date_Min":" ","Date_Max":" ","Confidence":8,"LS_Type":"slow moving landslide","Inventory":"West Coast Slow Moving (Yuankun and others, 2021)","Inv_URL":"https://doi.org/10.5066/P9OY7FZK","Info_Sourc":"ALOS2 captured only (2015-2019)"}},{"type":"Feature","id":558073,"geometry":{"type":"Polygon","coordinates":[[[-123.553586234917,41.855891601816],[-123.553157954376,41.8556459843747],[-123.553052681536,41.8554453402304],[-123.553115197009,41.8551756569311],[-123.553400425989,41.8547819265447],[-123.55366115204,41.854378323401],[-123.553831639219,41.8539955125829],[-123.554043254193,41.8536632913279],[-123.554317354962,41.8532179605405],[-123.554607916922,41.8528086691848],[-123.554976200092,41.8526225679772],[-123.555521265694,41.8526313840312],[-123.5560331625,41.8525744416572],[-123.556541382878,41.8525295466014],[-123.557010636532,41.8525286760576],[-123.557380913498,41.8525863657682],[-123.557727951983,41.852787935315],[-123.558070150317,41.8530776752945],[-123.558418574657,41.8534580012858],[-123.558730491019,41.8536939887866],[-123.559062563886,41.8538860327143],[-123.559374115123,41.8539933326263],[-123.559755917801,41.8542049152247],[-123.560114337207,41.8544077078495],[-123.56039721446,41.8545679337632],[-123.560820764567,41.854806392601],[-123.561313280084,41.8550819511711],[-123.561779334848,41.8554722236643],[-123.56211422709,41.8557471796886],[-123.562449336068,41.8561374162089],[-123.56273624678,41.8564656076018],[-123.563083460633,41.8567322206155],[-123.563286657054,41.8569872917302],[-123.563443811782,41.8571921366078],[-123.563635446519,41.8575032498751],[-123.563760676214,41.8577544467104],[-123.563890293702,41.8580520710463],[-123.563800942459,41.8583102574125],[-123.563552270021,41.8584975430272],[-123.563508982953,41.85888140875],[-123.563305972692,41.8591870955081],[-123.563005022664,41.8592211402435],[-123.56255721964,41.8590399826091],[-123.562156336046,41.858730592443],[-123.561657518979,41.8584053742087],[-123.560840372485,41.8579783266385],[-123.560234657503,41.8577728333496],[-123.559703003491,41.8575666358916],[-123.559291458434,41.8573329569505],[-123.558779364676,41.8570294438538],[-123.558453122114,41.8567224575754],[-123.557979207275,41.8564839843485],[-123.557382142872,41.8564052514013],[-123.556844195403,41.8564850788234],[-123.556358693699,41.8565152420848],[-123.555748959647,41.8564323389813],[-123.555190849378,41.8563398239238],[-123.554903526776,41.8562955215211],[-123.554496150077,41.8562027636467],[-123.554329219718,41.8561831242518],[-123.553945792864,41.8560825656579],[-123.553586234917,41.855891601816]]]},"properties":{"OBJECTID":558073,"USGS_ID":"ply558073","Date_Min":" ","Date_Max":" ","Confidence":8,"LS_Type":"slow moving landslide","Inventory":"West Coast Slow Moving (Yuankun and others, 2021)","Inv_URL":"https://doi.org/10.5066/P9OY7FZK","Info_Sourc":"ALOS2 captured only (2015-2019)"}},{"type":"Feature","id":558074,"geometry":{"type":"Polygon","coordinates":[[[-123.286747792577,41.146012958831],[-123.287083515792,41.1458971045678],[-123.287326100719,41.1458409706843],[-123.287585745786,41.1457813861022],[-123.287911880429,41.1457852019256],[-123.288163067372,41.1457780118458],[-123.288510601383,41.145833396594],[-123.288948263651,41.1459564903998],[-123.289275901961,41.1461147036307],[-123.289620750597,41.1463070308449],[-123.289852786477,41.1465443655301],[-123.290040620678,41.1468018567203],[-123.290203841334,41.1471962876786],[-123.290273697973,41.1475790283495],[-123.290315863586,41.1478714384162],[-123.290226086964,41.1480749388074],[-123.290108617519,41.1483276510003],[-123.289961070247,41.1485612454052],[-123.289732584891,41.1488949073741],[-123.289559933944,41.1490222342887],[-123.289164028997,41.14930307098],[-123.28871616302,41.1494107054398],[-123.288337165328,41.1493903663724],[-123.28801634208,41.1493654911246],[-123.287769208382,41.1492180544697],[-123.287677976657,41.1491593755048],[-123.287497130188,41.1490478622691],[-123.287187338025,41.1490241840189],[-123.286837789532,41.1490134389191],[-123.286592921226,41.149046225503],[-123.286291717589,41.1490298632377],[-123.286089054466,41.1489449843236],[-123.285807165568,41.1488731078077],[-123.285660671403,41.1487008993271],[-123.285592058527,41.1484298130854],[-123.285588948671,41.148087830589],[-123.285610440669,41.1477866952998],[-123.285677236915,41.147505368478],[-123.28591674796,41.1471673600856],[-123.286162573144,41.146880766834],[-123.286404899067,41.1466070006126],[-123.286606893094,41.1463454238023],[-123.286747792577,41.146012958831]]]},"properties":{"OBJECTID":558074,"USGS_ID":"ply558074","Date_Min":" ","Date_Max":" ","Confidence":8,"LS_Type":"slow moving landslide","Inventory":"West Coast Slow Moving (Yuankun and others, 2021)","Inv_URL":"https://doi.org/10.5066/P9OY7FZK","Info_Sourc":"ALOS2 captured only (2015-2019)"}},{"type":"Feature","id":558076,"geometry":{"type":"Polygon","coordinates":[[[-123.034383280264,41.5968586821825],[-123.034340799888,41.5967206209599],[-123.034271716666,41.5963742254902],[-123.034401475348,41.5957852522876],[-123.034427079046,41.5952994825851],[-123.034337002051,41.5947712765732],[-123.034933467505,41.5945324265303],[-123.035427796955,41.5943830374473],[-123.036330170401,41.5941453241475],[-123.037149808917,41.5940516786421],[-123.037911040062,41.5941956789874],[-123.038512545318,41.5946607238134],[-123.039013586408,41.5954083356262],[-123.039022219899,41.5961709229498],[-123.038641351617,41.5969540283058],[-123.037724811151,41.5974035490346],[-123.03684942636,41.5974962358626],[-123.036002421475,41.5975502077759],[-123.035040211636,41.5974876140622],[-123.034383280264,41.5968586821825]]]},"properties":{"OBJECTID":558076,"USGS_ID":"ply558076","Date_Min":" ","Date_Max":" ","Confidence":8,"LS_Type":"slow moving landslide","Inventory":"West Coast Slow Moving (Yuankun and others, 2021)","Inv_URL":"https://doi.org/10.5066/P9OY7FZK","Info_Sourc":"ALOS2 captured only (2015-2019)"}},{"type":"Feature","id":558077,"geometry":{"type":"Polygon","coordinates":[[[-122.29547412593,41.2010312701771],[-122.295283421992,41.2007075708978],[-122.295467937695,41.2003412581426],[-122.29599911147,41.2001428074447],[-122.297224818171,41.2000740245966],[-122.298329855638,41.2002631619154],[-122.299498027312,41.2007608818093],[-122.300248725598,41.2008926504755],[-122.301163983631,41.2010873842754],[-122.301797016419,41.2014008798468],[-122.302398150254,41.201836472775],[-122.303507164524,41.2028827998014],[-122.304960352039,41.2036438465863],[-122.306102413695,41.2041491171881],[-122.306846501065,41.2043912974205],[-122.307342785641,41.2050691362317],[-122.307265806372,41.205724369684],[-122.306694443694,41.2060312480437],[-122.305933869053,41.205956166344],[-122.304934824782,41.2056960869049],[-122.303441251413,41.2048916514286],[-122.302051905871,41.2041030242352],[-122.301348577575,41.203923455703],[-122.300621041328,41.2038117239319],[-122.299452472154,41.2033181292283],[-122.298770080075,41.2030974364976],[-122.29813952312,41.2027634579672],[-122.297584919309,41.2022943814806],[-122.296939858987,41.2017124328825],[-122.296176937116,41.2014080294571],[-122.29547412593,41.2010312701771]]]},"properties":{"OBJECTID":558077,"USGS_ID":"ply558077","Date_Min":" ","Date_Max":" ","Confidence":8,"LS_Type":"slow moving landslide","Inventory":"West Coast Slow Moving (Yuankun and others, 2021)","Inv_URL":"https://doi.org/10.5066/P9OY7FZK","Info_Sourc":"ALOS2 captured only (2015-2019)"}},{"type":"Feature","id":558078,"geometry":{"type":"Polygon","coordinates":[[[-122.52153143143,41.1587341641504],[-122.521031062134,41.1587231825289],[-122.520665274583,41.1585411606461],[-122.520602647594,41.1582183436017],[-122.520807343184,41.1577870872044],[-122.520964645402,41.1574631109339],[-122.521302151973,41.1573117001749],[-122.521988635967,41.1572397391227],[-122.522635296182,41.157321119674],[-122.523365117606,41.1574581125019],[-122.523658662617,41.1576283316822],[-122.523921404949,41.1578782757618],[-122.524172837406,41.1582687281194],[-122.524195447262,41.1586537998331],[-122.523782684523,41.1589544503876],[-122.523333830192,41.1589706327885],[-122.522983582027,41.1590357257182],[-122.522518914017,41.1592092463097],[-122.522086099994,41.1592311025334],[-122.521860793741,41.1588624065749],[-122.52153143143,41.1587341641504]]]},"properties":{"OBJECTID":558078,"USGS_ID":"ply558078","Date_Min":" ","Date_Max":" ","Confidence":8,"LS_Type":"slow moving landslide","Inventory":"West Coast Slow Moving (Yuankun and others, 2021)","Inv_URL":"https://doi.org/10.5066/P9OY7FZK","Info_Sourc":"ALOS2 captured only (2015-2019)"}},{"type":"Feature","id":558079,"geometry":{"type":"Polygon","coordinates":[[[-122.755378063747,40.9990127260565],[-122.75528083804,40.9992516498438],[-122.754936863545,40.9994094610778],[-122.754194722309,40.9996431804884],[-122.753478098435,41.0000489689848],[-122.752621354792,41.0003070150568],[-122.751649312666,41.0004535604835],[-122.750665844653,41.0005739248468],[-122.749743379453,41.0006059317184],[-122.748453958483,41.0006628893809],[-122.747618311136,41.0006117008693],[-122.746411841833,41.000474609116],[-122.746167995157,41.0000596601253],[-122.746286052759,40.9996834961964],[-122.747061005761,40.99908176701],[-122.747412002162,40.9987915548864],[-122.748311106572,40.9982688913963],[-122.748832949881,40.9981020275866],[-122.749454110719,40.9979900934681],[-122.750147139978,40.9979498838801],[-122.750814847028,40.9980555758043],[-122.752454790456,40.998018121739],[-122.753299018235,40.9979787278361],[-122.754288544081,40.997921154138],[-122.754933948843,40.9981722502492],[-122.755299451309,40.9986118541538],[-122.755378063747,40.9990127260565]]]},"properties":{"OBJECTID":558079,"USGS_ID":"ply558079","Date_Min":" ","Date_Max":" ","Confidence":8,"LS_Type":"slow moving landslide","Inventory":"West Coast Slow Moving (Yuankun and others, 2021)","Inv_URL":"https://doi.org/10.5066/P9OY7FZK","Info_Sourc":"ALOS2 captured only (2015-2019)"}},{"type":"Feature","id":558081,"geometry":{"type":"Polygon","coordinates":[[[-121.713379104762,41.562152206759],[-121.713786046189,41.5608273363126],[-121.714606414055,41.560228675613],[-121.716907873599,41.5594302727889],[-121.719819760573,41.560018303502],[-121.719885646705,41.5615060312784],[-121.718293502243,41.5625499652088],[-121.715951810628,41.5624510577702],[-121.713379104762,41.562152206759]]]},"properties":{"OBJECTID":558081,"USGS_ID":"ply558081","Date_Min":" ","Date_Max":" ","Confidence":8,"LS_Type":"slow moving landslide","Inventory":"West Coast Slow Moving (Yuankun and others, 2021)","Inv_URL":"https://doi.org/10.5066/P9OY7FZK","Info_Sourc":"ALOS2 captured only (2015-2019)"}},{"type":"Feature","id":558086,"geometry":{"type":"Polygon","coordinates":[[[-123.604543099984,41.1444797298557],[-123.605117179514,41.1442479242024],[-123.606397159401,41.1442317103252],[-123.607699076451,41.144605938913],[-123.60856219359,41.1449604570595],[-123.609901606074,41.1455731534783],[-123.611257661412,41.1463827016004],[-123.61221818682,41.1467852543361],[-123.61320757507,41.1467840240635],[-123.614220003051,41.1467135154165],[-123.614669831348,41.1471233301776],[-123.614882902324,41.1481046802868],[-123.615157261199,41.1489861310052],[-123.615332196424,41.150027558525],[-123.615386578428,41.1511021737264],[-123.615310947242,41.151945786369],[-123.615344589081,41.1528509099416],[-123.615355458288,41.1535670751604],[-123.61555329295,41.1545287355128],[-123.615913874326,41.1557276774904],[-123.616260251809,41.1562960778018],[-123.616679567008,41.1567132301315],[-123.617388864105,41.1573332910986],[-123.618059444488,41.1579644218207],[-123.61869674366,41.1583578671219],[-123.619451496989,41.1585747305394],[-123.620080875832,41.1589744324241],[-123.620916765996,41.1592708849434],[-123.62158124358,41.1597477846326],[-123.621950074436,41.1601274667093],[-123.622076409399,41.1605902380491],[-123.621899585597,41.1610136802372],[-123.621535188398,41.1612336202355],[-123.620927716141,41.1613915267976],[-123.620118730995,41.1614105735392],[-123.619323041425,41.1614722499444],[-123.61822553578,41.1612991385444],[-123.617258083794,41.1611320705886],[-123.616248424825,41.1607337536599],[-123.615589922337,41.1601046491103],[-123.615184260645,41.1595479606699],[-123.614910261499,41.1592077291534],[-123.614727577715,41.1589311597453],[-123.614672195665,41.1584159912051],[-123.61454183174,41.1577667571302],[-123.614395360957,41.1571859650603],[-123.614218453519,41.1566042862589],[-123.613990317099,41.1559580954898],[-123.613579790075,41.1552652469936],[-123.613348251521,41.1543349073302],[-123.613177308386,41.1536627594289],[-123.612728114111,41.1531424431693],[-123.612291404225,41.1524964880226],[-123.612067220326,41.1517696838239],[-123.611726374572,41.1512091678688],[-123.611124722728,41.150600861041],[-123.610443229971,41.1499778287139],[-123.609816835978,41.1490693353816],[-123.609150424852,41.1484413307029],[-123.608145089824,41.1479093421425],[-123.607528894143,41.1475534813082],[-123.606895605048,41.1474115664906],[-123.606400749495,41.1471288538136],[-123.605790830183,41.1466399760541],[-123.605338192404,41.1464201727528],[-123.605018096708,41.1461667402029],[-123.604382353363,41.1457375756287],[-123.604148470276,41.1455434075023],[-123.604093154775,41.1451534075038],[-123.604298805445,41.1446761588777],[-123.604543099984,41.1444797298557]]]},"properties":{"OBJECTID":558086,"USGS_ID":"ply558086","Date_Min":" ","Date_Max":" ","Confidence":8,"LS_Type":"slow moving landslide","Inventory":"West Coast Slow Moving (Yuankun and others, 2021)","Inv_URL":"https://doi.org/10.5066/P9OY7FZK","Info_Sourc":"ALOS2 captured only (2015-2019)"}},{"type":"Feature","id":558120,"geometry":{"type":"Polygon","coordinates":[[[-123.486064393757,41.7935884203694],[-123.485619867863,41.7933810259137],[-123.485453362882,41.7929410928572],[-123.485412941954,41.792315890466],[-123.485276833159,41.7916661140999],[-123.485238099359,41.7907976001292],[-123.485593212856,41.7901396174494],[-123.485929053883,41.7897337803897],[-123.48656293743,41.7892738958736],[-123.48725733186,41.7890676237719],[-123.487946993159,41.7889425721421],[-123.488459068032,41.7889585512962],[-123.488966788387,41.7891017170706],[-123.489446459786,41.7893528824296],[-123.489802020247,41.7894817157087],[-123.49040496172,41.7898390163576],[-123.490917365744,41.7903206482794],[-123.490876088661,41.7906781449804],[-123.490475003618,41.7911904644684],[-123.489969405664,41.7917694893705],[-123.489482891322,41.7922788932564],[-123.489164413507,41.7927156175318],[-123.488778916414,41.792980017314],[-123.488210130293,41.7930809275428],[-123.487661184116,41.7932504740302],[-123.486998017744,41.7933493095231],[-123.486064393757,41.7935884203694]]]},"properties":{"OBJECTID":558120,"USGS_ID":"ply558120","Date_Min":" ","Date_Max":" ","Confidence":8,"LS_Type":"slow moving landslide","Inventory":"West Coast Slow Moving (Yuankun and others, 2021)","Inv_URL":"https://doi.org/10.5066/P9OY7FZK","Info_Sourc":"ALOS2 captured only (2015-2019)"}},{"type":"Feature","id":558121,"geometry":{"type":"Polygon","coordinates":[[[-123.416427495532,41.7365061919073],[-123.416727560628,41.7364615675473],[-123.416993087261,41.7365115707524],[-123.417255644333,41.7366531555188],[-123.417533361276,41.7367970983075],[-123.417671330767,41.736929529774],[-123.417893693539,41.7371449156054],[-123.41806904605,41.7373840039687],[-123.418159071784,41.7375898398993],[-123.418159974703,41.7378562199886],[-123.418157927846,41.7380757211177],[-123.41806478776,41.7384082391489],[-123.417856389661,41.7386637752131],[-123.417755438962,41.7388421305599],[-123.417616560256,41.7390556574926],[-123.417420137529,41.7391641696908],[-123.417156704518,41.7391654332382],[-123.416903637093,41.7391272552187],[-123.416639568261,41.7390477812302],[-123.416406581798,41.7390483720848],[-123.416043413972,41.7390624842463],[-123.415766967771,41.7390248701017],[-123.415466102279,41.7390188374495],[-123.415153915221,41.7389279258831],[-123.414926301308,41.7388793490028],[-123.414771295959,41.7387740267],[-123.414545765774,41.7386890074918],[-123.414419103459,41.738534977907],[-123.414261776959,41.7384033603269],[-123.414095618218,41.7382185613376],[-123.413897550631,41.7378735805014],[-123.41388610406,41.7376782810279],[-123.413949580009,41.7375471005183],[-123.414247810488,41.7373517210052],[-123.414665676879,41.7371494005245],[-123.415100747302,41.7369581776778],[-123.415537744072,41.736794748379],[-123.415934810043,41.7366810372002],[-123.416427495532,41.7365061919073]]]},"properties":{"OBJECTID":558121,"USGS_ID":"ply558121","Date_Min":" ","Date_Max":" ","Confidence":8,"LS_Type":"slow moving landslide","Inventory":"West Coast Slow Moving (Yuankun and others, 2021)","Inv_URL":"https://doi.org/10.5066/P9OY7FZK","Info_Sourc":"ALOS2 captured only (2015-2019)"}},{"type":"Feature","id":558122,"geometry":{"type":"Polygon","coordinates":[[[-123.731726528656,41.3782282416401],[-123.731866893043,41.3780524385692],[-123.73211274161,41.3778430062498],[-123.732689886029,41.3777356280968],[-123.733191725718,41.3777766929401],[-123.733800753802,41.3779105381409],[-123.734252948215,41.3780137110639],[-123.734596572874,41.3782937392647],[-123.734735779832,41.3785320326273],[-123.734911834713,41.3790315196889],[-123.734900389042,41.3796498629509],[-123.734650112213,41.3799819304218],[-123.734128774323,41.3804184523498],[-123.733811311843,41.3806809707502],[-123.733181539996,41.3809569573977],[-123.732622938698,41.3813003275481],[-123.732131103068,41.3814385821249],[-123.73165050087,41.3814910782507],[-123.731289561564,41.381466887387],[-123.73079210697,41.3813526555007],[-123.730344704145,41.3812595127164],[-123.72988850505,41.3810460721186],[-123.729690788199,41.3809140192666],[-123.729542297539,41.3807154759385],[-123.72952397655,41.3805657801867],[-123.729597786609,41.3802615530283],[-123.729693793734,41.3800945021596],[-123.730070168104,41.3798515080407],[-123.730624971565,41.3795840595567],[-123.730925984547,41.3793617840192],[-123.731277431508,41.3791434250291],[-123.731499352713,41.3788387149348],[-123.731523922191,41.3786760905292],[-123.731592659174,41.3784122096558],[-123.731726528656,41.3782282416401]]]},"properties":{"OBJECTID":558122,"USGS_ID":"ply558122","Date_Min":" ","Date_Max":" ","Confidence":8,"LS_Type":"slow moving landslide","Inventory":"West Coast Slow Moving (Yuankun and others, 2021)","Inv_URL":"https://doi.org/10.5066/P9OY7FZK","Info_Sourc":"ALOS2 captured only (2015-2019)"}},{"type":"Feature","id":558156,"geometry":{"type":"Polygon","coordinates":[[[-123.204915307695,42.0223372267816],[-123.204536265037,42.0224870232575],[-123.203945119971,42.0225181335051],[-123.203445809177,42.0225065061704],[-123.203168630928,42.0225878363596],[-123.202503545402,42.0227282385175],[-123.201409700897,42.0229668925081],[-123.200920820439,42.0230975217333],[-123.200393758365,42.0230665580752],[-123.199791858308,42.022779714812],[-123.199726867901,42.022373712277],[-123.199721800221,42.0218408279919],[-123.199716450154,42.0213064877043],[-123.199616546267,42.0208395399129],[-123.199601244302,42.0203775033192],[-123.199739675146,42.0200453063459],[-123.19992123028,42.0198436432695],[-123.200313817629,42.0196628804376],[-123.201448940116,42.0196326848006],[-123.201870099825,42.0195429306618],[-123.202600811578,42.0193802837731],[-123.203192900032,42.0191556897833],[-123.203481512262,42.0188615764007],[-123.204106147181,42.0185477507781],[-123.204937247556,42.0182863394431],[-123.205719317792,42.0181020512687],[-123.206666344376,42.0180189943811],[-123.207582619542,42.0179137080513],[-123.208385113382,42.0176846660146],[-123.209231739653,42.0173533656654],[-123.209580798015,42.0171677446957],[-123.210145617226,42.0169509604186],[-123.210791593957,42.0166450362395],[-123.211366681627,42.0163392982201],[-123.211564161057,42.0161212791738],[-123.21199145774,42.0158471082575],[-123.212853587423,42.0155204421148],[-123.21364892176,42.0152404705713],[-123.214302468084,42.0150469841311],[-123.215139157746,42.014863813814],[-123.215957824094,42.0146954832101],[-123.216750157394,42.0145432720544],[-123.21715008321,42.0145922896025],[-123.217490842628,42.0147796993237],[-123.217582791113,42.0151433060188],[-123.217619504137,42.0154945884046],[-123.217429127552,42.0158213813517],[-123.216945219446,42.0160467910266],[-123.21649127855,42.0161810049495],[-123.216190499392,42.0164116010146],[-123.215818409392,42.0166240532575],[-123.215376358432,42.0167681579242],[-123.215050852415,42.0169672219598],[-123.214619934163,42.0172188819459],[-123.214400074204,42.0174207509669],[-123.213752764678,42.0177448891154],[-123.21318421418,42.018125665667],[-123.21242723413,42.0183493504422],[-123.211542592617,42.0185598187807],[-123.210945449073,42.0187026904769],[-123.210578853931,42.0190128252817],[-123.209838971791,42.0192865366444],[-123.209372993469,42.0196174880567],[-123.20900854321,42.0199977816723],[-123.208408737673,42.0203566534369],[-123.207883311466,42.0205963848153],[-123.207335414798,42.0207608753142],[-123.206780344237,42.0209599402491],[-123.20639720067,42.0211908240973],[-123.206156526802,42.0213404380108],[-123.205883105921,42.0215851903043],[-123.20540623411,42.0219021905337],[-123.205270882545,42.02211920144],[-123.204915307695,42.0223372267816]]]},"properties":{"OBJECTID":558156,"USGS_ID":"ply558156","Date_Min":" ","Date_Max":" ","Confidence":8,"LS_Type":"slow moving landslide","Inventory":"West Coast Slow Moving (Yuankun and others, 2021)","Inv_URL":"https://doi.org/10.5066/P9OY7FZK","Info_Sourc":"ALOS2 captured only (2015-2019)"}},{"type":"Feature","id":558157,"geometry":{"type":"Polygon","coordinates":[[[-122.808880845674,41.9387493749837],[-122.808590063381,41.9387510432261],[-122.808451887944,41.9386834843553],[-122.80827810565,41.9384234948484],[-122.808111195975,41.9381157324551],[-122.808063243224,41.9378364407992],[-122.808068526741,41.9374309769581],[-122.80810523257,41.9372959680346],[-122.80815223204,41.9369884808338],[-122.808159402335,41.9367346588775],[-122.807972160787,41.9364663596348],[-122.80777331079,41.9362604211815],[-122.807698450323,41.9359386248677],[-122.807376734049,41.9355560460747],[-122.807055608629,41.9353031666079],[-122.806862381194,41.9351552407218],[-122.806709958698,41.9349815231788],[-122.806629680715,41.9346523614174],[-122.806590478368,41.9344250361865],[-122.80657812528,41.9342294498293],[-122.806513546763,41.9340148994681],[-122.806361627887,41.9337343937273],[-122.806287341188,41.9334321198965],[-122.806182200548,41.9332211002736],[-122.806118672439,41.93296234014],[-122.806046864271,41.9325977810628],[-122.806029867984,41.9321846810782],[-122.806022872158,41.931785042146],[-122.805919397062,41.93135144931],[-122.805989012683,41.930971154795],[-122.806177551053,41.9308469017632],[-122.806637219732,41.9308023916171],[-122.807136324582,41.9308316969253],[-122.807753044567,41.9308781927745],[-122.808207639271,41.9309237227516],[-122.808587061444,41.9310083561507],[-122.808820459796,41.9311115263759],[-122.809113502986,41.93132505151],[-122.809340981101,41.931814285401],[-122.809359971186,41.9321775881252],[-122.809457150127,41.9325426337356],[-122.809611346986,41.9329604794426],[-122.809746675169,41.9331503479103],[-122.809927604375,41.9337228635194],[-122.809863595129,41.9341879757945],[-122.809769938832,41.9346769605733],[-122.809852841935,41.9350877286158],[-122.810033301695,41.9356924939135],[-122.810186104605,41.9362567600415],[-122.810448208418,41.9368667818765],[-122.810599914155,41.9375052798448],[-122.810476852725,41.9379693363159],[-122.810136060031,41.9381670037043],[-122.809810212271,41.9383740411291],[-122.809544321413,41.9384653169209],[-122.809095887066,41.9386330629655],[-122.808880845674,41.9387493749837]]]},"properties":{"OBJECTID":558157,"USGS_ID":"ply558157","Date_Min":" ","Date_Max":" ","Confidence":8,"LS_Type":"slow moving landslide","Inventory":"West Coast Slow Moving (Yuankun and others, 2021)","Inv_URL":"https://doi.org/10.5066/P9OY7FZK","Info_Sourc":"ALOS2 captured only (2015-2019)"}},{"type":"Feature","id":558158,"geometry":{"type":"Polygon","coordinates":[[[-123.134618102943,41.7359733588835],[-123.134846142236,41.7358663836267],[-123.134956184181,41.7358137265223],[-123.135345377487,41.7359152159145],[-123.135728996796,41.7360040059801],[-123.136235477885,41.7361555939056],[-123.136482351679,41.7362557523012],[-123.136957117277,41.7364094284524],[-123.137720291858,41.7365975972014],[-123.138338523604,41.7367429789054],[-123.13885802148,41.7368076779321],[-123.139426346249,41.7368173951068],[-123.139782743978,41.736901911594],[-123.140224902857,41.737056321592],[-123.140618260924,41.7372826467768],[-123.140858952778,41.7374933930058],[-123.141143814835,41.7377377334097],[-123.141270172281,41.7380167049071],[-123.141193325212,41.7382475383932],[-123.141096011372,41.7384372359897],[-123.140955613711,41.7386419270833],[-123.140734840041,41.7387783236608],[-123.140353517601,41.7389504359139],[-123.140200405324,41.7389716239413],[-123.139993629602,41.7390467712915],[-123.139783878923,41.739121414122],[-123.139361521317,41.739229135816],[-123.138827408558,41.7393115299033],[-123.138216715829,41.7393172756718],[-123.137661801751,41.7391649026382],[-123.137056333183,41.739035759093],[-123.136613794791,41.7389718586644],[-123.13619680254,41.7389403446212],[-123.135702368769,41.7388624516409],[-123.135225806326,41.7387267637292],[-123.135015337088,41.7383150621904],[-123.134920950541,41.7379629776093],[-123.13483848181,41.7376175039447],[-123.134781831716,41.7371879454674],[-123.134719601329,41.7369340299816],[-123.134639032865,41.736604161353],[-123.134512925431,41.736217120124],[-123.134618102943,41.7359733588835]]]},"properties":{"OBJECTID":558158,"USGS_ID":"ply558158","Date_Min":" ","Date_Max":" ","Confidence":8,"LS_Type":"slow moving landslide","Inventory":"West Coast Slow Moving (Yuankun and others, 2021)","Inv_URL":"https://doi.org/10.5066/P9OY7FZK","Info_Sourc":"ALOS2 captured only (2015-2019)"}},{"type":"Feature","id":558159,"geometry":{"type":"Polygon","coordinates":[[[-123.171496668636,41.7556479477946],[-123.171376157683,41.7553196871539],[-123.171350124109,41.7551240621258],[-123.171108631858,41.754822310801],[-123.171055835358,41.7544593857921],[-123.170924901263,41.7539264583394],[-123.171071774043,41.7533720514791],[-123.171478169582,41.7528463141061],[-123.171995313033,41.7525337889033],[-123.172644075863,41.7521058285212],[-123.173189960748,41.7518025510469],[-123.173822496211,41.7514767887229],[-123.174832986153,41.7512803902778],[-123.175819030724,41.7513353739284],[-123.176389283639,41.7513427807448],[-123.177263039757,41.7513213696855],[-123.178069719042,41.7514107784847],[-123.178761171791,41.7515383383237],[-123.179218140705,41.7516431561068],[-123.17941082405,41.7518109525135],[-123.179437558197,41.7520289409829],[-123.179036739354,41.7522526275567],[-123.178292063828,41.7525863021162],[-123.177635815041,41.752904699892],[-123.177197582602,41.7533904111386],[-123.177042870432,41.7540990103611],[-123.177073213558,41.7545932282949],[-123.176787873062,41.7550148988186],[-123.17616440906,41.7553344027605],[-123.175200002178,41.7554812197825],[-123.174136668972,41.7558958540105],[-123.173337709468,41.7561706571502],[-123.172629251439,41.756273977562],[-123.17198252917,41.7560216179034],[-123.171496668636,41.7556479477946]]]},"properties":{"OBJECTID":558159,"USGS_ID":"ply558159","Date_Min":" ","Date_Max":" ","Confidence":8,"LS_Type":"slow moving landslide","Inventory":"West Coast Slow Moving (Yuankun and others, 2021)","Inv_URL":"https://doi.org/10.5066/P9OY7FZK","Info_Sourc":"ALOS2 captured only (2015-2019)"}},{"type":"Feature","id":558165,"geometry":{"type":"Polygon","coordinates":[[[-123.501519508419,41.928344348413],[-123.500598797796,41.9274776906429],[-123.500533918006,41.9266535869935],[-123.501349398956,41.9258613427268],[-123.502387242677,41.9252751412348],[-123.503070694157,41.9247112159499],[-123.504136320635,41.9246316259488],[-123.504899153473,41.9250808373109],[-123.50574692548,41.9257582201658],[-123.506261626373,41.9258631404716],[-123.506039850858,41.927077951886],[-123.505613555121,41.9274838680861],[-123.505392887572,41.9277755290175],[-123.504223540484,41.9281642474821],[-123.502958703381,41.9283750152948],[-123.501519508419,41.928344348413]]]},"properties":{"OBJECTID":558165,"USGS_ID":"ply558165","Date_Min":" ","Date_Max":" ","Confidence":8,"LS_Type":"slow moving landslide","Inventory":"West Coast Slow Moving (Yuankun and others, 2021)","Inv_URL":"https://doi.org/10.5066/P9OY7FZK","Info_Sourc":"ALOS2 captured only (2015-2019)"}},{"type":"Feature","id":558166,"geometry":{"type":"Polygon","coordinates":[[[-123.219162882861,41.6819256336611],[-123.219072014462,41.6817594425443],[-123.219078356481,41.6816468618132],[-123.219099355651,41.6815132216579],[-123.219112299593,41.6814249262194],[-123.219180661558,41.6812500251686],[-123.219340615877,41.6811021550405],[-123.219440393859,41.6808511713446],[-123.219581559541,41.680691038061],[-123.219645953698,41.6805059180138],[-123.219791145645,41.6803228987828],[-123.219882905272,41.6801504079151],[-123.219924617627,41.6799235728147],[-123.22005917599,41.6797314389548],[-123.220346093897,41.679595178175],[-123.220815312477,41.6795892246631],[-123.221322878148,41.6796455060353],[-123.221792987057,41.6797697078058],[-123.222175286161,41.6798852751854],[-123.222699540551,41.6800607715874],[-123.223337608644,41.6803292884659],[-123.223906808452,41.680602168855],[-123.224008138665,41.6807948899722],[-123.223924248106,41.6810134063436],[-123.223548312605,41.6812027648957],[-123.222958790815,41.6813222955875],[-123.222397632745,41.681474679413],[-123.221977530638,41.6816807743483],[-123.221463387325,41.6819122814267],[-123.220978355966,41.6819844502223],[-123.220488148109,41.6820419942427],[-123.219970290596,41.6820713705973],[-123.219372040887,41.6820343473073],[-123.219162882861,41.6819256336611]]]},"properties":{"OBJECTID":558166,"USGS_ID":"ply558166","Date_Min":" ","Date_Max":" ","Confidence":8,"LS_Type":"slow moving landslide","Inventory":"West Coast Slow Moving (Yuankun and others, 2021)","Inv_URL":"https://doi.org/10.5066/P9OY7FZK","Info_Sourc":"ALOS2 captured only (2015-2019)"}},{"type":"Feature","id":558287,"geometry":{"type":"Polygon","coordinates":[[[-123.520035701287,41.6158321101638],[-123.520186345823,41.6156592658625],[-123.520598092328,41.615390531348],[-123.521118091127,41.6152158875033],[-123.521574911653,41.6150723485101],[-123.522134108302,41.6147149804121],[-123.522452746197,41.6141946668504],[-123.522780324253,41.6135403902768],[-123.523189532871,41.6128714961227],[-123.523560470839,41.6123992756061],[-123.523772299852,41.6120367588894],[-123.52382467277,41.6116578727127],[-123.524017080923,41.6111175357457],[-123.524055513451,41.610594334461],[-123.52411162755,41.6101504443876],[-123.524172114152,41.6097821917947],[-123.524494649708,41.6093765930554],[-123.524852568191,41.6090154388115],[-123.525035519973,41.6086985509974],[-123.525137313336,41.6084372026149],[-123.525210271737,41.6081300904314],[-123.525397127475,41.6078462266221],[-123.525600443506,41.6076814060721],[-123.526122953212,41.6075759191934],[-123.526595159339,41.6075917733417],[-123.527047575885,41.6075885124],[-123.527427297532,41.6076426884594],[-123.527684155599,41.6077833082532],[-123.527887733332,41.6079508015883],[-123.527936078187,41.6081410468719],[-123.527972517817,41.6085076626985],[-123.527932253371,41.6088991195987],[-123.527928010369,41.609210973008],[-123.527809076827,41.6094937702214],[-123.527354895812,41.6097793490378],[-123.527052750584,41.6099346637538],[-123.526811334775,41.6102097249989],[-123.526832578561,41.6106983347604],[-123.526795006684,41.6111357164402],[-123.526576484917,41.6114946880295],[-123.526203877807,41.6119848014575],[-123.525975172116,41.6124746711692],[-123.525748095098,41.6129077280093],[-123.525645995067,41.6133270378126],[-123.525612963867,41.613750455719],[-123.525534917103,41.6143395611219],[-123.525419750821,41.6147954184738],[-123.524975907512,41.6154242865016],[-123.524335708926,41.6156278426509],[-123.523882340897,41.6156975374115],[-123.523399792566,41.6158556103482],[-123.522829040528,41.6160114871405],[-123.522256420597,41.6162932033687],[-123.52173171025,41.6164473318789],[-123.521232177323,41.6164596840672],[-123.52082048208,41.6164201129978],[-123.520409417261,41.6162925747426],[-123.520118801342,41.6160777716719],[-123.520035701287,41.6158321101638]]]},"properties":{"OBJECTID":558287,"USGS_ID":"ply558287","Date_Min":" ","Date_Max":" ","Confidence":8,"LS_Type":"slow moving landslide","Inventory":"West Coast Slow Moving (Yuankun and others, 2021)","Inv_URL":"https://doi.org/10.5066/P9OY7FZK","Info_Sourc":"ALOS & ALOS2 captured (2007-2011 and 2015-2019)"}},{"type":"Feature","id":558288,"geometry":{"type":"Polygon","coordinates":[[[-123.52978577949,41.5407877368646],[-123.530281879705,41.540365689525],[-123.530773122681,41.5402239833502],[-123.531565625953,41.5400996952448],[-123.532058477816,41.5400156868745],[-123.532673166234,41.5399924034267],[-123.533593422698,41.5400623751785],[-123.53466468073,41.5401072171744],[-123.535432550672,41.5401400936904],[-123.53607669908,41.5402352788351],[-123.536815018199,41.5402945126817],[-123.537565737169,41.5403123696202],[-123.538097004473,41.5403092948381],[-123.538695651683,41.5402239284916],[-123.539367754618,41.5401560026974],[-123.540331799973,41.5402780865645],[-123.540949558675,41.5406301927293],[-123.541222239415,41.5412385418253],[-123.541439799807,41.5420366874432],[-123.541305451885,41.5423577723934],[-123.541033938465,41.5426461642891],[-123.540335351395,41.5428050304279],[-123.53970028524,41.5429440683142],[-123.539006572495,41.5429603172649],[-123.53839343361,41.5428754833169],[-123.537901708597,41.5428174284816],[-123.537040534893,41.5427177611159],[-123.536013696175,41.5427727006996],[-123.534975726549,41.5427145928043],[-123.533911695468,41.5426124603968],[-123.533094857442,41.5426182933996],[-123.532488003019,41.5425367392792],[-123.531692374603,41.5422070217367],[-123.531008312484,41.5419447029857],[-123.53050907993,41.5416873484924],[-123.529973673946,41.5413014089329],[-123.52978577949,41.5407877368646]]]},"properties":{"OBJECTID":558288,"USGS_ID":"ply558288","Date_Min":" ","Date_Max":" ","Confidence":8,"LS_Type":"slow moving landslide","Inventory":"West Coast Slow Moving (Yuankun and others, 2021)","Inv_URL":"https://doi.org/10.5066/P9OY7FZK","Info_Sourc":"ALOS & ALOS2 captured (2007-2011 and 2015-2019)"}},{"type":"Feature","id":558289,"geometry":{"type":"Polygon","coordinates":[[[-123.5257813889,41.5522063614345],[-123.525999399852,41.5519406576353],[-123.526808510005,41.5519813465619],[-123.527460002277,41.5521890341966],[-123.527992461183,41.5523590816064],[-123.528849798379,41.5526321553497],[-123.529588955666,41.5528661958184],[-123.530663467445,41.5531253741367],[-123.531876204123,41.5535058287311],[-123.532544056863,41.553523441054],[-123.533050618891,41.5534509053351],[-123.534127307929,41.5533969613008],[-123.53546904516,41.5532574683575],[-123.53657649461,41.5531175464376],[-123.537651313957,41.5530786156856],[-123.538224770257,41.5529721233648],[-123.539082711798,41.5527681706146],[-123.540009426294,41.5526764199809],[-123.540685709278,41.5525569000809],[-123.541712114522,41.5524882872048],[-123.542820134142,41.5523011265957],[-123.54334000074,41.5524591347813],[-123.543920630932,41.5529728895872],[-123.54403625407,41.5536744974801],[-123.544191291795,41.5541611440216],[-123.544565916983,41.5543667623163],[-123.544843862354,41.5548726804299],[-123.544665739033,41.5552708210916],[-123.543953244846,41.55566953642],[-123.543225006229,41.5559346952301],[-123.542397591276,41.5560920855813],[-123.541353129443,41.5562676035671],[-123.540715916606,41.5564336705775],[-123.540042006933,41.5567141151643],[-123.539292931923,41.556967432601],[-123.53855457953,41.5570581184374],[-123.537806349883,41.5572649472196],[-123.536962727348,41.5572721489905],[-123.536039376316,41.557129488635],[-123.535006119137,41.5569104227778],[-123.533866493744,41.5567339658999],[-123.532857656755,41.5565140501833],[-123.531770946572,41.5561490999011],[-123.530972910671,41.5559216253828],[-123.529817360083,41.5556166760688],[-123.528360806406,41.5551758571801],[-123.527052443016,41.5547392776955],[-123.526355321841,41.5544701079092],[-123.525839956349,41.5541494294527],[-123.525486189136,41.553386241382],[-123.525656857978,41.5526151743509],[-123.5257813889,41.5522063614345]]]},"properties":{"OBJECTID":558289,"USGS_ID":"ply558289","Date_Min":" ","Date_Max":" ","Confidence":8,"LS_Type":"slow moving landslide","Inventory":"West Coast Slow Moving (Yuankun and others, 2021)","Inv_URL":"https://doi.org/10.5066/P9OY7FZK","Info_Sourc":"ALOS & ALOS2 captured (2007-2011 and 2015-2019)"}},{"type":"Feature","id":558292,"geometry":{"type":"Polygon","coordinates":[[[-123.519883257207,41.4875515005014],[-123.519937717452,41.4872018971499],[-123.520095056542,41.4869271920363],[-123.520521875684,41.4866423425701],[-123.520954630352,41.4864076689788],[-123.521363703172,41.4862006666275],[-123.522037323264,41.4859877143615],[-123.52258344557,41.4858134725138],[-123.523168052564,41.4856738293838],[-123.523595964382,41.4856917061074],[-123.524141419391,41.4857325272344],[-123.524922316012,41.4858136847538],[-123.525260759676,41.4859880138358],[-123.525588256793,41.4860651316006],[-123.525889639395,41.4862800884554],[-123.526057449292,41.4865635142948],[-123.526043941475,41.4868317424909],[-123.526016044505,41.4870646093443],[-123.525907250819,41.4873719139827],[-123.525785951161,41.4876230613552],[-123.525703830467,41.4878539739818],[-123.525647638128,41.4882268176136],[-123.525650783057,41.4885889332327],[-123.5253571661,41.4889992830905],[-123.524987354982,41.4893797223963],[-123.524617574441,41.4897356299954],[-123.524186046449,41.4900223536488],[-123.523753745939,41.4902768527946],[-123.523171376458,41.4905086809309],[-123.522611424378,41.490627338381],[-123.522195121008,41.4906534358075],[-123.521839830344,41.4905671674409],[-123.521440332605,41.4902254574389],[-123.521095324789,41.4897897664846],[-123.52057406604,41.4891375025937],[-123.520292842641,41.4886313560523],[-123.520024260111,41.4881863454236],[-123.519883257207,41.4875515005014]]]},"properties":{"OBJECTID":558292,"USGS_ID":"ply558292","Date_Min":" ","Date_Max":" ","Confidence":8,"LS_Type":"slow moving landslide","Inventory":"West Coast Slow Moving (Yuankun and others, 2021)","Inv_URL":"https://doi.org/10.5066/P9OY7FZK","Info_Sourc":"ALOS & ALOS2 captured (2007-2011 and 2015-2019)"}},{"type":"Feature","id":558293,"geometry":{"type":"Polygon","coordinates":[[[-123.501001151782,41.3874499267728],[-123.500947171775,41.3871971435334],[-123.501345212611,41.3870017775101],[-123.501837600425,41.3869659134462],[-123.502303005879,41.3870420725337],[-123.50279250507,41.3871372648729],[-123.503068980949,41.3872485559762],[-123.503351332998,41.3873503142656],[-123.503710435888,41.3874846118254],[-123.504096886262,41.3875500545914],[-123.504388687488,41.3876013546189],[-123.504805483686,41.3877744102609],[-123.505247093978,41.3878935029828],[-123.505396599973,41.3879311557982],[-123.505671445381,41.3881028102965],[-123.505752106475,41.3881949989001],[-123.505815249674,41.3883456056652],[-123.505916101447,41.3884919181675],[-123.506017786891,41.3885689729798],[-123.506108034758,41.3886668147218],[-123.506177841934,41.3888359403264],[-123.506219100131,41.3890581187372],[-123.506144114659,41.3892524091714],[-123.505999915564,41.3893357889156],[-123.505689162924,41.3894525883663],[-123.505383968995,41.3896678878628],[-123.505058999873,41.3899412565838],[-123.505021139314,41.3901127770831],[-123.505048455322,41.3903240089459],[-123.505197924445,41.3904913934631],[-123.505362646969,41.3906146239658],[-123.505566021455,41.3906811189385],[-123.50587083677,41.3908292399775],[-123.506116752786,41.3909309416097],[-123.506340434863,41.3910478031137],[-123.506491919367,41.3913071181291],[-123.506534175812,41.3914937022726],[-123.506600175258,41.3918152611654],[-123.506650778311,41.3920611609938],[-123.506723493894,41.3924013295577],[-123.506719508099,41.3927885155776],[-123.506631854776,41.3930798509544],[-123.506404780456,41.3934156587057],[-123.506174168203,41.3937420910247],[-123.50591714556,41.3939891500793],[-123.505516102786,41.3942401238826],[-123.505128285442,41.3944272898876],[-123.504631306589,41.3946743921095],[-123.503985940499,41.3948182134898],[-123.503024149745,41.3949581668859],[-123.502377450859,41.3950836160161],[-123.502114046626,41.395252166954],[-123.501882688835,41.3954919720769],[-123.501522792743,41.3958813218655],[-123.501143074693,41.3961917831243],[-123.500884944085,41.3964912061043],[-123.50059901813,41.3964445429813],[-123.500556415446,41.3962892732314],[-123.500452842325,41.3960564243645],[-123.500265991083,41.3955425094793],[-123.500112221402,41.3950524356214],[-123.499965910698,41.3948357898399],[-123.499823077673,41.3944233265753],[-123.49980427195,41.3939910737291],[-123.49992075394,41.3936702082135],[-123.500127910974,41.393296390616],[-123.500281911781,41.3929008831693],[-123.500373033788,41.3926264811273],[-123.500410012112,41.3923037953839],[-123.500502728618,41.391831333849],[-123.500501605365,41.3913423724526],[-123.500462193475,41.3909496493069],[-123.500431951973,41.3906718541228],[-123.500467527354,41.3903519490833],[-123.500536093466,41.389893753494],[-123.500638052304,41.3895563053792],[-123.500807090675,41.3892013816385],[-123.500903859525,41.3888515255775],[-123.501111453631,41.3883300860647],[-123.501063870501,41.387962409038],[-123.501020881109,41.3876184588249],[-123.501001151782,41.3874499267728]]]},"properties":{"OBJECTID":558293,"USGS_ID":"ply558293","Date_Min":" ","Date_Max":" ","Confidence":8,"LS_Type":"slow moving landslide","Inventory":"West Coast Slow Moving (Yuankun and others, 2021)","Inv_URL":"https://doi.org/10.5066/P9OY7FZK","Info_Sourc":"ALOS & ALOS2 captured (2007-2011 and 2015-2019)"}},{"type":"Feature","id":558294,"geometry":{"type":"Polygon","coordinates":[[[-123.498503758741,41.3868539622406],[-123.498553973287,41.3870155937947],[-123.498344393479,41.3871691521347],[-123.497962821027,41.3873549790491],[-123.497544862905,41.3875292550711],[-123.497100528567,41.3878504326514],[-123.496277213622,41.3881961985957],[-123.495606322074,41.3884889081366],[-123.494760152659,41.3887872717153],[-123.49382049422,41.3891016935883],[-123.493008352453,41.389321171335],[-123.492268586326,41.3895646169136],[-123.49132826149,41.389809771204],[-123.490659656018,41.3898992861232],[-123.489998556288,41.3898494411988],[-123.489453256862,41.3897545132602],[-123.48926700277,41.3897011366981],[-123.489020427551,41.3894835043603],[-123.488687051566,41.3892257874402],[-123.488402771371,41.3888911074387],[-123.488265706597,41.3885644538865],[-123.488146155221,41.3882463079208],[-123.488056808475,41.3878531611945],[-123.488448129577,41.3871549248599],[-123.488544417291,41.386796401133],[-123.48867632805,41.3864516307382],[-123.489042310754,41.3862108678374],[-123.489467867248,41.3860282568986],[-123.489861583245,41.3859458304358],[-123.49021315971,41.3857820054353],[-123.490677330394,41.3856693923286],[-123.4916257878,41.3852653656042],[-123.492441593405,41.3848560067993],[-123.493200690459,41.3847221310216],[-123.493881509624,41.3846415859405],[-123.494808996638,41.3845464457619],[-123.495693025713,41.3845788717176],[-123.496219379121,41.384565530275],[-123.496762015654,41.3845559974614],[-123.497177444883,41.384647711223],[-123.497251524738,41.3848159509954],[-123.497290878171,41.385050022041],[-123.497372769538,41.3853277497759],[-123.497417307563,41.3855715155131],[-123.497484839454,41.3858501353755],[-123.497628337977,41.3861019482464],[-123.497809035159,41.3862832506715],[-123.498017458439,41.3864326505465],[-123.4982668962,41.386688422233],[-123.498503758741,41.3868539622406]]]},"properties":{"OBJECTID":558294,"USGS_ID":"ply558294","Date_Min":" ","Date_Max":" ","Confidence":8,"LS_Type":"slow moving landslide","Inventory":"West Coast Slow Moving (Yuankun and others, 2021)","Inv_URL":"https://doi.org/10.5066/P9OY7FZK","Info_Sourc":"ALOS & ALOS2 captured (2007-2011 and 2015-2019)"}},{"type":"Feature","id":558295,"geometry":{"type":"Polygon","coordinates":[[[-123.499649096628,41.3798287983604],[-123.500134114498,41.3795839408463],[-123.500346014557,41.3791789554445],[-123.500502230394,41.3787284517567],[-123.500883456606,41.378479228034],[-123.50148180704,41.3783705080925],[-123.501944394019,41.3782756718848],[-123.502448707742,41.3782090950737],[-123.502894416244,41.3781568714425],[-123.503356174048,41.3781819715208],[-123.503931074659,41.3781881120918],[-123.504334067163,41.3782394121192],[-123.504665881026,41.3783563356764],[-123.504920238078,41.3785127475653],[-123.505307689398,41.378924376259],[-123.505559430323,41.3792593773185],[-123.505769136037,41.3796422717735],[-123.505905158496,41.3800181605097],[-123.505985976072,41.3803159485223],[-123.506044701802,41.380534122252],[-123.50603344139,41.3808662760579],[-123.505859446856,41.3814342545872],[-123.505402307071,41.3816914822761],[-123.504992996829,41.3817481332698],[-123.504555208656,41.381818416187],[-123.503979640748,41.3818939475477],[-123.503597168974,41.3819509555722],[-123.503308192519,41.3819922047765],[-123.502912775005,41.3819954513291],[-123.502493892379,41.3820603356161],[-123.502171391896,41.3821139549951],[-123.501686136606,41.3821508829569],[-123.501301052302,41.382221950083],[-123.500875013771,41.3823019438797],[-123.500540868866,41.3822753563227],[-123.500201560054,41.3822111914933],[-123.499819362573,41.3821556538604],[-123.499792841566,41.38195256356],[-123.500030450545,41.3816511314946],[-123.500228084658,41.3813285770522],[-123.500294822448,41.3810703367267],[-123.500334950198,41.3808715271992],[-123.500362730256,41.3805910007741],[-123.500147660986,41.3802707494955],[-123.499838444389,41.3799855969578],[-123.499649096628,41.3798287983604]]]},"properties":{"OBJECTID":558295,"USGS_ID":"ply558295","Date_Min":" ","Date_Max":" ","Confidence":8,"LS_Type":"slow moving landslide","Inventory":"West Coast Slow Moving (Yuankun and others, 2021)","Inv_URL":"https://doi.org/10.5066/P9OY7FZK","Info_Sourc":"ALOS & ALOS2 captured (2007-2011 and 2015-2019)"}},{"type":"Feature","id":558296,"geometry":{"type":"Polygon","coordinates":[[[-123.494486593282,41.3645167082795],[-123.494111868268,41.3640560332594],[-123.495285100427,41.3639249264942],[-123.496449950005,41.3640004830359],[-123.497277513347,41.3641797107251],[-123.498350341595,41.3644581129516],[-123.499072158154,41.3646983857219],[-123.499782939131,41.3648217241433],[-123.500719977845,41.3649042819071],[-123.501830693632,41.3650124658526],[-123.502524359611,41.3650172853195],[-123.503524045998,41.3651417964568],[-123.504593293146,41.3649988024528],[-123.505709891398,41.3648475868467],[-123.506800169192,41.3645761399769],[-123.507952671079,41.364135739273],[-123.508980774243,41.3639612501116],[-123.509705285171,41.3641757770905],[-123.509886964412,41.3644581462265],[-123.510351991251,41.3650508866891],[-123.510827521273,41.3657161529781],[-123.511100279354,41.3663841487095],[-123.511360488296,41.3672543812847],[-123.511566762196,41.3680868558238],[-123.5117816543,41.3689154246072],[-123.512285465302,41.3695417952177],[-123.512893331462,41.3700984027192],[-123.513851612162,41.3701834075383],[-123.515110930125,41.3698793701369],[-123.516273865047,41.3695834194393],[-123.517825705492,41.3691194529004],[-123.519302538881,41.368673203006],[-123.520533654105,41.3684114040631],[-123.520916751807,41.3687174622411],[-123.521092102518,41.3691334148753],[-123.521233723258,41.3695742445558],[-123.52100691154,41.3701337397803],[-123.520346783078,41.3706165408208],[-123.519475179936,41.3712573752277],[-123.518755698017,41.3717182858703],[-123.517752571724,41.372096317691],[-123.516685220347,41.3726936887628],[-123.515479260959,41.3731200330631],[-123.51400664629,41.373602452791],[-123.512149136174,41.3738925992641],[-123.511150190829,41.3739128573925],[-123.509867712625,41.3737337798901],[-123.508948187309,41.3731563593785],[-123.507695843588,41.3728155882688],[-123.50695800201,41.3728796865483],[-123.505752082193,41.3729401021041],[-123.505075489842,41.3734458241655],[-123.504857103872,41.3740874715596],[-123.504068921843,41.3744036614998],[-123.503064748739,41.3746044171602],[-123.502433012773,41.3746955886306],[-123.501016889917,41.3747381265633],[-123.500286215936,41.3745436805465],[-123.499757544975,41.3744152114929],[-123.499217332114,41.3741571762127],[-123.498100289597,41.3739249613679],[-123.497151264719,41.3732609046671],[-123.496084733524,41.3726002725846],[-123.495415655008,41.3719886499563],[-123.494701727303,41.37161069188],[-123.494051929353,41.3710332884556],[-123.493149653933,41.3702662395953],[-123.492638589,41.3697290493562],[-123.492004956364,41.3691865980831],[-123.491995174438,41.3689068774505],[-123.491959596358,41.3681779796301],[-123.49201095664,41.367728776362],[-123.492433741424,41.3675409961201],[-123.493152396866,41.3672465841626],[-123.493864122132,41.3668414323863],[-123.494274262447,41.3664828340156],[-123.494545642767,41.3657190209161],[-123.494511141176,41.3650255401966],[-123.494486593282,41.3645167082795]]]},"properties":{"OBJECTID":558296,"USGS_ID":"ply558296","Date_Min":" ","Date_Max":" ","Confidence":8,"LS_Type":"slow moving landslide","Inventory":"West Coast Slow Moving (Yuankun and others, 2021)","Inv_URL":"https://doi.org/10.5066/P9OY7FZK","Info_Sourc":"ALOS & ALOS2 captured (2007-2011 and 2015-2019)"}},{"type":"Feature","id":558299,"geometry":{"type":"Polygon","coordinates":[[[-123.733709466319,41.3447147061189],[-123.734143130201,41.3446646093843],[-123.734718520044,41.3448113337761],[-123.735449504291,41.344903978336],[-123.736264245998,41.3448265898752],[-123.736816275051,41.3450637141192],[-123.737571690281,41.3460500096003],[-123.737831088934,41.3466475911135],[-123.738241008016,41.3473004647447],[-123.738616602674,41.3480674380619],[-123.739123340969,41.3489040413884],[-123.739670244786,41.3492222898768],[-123.740596243422,41.3493960505873],[-123.74133606081,41.3498939971103],[-123.74161834541,41.3507220218039],[-123.741429495875,41.3519669344265],[-123.741101555392,41.3529617276017],[-123.740730041858,41.3536465541452],[-123.740024552491,41.354131000945],[-123.738989615378,41.3544497359666],[-123.738440880542,41.3545790270006],[-123.737989159172,41.3546364028477],[-123.737057992133,41.3546697173336],[-123.736552272769,41.3545159908203],[-123.736015896416,41.3542147269281],[-123.735596903175,41.3537034299694],[-123.734964084425,41.353470565814],[-123.7341567945,41.3533273541741],[-123.733290059389,41.353781089126],[-123.732672478752,41.3541368186593],[-123.731876645291,41.3544334780227],[-123.731218443177,41.3546887613773],[-123.73049275054,41.3549008979581],[-123.729836024213,41.3550665108109],[-123.729062274504,41.3553500202872],[-123.728469247158,41.355329670428],[-123.727906684346,41.355112076761],[-123.727841458317,41.3548285762778],[-123.728188238696,41.354426436331],[-123.728491290441,41.3537976483428],[-123.72859434915,41.3533509415927],[-123.729024334805,41.3528056358714],[-123.729156978512,41.3524951089622],[-123.729329502654,41.3521352200644],[-123.729380019372,41.3518858830271],[-123.729488325626,41.3514429264499],[-123.729783590141,41.3509534389501],[-123.730125458423,41.3504857258357],[-123.730222413434,41.3500062972529],[-123.73027038597,41.3495824683563],[-123.730590110245,41.3491329314397],[-123.731097636347,41.3488758143674],[-123.731754422928,41.3485988105867],[-123.732593016455,41.348116480791],[-123.732894131959,41.3477459843897],[-123.73303629319,41.3473230233389],[-123.733167336104,41.3468198436609],[-123.733419712849,41.3462725648271],[-123.733390126053,41.3459315913699],[-123.733378348532,41.3456888283768],[-123.733466703326,41.3452366825269],[-123.733709466319,41.3447147061189]]]},"properties":{"OBJECTID":558299,"USGS_ID":"ply558299","Date_Min":" ","Date_Max":" ","Confidence":8,"LS_Type":"slow moving landslide","Inventory":"West Coast Slow Moving (Yuankun and others, 2021)","Inv_URL":"https://doi.org/10.5066/P9OY7FZK","Info_Sourc":"ALOS & ALOS2 captured (2007-2011 and 2015-2019)"}},{"type":"Feature","id":558301,"geometry":{"type":"Polygon","coordinates":[[[-123.268554130769,41.074434766951],[-123.26864220947,41.0747388978819],[-123.268299800695,41.0749402857657],[-123.267885212333,41.075131049958],[-123.267541430293,41.0753262244258],[-123.267447173248,41.0758065739143],[-123.267155301876,41.0762710054026],[-123.266645596717,41.0767073384729],[-123.265965423266,41.0770111645336],[-123.265444097067,41.0773051987759],[-123.264819510712,41.0775893072008],[-123.264231747997,41.0777061273359],[-123.263729042261,41.0777847775455],[-123.26299738712,41.0780551659132],[-123.262237171308,41.0784616351963],[-123.261848548172,41.0786942475415],[-123.261641489163,41.0789362452116],[-123.261428106122,41.0792027664945],[-123.261109417865,41.0798669742815],[-123.260736050828,41.0802973520412],[-123.260129597503,41.0807436136269],[-123.259623831375,41.0810821445254],[-123.259428683887,41.0812404162123],[-123.259018276472,41.081497690666],[-123.258598092528,41.0819201777741],[-123.258386240133,41.0824389543943],[-123.258038964227,41.0828819721254],[-123.257699564583,41.0833180210099],[-123.257460022962,41.0836490074957],[-123.25687797364,41.0841966874272],[-123.256340483027,41.0845948649611],[-123.255531848616,41.0849903292403],[-123.255267291452,41.085083556561],[-123.254545898474,41.0852586905362],[-123.253836734478,41.0852642168701],[-123.25342422265,41.0851958027442],[-123.253196410886,41.0850509453449],[-123.253009728716,41.0847809131087],[-123.252893065962,41.0845001510611],[-123.252901071727,41.0840945235435],[-123.253103060358,41.0836006671371],[-123.253241247486,41.0831741924351],[-123.253333298493,41.0828471404832],[-123.253822919092,41.0823478242927],[-123.254067643507,41.0818972198808],[-123.25413472214,41.0814117559478],[-123.254346617702,41.0806902568499],[-123.254286366722,41.0804406032513],[-123.254204412404,41.080119478731],[-123.253824628704,41.0798226655836],[-123.253369408971,41.0796470198941],[-123.25284925369,41.0795423522978],[-123.251888123038,41.0793522311206],[-123.25120604842,41.0791510338931],[-123.250552840241,41.0789704167514],[-123.250348275952,41.0787735353704],[-123.250384747958,41.0784888801578],[-123.250479820687,41.078188053336],[-123.25052592713,41.0778064251265],[-123.250706667479,41.0774198533436],[-123.251153490241,41.0769024445922],[-123.25166009094,41.0767826369092],[-123.25244669376,41.07667899454],[-123.253210152526,41.0768490950098],[-123.253853943005,41.0768119305262],[-123.254639315552,41.0767393417473],[-123.255374353044,41.0766220854409],[-123.255996936609,41.0765347181028],[-123.256550204029,41.0764386156496],[-123.257337523608,41.0764231257267],[-123.257877642939,41.0765108240154],[-123.25836667808,41.0765350103825],[-123.259232102879,41.0764220861104],[-123.25951641545,41.0763058919034],[-123.260167978769,41.0761130188008],[-123.260757966407,41.0760099843733],[-123.261226993431,41.075714941991],[-123.261721432598,41.0754573995394],[-123.262089605151,41.0752765467753],[-123.262808838857,41.0749906666859],[-123.263204102587,41.0747040869241],[-123.263412364889,41.0745913533083],[-123.26371341744,41.074393756067],[-123.264673577723,41.074181026833],[-123.265687178421,41.0742121532683],[-123.266301406385,41.0741198333637],[-123.267158716601,41.0741139751798],[-123.267917217406,41.0742283743401],[-123.268554130769,41.074434766951]]]},"properties":{"OBJECTID":558301,"USGS_ID":"ply558301","Date_Min":" ","Date_Max":" ","Confidence":8,"LS_Type":"slow moving landslide","Inventory":"West Coast Slow Moving (Yuankun and others, 2021)","Inv_URL":"https://doi.org/10.5066/P9OY7FZK","Info_Sourc":"ALOS & ALOS2 captured (2007-2011 and 2015-2019)"}},{"type":"Feature","id":558353,"geometry":{"type":"Polygon","coordinates":[[[-123.525165578129,41.5345581330515],[-123.52602724646,41.5346024696283],[-123.525919761288,41.5353279365351],[-123.525876068626,41.5360060640287],[-123.525778821335,41.5368645982227],[-123.525801749551,41.5374668867874],[-123.525813213209,41.5380660574027],[-123.525781581355,41.5385539207269],[-123.525894803302,41.5391115516568],[-123.525592631095,41.5395106761768],[-123.525033410164,41.5396180750142],[-123.523902599925,41.5396830933001],[-123.523172398987,41.5397505370577],[-123.522246602699,41.539840862266],[-123.520860928189,41.5397054450503],[-123.519721444889,41.5396080835463],[-123.518413193914,41.5394893721369],[-123.51685899005,41.5393582860561],[-123.514997136209,41.5392048788022],[-123.514242228196,41.5393090940395],[-123.513426312874,41.5392484410627],[-123.512227489607,41.539287936589],[-123.511318899148,41.5392965970603],[-123.51033515954,41.5391950734939],[-123.509300584854,41.5391471027567],[-123.508226378844,41.539005196033],[-123.507471078727,41.538845798395],[-123.506799526177,41.5384638158525],[-123.506242511283,41.5382143789904],[-123.505553988526,41.5379307472062],[-123.504878060774,41.5377567526721],[-123.504076190164,41.5376625405938],[-123.503533585107,41.5374249109309],[-123.503114962386,41.5371584615938],[-123.503022146954,41.536908763029],[-123.503022888895,41.5363971899784],[-123.503206310123,41.5358961111167],[-123.503607833135,41.5354998662259],[-123.504312453757,41.5354816558538],[-123.50544288628,41.5355515844381],[-123.506852008813,41.5355944758045],[-123.508138383779,41.5356022342557],[-123.508989873584,41.5356517383371],[-123.510574581552,41.5356235625774],[-123.511766122109,41.5355285312168],[-123.513422968295,41.5353950862143],[-123.514823036454,41.5352491334408],[-123.515739767576,41.5349434700651],[-123.516378082982,41.5347859663993],[-123.517158803336,41.5344332037294],[-123.517948293879,41.5341739156937],[-123.51857766103,41.5339746088412],[-123.519476692595,41.5338580027447],[-123.520730150576,41.5337794154877],[-123.52141849167,41.5338844410142],[-123.522022337861,41.5340941656133],[-123.522471319895,41.5342431077333],[-123.522864724727,41.5344115291688],[-123.523555067712,41.5345776303534],[-123.524112275061,41.534626872732],[-123.525165578129,41.5345581330515]]]},"properties":{"OBJECTID":558353,"USGS_ID":"ply558353","Date_Min":" ","Date_Max":" ","Confidence":8,"LS_Type":"slow moving landslide","Inventory":"West Coast Slow Moving (Yuankun and others, 2021)","Inv_URL":"https://doi.org/10.5066/P9OY7FZK","Info_Sourc":"ALOS & ALOS2 captured (2007-2011 and 2015-2019)"}},{"type":"Feature","id":558446,"geometry":{"type":"Polygon","coordinates":[[[-123.676418088824,40.9974614746674],[-123.676326184406,40.9972162565251],[-123.676309315822,40.9969923298322],[-123.676182877438,40.9966723042835],[-123.676161028409,40.9962532004249],[-123.676234484134,40.9958144059101],[-123.676389920259,40.9954284564582],[-123.676827082504,40.9949538806172],[-123.677402317663,40.994778233129],[-123.677979097857,40.9946016098764],[-123.678410475663,40.9942038730104],[-123.678649516362,40.9937052169222],[-123.678623324507,40.9932034896494],[-123.678640179601,40.992665497215],[-123.678799408166,40.9920047068518],[-123.678908298979,40.9913695345764],[-123.679052601496,40.9907709089504],[-123.679118974161,40.9902888867228],[-123.679115319317,40.9900853404661],[-123.679144533793,40.9897862898055],[-123.679223041011,40.9895440178422],[-123.67937722348,40.9891477252873],[-123.679458168759,40.9886991560413],[-123.679601187045,40.9882824632651],[-123.679779648512,40.9880668858781],[-123.680435113989,40.9881993344318],[-123.680812167348,40.9882113259919],[-123.681312030326,40.9881500075169],[-123.681659254071,40.988292747912],[-123.681857912513,40.988423929321],[-123.681924241111,40.9887832408539],[-123.681860159019,40.9891820119403],[-123.681678508556,40.9895151810808],[-123.681445783796,40.9899317722336],[-123.681244057767,40.9903738186968],[-123.681004571004,40.9907166483547],[-123.680933370778,40.9909123156509],[-123.680851224005,40.9912977686771],[-123.680686923263,40.9916339532444],[-123.680581971481,40.9920182020784],[-123.680587671384,40.9922526103697],[-123.680670537615,40.9925279009419],[-123.680673149246,40.992774656925],[-123.680636968621,40.9930708387483],[-123.680544208049,40.9933789878501],[-123.680321581776,40.9937999146344],[-123.680108658288,40.9940549120046],[-123.679769472683,40.9945001888327],[-123.679658489148,40.9948688398251],[-123.679529280852,40.9953263959964],[-123.679547804188,40.9955549218222],[-123.679718154669,40.995936028425],[-123.679887401682,40.9964099846331],[-123.679750889992,40.9968092116758],[-123.679534263096,40.9972827362093],[-123.67907267976,40.9976983497991],[-123.678719550167,40.9978479502228],[-123.678286566172,40.9978786422856],[-123.678069175752,40.9980516727465],[-123.677664796493,40.9980827146456],[-123.677320122326,40.9980129020738],[-123.676955175641,40.9979021442686],[-123.6766396494,40.997650974413],[-123.676418088824,40.9974614746674]]]},"properties":{"OBJECTID":558446,"USGS_ID":"ply558446","Date_Min":" ","Date_Max":" ","Confidence":8,"LS_Type":"slow moving landslide","Inventory":"West Coast Slow Moving (Yuankun and others, 2021)","Inv_URL":"https://doi.org/10.5066/P9OY7FZK","Info_Sourc":"ALOS & ALOS2 captured (2007-2011 and 2015-2019)"}},{"type":"Feature","id":558460,"geometry":{"type":"Polygon","coordinates":[[[-123.672181660555,40.9843825640042],[-123.672516351349,40.9843439183372],[-123.672880313276,40.9843210584701],[-123.673289495814,40.9842847006785],[-123.673640038057,40.984322155643],[-123.674019772295,40.9843539601672],[-123.674756031965,40.9843812294102],[-123.675187987136,40.9843786816309],[-123.675610220635,40.9842946175026],[-123.676220362979,40.9841752585814],[-123.676845042864,40.984153408653],[-123.677600103762,40.9841542216401],[-123.678270524065,40.9841247562525],[-123.678880261715,40.9841760373943],[-123.679380017674,40.9843186887566],[-123.679486488411,40.984639506608],[-123.679569653217,40.9849839568442],[-123.679561374957,40.9853972924511],[-123.679406933483,40.9856828721669],[-123.679106405236,40.9858072187282],[-123.678489048531,40.9858348189218],[-123.677746203125,40.9857122422263],[-123.677211986044,40.9856160381497],[-123.676814414654,40.9856148114744],[-123.676350199002,40.9856673273853],[-123.6760941827,40.9856966245996],[-123.675823106351,40.9857079173865],[-123.674957487298,40.98574009423],[-123.674258136704,40.9858216168741],[-123.673555753595,40.9858965987491],[-123.672851882109,40.9858958702982],[-123.672163381835,40.9858360419998],[-123.671850670472,40.9854042532038],[-123.671889831451,40.9849055071834],[-123.67193890026,40.9845936061101],[-123.672181660555,40.9843825640042]]]},"properties":{"OBJECTID":558460,"USGS_ID":"ply558460","Date_Min":" ","Date_Max":" ","Confidence":8,"LS_Type":"slow moving landslide","Inventory":"West Coast Slow Moving (Yuankun and others, 2021)","Inv_URL":"https://doi.org/10.5066/P9OY7FZK","Info_Sourc":"ALOS & ALOS2 captured (2007-2011 and 2015-2019)"}},{"type":"Feature","id":558461,"geometry":{"type":"Polygon","coordinates":[[[-123.67328220411,41.0182705691315],[-123.673113324021,41.0178851107094],[-123.673106489173,41.0175120809179],[-123.673234209091,41.0171374782121],[-123.673496812028,41.0168219879445],[-123.67388355738,41.0165724260767],[-123.674226911343,41.0163140283698],[-123.674693874423,41.0160994519282],[-123.675163481509,41.0155931291197],[-123.675607332013,41.0149858097474],[-123.676150525227,41.0145844243317],[-123.676954966998,41.0142601881572],[-123.678069718043,41.0143006648439],[-123.678782051251,41.014732099307],[-123.678893309079,41.0153161181444],[-123.678668162006,41.0157238275926],[-123.678238234807,41.0161731819468],[-123.677732696207,41.0165308747001],[-123.677016579551,41.0168954922332],[-123.676244830834,41.0171623246816],[-123.675679704055,41.0174487542566],[-123.675392679129,41.0178199017671],[-123.674856357635,41.0183169696524],[-123.67438912296,41.0183617091257],[-123.67384880308,41.0184768745082],[-123.67328220411,41.0182705691315]]]},"properties":{"OBJECTID":558461,"USGS_ID":"ply558461","Date_Min":" ","Date_Max":" ","Confidence":8,"LS_Type":"slow moving landslide","Inventory":"West Coast Slow Moving (Yuankun and others, 2021)","Inv_URL":"https://doi.org/10.5066/P9OY7FZK","Info_Sourc":"ALOS & ALOS2 captured (2007-2011 and 2015-2019)"}},{"type":"Feature","id":558469,"geometry":{"type":"Polygon","coordinates":[[[-123.659249128045,41.2363002634465],[-123.659824030455,41.2363385853575],[-123.6604401407,41.2366730342332],[-123.660994882108,41.2368588719394],[-123.661694086113,41.2369054514255],[-123.662633429789,41.2369675640019],[-123.663455630473,41.2369396319585],[-123.664616762254,41.236724999759],[-123.665157407688,41.236959697632],[-123.665685195515,41.2375190570589],[-123.666212119094,41.2383066302468],[-123.666741639015,41.2391307168092],[-123.66773205609,41.2397832747784],[-123.668804463455,41.2401633291744],[-123.669501667368,41.2408565526878],[-123.669749882051,41.2416827382678],[-123.669987178066,41.2422864738418],[-123.670143438869,41.2428849753614],[-123.670315013327,41.2436183868791],[-123.670313344185,41.2442110212217],[-123.670525864777,41.244762668962],[-123.670840457521,41.2450785225558],[-123.671273177115,41.2454151558848],[-123.67212937577,41.2455668625207],[-123.67326647227,41.2458262054151],[-123.674484312601,41.2460424114282],[-123.67577519407,41.2462123086512],[-123.67673060953,41.2462056959362],[-123.677669426203,41.2459878801366],[-123.67865586018,41.2457218543801],[-123.679800120679,41.2454735641537],[-123.681062818294,41.2453609348593],[-123.682277525387,41.2451150763997],[-123.683757384096,41.244934744343],[-123.684684898989,41.2449942623754],[-123.68494709813,41.245549155769],[-123.684729376759,41.2460290816768],[-123.684434096956,41.2463110452186],[-123.683547967065,41.2466708217011],[-123.682593443732,41.2468978258741],[-123.681516980424,41.2472199090716],[-123.680204242732,41.2475272020188],[-123.679027775711,41.2477953303903],[-123.677818294579,41.2480238634106],[-123.676638967714,41.2481068087823],[-123.675785264678,41.2480398659471],[-123.674261083782,41.2481140186471],[-123.67303007198,41.2481248860547],[-123.672102333156,41.2480437195421],[-123.671489783327,41.2480485291164],[-123.670530098785,41.2480768002042],[-123.669873755569,41.2482486174798],[-123.669350853759,41.248550406576],[-123.668915883161,41.2497264859886],[-123.668348419944,41.2506146852196],[-123.667825451583,41.2510069910798],[-123.667214475568,41.2510972092688],[-123.666608047423,41.2510585510114],[-123.665747415111,41.2509647418294],[-123.664994718531,41.2508093767513],[-123.664382991582,41.2505502667814],[-123.663915692155,41.2503678599888],[-123.66293701663,41.2502546488331],[-123.662211944526,41.2502285927754],[-123.661344253434,41.2501198458543],[-123.660598344038,41.2500310719764],[-123.659940420714,41.2497281443385],[-123.65968606546,41.2491937033268],[-123.659473669874,41.2483386764888],[-123.659047447881,41.2475143102373],[-123.65886677768,41.2468196181309],[-123.658616242745,41.2464109913742],[-123.658206843471,41.2453793358877],[-123.658076227736,41.2445054070989],[-123.658040967117,41.2437368383844],[-123.657934605198,41.2430605760848],[-123.657737207606,41.2426024155691],[-123.657255611657,41.242081154122],[-123.657196580158,41.2418075434834],[-123.657233007197,41.2412619724621],[-123.657343154363,41.2407661744195],[-123.657542715724,41.2401852807262],[-123.65784100286,41.239703650603],[-123.658277542774,41.2391067849502],[-123.658636330003,41.2386149807968],[-123.658767603142,41.2381300303767],[-123.65882618588,41.2373056146624],[-123.658876672021,41.236728850656],[-123.659249128045,41.2363002634465]]]},"properties":{"OBJECTID":558469,"USGS_ID":"ply558469","Date_Min":" ","Date_Max":" ","Confidence":8,"LS_Type":"slow moving landslide","Inventory":"West Coast Slow Moving (Yuankun and others, 2021)","Inv_URL":"https://doi.org/10.5066/P9OY7FZK","Info_Sourc":"ALOS & ALOS2 captured (2007-2011 and 2015-2019)"}},{"type":"Feature","id":558470,"geometry":{"type":"Polygon","coordinates":[[[-123.699479729606,41.3048928734074],[-123.700279841142,41.3047894882444],[-123.700940644995,41.3046611028277],[-123.701614625714,41.3044630811063],[-123.702559327551,41.3041425312529],[-123.703053826973,41.3039344272321],[-123.70346909882,41.3034986283591],[-123.704742321201,41.3022920961034],[-123.704927894507,41.3018740327604],[-123.705031856135,41.3012591096203],[-123.704943413208,41.3005316687016],[-123.704828502333,41.3000289926439],[-123.704593880903,41.299317454437],[-123.704157769965,41.2982115032583],[-123.70389256529,41.2977625293173],[-123.703005688062,41.2975014840063],[-123.701922338645,41.2975758462484],[-123.701166455767,41.2978031813718],[-123.700589890511,41.2982229246483],[-123.699781754324,41.2984622522312],[-123.698728755228,41.2986931099991],[-123.697958932858,41.2984069259389],[-123.697282457419,41.2979890361651],[-123.696424379182,41.2973291028559],[-123.695253929525,41.2965630036798],[-123.694544296082,41.2958219892934],[-123.694149660079,41.2953517904528],[-123.694048438684,41.2949251736579],[-123.694050948692,41.2945303308102],[-123.694011999054,41.293577319238],[-123.694296170432,41.2931113355198],[-123.694641902202,41.2928005298206],[-123.695637942737,41.292560043911],[-123.696883139545,41.2923155533202],[-123.697412229591,41.2922451480952],[-123.698478903778,41.2923905315978],[-123.699355926235,41.2928691480928],[-123.700142005649,41.2933129104625],[-123.700850040097,41.2933174880117],[-123.70184591156,41.2936010208705],[-123.702655681814,41.2938744858189],[-123.704048053575,41.2937269673257],[-123.705235970763,41.2933958738206],[-123.705374601257,41.2925453157138],[-123.705487780037,41.2917590258584],[-123.705451143456,41.2905533920255],[-123.705482059449,41.2901232588814],[-123.704907564433,41.2893642850338],[-123.704406576402,41.2883965425664],[-123.704241289104,41.287856508671],[-123.703835902605,41.2872064921859],[-123.703646654669,41.2867389112718],[-123.703569026989,41.286404864393],[-123.703444150727,41.2857916364749],[-123.703395336426,41.2853484640604],[-123.703315347125,41.2845922025681],[-123.703146219722,41.2840851396176],[-123.703147725187,41.2834215577587],[-123.703969899791,41.2824640774552],[-123.704791210146,41.2821380390393],[-123.706150803417,41.281668083915],[-123.707616038249,41.2815016877527],[-123.709301122249,41.2812916358004],[-123.710233140047,41.2811780352382],[-123.711503649174,41.2810056585843],[-123.712772718486,41.2810574874132],[-123.714393890366,41.281323617491],[-123.715877126028,41.2819647864458],[-123.717102744596,41.2827039410341],[-123.717913807176,41.2830073893796],[-123.71888772349,41.2838724580475],[-123.720111310489,41.2849475858624],[-123.720508291924,41.2852268199618],[-123.721484142679,41.2860524569554],[-123.722080483128,41.2869483525844],[-123.722651253153,41.2878812858927],[-123.723200589635,41.2885899930338],[-123.723844792903,41.2891505044922],[-123.724236151777,41.2898810129984],[-123.724363934648,41.290737669408],[-123.724484058892,41.2914391891673],[-123.724646557393,41.2921356394482],[-123.724314637411,41.2928292118987],[-123.724027786053,41.293660416595],[-123.723804180419,41.2941048903285],[-123.723517403705,41.2945550774549],[-123.722758022465,41.294804665403],[-123.722372834739,41.2950501191678],[-123.72207199083,41.2953067407135],[-123.722067322449,41.2958639354723],[-123.722413747596,41.2967022250277],[-123.722603602574,41.2975997835032],[-123.72282970023,41.2985881753041],[-123.722974878688,41.2992542770633],[-123.723268874259,41.3001658469763],[-123.723492308123,41.3008901339725],[-123.723353290022,41.3015303613371],[-123.723175503047,41.3019780294625],[-123.722478710124,41.3023023393815],[-123.721680643647,41.3023425993315],[-123.72112810288,41.3025177539912],[-123.720322426339,41.303044004877],[-123.719628379046,41.3036979576946],[-123.71846105993,41.3042400645274],[-123.717139310131,41.3044433913495],[-123.716186913695,41.3045324377219],[-123.715524633155,41.3041770031662],[-123.714742156425,41.3039207062756],[-123.713825887555,41.3033854010155],[-123.712734531473,41.3032824574195],[-123.711723570286,41.303726928455],[-123.711043306903,41.3042585536894],[-123.710394986539,41.3047930486603],[-123.709765475496,41.3056781461296],[-123.709257521318,41.306745288864],[-123.708809629261,41.3073107151175],[-123.707985900629,41.3077505312621],[-123.706600315152,41.3081305137123],[-123.705376663402,41.3084503486048],[-123.704326927945,41.3086753275044],[-123.703226754911,41.3089835512499],[-123.701891930768,41.3093206252467],[-123.700995111535,41.3095495386803],[-123.700394051444,41.3095387675002],[-123.699820818176,41.309387127414],[-123.699316472077,41.3086859188202],[-123.699190995968,41.3078856400103],[-123.699075128215,41.3070917535816],[-123.698957826942,41.3063390111365],[-123.698953356412,41.3057335596561],[-123.699479729606,41.3048928734074]]]},"properties":{"OBJECTID":558470,"USGS_ID":"ply558470","Date_Min":" ","Date_Max":" ","Confidence":8,"LS_Type":"slow moving landslide","Inventory":"West Coast Slow Moving (Yuankun and others, 2021)","Inv_URL":"https://doi.org/10.5066/P9OY7FZK","Info_Sourc":"ALOS & ALOS2 captured (2007-2011 and 2015-2019)"}},{"type":"Feature","id":558472,"geometry":{"type":"Polygon","coordinates":[[[-123.673635009948,41.271337924106],[-123.672689387205,41.2710152959192],[-123.672190202316,41.2704720523434],[-123.671600707507,41.2698574457646],[-123.671355740275,41.2694099377185],[-123.671951580701,41.2681836977195],[-123.672667146072,41.2677655840146],[-123.673261134793,41.2673227533425],[-123.673878014858,41.2666184196044],[-123.674616650538,41.2658616949613],[-123.6756499302,41.2649488444137],[-123.676877812361,41.2640619159247],[-123.677675165676,41.2635629198929],[-123.678804842769,41.2627753835771],[-123.679662402997,41.2617275870586],[-123.680756770009,41.2600798671922],[-123.681277439702,41.2588969934015],[-123.682234326453,41.2574917793222],[-123.683230836434,41.2562810895008],[-123.684668877567,41.2550538323685],[-123.686251934379,41.2541285370024],[-123.687757812273,41.253574322597],[-123.689221696324,41.2528730753322],[-123.690323802002,41.2523242478658],[-123.690889343368,41.2518130929999],[-123.692038714715,41.2511079669592],[-123.693117354382,41.2505080894768],[-123.693775507933,41.2500136053437],[-123.694066138242,41.2490032655883],[-123.693885486926,41.2481178200814],[-123.693313875135,41.2470430331095],[-123.692017031161,41.2455847446403],[-123.691781025674,41.2447086206064],[-123.692296932557,41.2439387379824],[-123.693456514806,41.243306676462],[-123.694808709354,41.2429030013724],[-123.695778872797,41.2427607115376],[-123.696546617732,41.2428638763669],[-123.697634792012,41.2433163963346],[-123.69855442075,41.2434028976257],[-123.699765299429,41.243326358125],[-123.700535603835,41.2436884278787],[-123.701226737324,41.2442640722292],[-123.701152652073,41.2456242932266],[-123.70141241675,41.2462051581416],[-123.701840169388,41.2468293622853],[-123.702097541868,41.2471502197069],[-123.702545468099,41.2476932708278],[-123.702810106201,41.2482646101237],[-123.703148751314,41.2487301603687],[-123.703619790121,41.2492534830619],[-123.70413269147,41.2498179299536],[-123.704503504433,41.2509121521741],[-123.704710414154,41.2514439833532],[-123.704785842093,41.2521731194939],[-123.704452645073,41.2529915780989],[-123.704057792333,41.2536500329227],[-123.703304004876,41.2542423408115],[-123.702714144942,41.25506550377],[-123.702277991736,41.2557390321307],[-123.701789572631,41.2567571015591],[-123.701713475596,41.2579330802475],[-123.701851717583,41.2590568020298],[-123.70208008243,41.2601259628429],[-123.702103784062,41.261108840001],[-123.701043906051,41.2620807769064],[-123.700300408637,41.2629578785034],[-123.699487506943,41.2634563106603],[-123.698527229748,41.2635502232642],[-123.697281308985,41.2636593065319],[-123.696302294415,41.2640404940736],[-123.695205781621,41.2647597601548],[-123.694332185582,41.2655756880676],[-123.693427367779,41.266335898483],[-123.692644641037,41.2667527567344],[-123.691964930737,41.2675295461517],[-123.690715879434,41.2686157374264],[-123.689295545053,41.2696575129839],[-123.688566183183,41.2700469203292],[-123.687725576074,41.270426667157],[-123.686502628493,41.2708669131775],[-123.6857072357,41.2712917169392],[-123.684804113119,41.2717046595425],[-123.683655282265,41.2722484777851],[-123.682551291609,41.2728380346476],[-123.681516412053,41.2736048011207],[-123.680226559408,41.2742926493863],[-123.679575421468,41.2747797473875],[-123.678949563472,41.2749024490888],[-123.67760394027,41.2743577621011],[-123.67607356934,41.2736232704976],[-123.675352063047,41.2729563341675],[-123.674406376453,41.2720539823055],[-123.673635009948,41.271337924106]]]},"properties":{"OBJECTID":558472,"USGS_ID":"ply558472","Date_Min":" ","Date_Max":" ","Confidence":8,"LS_Type":"slow moving landslide","Inventory":"West Coast Slow Moving (Yuankun and others, 2021)","Inv_URL":"https://doi.org/10.5066/P9OY7FZK","Info_Sourc":"ALOS & ALOS2 captured (2007-2011 and 2015-2019)"}},{"type":"Feature","id":558473,"geometry":{"type":"Polygon","coordinates":[[[-123.717632536113,41.382441590607],[-123.718062156643,41.3826467070799],[-123.718432797835,41.3830427235429],[-123.718914298456,41.3833071287211],[-123.719454752335,41.3835031368603],[-123.71996318855,41.3836412583374],[-123.720642314291,41.3837878010662],[-123.721341235909,41.383835438155],[-123.72194360991,41.3839106250753],[-123.722331864324,41.3839656339069],[-123.722711701983,41.383962464696],[-123.723231698084,41.3839605347509],[-123.723625922198,41.383958007656],[-123.723819810636,41.3832398243585],[-123.723713290436,41.3826185115351],[-123.723699689989,41.3818222625874],[-123.723869749989,41.381455865296],[-123.724384663122,41.3807954958155],[-123.725171488074,41.3805573913106],[-123.726501986477,41.3805889269375],[-123.727502828493,41.3807805904519],[-123.728599325998,41.3809678805633],[-123.729357144217,41.3813027719054],[-123.73006561034,41.3815398367941],[-123.730551930427,41.3817747181288],[-123.731044405475,41.381957372235],[-123.731766148289,41.382319786429],[-123.732190999715,41.3827095166309],[-123.732447897353,41.3834280218858],[-123.732488058377,41.3839637831022],[-123.732460245044,41.3844593365292],[-123.732368288466,41.3850269202562],[-123.732161487563,41.3855820663593],[-123.731982151055,41.3859029957267],[-123.73156413088,41.3864983163443],[-123.731088926413,41.3867502119527],[-123.730603890557,41.3869398933614],[-123.730462510836,41.3874421926031],[-123.730296641677,41.3882735232046],[-123.730206701378,41.3887363197254],[-123.730240818059,41.3889861873627],[-123.730347521721,41.3894659271109],[-123.730347022597,41.3905973273049],[-123.730021925771,41.3913767148635],[-123.729869775769,41.3916779391856],[-123.729376165777,41.3920535967961],[-123.728671846429,41.3921574873782],[-123.72800379404,41.3922041684876],[-123.72755755134,41.3924983727018],[-123.727190547006,41.3929712623139],[-123.726731531235,41.3931890079664],[-123.726155444418,41.393438181327],[-123.725285933099,41.3936468663099],[-123.724927544271,41.3938581512327],[-123.724520270994,41.3944730797689],[-123.724172218973,41.3949151325274],[-123.723855268206,41.3953729674885],[-123.72345062005,41.3961399075308],[-123.722994950656,41.3965547944682],[-123.722403682384,41.3968025064306],[-123.721967042645,41.3967915895603],[-123.721609095383,41.3966616492158],[-123.721398956197,41.3965437966589],[-123.721162840093,41.3959880390168],[-123.72084591091,41.3956580687649],[-123.720334068962,41.3955104486483],[-123.719862674023,41.3953598211988],[-123.719474029303,41.3951148719538],[-123.718921397704,41.3949116800301],[-123.71818693398,41.3946965316197],[-123.717508088827,41.3945228509489],[-123.716734860725,41.3942316252893],[-123.716200925133,41.3938944181929],[-123.715891990923,41.3936573631968],[-123.715691562615,41.3930931024648],[-123.71551028717,41.3925464702435],[-123.715400625638,41.3918900343976],[-123.715328673579,41.391301097168],[-123.715544338201,41.3907273773666],[-123.715516914274,41.3901686483645],[-123.715783485919,41.3895346910732],[-123.716034760995,41.3890458124143],[-123.71579275703,41.388262862641],[-123.715664636913,41.3874257961636],[-123.715516797362,41.3870005958009],[-123.715337716263,41.3866246207297],[-123.715427624185,41.3861787629396],[-123.715674542946,41.385686413797],[-123.715995918377,41.3852101049624],[-123.716258484441,41.3845026910464],[-123.716280169794,41.3837155567276],[-123.716676385007,41.3832426410351],[-123.717243366188,41.3829739775671],[-123.717632536113,41.382441590607]]]},"properties":{"OBJECTID":558473,"USGS_ID":"ply558473","Date_Min":" ","Date_Max":" ","Confidence":8,"LS_Type":"slow moving landslide","Inventory":"West Coast Slow Moving (Yuankun and others, 2021)","Inv_URL":"https://doi.org/10.5066/P9OY7FZK","Info_Sourc":"ALOS & ALOS2 captured (2007-2011 and 2015-2019)"}},{"type":"Feature","id":558483,"geometry":{"type":"Polygon","coordinates":[[[-123.659231537306,41.2592061587373],[-123.659739238775,41.2589330912892],[-123.660205494988,41.2586925990842],[-123.660669318534,41.2584722804714],[-123.661096967751,41.2581766535298],[-123.661455788254,41.2578903264774],[-123.661955398523,41.2576686283046],[-123.662444618924,41.2573269425844],[-123.663174468227,41.2569482812382],[-123.663592984828,41.2567335815896],[-123.66394964516,41.2564850323584],[-123.664120849997,41.2563000903769],[-123.664434420212,41.2560353884225],[-123.66458962611,41.2556891647232],[-123.664827374484,41.2552944513779],[-123.665227912738,41.2550884652605],[-123.665899201787,41.2549847491469],[-123.666801768587,41.2551013111766],[-123.667442238768,41.2551278735526],[-123.668302719994,41.2552280760149],[-123.669538593531,41.2554048386624],[-123.670393026817,41.2554826309187],[-123.671294724872,41.2555388673249],[-123.672026791903,41.25580107456],[-123.672285051114,41.2560538245244],[-123.672473543619,41.2562933994209],[-123.672630049937,41.2567362867503],[-123.672482794945,41.257132673734],[-123.672032500799,41.2574271783217],[-123.671474665723,41.2575503584623],[-123.670639988744,41.2577854790167],[-123.669974295277,41.2579267804966],[-123.669478769729,41.2582799145865],[-123.668995782529,41.2585776783172],[-123.668475873663,41.2585022836535],[-123.667908731503,41.2583045272322],[-123.667130193803,41.2583678475982],[-123.666263589993,41.2586435761402],[-123.665495553677,41.2588654505801],[-123.664543200408,41.2592572878935],[-123.663756617374,41.2596883878089],[-123.663211963661,41.2600349100831],[-123.662664834115,41.2605577867125],[-123.661866980776,41.2610544517016],[-123.661152199614,41.2615649590556],[-123.660622674297,41.261825759751],[-123.660322101983,41.2615726941246],[-123.660165913126,41.2610813729071],[-123.659860377454,41.2605984792365],[-123.659261930793,41.2600067478132],[-123.659082566407,41.2595863201526],[-123.659231537306,41.2592061587373]]]},"properties":{"OBJECTID":558483,"USGS_ID":"ply558483","Date_Min":" ","Date_Max":" ","Confidence":8,"LS_Type":"slow moving landslide","Inventory":"West Coast Slow Moving (Yuankun and others, 2021)","Inv_URL":"https://doi.org/10.5066/P9OY7FZK","Info_Sourc":"ALOS & ALOS2 captured (2007-2011 and 2015-2019)"}},{"type":"Feature","id":558533,"geometry":{"type":"Polygon","coordinates":[[[-123.517125666916,41.4846132166267],[-123.517231000011,41.4842194790457],[-123.51729418278,41.4839941718936],[-123.517327634862,41.4837472036706],[-123.517585180911,41.4834651232169],[-123.518028821873,41.4832692202983],[-123.518482904862,41.4831380388894],[-123.519012704473,41.4831414113471],[-123.519515816702,41.4832476041937],[-123.52012806256,41.4833016561466],[-123.520406341579,41.4833372764942],[-123.520536994187,41.4834224332987],[-123.520567402963,41.4837435919932],[-123.520491418344,41.4840838630799],[-123.520458161415,41.4843339825273],[-123.520445349673,41.4846838286958],[-123.52047242826,41.4851627986243],[-123.520374298735,41.4854238016671],[-123.519884856201,41.4856177692447],[-123.519360186324,41.4856891340464],[-123.51887526738,41.4856325999646],[-123.518467617287,41.4856080026073],[-123.518110901197,41.4854421379443],[-123.517764065959,41.4852017185845],[-123.517410764595,41.484949582857],[-123.517125666916,41.4846132166267]]]},"properties":{"OBJECTID":558533,"USGS_ID":"ply558533","Date_Min":" ","Date_Max":" ","Confidence":8,"LS_Type":"slow moving landslide","Inventory":"West Coast Slow Moving (Yuankun and others, 2021)","Inv_URL":"https://doi.org/10.5066/P9OY7FZK","Info_Sourc":"ALOS captured only (2007-2011)"}},{"type":"Feature","id":558556,"geometry":{"type":"Polygon","coordinates":[[[-123.770731135733,41.2438648038177],[-123.768621481796,41.2448089849468],[-123.765978984942,41.245380504107],[-123.763191368986,41.2464120885471],[-123.759336494284,41.2467831991854],[-123.756040203792,41.246815418297],[-123.752922036623,41.2472854300786],[-123.7491365653,41.2481247367672],[-123.746893329663,41.2489626468088],[-123.744816095386,41.2500116789959],[-123.743223788147,41.2512764846221],[-123.74150036515,41.2522956287403],[-123.73957178431,41.2533813856425],[-123.737511396134,41.2538692768457],[-123.736100589171,41.2537845247361],[-123.733690426772,41.2540431769511],[-123.732392700563,41.252643149262],[-123.73108296121,41.2503730202987],[-123.730357754207,41.2487262932839],[-123.728176697696,41.2475024238978],[-123.727284089989,41.2461057308948],[-123.726570038177,41.2439012758232],[-123.726874362462,41.2423879191672],[-123.727296276702,41.2414242650179],[-123.728690629669,41.2394087862865],[-123.729522718399,41.2380521643759],[-123.729618892798,41.2368441050714],[-123.729516655169,41.2353925588196],[-123.728876628354,41.2344861555117],[-123.728199042252,41.2332395143922],[-123.727170359924,41.2317877603969],[-123.727074671159,41.2298516036686],[-123.727515840783,41.2287461920832],[-123.729174550365,41.2272962861947],[-123.730691790294,41.2262573318105],[-123.732236575557,41.2253173873876],[-123.733585545137,41.223092988051],[-123.734732495508,41.2211828280251],[-123.736824565901,41.2193928471023],[-123.738692911948,41.2181363691981],[-123.74067558521,41.2168455704668],[-123.742378695221,41.2156694784637],[-123.744773260677,41.2147832325602],[-123.746431709456,41.2141700963729],[-123.74770433109,41.2135923548034],[-123.748405530691,41.2123749623347],[-123.7492060748,41.2110244387269],[-123.749964443404,41.2099073404515],[-123.75147132764,41.2086291367253],[-123.753267764795,41.2077703201442],[-123.754214345316,41.2059749729667],[-123.75514951254,41.2055355929933],[-123.755857895026,41.2066271909921],[-123.756968566746,41.2076762402663],[-123.758107207382,41.2094371461075],[-123.759645356548,41.2111504346449],[-123.76188390312,41.2133144696871],[-123.763418868686,41.2154276120947],[-123.765072153557,41.2169439509026],[-123.76703706341,41.2184575350872],[-123.768650950781,41.2198799954655],[-123.770031620563,41.2216096993282],[-123.770887251745,41.2229310462308],[-123.771795379053,41.2245519618036],[-123.772483659893,41.2265006110144],[-123.772939079275,41.2284449308889],[-123.773166502532,41.2303052378965],[-123.772982420302,41.2319316896958],[-123.772844501173,41.2333662738345],[-123.772140376977,41.2349705222719],[-123.77165674856,41.2360113787222],[-123.770993454484,41.2370468023681],[-123.770471648947,41.2382151296246],[-123.770559770817,41.239339030372],[-123.771227291706,41.2408348421543],[-123.771573358024,41.2422681915239],[-123.770731135733,41.2438648038177]]]},"properties":{"OBJECTID":558556,"USGS_ID":"ply558556","Date_Min":" ","Date_Max":" ","Confidence":8,"LS_Type":"slow moving landslide","Inventory":"West Coast Slow Moving (Yuankun and others, 2021)","Inv_URL":"https://doi.org/10.5066/P9OY7FZK","Info_Sourc":"ALOS captured only (2007-2011)"}},{"type":"Feature","id":558557,"geometry":{"type":"Polygon","coordinates":[[[-123.713598201696,41.3269202533671],[-123.713858681333,41.3273397097598],[-123.713651424474,41.3279953245246],[-123.713230326818,41.3288366555872],[-123.712731183297,41.3298091428777],[-123.712367698011,41.3307238262436],[-123.711667332981,41.3315839108689],[-123.710975182359,41.3324993280816],[-123.710133414226,41.3334313260949],[-123.7093970952,41.334091166774],[-123.70835026815,41.3350228095551],[-123.707305061679,41.3358937184204],[-123.706888211522,41.3362653650546],[-123.706103087188,41.3369026804144],[-123.705296927711,41.3376199976648],[-123.704306013312,41.3384365344186],[-123.702959573525,41.3388603498253],[-123.701892231142,41.3392249250902],[-123.701112080058,41.3394621815345],[-123.700403273093,41.3399551350215],[-123.699644004267,41.340620042481],[-123.698865638339,41.3405912282027],[-123.697852927071,41.340056368107],[-123.697023913123,41.3394289722693],[-123.696658639984,41.3385971632285],[-123.696623323607,41.3376357375993],[-123.696704306658,41.3366508738388],[-123.697147713796,41.3356292673768],[-123.697690140787,41.3345713912568],[-123.698292438345,41.334067502913],[-123.699155045569,41.3336015650602],[-123.699911236015,41.333380589043],[-123.700407166258,41.3331388171028],[-123.701272848263,41.3326456216981],[-123.702064484588,41.3319767572216],[-123.702863984585,41.3309511307901],[-123.703914970999,41.3299548150627],[-123.704925437559,41.3291116233028],[-123.705872346332,41.3283175156409],[-123.706790536154,41.3274946071904],[-123.707757068134,41.3269215366996],[-123.708486406622,41.3262009333264],[-123.709397788577,41.3256506750387],[-123.710301946278,41.3254787849181],[-123.711534453652,41.3255591501347],[-123.712354360166,41.3260772010021],[-123.71320333007,41.3266751152644],[-123.713598201696,41.3269202533671]]]},"properties":{"OBJECTID":558557,"USGS_ID":"ply558557","Date_Min":" ","Date_Max":" ","Confidence":8,"LS_Type":"slow moving landslide","Inventory":"West Coast Slow Moving (Yuankun and others, 2021)","Inv_URL":"https://doi.org/10.5066/P9OY7FZK","Info_Sourc":"ALOS captured only (2007-2011)"}},{"type":"Feature","id":558558,"geometry":{"type":"Polygon","coordinates":[[[-123.698715615233,41.3048928716088],[-123.697992628657,41.304952933731],[-123.697247694126,41.3048687239125],[-123.69592441458,41.3049730335787],[-123.694751380272,41.3051941417963],[-123.693562851544,41.3053327632965],[-123.692129368176,41.305414678045],[-123.690614134635,41.3053194038674],[-123.689700865902,41.305087346404],[-123.689015180506,41.3047219284743],[-123.688487777589,41.3044091685483],[-123.688031770949,41.3041243532563],[-123.687447366303,41.3039427729407],[-123.686779629576,41.3034954411617],[-123.686948290231,41.303062807003],[-123.687310368978,41.3028151130271],[-123.687739500278,41.3026724328865],[-123.688395034104,41.3025898634315],[-123.68881029336,41.3024982261123],[-123.689309612249,41.3023984885994],[-123.689750614599,41.3022830174473],[-123.690317799027,41.3019722800967],[-123.690814527868,41.3015261102419],[-123.691268422899,41.3011094219623],[-123.691547505013,41.3009152493393],[-123.691893593814,41.3007174236702],[-123.69290118704,41.3004003865686],[-123.693863237698,41.2999719153717],[-123.694691656295,41.2998203769089],[-123.695309884444,41.2998116211095],[-123.696057599678,41.299638837962],[-123.69639582121,41.299352087329],[-123.696798596078,41.2991353893868],[-123.697231609751,41.2993185974753],[-123.697642933574,41.2996259236975],[-123.698078563375,41.3001520882483],[-123.698577070176,41.3005519349239],[-123.698701384361,41.300921889034],[-123.699216970187,41.3015524154117],[-123.699367880923,41.3022531788412],[-123.699501129873,41.3028367183399],[-123.699442663148,41.3032773519683],[-123.69935143592,41.3037978022268],[-123.699025338149,41.3043779099126],[-123.698715615233,41.3048928716088]]]},"properties":{"OBJECTID":558558,"USGS_ID":"ply558558","Date_Min":" ","Date_Max":" ","Confidence":8,"LS_Type":"slow moving landslide","Inventory":"West Coast Slow Moving (Yuankun and others, 2021)","Inv_URL":"https://doi.org/10.5066/P9OY7FZK","Info_Sourc":"ALOS captured only (2007-2011)"}},{"type":"Feature","id":558559,"geometry":{"type":"Polygon","coordinates":[[[-123.663727209543,41.2631544145447],[-123.663605734517,41.2627518986812],[-123.663776402459,41.2620858787603],[-123.663985449869,41.2616536627864],[-123.664263083175,41.2613720760605],[-123.664662963125,41.2608608420543],[-123.665408638698,41.260391861795],[-123.66577801904,41.2602191119225],[-123.666396927976,41.2600653152621],[-123.667381921239,41.2601379795842],[-123.668225925986,41.2606213489961],[-123.669171090074,41.2608215200971],[-123.670595787965,41.2606592410312],[-123.671368519641,41.2606166608303],[-123.672011685091,41.2607875248245],[-123.672462892948,41.2612570770525],[-123.672682953455,41.2615103809993],[-123.672954883261,41.261898636313],[-123.67303592207,41.262177299343],[-123.67311974518,41.2625657129374],[-123.673113324021,41.262917695895],[-123.673139713727,41.2633547610135],[-123.672879322223,41.2637748073615],[-123.6725940168,41.2640983780378],[-123.672221342241,41.264524677372],[-123.672075905678,41.2649954409869],[-123.672093342634,41.2655658782627],[-123.672098626151,41.2660900364261],[-123.671760161802,41.2666046572792],[-123.671359442784,41.266965367258],[-123.671008498543,41.2673298328056],[-123.670507961973,41.2675820206937],[-123.670147095512,41.2677909673793],[-123.669664611033,41.2681653551471],[-123.668939702605,41.2683875317592],[-123.668247855054,41.2682278625259],[-123.667684775132,41.2678472352617],[-123.667374248223,41.2674996814651],[-123.666930678308,41.2670089439077],[-123.666575815721,41.266521727196],[-123.666324217788,41.2659465621841],[-123.666151301541,41.2655665878278],[-123.665786272119,41.2651024989812],[-123.665131937089,41.2648328858291],[-123.66462913063,41.2644461233899],[-123.664237519046,41.264003946525],[-123.663868550593,41.263549100011],[-123.663727209543,41.2631544145447]]]},"properties":{"OBJECTID":558559,"USGS_ID":"ply558559","Date_Min":" ","Date_Max":" ","Confidence":8,"LS_Type":"slow moving landslide","Inventory":"West Coast Slow Moving (Yuankun and others, 2021)","Inv_URL":"https://doi.org/10.5066/P9OY7FZK","Info_Sourc":"ALOS captured only (2007-2011)"}}]}