{"type":"FeatureCollection","features":[{"type":"Feature","id":1,"geometry":{"type":"LineString","coordinates":[[-123.134282234051,41.5339326791251],[-123.133914297344,41.5336934314325],[-123.133695457937,41.533700056252],[-123.133420137601,41.5338521345097],[-123.133204298744,41.5339708015607],[-123.132967945024,41.5339412382036],[-123.132775807213,41.5338468927316],[-123.132496000759,41.5336839225374],[-123.1322314005,41.5334390320581],[-123.132083399534,41.5330542238594],[-123.132020442667,41.5326727104679],[-123.131984157791,41.5321977191183],[-123.131909962525,41.531909392244],[-123.131760775792,41.5316693855457],[-123.131468891728,41.5313400243434],[-123.130995505481,41.5310848138022],[-123.130523024257,41.5308528520717],[-123.13003625001,41.5306444242277],[-123.129467998576,41.5303335701611],[-123.129071027794,41.5300649076041],[-123.128778653491,41.5297239182615],[-123.128581280696,41.5294386545397],[-123.128390038117,41.5291129183179]]},"properties":{"OBJECTID":1,"OWNERNAME":"Klamath National Forest","OWNERTYPE":"USDA Forest Service","DESIGNATIO":" ","MANAGEMENT":" ","REV_DATE":969580800000}},{"type":"Feature","id":2,"geometry":{"type":"LineString","coordinates":[[-122.52046123369,41.2112135935315],[-122.52012148175,41.2117164266771],[-122.520132024145,41.2119146328874],[-122.520202574107,41.2120500594647],[-122.520343914164,41.2122938651348],[-122.520507352617,41.2127899138447],[-122.520540243609,41.2131864496126],[-122.520713509311,41.2139618531669],[-122.520770888816,41.2142683798249],[-122.520790929562,41.2147909325117],[-122.520825721041,41.2149261777991],[-122.521001779372,41.2153232610271],[-122.521309006765,41.215711843682],[-122.521403281433,41.2158743792651],[-122.521449550826,41.2160817846149],[-122.52141177375,41.2163428964435],[-122.521290467555,41.2166216455783],[-122.521218296576,41.2167114436848],[-122.521073632642,41.2169089867716],[-122.520809518082,41.2171330926638],[-122.520652483621,41.2174026440865],[-122.520557159748,41.2176611275294]]},"properties":{"OBJECTID":2,"OWNERNAME":"Shasta Trinity National Forest","OWNERTYPE":"USDA Forest Service","DESIGNATIO":" ","MANAGEMENT":" ","REV_DATE":969580800000}},{"type":"Feature","id":3,"geometry":{"type":"LineString","coordinates":[[-122.519045115517,41.2089103685553],[-122.519084512728,41.2090276717644],[-122.519256485568,41.2090819097894],[-122.519701604041,41.2091900625395],[-122.520147001758,41.2092451112279],[-122.520639575658,41.2092826222832],[-122.521415169206,41.2093193055219],[-122.521460652457,41.209321455987],[-122.521855208428,41.2094997640935],[-122.522148830963,41.2097697993635],[-122.522371532182,41.2099277652952],[-122.522435157131,41.2100356549895],[-122.522581667364,41.2102840409858],[-122.522583640057,41.2102858943813],[-122.522696707644,41.2103899033129],[-122.522721117015,41.210517963786],[-122.522227306886,41.2103879933691],[-122.521841033827,41.2103199524651],[-122.521711757598,41.2102972228803],[-122.521312406098,41.2103487095058],[-122.521095371791,41.210511197557],[-122.520885929753,41.2106727208681],[-122.520797263743,41.2108491232055],[-122.52067461675,41.2110929199283],[-122.52046123369,41.2112135935315]]},"properties":{"OBJECTID":3,"OWNERNAME":"Shasta Trinity National Forest","OWNERTYPE":"USDA Forest Service","DESIGNATIO":" ","MANAGEMENT":" ","REV_DATE":1214438400000}},{"type":"Feature","id":4,"geometry":{"type":"LineString","coordinates":[[-122.99376889689,41.3948862181611],[-122.993565560031,41.3948591400184],[-122.993278389301,41.3947420767621],[-122.993087070915,41.3946880185258],[-122.992776069226,41.3946068717118],[-122.992596647694,41.394525835402],[-122.992429202826,41.3943996945038],[-122.992273699382,41.3942105021699],[-122.992082413863,41.3938772428827],[-122.99196277565,41.3936340801236],[-122.991914912291,41.3934269012845],[-122.9918551703,41.3932557180733],[-122.991675733698,41.3930485196633],[-122.991556115612,41.392931428841],[-122.991293085955,41.392751289344],[-122.990910279749,41.3925530821121],[-122.990635237351,41.3923999201161],[-122.990407902423,41.3923188507158],[-122.990132868209,41.392228726008],[-122.98979792954,41.3921206371594],[-122.989654448383,41.3920215171856],[-122.989451093321,41.3918593435678],[-122.989427222292,41.3918142805234],[-122.989379400581,41.391742282403],[-122.989343511931,41.3915441093073],[-122.989307652937,41.3913008436916],[-122.989247809006,41.3911927885631],[-122.989104330707,41.3910936687797],[-122.989032620242,41.390967589804],[-122.988984768044,41.3907604113704],[-122.988913116599,41.3905442409547],[-122.988829371557,41.3904361230853],[-122.988721773547,41.3902919604279],[-122.988410815138,41.3899766954638],[-122.988279303642,41.389823543103],[-122.988195504575,41.3896883720289],[-122.988123822371,41.3894541658747],[-122.987956424361,41.3892199827044],[-122.987896630403,41.3890758545782],[-122.987789069696,41.388886690289],[-122.987693379567,41.3887785865369],[-122.987597762054,41.3887065521271],[-122.987478160175,41.3886524946236],[-122.987358456678,41.3886074555949],[-122.987274821736,41.388553353802],[-122.986772507458,41.3881479475529],[-122.986581168254,41.3879497725116],[-122.986425766113,41.3877966459026],[-122.986282276011,41.3875624340753],[-122.986126820322,41.387382252502],[-122.98597140421,41.3872201076576],[-122.985744118179,41.3870309032853],[-122.98548100604,41.3868507567211],[-122.985325558014,41.386733609919],[-122.985182028133,41.3866615416327],[-122.984859122994,41.3865803899855],[-122.984428557633,41.3864992704464],[-122.984069808345,41.3864181569534],[-122.983854500131,41.3863010795497],[-122.983388072324,41.386210888703],[-122.983053274505,41.3861567984528],[-122.982814054912,41.3860937637484],[-122.982598764544,41.385985611571],[-122.982096531322,41.3857874195707],[-122.981785617102,41.3855982110185],[-122.981630109962,41.3855081157229],[-122.981390927771,41.385399988205],[-122.981127878385,41.3853098312999],[-122.980864781199,41.3852557460576],[-122.980565702901,41.3851926855027],[-122.98029065333,41.3851385223045],[-122.980087301976,41.3850844613827],[-122.979740494997,41.3849943045191],[-122.979489437302,41.3849222567198],[-122.97927406677,41.3848951713835],[-122.979070798718,41.3848861057247],[-122.978927296294,41.3848230481746],[-122.978413022454,41.3847599456739],[-122.977264846493,41.384624579228],[-122.977001770341,41.3845795028456],[-122.976762580423,41.3844623491007],[-122.976595150844,41.3843812776033],[-122.976499494865,41.3843452207368],[-122.976176625579,41.3842730634486],[-122.975805823123,41.3842549769801],[-122.975578667772,41.3841828949989],[-122.975387271442,41.3841288139016],[-122.975136205551,41.3839846140444],[-122.974478512162,41.3836962902285],[-122.974323048899,41.3836241311813],[-122.974119750285,41.3834619348671],[-122.974036126301,41.3833358599341],[-122.973976304011,41.383290835349],[-122.973844860396,41.3832187384225],[-122.973665452879,41.383119551023],[-122.973593698861,41.3830835546861],[-122.97353393082,41.3830024575752],[-122.9734622149,41.3829213703563],[-122.973414485494,41.382822311674],[-122.973354717898,41.3827412135635],[-122.973259074962,41.3826421162296],[-122.973199307707,41.3825610171337],[-122.973163390336,41.3824529309428],[-122.973163518899,41.3823898939551],[-122.973175474597,41.3823268453805],[-122.973187431481,41.3822637976938],[-122.973283238084,41.381984499011],[-122.973355056568,41.3817863894824],[-122.973582432215,41.3815162401527],[-122.973821818021,41.3811469693407],[-122.973973336623,41.3808398387668],[-122.974288479122,41.3805254960912],[-122.974671267938,41.3801742896496],[-122.974862736013,41.3799401591061],[-122.974994410203,41.3796789475274],[-122.975078162417,41.3795438600364],[-122.975161891078,41.3794627891158],[-122.975185895136,41.3793907079542],[-122.975185886162,41.3793186560869],[-122.975138100228,41.379255581212],[-122.974839279081,41.3789853613355],[-122.974456603338,41.3786609450819],[-122.974277381459,41.3785257742607],[-122.97405016683,41.3784086929285],[-122.973939870873,41.3782559265165],[-122.973679510119,41.3781203318323],[-122.973404527949,41.3779491021903],[-122.973213325979,41.3777239452111],[-122.972818765827,41.3774265888923],[-122.972627572223,41.3772733927894],[-122.972519898389,41.3771922570362],[-122.97244821547,41.3770571532527],[-122.972244998659,41.3768589727618],[-122.971970033214,41.3766247026639],[-122.971874471497,41.3764985510363],[-122.971814710324,41.37641745197],[-122.971778901292,41.3763003465128],[-122.971767055875,41.3760841985498],[-122.971767071695,41.3759580389909],[-122.971695384104,41.375750882752],[-122.971575866103,41.3755886852419],[-122.971540116464,41.3754355973124],[-122.971516207117,41.3752914255342],[-122.971516271185,41.3752469665718]]},"properties":{"OBJECTID":4,"OWNERNAME":"Klamath National Forest","OWNERTYPE":"USDA Forest Service","DESIGNATIO":" ","MANAGEMENT":" ","REV_DATE":969580800000}},{"type":"Feature","id":5,"geometry":{"type":"LineString","coordinates":[[-122.971516271185,41.3752469665718],[-122.971347205499,41.3749072084113],[-122.97121830449,41.3745449475566],[-122.971091630542,41.3742362882179],[-122.970966744958,41.3739706926454],[-122.970837164257,41.3736034877267]]},"properties":{"OBJECTID":5,"OWNERNAME":"Klamath National Forest","OWNERTYPE":"USDA Forest Service","DESIGNATIO":" ","MANAGEMENT":" ","REV_DATE":1214438400000}},{"type":"Feature","id":6,"geometry":{"type":"LineString","coordinates":[[-122.952405845858,41.2538487028346],[-122.952332893246,41.2537512396708],[-122.952225415402,41.2536205961579],[-122.952223360688,41.2534809794447],[-122.952297304333,41.2533188344804],[-122.952357018662,41.2531702783751],[-122.952384051565,41.25313745319]]},"properties":{"OBJECTID":6,"OWNERNAME":"Private","OWNERTYPE":"Private","DESIGNATIO":" ","MANAGEMENT":" ","REV_DATE":969580800000}},{"type":"Feature","id":7,"geometry":{"type":"LineString","coordinates":[[-122.898092124461,41.2188645173034],[-122.898063197347,41.2190807582195],[-122.898137310177,41.2193511470071],[-122.898240300319,41.21950429279],[-122.898369226245,41.2195854295488],[-122.898508045997,41.2197431543821],[-122.898529581474,41.2197657373607],[-122.898655713885,41.2198514477176],[-122.898902424504,41.2200092920097],[-122.898999938518,41.2200859254798],[-122.899103162343,41.2201445765519],[-122.899189078452,41.2202527649764],[-122.899234824549,41.2203699063046],[-122.899240634902,41.2203897877742],[-122.899280419811,41.2205275330531],[-122.899411964148,41.2207528653047],[-122.899549562091,41.2210276465557],[-122.899790013027,41.2212486552916],[-122.900102856405,41.2215146014888],[-122.900393537283,41.2217896252438],[-122.900653955085,41.2219294790243],[-122.900691142494,41.2219970496144],[-122.900680230838,41.2220396772222],[-122.900677236417,41.222051105938],[-122.900583265691,41.2220915999386],[-122.90006723944,41.2221046250326],[-122.899983568486,41.2221433456241],[-122.900072340449,41.2222189193859],[-122.900334602118,41.2223542216977],[-122.900811611985,41.222534772682],[-122.901443622387,41.2227334616586],[-122.90205179361,41.2229321578056],[-122.902516883515,41.2231036917041],[-122.9033032863,41.2237349929954],[-122.903589439957,41.2239153573931],[-122.904567388335,41.2241863495331],[-122.905175656819,41.2243310235223],[-122.905760169086,41.2244395497332],[-122.906296782344,41.2245751511077],[-122.907262698934,41.2249722664916],[-122.907691959025,41.2251797748009],[-122.907775343559,41.2252339211145],[-122.907834922096,41.2253330676952],[-122.907846596256,41.2254592029591],[-122.907858306974,41.2256303267387],[-122.907893881461,41.2258195612145],[-122.9079294079,41.2259546990762],[-122.907953040996,41.2261258178066],[-122.907940907932,41.2262969542761],[-122.907952702901,41.2264230867505],[-122.908047932362,41.2265223082012],[-122.908226853253,41.2266214807351],[-122.908405577929,41.226765739684],[-122.908477010428,41.2269189783388],[-122.908572179916,41.2270901492928],[-122.908953282046,41.2275588878313],[-122.909358343035,41.2280185957745],[-122.909751780748,41.2282711092812],[-122.910300368911,41.2284247193029],[-122.911016116806,41.2285784106085],[-122.911624448524,41.2287409967078],[-122.911874879263,41.2287952264248],[-122.911982323429,41.2288133766119],[-122.9125073563,41.2287597033825],[-122.912793751677,41.2287689153192],[-122.913199315834,41.2288412658226],[-122.913569170765,41.2288505197698],[-122.913927099217,41.2288508537463],[-122.914106230293,41.2287788876186],[-122.914392542428,41.2288241633142],[-122.91452358364,41.2289593336855],[-122.914642647426,41.2291576251192],[-122.914692938431,41.2292010855887],[-122.914892997073,41.2293739606661],[-122.91533394247,41.2297796202082],[-122.915584332416,41.2299059727591],[-122.915918224747,41.2300773570644],[-122.916681807746,41.2301049408852],[-122.916944230644,41.23022217467],[-122.917337532447,41.2305377823758],[-122.917540085332,41.2307541450838],[-122.917647334157,41.2309343159011],[-122.918278681798,41.2317725491528],[-122.919256226863,41.2325388816062],[-122.919415603396,41.2326375028449],[-122.9196497137,41.2327823495425],[-122.920484762359,41.232936096535],[-122.920902129801,41.2332065944915],[-122.921223830937,41.2335491062905],[-122.921628871272,41.2341078682313],[-122.921878995856,41.2345224645552],[-122.92210514772,41.2350450024273],[-122.922200035508,41.2354684470633],[-122.922688522818,41.2360993749764],[-122.92308181721,41.2365770810192],[-122.923618093508,41.2371719082179],[-122.924250145086,41.2375596500371],[-122.924476559095,41.2378571346401],[-122.924846194267,41.2380555232468],[-122.925347109456,41.2383530926428],[-122.925442524484,41.2383711516571],[-122.92593195595,41.2383084256419],[-122.926099009265,41.2382995679877],[-122.926432991849,41.238389777468],[-122.926767157501,41.2384260641454],[-122.927196795648,41.2384263100854],[-122.927638303192,41.2384806456352],[-122.92810368463,41.2384539057893],[-122.928927012922,41.2385084240652],[-122.929129815946,41.2385806838273],[-122.929320634295,41.2387068713304],[-122.929523243419,41.2390223055186],[-122.929761618471,41.2392296084872],[-122.930119569099,41.2393108629965],[-122.930453662998,41.2393831184293],[-122.930763778059,41.2395454643194],[-122.931025842159,41.2400140456509],[-122.931419334239,41.2402935462095],[-122.931741157547,41.2406720084128],[-122.932206251638,41.2409876100367],[-122.932707324935,41.2411770419663],[-122.933423203886,41.2412945450975],[-122.933924367814,41.2413579212004],[-122.934640387924,41.2413943572748],[-122.935463713127,41.2415118571532],[-122.935857483854,41.2416111919258],[-122.936072423994,41.2415572891799],[-122.936335045422,41.2413952443966],[-122.936562052182,41.2411701984231],[-122.937087446103,41.240873243694],[-122.937493386427,41.2407022485177],[-122.937756025845,41.2406483968407],[-122.9381378447,41.2406395374229],[-122.938448150761,41.240657690545],[-122.938782274445,41.2406488651665],[-122.939152256927,41.2406130519152],[-122.939414842143,41.2406132055964],[-122.939748964294,41.2406043783456],[-122.94008312117,41.2406225087193],[-122.940297899647,41.2406316261921],[-122.940643995274,41.2406588519627],[-122.940870711162,41.2406769753068],[-122.941097532683,41.2406860792429],[-122.941395845506,41.240650227472],[-122.941598744235,41.2406052527706],[-122.941777893381,41.2405423522229],[-122.942028624154,41.240416369622],[-122.942327023385,41.2402723172073],[-122.942613492417,41.2402094212383],[-122.94342514746,41.2400746846128],[-122.943723482114,41.2400568592703],[-122.944487181416,41.2401742567063],[-122.945632845646,41.2402108143431],[-122.946396590683,41.2401842088967],[-122.946814555401,41.2399321151844],[-122.947303889213,41.2398062828512],[-122.947877044846,41.2395092401236],[-122.948402355754,41.2391131483239],[-122.9488798768,41.2389061706039],[-122.949106668443,41.2388972282558],[-122.949679388863,41.2390506458207],[-122.950276012123,41.2391589552902],[-122.950729276556,41.2394924418565],[-122.950967647544,41.2398978853121],[-122.950967381924,41.2402041776508],[-122.950919176179,41.2407536882412],[-122.951002448408,41.2411049901211],[-122.951025950111,41.2416814862036],[-122.951252326288,41.2421950482419],[-122.951490459364,41.2428347454318],[-122.951776561479,41.2433303127809],[-122.952229831744,41.2437268192588],[-122.952623505315,41.2439792035181],[-122.953661518009,41.2443939388454],[-122.954317667502,41.2446374292694],[-122.954866659214,41.2447547774886],[-122.955654311165,41.2447370194972],[-122.956131732542,41.2447642618377],[-122.95678806223,41.2449626535194],[-122.957396425257,41.2452961558984],[-122.957682712668,41.2456476254432],[-122.957849574906,41.2460440184477],[-122.957896990138,41.2465484524596],[-122.957741423898,41.2471249382054],[-122.957442656974,41.2476472784939],[-122.95680948447,41.2486378866325],[-122.956200304206,41.2493403002335],[-122.955659298632,41.2498656442643],[-122.955555203464,41.2499557374015],[-122.955490537908,41.2500187551275],[-122.955248489851,41.2501357245417],[-122.955018198725,41.250297769177],[-122.954769684187,41.2504778255944],[-122.954654348465,41.2505498804739],[-122.954471136496,41.2506939536361],[-122.95438632149,41.2508786267242],[-122.954318738632,41.2509866141404],[-122.954226554778,41.2511487393798],[-122.954080155574,41.2513468556296],[-122.953984190888,41.2514954539584],[-122.953869806694,41.2516485441744],[-122.953709026576,41.2518421303263],[-122.953584012311,41.2519861831952],[-122.953447774726,41.2521213036897],[-122.953243167293,41.2523193474492],[-122.953059910806,41.252476944844],[-122.952880783609,41.2526479685405],[-122.952833739865,41.2526929875987],[-122.952662077486,41.2528686154156],[-122.952478748299,41.2530216151414],[-122.952384051565,41.25313745319]]},"properties":{"OBJECTID":7,"OWNERNAME":"Klamath National Forest","OWNERTYPE":"USDA Forest Service","DESIGNATIO":" ","MANAGEMENT":" ","REV_DATE":1214438400000}},{"type":"Feature","id":8,"geometry":{"type":"LineString","coordinates":[[-122.296281105964,41.1625240748026],[-122.296494310471,41.162599307061],[-122.296679767943,41.1626485469758]]},"properties":{"OBJECTID":8,"OWNERNAME":"CA State Dept of Transportation","OWNERTYPE":"State","DESIGNATIO":" ","MANAGEMENT":" ","REV_DATE":1214438400000}},{"type":"Feature","id":9,"geometry":{"type":"LineString","coordinates":[[-122.295518351696,41.1619633319004],[-122.295721454749,41.1620988741823],[-122.295935121465,41.1622555847678],[-122.296134375469,41.1623936296937],[-122.296206662528,41.1624976770461],[-122.296281105964,41.1625240748026]]},"properties":{"OBJECTID":9,"OWNERNAME":"Shasta County Dept of Transportation","OWNERTYPE":"County","DESIGNATIO":" ","MANAGEMENT":" ","REV_DATE":1214438400000}},{"type":"Feature","id":10,"geometry":{"type":"LineString","coordinates":[[-123.128390038117,41.5291129183179],[-123.128176109616,41.528673824087],[-123.12803156678,41.5283316832813],[-123.127839124463,41.5280167094652],[-123.127550645022,41.5275756804421],[-123.127166434802,41.5272698050944],[-123.12668618312,41.5268650198424],[-123.126529861102,41.5266309598961],[-123.126457644642,41.5264418930585],[-123.126540630271,41.5259554597856],[-123.126432376344,41.5257663862885],[-123.126300166123,41.5256044280849],[-123.126180033297,41.5254694081477],[-123.126071979213,41.5253614183528],[-123.126035720356,41.5251813806521],[-123.125987241126,41.5249382360773],[-123.125975107493,41.5248661973718],[-123.126010727856,41.5246679564128],[-123.12608234514,41.5245508121657],[-123.126177999319,41.5243975333388],[-123.126321383917,41.5241721696157],[-123.126369013617,41.5239830109255],[-123.126368435275,41.5237127897645],[-123.126331758236,41.5233345042238],[-123.126307431208,41.5231453301335],[-123.126175425884,41.5230644557573],[-123.126019438174,41.522974525244],[-123.125875148848,41.5227224868292],[-123.125778783367,41.5224793613407],[-123.125682441024,41.5222723126102],[-123.125646294254,41.5221822906199],[-123.12553803067,41.5219572282641],[-123.125489805697,41.5218401758614],[-123.125441324568,41.5215339832571],[-123.125429205378,41.5214348855574],[-123.125440660633,41.521209736214],[-123.125452409252,41.5210295876333],[-123.125523677645,41.5207322352197],[-123.125523531775,41.5206332011045],[-123.125487166498,41.5204260160987],[-123.125462937588,41.5202909599644],[-123.125318574438,41.5200479442694],[-123.125246583949,41.5199759500284],[-123.125162335944,41.5197688731357],[-123.125149949676,41.5195706532182],[-123.125017392386,41.5191924978322],[-123.124932971562,41.5189404151462],[-123.124896738674,41.5187963671349],[-123.124920263186,41.5185351086927],[-123.124943612994,41.5182288464425],[-123.125003035165,41.517994568618],[-123.125050516327,41.5177062875694],[-123.125050285344,41.5176161852037],[-123.125037973502,41.5174360939191],[-123.124930112527,41.5174361577407],[-123.124822379847,41.5174993570181]]},"properties":{"OBJECTID":10,"OWNERNAME":"Klamath National Forest","OWNERTYPE":"USDA Forest Service","DESIGNATIO":" ","MANAGEMENT":" ","REV_DATE":969580800000}},{"type":"Feature","id":11,"geometry":{"type":"LineString","coordinates":[[-123.210451547311,41.8683756838524],[-123.21046557157,41.8683638667482],[-123.210513630656,41.8683278124884],[-123.210561640477,41.8682826443572],[-123.210597696751,41.8682285762324],[-123.210633537008,41.8681563743428],[-123.210669458202,41.8680753273511],[-123.210705330075,41.8679851664928],[-123.210729143796,41.8679130905786],[-123.210753073757,41.8678409198182],[-123.210788807996,41.867723781003],[-123.210848584518,41.8675795909492],[-123.210895950129,41.8673363595953],[-123.210955862317,41.8672191473997],[-123.210991824894,41.8671470323269],[-123.21101180591,41.8671099776828]]},"properties":{"OBJECTID":11,"OWNERNAME":"Klamath National Forest","OWNERTYPE":"USDA Forest Service","DESIGNATIO":" ","MANAGEMENT":" ","REV_DATE":969580800000}},{"type":"Feature","id":12,"geometry":{"type":"LineString","coordinates":[[-122.207393465344,41.1380706409459],[-122.207393468008,41.1380707309938],[-122.20739396576,41.1380714424199],[-122.207538092441,41.1382248350291],[-122.207729793337,41.138388292938],[-122.208005758002,41.1385974055282],[-122.208331358738,41.1388293475523],[-122.208791694108,41.1390756768792],[-122.209078027049,41.1392307942491],[-122.209281841405,41.139524551912],[-122.209282212075,41.1395249952024],[-122.209482410436,41.1397245360343],[-122.209586273662,41.1400044633378],[-122.20957157652,41.1402386222765],[-122.20946089721,41.1405261217619],[-122.209461024328,41.1405263907896],[-122.209543348305,41.1407834431048],[-122.209630942084,41.1409371090084],[-122.209830572918,41.1411141271396],[-122.210059833513,41.141313874539],[-122.210235249729,41.1415898352167],[-122.210392705588,41.1418701678473],[-122.210607157365,41.1422808225733],[-122.210607536068,41.1422815369028],[-122.210688268627,41.1424983286765],[-122.210722160146,41.1426516797521],[-122.210637050546,41.1427952350744],[-122.210479973205,41.1429833250557],[-122.210298598737,41.1431982549393],[-122.210176966324,41.1434046472957],[-122.210056163092,41.1436650164125],[-122.210050898501,41.1437956246711],[-122.210120434986,41.143958173175],[-122.210186624768,41.1440893227742],[-122.210333129664,41.1442884585786],[-122.210334126519,41.1442898823016],[-122.210466578787,41.1444695272402],[-122.210604076885,41.144677656375],[-122.210719448105,41.1448128947195],[-122.210720063876,41.1448136050152],[-122.21072078928,41.1448139512992],[-122.210988024915,41.1449550727991],[-122.211223377946,41.1450737701669],[-122.21130544584,41.145186882357],[-122.211523255679,41.145350597726],[-122.211601174603,41.1454952392537],[-122.211606984534,41.1455060439552],[-122.211652202174,41.1455901523996],[-122.211780758351,41.1455504755007],[-122.211764386912,41.1454288111398],[-122.211682058496,41.1453381480481],[-122.211718361314,41.1452257385259],[-122.211679978849,41.1451354706323],[-122.211611168562,41.1450314081961],[-122.211507167283,41.1448865053715],[-122.211368155176,41.1447414096446],[-122.21123533353,41.1446194585751],[-122.211235080463,41.1446189232237],[-122.211118061665,41.1444379245843],[-122.211060430421,41.1442754378663],[-122.211050429715,41.1441131903914],[-122.211185642034,41.1437718043461],[-122.211247451758,41.1435830523187],[-122.211466537022,41.1431971909351],[-122.21173301654,41.1428387040649],[-122.212010365828,41.142570340204],[-122.212358290691,41.1423745503419],[-122.212574387712,41.1422319233689],[-122.212695932238,41.1420345437418],[-122.212806479025,41.1419207322742]]},"properties":{"OBJECTID":12,"OWNERNAME":"Shasta Trinity National Forest","OWNERTYPE":"USDA Forest Service","DESIGNATIO":" ","MANAGEMENT":" ","REV_DATE":1214438400000}},{"type":"Feature","id":13,"geometry":{"type":"LineString","coordinates":[[-122.125652168451,41.1266343272192],[-122.124551105339,41.1267897465565],[-122.124482509389,41.1267965895292],[-122.124172456001,41.1268213192677],[-122.124029677868,41.1268112133521],[-122.123838768181,41.1268277918178],[-122.123695508207,41.126853656692],[-122.123611869833,41.12687111892],[-122.123527956366,41.126915445028],[-122.123455650455,41.1269779610794],[-122.123428832275,41.1271940100652],[-122.123439502258,41.1272931540156],[-122.123461867857,41.1274013826346],[-122.123460816164,41.1274825195048],[-122.123411537838,41.1275991741245],[-122.122989600364,41.1279743376507],[-122.122893388214,41.1280456408342],[-122.122808965702,41.1281171052451],[-122.122808394209,41.1281621799577],[-122.122819907696,41.1281892943483],[-122.122914881732,41.1282169767321],[-122.12321304065,41.1281922720268],[-122.123702287565,41.1281328680315],[-122.123833643746,41.1281068447807],[-122.123953003116,41.1280897683474],[-122.124108197093,41.1280728938614],[-122.124251277619,41.1280649689916]]},"properties":{"OBJECTID":13,"OWNERNAME":"Shasta Trinity National Forest","OWNERTYPE":"USDA Forest Service","DESIGNATIO":" ","MANAGEMENT":" ","REV_DATE":1214611200000}},{"type":"Feature","id":14,"geometry":{"type":"LineString","coordinates":[[-123.257972566699,41.6859835649425],[-123.257972558447,41.6859833849424],[-123.257948127061,41.6858663668118],[-123.257935679208,41.6857673546521],[-123.257899421422,41.6857223705676],[-123.257718030861,41.6854165155151],[-123.257705684542,41.6853354543859],[-123.257705341707,41.6852544450814],[-123.257776067974,41.6849299849915],[-123.257811686636,41.6848218823958],[-123.25788317199,41.6846505085307],[-123.25793084092,41.6845513859974],[-123.25793059779,41.6844883286599],[-123.257917611287,41.6842541780614],[-123.25780827228,41.683957199401],[-123.257771787352,41.6838311101066],[-123.257807385275,41.6837409607527],[-123.257842860116,41.6835877509292],[-123.257889660009,41.6832544372923],[-123.257960246555,41.6828849605079],[-123.257971810525,41.6827678258511],[-123.257982475109,41.6824525893213],[-123.257994003426,41.6823083876245],[-123.257932189978,41.6818671807551],[-123.257822300193,41.6814531092687],[-123.257785768158,41.6813180906396],[-123.257664678995,41.6810842097796],[-123.257507625833,41.6808773311245],[-123.25735059275,41.680652499837],[-123.257253658468,41.6804456025557],[-123.257096422473,41.6801847768419],[-123.256987520575,41.6800048035234],[-123.256818736312,41.6798430687896],[-123.256721904523,41.6796541221269],[-123.256576963865,41.6794653360564],[-123.256444400755,41.6793845846913],[-123.256348106351,41.6793307745615],[-123.256275808524,41.679276885603],[-123.256118284273,41.67894398175],[-123.255816167084,41.6785032982737],[-123.255719340171,41.6783143515712],[-123.255610517024,41.6781254445179],[-123.255537962489,41.6780265418055],[-123.255513675824,41.6779545418387],[-123.255501281349,41.6778644609978],[-123.255403973722,41.6775493989325],[-123.255367327597,41.6774143833232],[-123.25519812407,41.6771355511153],[-123.255149429749,41.6769915540939],[-123.25502837113,41.6767396267577],[-123.254906509413,41.6763255940226],[-123.254833545548,41.6760915542387],[-123.254736328379,41.6758124867685],[-123.254687895817,41.6757135928161],[-123.254663454365,41.6756145304216],[-123.254542536884,41.6754076206589],[-123.254470039129,41.6753177381952],[-123.254397522094,41.6751827461505],[-123.254204197804,41.6749220397358],[-123.254071520944,41.6747781366475],[-123.25403522388,41.6747242201207],[-123.253806006254,41.6744814902374],[-123.253781486623,41.6743465230918],[-123.253805052656,41.6742293506584],[-123.253821447384,41.6741995148962]]},"properties":{"OBJECTID":14,"OWNERNAME":"Klamath National Forest","OWNERTYPE":"USDA Forest Service","DESIGNATIO":" ","MANAGEMENT":" ","REV_DATE":969580800000}},{"type":"Feature","id":15,"geometry":{"type":"LineString","coordinates":[[-123.201754211307,41.8907174744653],[-123.201622842897,41.8906277601852],[-123.201557102927,41.8905549742449],[-123.201487452735,41.8905209118828],[-123.201443702634,41.8905275248443],[-123.201354164999,41.8905408922384],[-123.20121621689,41.8904974598937],[-123.201104245976,41.8904616717859],[-123.201016263211,41.8904267201045],[-123.200975567669,41.8903809138247],[-123.2009211989,41.8903574736114],[-123.200842803169,41.8902548658295],[-123.200825335868,41.8901555884042],[-123.200828809766,41.8900884497147],[-123.200799930755,41.8900324177275],[-123.200777877074,41.8899515760097],[-123.200754831918,41.8898888090701],[-123.200761667202,41.8898348494976],[-123.200778822703,41.8897668225062],[-123.200763791331,41.8897190138559],[-123.200741298832,41.8896685049234],[-123.200721485928,41.8895973532193],[-123.200678051821,41.889570838769],[-123.200647235828,41.8895412968757],[-123.200681286733,41.8895197683695],[-123.20076113252,41.8895370586169],[-123.200855579056,41.8895926037423],[-123.200913237322,41.8896489901425],[-123.200960273428,41.8897153909617],[-123.200984686667,41.8897657613344],[-123.201017743781,41.8898076987195],[-123.201054211338,41.8898398053492],[-123.201077699623,41.8898723285224],[-123.201152699303,41.8899049029746],[-123.201235030168,41.8899372906344],[-123.201308529476,41.8899525747198]]},"properties":{"OBJECTID":15,"OWNERNAME":"Klamath National Forest","OWNERTYPE":"USDA Forest Service","DESIGNATIO":" ","MANAGEMENT":" ","REV_DATE":1213747200000}},{"type":"Feature","id":16,"geometry":{"type":"LineString","coordinates":[[-123.201308529476,41.8899525747198],[-123.201193260933,41.8896725796738],[-123.201011140129,41.8892496173583]]},"properties":{"OBJECTID":16,"OWNERNAME":"Klamath National Forest","OWNERTYPE":"USDA Forest Service","DESIGNATIO":" ","MANAGEMENT":" ","REV_DATE":969580800000}},{"type":"Feature","id":17,"geometry":{"type":"LineString","coordinates":[[-123.201011140129,41.8892496173583],[-123.200900777604,41.8891987182019],[-123.200778532182,41.8891431552632],[-123.200685068976,41.8890880366718],[-123.200612502044,41.8890372625284],[-123.200572927791,41.8889735591382],[-123.20053746676,41.888894321283],[-123.200512360718,41.8888338622603],[-123.200525389707,41.8887330003039],[-123.200531165872,41.8886501908066],[-123.200531075667,41.8885760127094],[-123.200551871777,41.8885407428212],[-123.200547659369,41.888484627452],[-123.200552371693,41.8884102372142],[-123.200575270449,41.8883521732087],[-123.200596284622,41.8883217692737],[-123.200611340464,41.8883380834402],[-123.200614680586,41.8884122696871],[-123.200631515724,41.8885028085844],[-123.200688582654,41.8885995486008],[-123.200769514045,41.8886944208758],[-123.200875450691,41.8887780113125],[-123.200945625216,41.8888183774346]]},"properties":{"OBJECTID":17,"OWNERNAME":"Klamath National Forest","OWNERTYPE":"USDA Forest Service","DESIGNATIO":" ","MANAGEMENT":" ","REV_DATE":1213747200000}},{"type":"Feature","id":18,"geometry":{"type":"LineString","coordinates":[[-122.376137801757,41.1844587004376],[-122.376168666101,41.184444594536],[-122.376356007094,41.1843782100274],[-122.376579339234,41.1844740318208],[-122.376789562863,41.1845697417791],[-122.377041375978,41.1846478055328],[-122.37746049099,41.1848527697643],[-122.377697944757,41.1849576062892],[-122.377991790432,41.1850852596764],[-122.378145241509,41.185171677793],[-122.378270453464,41.1852580022977],[-122.378325456142,41.1854293118352],[-122.378308272612,41.1857445970642],[-122.378272580933,41.1860191292155],[-122.378291929401,41.1862038250818],[-122.37828974764,41.1864469827262],[-122.378287275638,41.1866994292713],[-122.378318830512,41.1871408030147],[-122.378351924248,41.1874202481796],[-122.378361540143,41.1876814812293],[-122.378441836243,41.1880154690559],[-122.37848813716,41.1881686459883]]},"properties":{"OBJECTID":18,"OWNERNAME":"Shasta Trinity National Forest","OWNERTYPE":"USDA Forest Service","DESIGNATIO":" ","MANAGEMENT":" ","REV_DATE":1121385600000}},{"type":"Feature","id":19,"geometry":{"type":"LineString","coordinates":[[-123.236546919779,41.7284805815123],[-123.236799313187,41.7284620150189],[-123.237039676377,41.7284165066578],[-123.237316006183,41.7283618660989],[-123.237544212982,41.7282893302877],[-123.237724302053,41.7282439269788],[-123.237928397401,41.7281534236627],[-123.238216432815,41.7279997724183],[-123.238420425511,41.7278912265935],[-123.238564416373,41.7278098450208],[-123.238792316441,41.7276382470208],[-123.23896017302,41.7275298164181],[-123.239128271904,41.7274664024489],[-123.239272184673,41.7273490218014],[-123.23939168828,41.7271596359976],[-123.239547327351,41.7269701345163],[-123.239667106733,41.7268528326178],[-123.23984680464,41.7266722762394],[-123.239966553595,41.7265279066371],[-123.240110113997,41.7263474663971],[-123.240265881477,41.7262030738167],[-123.240409688869,41.7260676491371],[-123.240529511252,41.7259592771425],[-123.240697458935,41.7258688874588],[-123.240781539487,41.7258326213657],[-123.240913796007,41.7258233583956],[-123.241166312156,41.725849890576],[-123.241298766204,41.7258766232063],[-123.241587623818,41.7259840556371],[-123.241671987588,41.7260199631455],[-123.241840407162,41.7260375584964],[-123.241936479046,41.7260193906737],[-123.242008455454,41.7259652094866],[-123.242008226144,41.7259021469782],[-123.241959805315,41.7258302191779],[-123.241815265016,41.7257674383003],[-123.241742979571,41.7257225586734],[-123.24141775462,41.7255520911243],[-123.241333312994,41.7254801861212],[-123.24126093273,41.7254173554068],[-123.241188447678,41.7253363902751],[-123.241127992925,41.725237432978],[-123.241115757864,41.7251744087166],[-123.241151420821,41.7250663041638],[-123.241319464482,41.7249938661006],[-123.241451438842,41.7249125191574],[-123.241523314777,41.7248402965544],[-123.241547147038,41.7247861791538],[-123.241486645932,41.7246782911788],[-123.241522155499,41.7245431230858],[-123.241569821003,41.7244348900523],[-123.241617735011,41.72437176393],[-123.241677656569,41.7243085994479],[-123.241785398762,41.7242092883106],[-123.241857224303,41.7241280455271],[-123.241844861768,41.7240200013174],[-123.241855246737,41.7235966678806],[-123.241830169835,41.7233174343874],[-123.241781184027,41.7230563173932],[-123.241755453518,41.7226150561573],[-123.241754995442,41.7224889327498],[-123.241742284264,41.7223178316177],[-123.241765938078,41.7222096750346],[-123.241873599006,41.7220743663522],[-123.241981203294,41.7218850153886],[-123.242041000902,41.7218218537397],[-123.242100945845,41.7217856664083],[-123.242197176776,41.7217764261234],[-123.242389224493,41.7217039996801],[-123.242569234233,41.7216045448102],[-123.242689046124,41.7214961712751],[-123.242880861196,41.7213606840942],[-123.243036382905,41.7211532266378],[-123.243179662113,41.7208826566034],[-123.2432994439,41.7207473067701],[-123.243515084645,41.7205577015397],[-123.243646801469,41.7204313367481],[-123.243874762516,41.7202776844671],[-123.244042514242,41.720133250602],[-123.244378161423,41.7198713547172],[-123.244473884932,41.7197719894852],[-123.244653427938,41.7195464995469],[-123.244737169926,41.7194292187951],[-123.244796499985,41.7192399338779],[-123.244724039913,41.7191410168165],[-123.244554708012,41.7188711792974],[-123.244470093179,41.7187452371759],[-123.244349442256,41.7186373646697],[-123.244204685871,41.7185116165578],[-123.243987697861,41.7183499216358],[-123.243879057913,41.7182421009608],[-123.243746487594,41.7181703537792],[-123.243577818389,41.7180625427433],[-123.243577539799,41.7179905491641],[-123.243661080034,41.7178371847302],[-123.243636790363,41.7177651781636],[-123.243491778721,41.7175493916054],[-123.243370901031,41.7173784561878],[-123.243285961493,41.7171715004534],[-123.243249387461,41.7170274504407],[-123.243260783775,41.716874316531],[-123.243284380075,41.7167571394356],[-123.243283259628,41.7164689011875],[-123.243354949753,41.7163427270708],[-123.243486986421,41.7162973776429],[-123.243559182858,41.7163062580309],[-123.243679594427,41.7163509795789],[-123.243896676571,41.7165307169557],[-123.243956948291,41.7165756312956],[-123.244041460189,41.7166835312457],[-123.244210500949,41.7168812861577],[-123.244270843742,41.7169171772693],[-123.244379136994,41.716962028842],[-123.244583467835,41.7169435097727],[-123.244631455091,41.7169163805323],[-123.244655134677,41.7168352905897],[-123.244654392559,41.7166371759373],[-123.244618146362,41.7165741390118],[-123.244533586946,41.7164573095029],[-123.244424763181,41.7162953591553],[-123.244340051985,41.7161514641782],[-123.244182913662,41.7159356299883],[-123.244062038379,41.7157646969502],[-123.243917057805,41.7155758873282],[-123.243783950994,41.7153420197421],[-123.243735322589,41.7151889874183],[-123.243674211715,41.7149279163769],[-123.243721838775,41.7147927080947],[-123.243769312227,41.7146304362653],[-123.243900637495,41.7144140380939],[-123.244068059996,41.7141704561886],[-123.244127766784,41.7140712075471],[-123.244175210575,41.713881959781],[-123.244065734694,41.7135579841914],[-123.243945013953,41.7134141135245],[-123.243631463916,41.7131535825913],[-123.243330118088,41.7129290058434],[-123.242980461,41.7126505449942],[-123.242883801126,41.7125156198638],[-123.242822926136,41.7123176091571],[-123.242857890437,41.7120203237731],[-123.24284537678,41.7118852191224],[-123.242723723281,41.711507152017],[-123.242675182409,41.7113902065337],[-123.242518359054,41.7112284086158],[-123.242397576434,41.7110935610726],[-123.242132301997,41.7108778903719],[-123.241915524699,41.7107703222231],[-123.241806867042,41.7106354344277],[-123.241686005334,41.7104645003587],[-123.241613132002,41.7102665280695],[-123.241540487864,41.7101316159698],[-123.241383467477,41.7099337310638],[-123.24131119981,41.709888853555],[-123.24117894612,41.7098711403967],[-123.240902639773,41.7099167679094],[-123.240806699122,41.709997999246],[-123.240614814044,41.7101155301393],[-123.240326700538,41.7101971880767],[-123.239917888355,41.7101799935907],[-123.239520923906,41.7100907662824],[-123.239328286375,41.7100281382642],[-123.239015317177,41.7099116696152],[-123.238882917977,41.7098669802643],[-123.238605676331,41.709633293713],[-123.238509138573,41.7095615208469],[-123.238304164509,41.7093727137011],[-123.2381956451,41.7092829309589],[-123.238014611691,41.7091031631422],[-123.237857899811,41.7089593106291],[-123.237665090844,41.7088426404618],[-123.237472206103,41.7086899723959],[-123.237206859618,41.7084563394091],[-123.237086162153,41.7083124649512],[-123.236965563581,41.7081866312844],[-123.23690520356,41.7081236704746],[-123.236856869408,41.7080427187421],[-123.236784456399,41.70797077479],[-123.236615657911,41.7078540272034],[-123.236435170304,41.7077733086302],[-123.236254323967,41.7076476682913],[-123.236024837113,41.7073418367455],[-123.235939881711,41.7071258565725],[-123.235963313888,41.7069546437114],[-123.236023078938,41.7068645107163],[-123.236214420187,41.7066029137485],[-123.23641755755,41.706260175211],[-123.236632749734,41.7059265102763],[-123.236955980801,41.7055745531812],[-123.237010944751,41.7054818366233],[-123.2370740433,41.7053752870473],[-123.237158991031,41.7052318171721],[-123.237229655004,41.7048083905292],[-123.237432162006,41.7043305121708],[-123.237563783968,41.7041681601518],[-123.237635643909,41.7040959410488],[-123.237743655607,41.7040506727677],[-123.237815935898,41.7040775076677],[-123.237876325103,41.7041675330315],[-123.237888824115,41.7043025459605],[-123.237865120385,41.7044016780956],[-123.237814759088,41.7046906932329],[-123.237794484138,41.7048071503005],[-123.237771428201,41.705068395946],[-123.237844211109,41.7052303725153],[-123.238001160802,41.7054192389541],[-123.238133806818,41.7055540537856],[-123.238375091162,41.7057787391047],[-123.238483610311,41.7058686109061],[-123.238570106447,41.7059520112729],[-123.238688621045,41.70606634713],[-123.238767582101,41.7061476850449],[-123.238845543937,41.7062281474663],[-123.238943969173,41.7063125025792],[-123.239086612913,41.7064347915992],[-123.239364136447,41.7067224209931],[-123.239412572988,41.7068214144576],[-123.239581679454,41.7070372150902],[-123.239690604885,41.7072441845994],[-123.23981145257,41.7074150309613],[-123.239826299302,41.7074353115651],[-123.239884014756,41.7075139457794],[-123.240089006022,41.7076847054355],[-123.240216860295,41.7077799424243],[-123.240269794043,41.7078194538224],[-123.240329341434,41.7078459828295],[-123.240450401307,41.7079000743133],[-123.240522488707,41.7078909129841],[-123.240630437252,41.7078546660675],[-123.240845937857,41.7076020048526],[-123.240862208426,41.7075796635158],[-123.240977457253,41.7074216074103],[-123.241229342212,41.7072589546552],[-123.241373237623,41.7071685515333],[-123.241481055461,41.7070872862141],[-123.24184111321,41.7069514446409],[-123.242117246751,41.7068337314244],[-123.242248889488,41.7066983501173],[-123.242260406495,41.7065452152291],[-123.24225997788,41.7064461603482],[-123.242162900186,41.7062121811614],[-123.242126284275,41.7060591118874],[-123.242185807786,41.7059058253277],[-123.242269716942,41.705842586879],[-123.242508884058,41.7055088360929],[-123.242592234679,41.7053015248209],[-123.242555847987,41.705211516007],[-123.242459350383,41.7051036537435],[-123.242182633593,41.7050501394229],[-123.241737994352,41.7050601291521],[-123.241449504053,41.70506971092],[-123.241257079726,41.7050431696202],[-123.241116573295,41.7050153835695],[-123.241076602826,41.7050074797354],[-123.241004339589,41.7049626019523],[-123.240871715615,41.7048547643703],[-123.240751067048,41.7047199143852],[-123.24071430847,41.7045398727119],[-123.240689441446,41.7042967284367],[-123.24071276613,41.7041075625437],[-123.240748137229,41.7039272911473],[-123.240867646834,41.7037469308666],[-123.241034776083,41.703431275284],[-123.241142054261,41.7031878924861],[-123.241213612272,41.703061635593],[-123.241260273361,41.7026652593824],[-123.241331442061,41.702403859269],[-123.24148585922,41.7019171064338],[-123.241592854089,41.7016016434433],[-123.241688811028,41.7015473879037],[-123.241784797878,41.7015201990651],[-123.241881031667,41.7015380257128],[-123.24204957733,41.7016097495473],[-123.242153373774,41.7016935137813],[-123.24219424536,41.7017264766972],[-123.242483208726,41.7018699880915],[-123.242582322056,41.7020011493266],[-123.242591905012,41.7020138957948],[-123.242688618314,41.702139795986],[-123.242857526378,41.702319596805],[-123.24296612177,41.7024454604915],[-123.243134897099,41.7025801531923],[-123.243279522649,41.7026879480243],[-123.243496658126,41.7028856354511],[-123.243545346198,41.7030296411027],[-123.243603292603,41.7031212617656],[-123.243641975984,41.7031826111629],[-123.243752981228,41.7032954200689],[-123.243774749157,41.7033174166494],[-123.244136183251,41.7035417945713],[-123.244328841062,41.703631481565],[-123.24454519165,41.7036220356369],[-123.244397884863,41.7034106433979],[-123.244206782615,41.7031363200728],[-123.244230377668,41.7030192356631],[-123.244181887075,41.7029112221918],[-123.244024367219,41.7025782937702],[-123.243903056717,41.7022813322601],[-123.243769514122,41.7019213504536],[-123.243768950965,41.701777188543],[-123.243900880522,41.7016958424496],[-123.24402098898,41.7016685725121],[-123.244301438704,41.7016065905793],[-123.244309164499,41.7016049487988],[-123.244381014217,41.7015327254691],[-123.244404323176,41.7013434686101],[-123.244354430736,41.7008752342872],[-123.244240676523,41.7004700833829],[-123.244240672415,41.7004699933829],[-123.244220477956,41.7003981544658],[-123.244231818438,41.7002360038042],[-123.244303684044,41.7001457355427],[-123.244471927989,41.7001634203212],[-123.24461636839,41.7002171749412],[-123.244833117626,41.700324735857],[-123.245037921703,41.7004414459585],[-123.245291012174,41.7006300842212],[-123.245471758675,41.7007377591074],[-123.245688542709,41.7008723852006],[-123.245905345676,41.7009889650413],[-123.246098082485,41.7011147360227],[-123.246170697027,41.7012226681562],[-123.2463395089,41.7013844212717],[-123.246412049817,41.7015012872651],[-123.246568935002,41.7016541448195],[-123.246665251743,41.7017079634077],[-123.246821665155,41.7017346123773],[-123.247110037657,41.7017069754861],[-123.247264577274,41.701658244899],[-123.24737328742,41.7015995066863],[-123.247373623019,41.7015989574412],[-123.247418044353,41.7015228369136],[-123.247450748899,41.7014371850999],[-123.247283905797,41.701113252006],[-123.247017292617,41.7007176338659],[-123.246699492766,41.700033719633],[-123.246564444236,41.6993854275836],[-123.24654585186,41.6988405099977],[-123.246527082734,41.6982416444368],[-123.246408864254,41.6976834151004],[-123.246158498204,41.6973147164725],[-123.245823389743,41.6969405308737],[-123.245605268083,41.6968764036882],[-123.245490084172,41.6967955532546],[-123.245509817004,41.696683350116],[-123.245579363249,41.6965791568905],[-123.245629265095,41.6964521028003],[-123.245615950957,41.6962941952138],[-123.245646001586,41.696139773081],[-123.24566488394,41.696008916452],[-123.245719504709,41.6958879646995],[-123.245817081774,41.6958247333843],[-123.245852865524,41.6957750917401],[-123.245895462441,41.6956984795674],[-123.245983792496,41.6955271292214],[-123.246077923797,41.6952882326626],[-123.246216313995,41.6948511520859],[-123.246350457291,41.6945895716091],[-123.246398275312,41.694427384315],[-123.246419989557,41.6942111950299],[-123.246530637954,41.6938686586216],[-123.24657404187,41.6934542348868],[-123.246611864118,41.6931253934538],[-123.246595436869,41.692656933783],[-123.246638508589,41.6920219252919],[-123.246639972371,41.6915220590322],[-123.246690053354,41.6914543655758],[-123.246794481081,41.6913730918887],[-123.246982536146,41.6912465406148],[-123.247076999421,41.6911968316517],[-123.247311724071,41.6910252281206],[-123.247451420011,41.6908672606225],[-123.247540440337,41.6907455137525],[-123.247597582239,41.6906642856203],[-123.247669410205,41.6905787091516],[-123.247735099824,41.6903848444832],[-123.247810226728,41.6902900716111],[-123.24810166092,41.6900146938379],[-123.248299607176,41.6898341117596],[-123.248461261376,41.6896762091714],[-123.248876582918,41.6891754230767],[-123.249052204395,41.6889632970337],[-123.249069250137,41.688900243338],[-123.249016853046,41.6888328450846],[-123.248972418647,41.6888058410901],[-123.248884564506,41.6888240745645],[-123.248746734096,41.688896465893],[-123.24855478289,41.6890004760792],[-123.248285633343,41.6891090913253],[-123.248183481029,41.6891137983456],[-123.248087693249,41.6890870353192],[-123.248072042308,41.6890464772553],[-123.248078152723,41.6889699014856],[-123.248110301822,41.6889248647925],[-123.248197281433,41.6888794974275],[-123.248277121885,41.6888434267588],[-123.248598389554,41.688604001387],[-123.248945048778,41.6883240423156],[-123.249207126229,41.6880578102153],[-123.24959987486,41.6877281221147],[-123.24979112355,41.6875745968756],[-123.250295728711,41.6871637113231],[-123.250685467523,41.6868655850358],[-123.251346261146,41.6863642351788],[-123.252106803416,41.6861239346552],[-123.252756429157,41.6860144250803],[-123.253425145515,41.6860129557802]]},"properties":{"OBJECTID":19,"OWNERNAME":"Klamath National Forest","OWNERTYPE":"USDA Forest Service","DESIGNATIO":" ","MANAGEMENT":" ","REV_DATE":1214438400000}},{"type":"Feature","id":20,"geometry":{"type":"LineString","coordinates":[[-123.20318375534,41.8787168783693],[-123.20327519558,41.8784950907297],[-123.203375434467,41.8782896846907],[-123.203341766174,41.8781166405949],[-123.203232144892,41.8779697066335],[-123.203092756024,41.8777950121368],[-123.203060103289,41.8777352871497],[-123.202914619277,41.8774653585638],[-123.202914084423,41.877461491619],[-123.202973143547,41.8773675871027],[-123.203043499877,41.877356148215],[-123.2031642453,41.8774642655019],[-123.203299052337,41.8775960320561],[-123.203467256582,41.8777560086293],[-123.203661183924,41.877915333714],[-123.203749402271,41.8780145295704],[-123.203859207438,41.8780214017606],[-123.203874427492,41.8779292398698],[-123.203844574281,41.877838219677],[-123.203781426365,41.8777239493045],[-123.203775117089,41.8775839627528],[-123.203747721804,41.8774059770649],[-123.203759677698,41.8772414329999],[-123.203756914718,41.8770386380386],[-123.203709200856,41.8768369825602],[-123.203679529765,41.8766058117758],[-123.203653219651,41.87645189399],[-123.203647568297,41.8763265097845],[-123.203635109141,41.8761915526424],[-123.203731683266,41.8760490474755],[-123.203816260587,41.8759260680999],[-123.203863907915,41.8758379578692],[-123.203954425915,41.8757052628409],[-123.203994273151,41.875588290662],[-123.20394938878,41.8754493726962],[-123.203853715178,41.8753261814982],[-123.203814330867,41.8751678123878],[-123.203871668539,41.875011774174],[-123.203866228358,41.8748910776813],[-123.203822867216,41.8747859614187],[-123.203794333329,41.8746413958722]]},"properties":{"OBJECTID":20,"OWNERNAME":"Klamath National Forest","OWNERTYPE":"USDA Forest Service","DESIGNATIO":" ","MANAGEMENT":" ","REV_DATE":1219276800000}},{"type":"Feature","id":21,"geometry":{"type":"LineString","coordinates":[[-123.200945625216,41.8888183774346],[-123.200937250296,41.888763360827],[-123.200935579347,41.8882319582879],[-123.200874937553,41.8880879298197],[-123.20051025172,41.8871248811186],[-123.200194284969,41.8862788183002],[-123.199721478076,41.8853969288934],[-123.199333606097,41.8847041141729],[-123.199164024983,41.8844522076091],[-123.198897960498,41.8841554540158],[-123.19868048431,41.8839756892218],[-123.198294206545,41.8838232994505],[-123.19806479803,41.8836885065408],[-123.197992150558,41.8835715844172],[-123.197991727209,41.8834365015865],[-123.198256033301,41.8831568287238],[-123.198712926621,41.882768770935],[-123.199650933598,41.882100600031],[-123.200612639172,41.8812883361308],[-123.201814311252,41.8801513383859],[-123.20265539088,41.8793122458529],[-123.203015738844,41.8789242734908],[-123.20318375534,41.8787168783693]]},"properties":{"OBJECTID":21,"OWNERNAME":"Klamath National Forest","OWNERTYPE":"USDA Forest Service","DESIGNATIO":" ","MANAGEMENT":" ","REV_DATE":969580800000}},{"type":"Feature","id":22,"geometry":{"type":"LineString","coordinates":[[-123.203794333329,41.8746413958722],[-123.203869915385,41.8746445326943],[-123.204351776975,41.8745986531707],[-123.204424070686,41.8745715524866],[-123.204447980595,41.8745174321259],[-123.204411619379,41.8744634871059],[-123.204447591935,41.8743913743101],[-123.204495562464,41.8743371850026],[-123.204579841889,41.8743010277163],[-123.204700211001,41.8742647651138],[-123.20485676737,41.8742465364944],[-123.205109835177,41.8742099764991],[-123.205218192322,41.8742008214705],[-123.205181813067,41.874119803993],[-123.205121297275,41.8740478815433],[-123.20504850881,41.8739038962957],[-123.205060387713,41.8738498112185],[-123.205156724455,41.8737955683098],[-123.205228943354,41.8737774939672],[-123.205337386889,41.8737862928763],[-123.205506179796,41.8737859816399],[-123.205710976211,41.8737676114326],[-123.206180799837,41.873721759866],[-123.206253043224,41.8736855451139],[-123.2062767712,41.8735954226733],[-123.206276360993,41.8734422921095],[-123.206324029763,41.8732800908844],[-123.206383927859,41.8731809293438],[-123.206503809762,41.8730005611249],[-123.206635799779,41.8728112230068],[-123.206863802269,41.8725045699204],[-123.206995851533,41.8723512360836],[-123.207079879848,41.872242978743],[-123.207151898723,41.8721618278687],[-123.207223986701,41.8720715618958],[-123.207356078932,41.8719272505626],[-123.207464139709,41.8718369731708],[-123.207824655174,41.8714941063842],[-123.207956759574,41.8713767770637],[-123.208076921635,41.871277439196],[-123.208209193947,41.8711691285446],[-123.208317418737,41.871087871124],[-123.208413447049,41.8709976267812],[-123.208533654975,41.870907311348],[-123.208665836533,41.8707810452002],[-123.208786071916,41.870672678787],[-123.208870115425,41.8705914927963],[-123.20896621656,41.8704922229013],[-123.209062317403,41.8703929529225],[-123.209122347103,41.8703208586502],[-123.209158188927,41.8702486572983],[-123.209242171337,41.8701314671288],[-123.209434081404,41.8698518962307],[-123.209481984256,41.8697617008605],[-123.20954181289,41.8696265336437],[-123.20960172958,41.8695093213717],[-123.209649589837,41.8694101938724],[-123.209901136031,41.8689593639248],[-123.209973082012,41.8688421163871],[-123.210045092375,41.8687609645124],[-123.210105116646,41.8686887805727],[-123.210165140785,41.8686165965997],[-123.210261256737,41.8685443983085],[-123.21036938201,41.868445091201],[-123.210451547311,41.8683756838524]]},"properties":{"OBJECTID":22,"OWNERNAME":"Klamath National Forest","OWNERTYPE":"USDA Forest Service","DESIGNATIO":" ","MANAGEMENT":" ","REV_DATE":969580800000}},{"type":"Feature","id":23,"geometry":{"type":"LineString","coordinates":[[-123.21101180591,41.8671099776828],[-123.211171414232,41.8668134483146],[-123.211183195175,41.8667413165144],[-123.211219000819,41.866615151521],[-123.211218616395,41.8665160769206],[-123.211218308803,41.8664080654246],[-123.211205891433,41.8663089359791],[-123.211205626188,41.8662098565311],[-123.211193195754,41.8660838342814],[-123.211180673769,41.8659397670015],[-123.211180147767,41.865813623528],[-123.211069164931,41.8650212372731],[-123.211056736207,41.8648952158233],[-123.21105639434,41.864805073204],[-123.211056085837,41.8646970625297],[-123.211055406198,41.864516868164],[-123.211150445432,41.8640933879874],[-123.211221287415,41.863642909075],[-123.211245191808,41.8635888779323],[-123.211256972106,41.8635167469109],[-123.21130500833,41.8634536212002],[-123.211328866173,41.8633905679699],[-123.211400897596,41.8632913669562],[-123.211484971975,41.8632191117567],[-123.211544989597,41.8631469277839],[-123.211701161003,41.8630115670648],[-123.212265940364,41.8625422142749],[-123.212434023295,41.8623617002892],[-123.212542141584,41.8622624826466],[-123.21265025308,41.8621631758303],[-123.212734466938,41.862117990383],[-123.212878741186,41.8620096413612],[-123.213047025658,41.8618922002798],[-123.213119115067,41.8618290030779],[-123.213179105001,41.8617748671855],[-123.213251195357,41.8617116698864],[-123.21335939947,41.8616304074221],[-123.213455529833,41.8615401590598],[-123.213575646303,41.8614589549282],[-123.213695878785,41.8613776576287],[-123.213960584219,41.8612509936473],[-123.214477896358,41.8610069062997],[-123.214598174989,41.8609346319197],[-123.214862759377,41.8608080589286],[-123.215187493231,41.8606362783151],[-123.215764826604,41.8603469820965],[-123.216065638694,41.8602022500896],[-123.216233982021,41.8601208983796],[-123.216450492165,41.8600033974273],[-123.216594918889,41.8599490954995],[-123.217761657879,41.859361425144],[-123.218038332862,41.8592257856982],[-123.218218773013,41.8591353700924],[-123.218326942327,41.8590721528442],[-123.218435204583,41.8590268923394],[-123.218543465452,41.8589816299458],[-123.218639655339,41.8589274721855],[-123.218735888412,41.8588822464329],[-123.218880237693,41.8587918476132],[-123.219024520171,41.8587105646168],[-123.219132685109,41.858647255705],[-123.219289066075,41.8585569112804],[-123.219457380137,41.8584484837574],[-123.219769973013,41.8582587729678],[-123.219878184121,41.8582044881396],[-123.2199623867,41.8581592974247],[-123.220070723137,41.8581050984439],[-123.220154855107,41.8580689327027],[-123.220263112034,41.8580236705126],[-123.220443733644,41.8579692533663],[-123.220684357861,41.8578877681168],[-123.221141731627,41.8577607795558],[-123.221298200403,41.8576883874786],[-123.221322048952,41.8576253329124],[-123.221309664552,41.8575352271122],[-123.22126122387,41.8574723018776],[-123.221212950225,41.8574183956664],[-123.221128373761,41.8573464650667],[-123.221019622668,41.8572746088921],[-123.220910967285,41.8572207976921],[-123.220802431271,41.857166984248],[-123.220669625274,41.8570952000393],[-123.220524740611,41.8570143379087],[-123.220235169944,41.8568888859653],[-123.22010236103,41.8568170102097],[-123.220005811137,41.8567542269354],[-123.219921236856,41.8566822954414],[-123.21983661925,41.8566014308859],[-123.219751997751,41.8565204753717],[-123.219679455212,41.8564485985532],[-123.219534318938,41.8562957299857],[-123.219437650656,41.8561878300293],[-123.219352890511,41.856079897034],[-123.219292402398,41.8559899340092],[-123.219191727907,41.8558652611464],[-123.219147129643,41.8558100868351],[-123.219098876984,41.8557831617565],[-123.219014447383,41.855738297663],[-123.218929992462,41.8557114825536],[-123.218809423183,41.855702642462],[-123.218701053994,41.8557028780456],[-123.218580536268,41.8557031507096],[-123.21842402439,41.8557213960579],[-123.218279496074,41.8557306732109],[-123.218134894702,41.8557489762343],[-123.21800244173,41.8557672383589],[-123.217857960592,41.8557855388888],[-123.217665291986,41.8558129159144],[-123.217400480036,41.855867488545],[-123.217087199682,41.8558770899406],[-123.217002746592,41.8558502743319],[-123.216954494768,41.8558233474709],[-123.2168940273,41.8557603652448],[-123.217086373623,41.8556248901555],[-123.217158475949,41.8555887622955],[-123.217351120317,41.8555343140804],[-123.217531573927,41.8554709723034],[-123.217700043521,41.8554165981761],[-123.217904762325,41.8553711362066],[-123.217967663113,41.8553576225683],[-123.218073324836,41.8553348066496],[-123.218277923972,41.855289347966],[-123.218446486066,41.8552530178709],[-123.218807506747,41.8551262366872],[-123.218855505291,41.8550811566628],[-123.218831194123,41.8550091342194],[-123.218758839936,41.8549732569829],[-123.218698580296,41.8549733479066],[-123.2186143133,41.854982533652],[-123.218505915634,41.8550007263124],[-123.218204809731,41.8550373655778],[-123.218060330226,41.8550556645632],[-123.217927969235,41.8550918835148],[-123.217795443303,41.8551191732755],[-123.217723202811,41.855128322544],[-123.217578675687,41.8551375979353],[-123.217410094879,41.8551469447417],[-123.217239680493,41.8551397345702],[-123.217205216305,41.8551383557107],[-123.217012360523,41.8551296405732],[-123.216879937417,41.855129945092],[-123.216675102045,41.8551302881398],[-123.216542558561,41.8551305953278],[-123.216385956121,41.8551308819666],[-123.216060837761,41.855176519205],[-123.215747608784,41.855195141811],[-123.215687235882,41.8551502040559],[-123.215699102634,41.8550961192049],[-123.215747036764,41.8550149462881],[-123.215795036128,41.8549698675271],[-123.215891266556,41.8549246440105],[-123.216071811158,41.8548792595579],[-123.21633665045,41.8548067308446],[-123.216553416099,41.8547883075911],[-123.216938628854,41.8546884397295],[-123.217396036006,41.854570488577],[-123.217648752532,41.8544799484641],[-123.217711806065,41.8544592115055],[-123.217841351181,41.8544165654928],[-123.21797361501,41.8543623024345],[-123.218069933644,41.854335032227],[-123.218226325836,41.8542716701724],[-123.21835857132,41.8541904237079],[-123.218490999134,41.8541450882039],[-123.218647348321,41.8540727925598],[-123.219008055685,41.8538648933248],[-123.219007846612,41.8538018210464],[-123.218959550895,41.8537659628862],[-123.218887031396,41.8537210666423],[-123.218766633606,41.8537212464508],[-123.218646211506,41.8537394751862],[-123.218465624424,41.8537758406244],[-123.218333174363,41.8537941049532],[-123.218188653164,41.85380347201],[-123.218092283892,41.8538216275222],[-123.217947782536,41.853857975429],[-123.217899688422,41.8538850100114],[-123.21779143431,41.8539302710351],[-123.217683086641,41.8539574850358],[-123.217526534302,41.8539667971037],[-123.217309537105,41.8539401980598],[-123.217225248725,41.8539223116579],[-123.217127004887,41.8538910637002],[-123.217056346304,41.8538686787394],[-123.216803104799,41.8537880458692],[-123.216598070933,41.8537254055922],[-123.216308582224,41.8536358588348],[-123.216079447976,41.853564266914],[-123.215946791536,41.8535194553553],[-123.215573039207,41.8534390914462],[-123.215452503847,41.8534122897338],[-123.215319942104,41.8533855243788],[-123.215187307033,41.8533677840305],[-123.215006471002,41.8533321397325],[-123.214801530003,41.8532874523217],[-123.214680948371,41.853251627705],[-123.214524212735,41.8532249346368],[-123.214427779182,41.8532070838636],[-123.214259017277,41.8531804250286],[-123.214102327118,41.8531626643853],[-123.213933564272,41.8531360059939],[-123.213801046378,41.8531181710324],[-123.213499788229,41.8531007480566],[-123.213403308447,41.8530738743293],[-123.21333096059,41.8530379945959],[-123.213258444551,41.852993094866],[-123.213185959702,41.8529302360161],[-123.213125542821,41.8528762765938],[-123.213065175075,41.8528313383251],[-123.212992621968,41.8527323851818],[-123.212919860742,41.852615480793],[-123.212726325777,41.8523546462502],[-123.212690011408,41.852309638045],[-123.212605516916,41.8522737962197],[-123.212497261809,41.8523190523888],[-123.212376997866,41.8523913240036],[-123.212172420075,41.8524637554294],[-123.212112281918,41.8524638408338],[-123.212051934422,41.8524459732206],[-123.211967420946,41.8523830588506],[-123.211894749657,41.852284109852],[-123.211846299166,41.8521941076134],[-123.211809739752,41.8520770946806],[-123.211688311982,41.851780135475],[-123.211627497529,41.8516001196294],[-123.211578756006,41.8514290915583],[-123.211530030811,41.851285043747],[-123.211481675679,41.8512130891404],[-123.21138486021,41.8510961650144],[-123.211324494077,41.8510512249225],[-123.211191782455,41.8509704055215],[-123.211083192004,41.8509256089669],[-123.210938443094,41.8508898538058],[-123.210781783397,41.8508540405543],[-123.210612982749,41.8508183552181],[-123.210202647986,41.85061193858],[-123.20994941088,41.8505043104815],[-123.209840773444,41.8504504906675],[-123.209744256968,41.8504146826654],[-123.209671973145,41.8504148039813],[-123.209539635046,41.8504780856541],[-123.209500922218,41.8505290616529],[-123.209491727002,41.8505412079975],[-123.209474041049,41.8505810905074],[-123.209455816781,41.8506223426286],[-123.209395943876,41.8507215023311],[-123.209299776451,41.8508027248301],[-123.209227539533,41.8508118688813],[-123.209107105052,41.8508031075405],[-123.208708539798,41.8504975750145],[-123.208515245768,41.850326878658],[-123.208454741883,41.8502548707231],[-123.208345907292,41.8501379771078],[-123.208249130231,41.8500030903444],[-123.208224832607,41.8499310655238],[-123.208212578464,41.849886076165],[-123.208200305568,41.8498140164954],[-123.208175918962,41.8497240356115],[-123.208127337587,41.8496069653418],[-123.208054644656,41.8494540514045],[-123.207957623659,41.8492470707026],[-123.207957132519,41.8491028806879],[-123.207980855806,41.8490128512911],[-123.208028972412,41.8489676825428],[-123.208161415571,41.848949428916],[-123.208305839559,41.8489221181361],[-123.208510518693,41.8488947215106],[-123.208703264063,41.8488854036905],[-123.20889600697,41.8488760855782],[-123.209100819946,41.8488756652173],[-123.209317663885,41.8488753004167],[-123.209510330818,41.8488749173474],[-123.209666992475,41.8488656120209],[-123.209871762078,41.8488562581899],[-123.210052310796,41.8488378631905],[-123.210172680017,41.8488106202117],[-123.210232965899,41.848792574562],[-123.210353288678,41.8487563083667],[-123.210425430601,41.8487291184517],[-123.210509690701,41.8487199385661],[-123.21064227403,41.8487287502999],[-123.210835033209,41.8487464102133],[-123.21099160166,41.8487190588552],[-123.211136026845,41.8486918354919],[-123.211244324493,41.8486556026184],[-123.211364627587,41.8485922650458],[-123.211484860597,41.8485380434187],[-123.211617194103,41.8484747594774],[-123.211809593841,41.8483752968205],[-123.212062137136,41.8482307190642],[-123.212122188157,41.8481675590893],[-123.212182103528,41.8480774199789],[-123.212133702331,41.847996443409],[-123.212061192693,41.8479515428284],[-123.212000965672,41.8479335830094],[-123.211892393549,41.8479157693022],[-123.211711802622,41.8479251440988],[-123.211507081413,41.8479435232949],[-123.211061378313,41.8479443866372],[-123.211000942538,41.8479084732763],[-123.211024776296,41.8478183501841],[-123.211096899792,41.8477641786155],[-123.211169071956,41.8477190291108],[-123.211253283025,41.8477008247636],[-123.211385677536,41.8476735462349],[-123.211542200818,41.8476372610871],[-123.211770660747,41.8475107134001],[-123.21179460243,41.8474656156492],[-123.211734197011,41.8474117453491],[-123.211661823611,41.8473938236214],[-123.211565492304,41.8473940156141],[-123.211445078643,41.8474122379189],[-123.211252385575,41.847430581478],[-123.21090306365,41.8474402737187],[-123.210782405128,41.8473864907249],[-123.210758240602,41.8473414436523],[-123.210842161545,41.8472422146263],[-123.210890248419,41.8472150928703],[-123.210974491833,41.8471789304832],[-123.21108278712,41.847142700433],[-123.211251381041,41.8471154026545],[-123.211407872676,41.8470970758882],[-123.211709088907,41.8470875230181],[-123.211901706958,41.8470782038873],[-123.211974013241,41.8470600320885],[-123.212046199106,41.8470418623903],[-123.212118431474,41.847032716585],[-123.212202783418,41.8470415806364],[-123.212347341188,41.8470413339623],[-123.212515998602,41.8470500386377],[-123.21261226218,41.8470137506817],[-123.212672332189,41.8469776616333],[-123.212816623501,41.846878338491],[-123.212864569437,41.846824148607],[-123.212876442307,41.8467701547059],[-123.212876285772,41.8467161043377],[-123.212827885944,41.8466351288889],[-123.212755355463,41.84656315747],[-123.212670868363,41.8465273164922],[-123.212574354883,41.8464915089648],[-123.212441712769,41.8464466942102],[-123.212284927352,41.8463839064669],[-123.211862587492,41.8461775295908],[-123.211778037503,41.8461056836719],[-123.211741847625,41.8460606728913],[-123.211705446166,41.8459977090801],[-123.211669073429,41.8459166970136],[-123.211644496516,41.8457906272236],[-123.211632069179,41.8456646073681],[-123.211582568608,41.8452503170765],[-123.211594442232,41.845196322364],[-123.211594103884,41.8451062733782],[-123.211617978191,41.8450250830942],[-123.211653721126,41.8449350175618],[-123.211677458806,41.844826849926],[-123.211653069282,41.8447368695483],[-123.211628707299,41.8446288418211],[-123.211469926944,41.8443593652947]]},"properties":{"OBJECTID":23,"OWNERNAME":"Klamath National Forest","OWNERTYPE":"USDA Forest Service","DESIGNATIO":" ","MANAGEMENT":" ","REV_DATE":969580800000}},{"type":"Feature","id":24,"geometry":{"type":"LineString","coordinates":[[-123.253821447384,41.6741995148962],[-123.253807733786,41.6739438239506],[-123.253876924452,41.6736906858992],[-123.253936980661,41.6734897493432],[-123.254023084307,41.6733574301549],[-123.254163278383,41.6731457618524],[-123.254315885303,41.6729510974638],[-123.254420376757,41.6727143680166],[-123.254468406034,41.6725049915034],[-123.254425591624,41.6723241240708],[-123.254370754302,41.6721348142899],[-123.254207246305,41.6719252149389]]},"properties":{"OBJECTID":24,"OWNERNAME":"Klamath National Forest","OWNERTYPE":"USDA Forest Service","DESIGNATIO":" ","MANAGEMENT":" ","REV_DATE":969580800000}},{"type":"Feature","id":25,"geometry":{"type":"LineString","coordinates":[[-122.884295077974,42.0192653153149],[-122.884850715178,42.0192477817487],[-122.8854184168,42.0192393570179],[-122.885696283459,42.0192036015986],[-122.88598619922,42.0191588178701],[-122.88623984631,42.0191500568723],[-122.8865176211,42.0191683621177],[-122.886735007947,42.0192046503377],[-122.886940213612,42.0192408545535],[-122.8873630193,42.0192592801406],[-122.887737364593,42.0192866623366],[-122.887990922125,42.0193319601645],[-122.888232330836,42.0194312338574],[-122.888437360335,42.0195755597431],[-122.888835388312,42.0199091591754],[-122.889052506855,42.0201164740592],[-122.889390206079,42.0203510006897],[-122.889872871096,42.0206757159065],[-122.890427878182,42.0210004931329],[-122.890983004229,42.0213251758956],[-122.891308862104,42.0214966125187],[-122.891514002667,42.0216049211886],[-122.891610502836,42.0216861091746],[-122.891670538702,42.0218842823265],[-122.891682415469,42.0219923123487],[-122.891706452419,42.0220644156002],[-122.89174255798,42.0221634987051],[-122.891814929357,42.0222176208166],[-122.891911408872,42.022262798661],[-122.892080549018,42.0222538815224],[-122.892237731168,42.0222000198839],[-122.892358616952,42.022137061156],[-122.892745854808,42.0217321028298],[-122.893157464368,42.0211651286534],[-122.893314985711,42.0208860838992],[-122.893399946578,42.0206429011557],[-122.893436660635,42.0203547934839],[-122.893376693607,42.020084509428],[-122.893280450952,42.0198322018389],[-122.89308773385,42.0195348081881],[-122.892967196064,42.0193636491338],[-122.892870974891,42.0191473510676],[-122.892822998744,42.018958198953],[-122.892811386804,42.0186970086649],[-122.892835774481,42.0185618880811],[-122.892932602118,42.0183998423075],[-122.893077791713,42.0182738738103],[-122.893283281656,42.0181750475737],[-122.89340423682,42.0180490000094],[-122.893489119583,42.0178689962611],[-122.893610087656,42.0177609993362],[-122.893718901972,42.0176890193269],[-122.893839791906,42.0176441088954],[-122.893984801966,42.0176172386547],[-122.894262559601,42.0176174774251],[-122.89492673777,42.0176811712638],[-122.895289022804,42.0177085348105],[-122.895965435818,42.0176820529041],[-122.896412529852,42.0176193900052],[-122.89669036149,42.0175476012816],[-122.896932127396,42.0174487500991],[-122.897040928803,42.0173588079056],[-122.897077294036,42.0172957924886],[-122.897089423853,42.0172327010185],[-122.897077548971,42.0171426312555],[-122.896981138395,42.0170074766533],[-122.896764124507,42.0168001733613],[-122.896486702097,42.0165747592296],[-122.896390186949,42.0164665909333],[-122.896305834753,42.0163403643003],[-122.896137231463,42.0160519917174],[-122.895992758887,42.015790682851],[-122.895812019842,42.0155563761401],[-122.895691748844,42.0152500208446],[-122.895595599398,42.0149527703532],[-122.895559665728,42.0147545911709],[-122.895523993255,42.0144032504834],[-122.895416033654,42.0139258604452],[-122.895308088005,42.0134753643235],[-122.895248237374,42.0131961460906],[-122.895176398018,42.0128357971586],[-122.895104354837,42.0125295127406],[-122.895093007598,42.0121332137716],[-122.895057152818,42.0118630148631],[-122.89493682396,42.011637705185],[-122.894864703174,42.0113945074037],[-122.894925539643,42.0111513375755],[-122.895143401679,42.0108363471741],[-122.895361201008,42.0106203625274],[-122.895615165305,42.0104044528594],[-122.896050467082,42.0100805161615],[-122.896316584192,42.0098376134054],[-122.896522210682,42.0096306597601],[-122.896703635899,42.0094686611478],[-122.896909184331,42.009324792917],[-122.897102479982,42.0092528638364],[-122.897537509637,42.0090731456019],[-122.897827658016,42.0089112759992],[-122.898214357214,42.008749449852],[-122.898697601968,42.00857873388],[-122.899072168376,42.0084799968333],[-122.899507018565,42.0083993720667],[-122.899821107795,42.0083545430715],[-122.900256063617,42.0082558627212],[-122.900678833921,42.0081481653488],[-122.901089589447,42.0080944399738],[-122.901560635657,42.0080678488361],[-122.902091867597,42.0080952908536],[-122.902852648731,42.0081770302453],[-122.903335544807,42.0082044023708],[-122.903589167321,42.0082136566074],[-122.90396365948,42.0081869251607],[-122.9047729536,42.0080344257661],[-122.905461560839,42.0078458854268],[-122.905956979712,42.0077022072136],[-122.906271118971,42.0075763173567],[-122.906476617313,42.0074053589152],[-122.906754846491,42.0071443772499],[-122.907190051979,42.0067844847981],[-122.907443886145,42.006622523901],[-122.907697632638,42.0064966626408],[-122.907951414811,42.006415836058],[-122.908120486977,42.0063708891401],[-122.9083017569,42.0063530058209],[-122.908784728918,42.0063354103059],[-122.909098812777,42.0062995841855],[-122.909340344928,42.006272824483],[-122.909738982876,42.0061650180951],[-122.910886604333,42.0058956801266],[-122.91135776662,42.0057519075814],[-122.911696157025,42.005536009264],[-122.912095136718,42.0052751243184],[-122.912288623803,42.0050410790458],[-122.912349172843,42.004951061632],[-122.912627244604,42.0046811342829],[-122.912869087038,42.004474133359],[-122.91301423579,42.0042400248357],[-122.913123342041,42.0039970000793],[-122.913111502159,42.0038348243925],[-122.913063322559,42.0037357568309],[-122.912918419106,42.0037085868517],[-122.910974239834,42.0036891461432],[-122.910628186031,42.0036915977784],[-122.909851260036,42.0036972782793],[-122.909477104853,42.0035258326511],[-122.909211835937,42.0032644316231],[-122.908862288761,42.0028228437182],[-122.908765895345,42.0027146847502],[-122.908729791583,42.0026336586714],[-122.908729835509,42.002543589807],[-122.908778234048,42.0024805661591],[-122.908862816125,42.0024445990117],[-122.909092211288,42.0024807502529],[-122.909562813784,42.0026883359648],[-122.909768044965,42.0027965211052],[-122.909876553704,42.0028326526799],[-122.910033610277,42.0028417666217],[-122.910263083781,42.0028239460618],[-122.910468410637,42.0027610146078],[-122.910649614404,42.0027064882881]]},"properties":{"OBJECTID":25,"OWNERNAME":"Rogue River National Forest","OWNERTYPE":"USDA Forest Service","DESIGNATIO":" ","MANAGEMENT":" ","REV_DATE":969580800000}},{"type":"Feature","id":26,"geometry":{"type":"LineString","coordinates":[[-122.910649614404,42.0027064882881],[-122.910649640093,42.0027071191728],[-122.910806635495,42.0026442169719],[-122.910903447244,42.0025362171658],[-122.910939851618,42.0024011799957],[-122.910939822259,42.0024004591132]]},"properties":{"OBJECTID":26,"OWNERNAME":"Fruit Growers","OWNERTYPE":"Private","DESIGNATIO":" ","MANAGEMENT":" ","REV_DATE":969580800000}},{"type":"Feature","id":27,"geometry":{"type":"LineString","coordinates":[[-122.910939822259,42.0024004591132],[-122.910964685242,42.0018870923366],[-122.911025751876,42.001427765611],[-122.911135007612,42.0009415189151],[-122.911220122694,42.0005542892575],[-122.911281172452,42.0000770037227],[-122.911305677038,41.9998428765095],[-122.911330094861,41.9996536947046],[-122.911342418675,41.9994105521576],[-122.91133067211,41.9992123655524],[-122.91129468924,41.9989962365323],[-122.911258832328,41.9987890380224],[-122.911210881039,41.9985367229265],[-122.911211146795,41.9982846531382],[-122.911223741363,41.9979423207767],[-122.911271454138,41.9975982799903],[-122.911272486476,41.9975911274802],[-122.911308053133,41.9973916724583],[-122.911333411069,41.9972489475811],[-122.911442519414,41.9968797584705],[-122.911533793516,41.9966898513657],[-122.911563658518,41.9966276165334],[-122.91179346105,41.9963216224536],[-122.911794031243,41.9963207969854],[-122.911829810441,41.9962676295483],[-122.912083453142,41.996055125993],[-122.912119920768,41.996024594792],[-122.912338047445,41.9958923253347],[-122.912446110019,41.9958267559367],[-122.912450908585,41.9958233057534],[-122.912760338312,41.9956018453638],[-122.913026171622,41.9954398686808],[-122.913243808004,41.9952869428762],[-122.913364698712,41.995169905472],[-122.913407708445,41.9950580010302],[-122.913413155598,41.9950438866094],[-122.91341263202,41.9950399277091],[-122.913389261099,41.9948727850599],[-122.91323251166,41.9946564590179],[-122.91302757183,41.9944491823227],[-122.91291911344,41.9943229860388],[-122.91288299122,41.9942239124708],[-122.912895216827,41.9941517943252],[-122.912895796792,41.9941512388545],[-122.912968849346,41.9940813298206],[-122.912979748235,41.9940708803356],[-122.912995245056,41.9940667338874],[-122.913148908082,41.9940259240294],[-122.913366333491,41.9940441131845],[-122.913515831053,41.9941043874729],[-122.91352306066,41.9941072895213],[-122.913529981636,41.9941085734896],[-122.913619608288,41.9941253730631],[-122.913673955022,41.9940929854553],[-122.913680075614,41.994089416001],[-122.913559526042,41.9939181920631],[-122.913342497756,41.9936748254415],[-122.913174335711,41.9934680587607],[-122.913173832295,41.993467527916],[-122.912956746763,41.9932872463037],[-122.912949407654,41.9932846178521],[-122.912727455163,41.9932059759772],[-122.912292757737,41.9931966665678],[-122.911978836683,41.9932144485622],[-122.911734678149,41.9932142905561],[-122.911713224079,41.9932142428251],[-122.911697726365,41.993212432948],[-122.911483863877,41.9931870298425],[-122.911390249386,41.9931258296157],[-122.911388019054,41.9931243470772],[-122.911387402363,41.993123999858],[-122.911351373806,41.9929977594963],[-122.911399840537,41.9928807664379],[-122.911417699909,41.9928754819291],[-122.911580922422,41.9928268738111],[-122.911834464782,41.9928090376591],[-122.912090572676,41.9928008886168],[-122.912112236113,41.992800209937],[-122.91213467867,41.9927950004598],[-122.912341767334,41.9927463747074],[-122.912467249627,41.9926385301193],[-122.912498793711,41.9926113598651],[-122.912740607008,41.9924134774702],[-122.912748499224,41.9924090552439],[-122.912885626174,41.9923324363912],[-122.91311496302,41.9923326630943],[-122.913440890584,41.9924049392352],[-122.913858095157,41.9924725863612],[-122.913887452707,41.992477325616],[-122.914068777874,41.9924910193112],[-122.914128854424,41.9924955023312],[-122.914130415466,41.9924953767481],[-122.914182824048,41.9924920933933],[-122.914406618616,41.9924777358695],[-122.914654511903,41.9924778925264],[-122.914672228235,41.992477935516],[-122.914693946685,41.992484474276],[-122.915118732923,41.9926134030256],[-122.915613700354,41.9928285221471],[-122.915637625605,41.9928388912734],[-122.916156456601,41.9931185278982],[-122.916181663279,41.9931307630758],[-122.916602799426,41.9933349457871],[-122.91693364267,41.99348850406],[-122.91695280676,41.9934973580257],[-122.916963330707,41.9935012676526],[-122.917290606892,41.9936236810113],[-122.917640659971,41.9937050469803],[-122.91802915227,41.9937394092104],[-122.918051284614,41.9937413365478],[-122.918449463697,41.9937416311819],[-122.918763857104,41.9937147967275],[-122.919077839115,41.9936340035147],[-122.919392120491,41.9934902081836],[-122.919609474353,41.9933191383785],[-122.919754623841,41.9931300583513],[-122.919770159069,41.9931093043608],[-122.919875578435,41.9929680712159],[-122.919922949026,41.9927222250436],[-122.919936364091,41.9926528758565],[-122.919997139219,41.9923286571024],[-122.920069872666,41.9920315074796],[-122.920089894202,41.9919645318185],[-122.920166917178,41.9917072627756],[-122.920211493055,41.9916307868336],[-122.920324157527,41.9914372222846],[-122.920529884805,41.9910951284225],[-122.920783842657,41.9907800791127],[-122.920889314331,41.9906460636854],[-122.920989287058,41.9905190341467],[-122.921065831345,41.9904170914919],[-122.921219145837,41.9902129323573],[-122.921340193906,41.9899157491897],[-122.921352619658,41.9896906563405],[-122.921232134223,41.9894744068907],[-122.920894431244,41.9891949422146],[-122.920520486089,41.988942486923],[-122.920110319821,41.9887350864265],[-122.919727447806,41.9886111670577],[-122.919663820178,41.9885906142954],[-122.919168912386,41.9884732492522],[-122.919149321292,41.9884715336151],[-122.918758554182,41.9884368680324],[-122.918166993593,41.9884364310652],[-122.917623310448,41.9884720698824],[-122.917261106323,41.9885078554346],[-122.916977035591,41.9884568263316],[-122.916959311017,41.9884536238155],[-122.916681822347,41.9883633646722],[-122.916501439247,41.9882286318444],[-122.916500815211,41.9882281037544],[-122.916416608923,41.9880028921304],[-122.916320501433,41.9876785932305]]},"properties":{"OBJECTID":27,"OWNERNAME":"Rogue River National Forest","OWNERTYPE":"USDA Forest Service","DESIGNATIO":" ","MANAGEMENT":" ","REV_DATE":969580800000}},{"type":"Feature","id":28,"geometry":{"type":"LineString","coordinates":[[-122.916320501433,41.9876785932305],[-122.916188043407,41.9873992608904],[-122.916055587732,41.9871199292505],[-122.915935349629,41.9867596362549],[-122.915863423378,41.9863902868254],[-122.915863589091,41.9861625899764],[-122.915863839817,41.9860660204798],[-122.915864712289,41.9860608560246],[-122.915892675494,41.9858909080956],[-122.915924708859,41.9856968605573],[-122.91599750134,41.9854536814932],[-122.916017915929,41.9853434722258],[-122.91602373419,41.985312021786],[-122.916046058316,41.9851925617284],[-122.916050903069,41.9851667293682],[-122.916094735519,41.9849314382658],[-122.916162376029,41.9848180634004],[-122.916191460623,41.9847692920701],[-122.916246556611,41.98472307983],[-122.916356637543,41.9846309280154],[-122.916384828653,41.9846073540997],[-122.916409455848,41.984599657267],[-122.916614311056,41.9845354635732],[-122.916880103011,41.9843825050426],[-122.917255085193,41.984121621083],[-122.917484616049,41.9839777111865],[-122.917554640499,41.9839371101024],[-122.91758324209,41.9839205674027],[-122.917593364793,41.9839147382733],[-122.917602929732,41.983910005531],[-122.917644375294,41.983889376955],[-122.917701997468,41.9838607031629],[-122.918028174465,41.9837258435667],[-122.918169690233,41.9836949643345],[-122.91823346063,41.98368103998],[-122.918325589333,41.9836124039672],[-122.918390471327,41.9835639796044],[-122.918451036042,41.9833929187672],[-122.91845109741,41.9833856062755],[-122.918451340806,41.9832127781873],[-122.918511866045,41.9830056202661],[-122.918530344574,41.9829861513883],[-122.91865691554,41.9828526457261],[-122.918862357678,41.9827267054025],[-122.919049484301,41.9826037141932],[-122.919067787993,41.9825917404634],[-122.919085881867,41.9825746269149],[-122.919248966546,41.9824207857213],[-122.919490662924,41.9822857953999],[-122.919828988124,41.9821418975707],[-122.919913301475,41.9821060193602],[-122.9199369969,41.9820874231578],[-122.9201429062,41.9819260925085],[-122.920251334273,41.9818291027075],[-122.920263769844,41.9818179859134],[-122.920439491111,41.9816726955693],[-122.920590035529,41.9815480187152],[-122.92075129313,41.9813879903439],[-122.920843903487,41.9812960565729],[-122.921025138732,41.9810710397315],[-122.921097860023,41.9808998791873],[-122.921122313466,41.9806567304802],[-122.921124026791,41.9806222176449],[-122.921134710331,41.9804045664352],[-122.921135095403,41.9800713674703],[-122.921219867592,41.979783148585],[-122.921294715212,41.9796578742982],[-122.921316696705,41.9796210876816],[-122.921370474426,41.9795576654442],[-122.921461713039,41.9794500617522],[-122.92154531438,41.9793764762718],[-122.921594615643,41.9793331021537],[-122.921703406893,41.9792070426123],[-122.921731151061,41.9790907065174],[-122.921739879896,41.9790539545087],[-122.921764256996,41.9788558431557],[-122.921800691332,41.9786667479109],[-122.921873376838,41.9784596686423],[-122.922030547855,41.9782796076213],[-122.922045479163,41.9782618458892],[-122.922151369222,41.9781355826522],[-122.922152218301,41.9781240119495],[-122.92216360292,41.9779644639943],[-122.922067296088,41.9778112830838],[-122.921813996137,41.9776580283062],[-122.921741722635,41.9775588928397],[-122.921785780947,41.9773706144889],[-122.921790186492,41.9773517416403],[-122.921959471061,41.9771177058019],[-122.922068888859,41.9770362125723],[-122.922189059248,41.9769467114641],[-122.922430626336,41.9768208344069],[-122.922780983955,41.9765778322175],[-122.922962016157,41.9765239233447],[-122.922977713569,41.9765218463623],[-122.923167295875,41.9764970722189],[-122.923352785965,41.9763670732614],[-122.923372690958,41.9763530767934],[-122.923390803288,41.9763306372245],[-122.923517685447,41.9761730246353],[-122.923681568988,41.976027461824],[-122.923798382381,41.9759237772341],[-122.92383185603,41.9758940343324],[-122.923878265419,41.9758565931108],[-122.924266787173,41.9755429428876],[-122.92464662374,41.9751794087293],[-122.924689738882,41.9751380714999],[-122.924737341503,41.9750915772377],[-122.925076443803,41.9747600259993],[-122.925107135527,41.9747154572529],[-122.925271964785,41.9744760135955],[-122.925318233322,41.9744088853285],[-122.925628323468,41.974010770263],[-122.925668832194,41.973958845214],[-122.926103903071,41.9735268850785]]},"properties":{"OBJECTID":28,"OWNERNAME":"Private","OWNERTYPE":"Private","DESIGNATIO":" ","MANAGEMENT":" ","REV_DATE":969580800000}},{"type":"Feature","id":29,"geometry":{"type":"LineString","coordinates":[[-122.945351941371,41.9630267341233],[-122.945482666197,41.9628821876867],[-122.945702195774,41.9626395509283],[-122.94602835647,41.9622523851784],[-122.946342374599,41.9618832805923],[-122.946547741256,41.9616943070304],[-122.94676728587,41.9615450725886],[-122.946958243565,41.9614152750088],[-122.947129178717,41.9612877471129],[-122.947320451084,41.9611452163327],[-122.947718880068,41.9609382073007],[-122.948105217666,41.9607852639846],[-122.948283469951,41.9607006107926],[-122.949071248297,41.9603264146663],[-122.949156216669,41.9602724523539],[-122.949807780945,41.9598583794137],[-122.950089618727,41.9596954119724],[-122.950399335314,41.9595163631737],[-122.951002961608,41.9591113438744],[-122.951119959242,41.959051398378],[-122.951389341008,41.9589134476693],[-122.95167902046,41.9587422624118],[-122.951908363008,41.958571312711],[-122.952053423534,41.9583461969738],[-122.952210393898,41.9581120481591],[-122.952224061677,41.9580960265037],[-122.952379464172,41.957913986208],[-122.952584921431,41.9577249115902],[-122.952739601734,41.957502367258],[-122.952753923387,41.9574818189793],[-122.952886858269,41.9571216176491],[-122.952909118784,41.9570892408339],[-122.953128450381,41.9567704325708],[-122.953382069581,41.9565723801836],[-122.953715187935,41.956443945293],[-122.953732022032,41.9564374164716],[-122.954166539188,41.9563925251796],[-122.954178440546,41.9563919764951],[-122.954534503912,41.9563749975757],[-122.95454051675,41.956374767724],[-122.954649135727,41.956356797845],[-122.954884832215,41.9563128490107],[-122.954938856991,41.9563028331579],[-122.955067976942,41.9562651625397],[-122.955216375856,41.9562218980533],[-122.955506081668,41.9560778680478],[-122.955510342976,41.956073166262],[-122.955687182124,41.9558797913039],[-122.955705814785,41.9558326093908],[-122.955808489733,41.9555648006802],[-122.956001458765,41.9550963462742]]},"properties":{"OBJECTID":29,"OWNERNAME":"Rogue River National Forest","OWNERTYPE":"USDA Forest Service","DESIGNATIO":" ","MANAGEMENT":" ","REV_DATE":969580800000}},{"type":"Feature","id":30,"geometry":{"type":"LineString","coordinates":[[-122.956001458765,41.9550963462742],[-122.956078966057,41.9549965291902],[-122.956134297002,41.9549252968285],[-122.956460418594,41.9545741152549],[-122.95679846496,41.9542230155417],[-122.957196833519,41.9538628314062],[-122.957420656587,41.9536959719657],[-122.957607329895,41.9535567830863],[-122.957869275984,41.953310517585],[-122.957885407598,41.9532958813597],[-122.958162676384,41.9530705560189]]},"properties":{"OBJECTID":30,"OWNERNAME":"Klamath National Forest","OWNERTYPE":"USDA Forest Service","DESIGNATIO":" ","MANAGEMENT":" ","REV_DATE":969580800000}},{"type":"Feature","id":31,"geometry":{"type":"LineString","coordinates":[[-122.974254018946,41.9342512449016],[-122.975050099241,41.9345396138787],[-122.975894376084,41.9347739637144],[-122.976943619995,41.9350173787825],[-122.97769150214,41.9351436177479],[-122.978282469997,41.9352608247437],[-122.978789122478,41.9352969910013],[-122.979268275568,41.9352344468224],[-122.979271626984,41.9352340065166],[-122.979289325678,41.9352281752146],[-122.979657685123,41.9351079569465],[-122.979988642488,41.9349716526658],[-122.98000758428,41.9349638968306],[-122.980008185735,41.9349638828046],[-122.980490066944,41.9349549643022],[-122.981141364248,41.9350721786197],[-122.981865137592,41.9352434510688],[-122.98221490554,41.9353516167324],[-122.982600868493,41.9353696776761],[-122.982998925435,41.9352886361389]]},"properties":{"OBJECTID":31,"OWNERNAME":"Klamath National Forest","OWNERTYPE":"USDA Forest Service","DESIGNATIO":" ","MANAGEMENT":" ","REV_DATE":969580800000}},{"type":"Feature","id":32,"geometry":{"type":"LineString","coordinates":[[-122.958162676384,41.9530705560189],[-122.958367896027,41.9528996169506],[-122.958561152657,41.9526294190624],[-122.958681968399,41.9523232822593],[-122.958827098887,41.9518549491006],[-122.958972122085,41.9513956446349],[-122.959093163092,41.9509273348425],[-122.959153631565,41.9506211672576],[-122.959178032695,41.9502789315246],[-122.95922647868,41.9499096930145],[-122.959262863206,41.9495313519934],[-122.959359599963,41.9493152113265],[-122.959468264619,41.9490991522047],[-122.959540889368,41.9487928802292],[-122.959565277374,41.9484417132692],[-122.959565528442,41.9480634061622],[-122.959601924199,41.9476940900029],[-122.959698815411,41.9470366550477],[-122.959783533815,41.9466854301307],[-122.959904360071,41.9463972526782],[-122.960097451056,41.9461901388262],[-122.960363021776,41.9460461211095],[-122.960628500673,41.9459201544286],[-122.960761280705,41.9457310536563],[-122.960797763999,41.9453437777195],[-122.960834231294,41.9449474781649],[-122.960918905958,41.9444971685488],[-122.961064034661,41.9438937429403],[-122.961100440236,41.9435335426493],[-122.961100714886,41.9431732861494],[-122.961088829886,41.9428939919461],[-122.961161211769,41.9426688545452],[-122.96128209782,41.9424257081964],[-122.961547580149,41.9420114128247],[-122.961837573017,41.9416333625686],[-122.961934186022,41.9414262488262],[-122.961970484422,41.9411560243088],[-122.96192246935,41.9408767640352],[-122.96187429219,41.9406426297258],[-122.961826236942,41.9403363886671],[-122.961838527025,41.9398860600405],[-122.961887316835,41.9390664163055],[-122.961959965934,41.9386341684707],[-122.962008349659,41.9383910046706],[-122.962008499375,41.9381838043122],[-122.961960247683,41.9379045509864],[-122.961900183468,41.9376163707367],[-122.961888275808,41.9374001581076],[-122.961924568839,41.9372020370977],[-122.961924756144,41.9369408723967],[-122.96184044265,41.9366255549757],[-122.961780406589,41.9363553316245],[-122.961816641516,41.9361212071517],[-122.961889136401,41.9358960693126],[-122.962154701522,41.9356258910951],[-122.962480495443,41.9354458072887],[-122.962794314227,41.9352298160131],[-122.963035626883,41.9350047830086],[-122.963277025282,41.9347616095206],[-122.963554638504,41.9345726359955],[-122.96379588083,41.9343835202656],[-122.964037291458,41.9341494596346],[-122.964314964975,41.9337802687645],[-122.964568430525,41.9334831156303],[-122.964737344883,41.9333210521577],[-122.965026939302,41.9331770049721],[-122.965437110224,41.9330600895791],[-122.965799096042,41.9329340162379],[-122.966245431447,41.9327720310429],[-122.966583231414,41.9326550943836],[-122.966993425397,41.9325561324924],[-122.967463868573,41.9325562835825],[-122.967946260503,41.9325743825676],[-122.967958316959,41.9325833941659],[-122.968440783742,41.9326465199853],[-122.96849423063,41.932651943435],[-122.968971526151,41.9327007499496],[-122.969534948153,41.9327359803377],[-122.969550281302,41.9327369745235],[-122.970105329462,41.9327821449748],[-122.970708349176,41.932854342767],[-122.971504449483,41.932962609506],[-122.97220391669,41.9331699718622],[-122.972782774955,41.9335393543278],[-122.973711332903,41.9340530202822],[-122.974254018946,41.9342512449016]]},"properties":{"OBJECTID":32,"OWNERNAME":"Rogue River National Forest","OWNERTYPE":"USDA Forest Service","DESIGNATIO":" ","MANAGEMENT":" ","REV_DATE":969580800000}},{"type":"Feature","id":33,"geometry":{"type":"LineString","coordinates":[[-122.982998925435,41.9352886361389],[-122.983018484875,41.9352755412538],[-122.983457365501,41.9349824573182],[-122.984120988487,41.9345502404826],[-122.984784607845,41.9341410305929],[-122.984953387682,41.9340369678195],[-122.985411797082,41.9337218493689],[-122.985701348656,41.9334516853447],[-122.986063247289,41.9332354926098],[-122.986618130249,41.9330013852762],[-122.986931813752,41.9328843314418],[-122.987178745845,41.9327061360263],[-122.987293739589,41.9326231941005],[-122.98761983678,41.9323890718608],[-122.988017968219,41.932172919933],[-122.988425412955,41.9319492363407],[-122.988428001899,41.9319478217621],[-122.988433489724,41.9319437205652],[-122.988705497642,41.9317406548228],[-122.988958878291,41.9315155583071]]},"properties":{"OBJECTID":33,"OWNERNAME":"Rogue River National Forest","OWNERTYPE":"USDA Forest Service","DESIGNATIO":" ","MANAGEMENT":" ","REV_DATE":969580800000}},{"type":"Feature","id":34,"geometry":{"type":"LineString","coordinates":[[-122.988958878291,41.9315155583071],[-122.98934492252,41.9312813678359],[-122.989718866621,41.9311373445859],[-122.9900685928,41.9310473158736],[-122.990394290336,41.9309842954975]]},"properties":{"OBJECTID":34,"OWNERNAME":"Klamath National Forest","OWNERTYPE":"USDA Forest Service","DESIGNATIO":" ","MANAGEMENT":" ","REV_DATE":969580800000}},{"type":"Feature","id":35,"geometry":{"type":"LineString","coordinates":[[-122.990394290336,41.9309842954975],[-122.990780333866,41.9308131809438],[-122.991238672592,41.9306060633919]]},"properties":{"OBJECTID":35,"OWNERNAME":"Rogue River National Forest","OWNERTYPE":"USDA Forest Service","DESIGNATIO":" ","MANAGEMENT":" ","REV_DATE":969580800000}},{"type":"Feature","id":36,"geometry":{"type":"LineString","coordinates":[[-123.209445115296,41.6133759279147],[-123.209538994598,41.6127182389933],[-123.209465662286,41.6123220943084],[-123.209175927887,41.6118002069272],[-123.208995177518,41.6115662937179],[-123.208766656011,41.6114136150764],[-123.208525829652,41.6111979209133],[-123.208272995317,41.6109551087382],[-123.208176816677,41.6108742940773],[-123.208139877312,41.6105861076858],[-123.207874668492,41.6102173142362],[-123.207597397562,41.6098574875031],[-123.207547880557,41.60938017817],[-123.207427364289,41.6092272738523],[-123.207210290109,41.6088944192146],[-123.207221682401,41.6087052268947],[-123.207363595459,41.608038472161],[-123.207264931101,41.6072279144226],[-123.207168574341,41.6071110190085],[-123.206808122274,41.6069856043492],[-123.206363282863,41.6067161953237],[-123.206050710113,41.606554557536],[-123.205077707567,41.6062951615887],[-123.204621435378,41.6062059177583],[-123.204261679261,41.6063145743781],[-123.204033770894,41.6063510438858],[-123.203793618739,41.6062884140678],[-123.203624992054,41.6060995635829],[-123.203588614049,41.6059915143356],[-123.203636151239,41.6058383005302],[-123.204067472927,41.6056123548316],[-123.204810282826,41.6052147481504],[-123.205325314534,41.6048805817582],[-123.205721030794,41.6047987903344],[-123.20611700073,41.6047439657432],[-123.206536274222,41.6045090260082],[-123.206991199442,41.6041659183761],[-123.207230116853,41.6038412999866],[-123.207299479708,41.6030034631701],[-123.207357544875,41.6023728569755],[-123.207321209627,41.6022738291383],[-123.207224719647,41.6021298758983],[-123.207235226453,41.6016704380663],[-123.207198893414,41.6015714992919],[-123.207090403876,41.601400519066],[-123.207065200367,41.6010132565047],[-123.206882937286,41.6003290537238],[-123.206726587433,41.6002211757683],[-123.206534333867,41.6001225104272],[-123.206041450486,41.5998711961704],[-123.205608642512,41.5996017533535],[-123.205296089805,41.5994131423737],[-123.205235670902,41.5993141860034],[-123.20542681717,41.5990256098492],[-123.205426314845,41.5988544042293],[-123.205316868997,41.5983952259583],[-123.204978666104,41.5977022726859],[-123.20477255447,41.5970361793325],[-123.204603417946,41.5966941686146],[-123.204614860943,41.5965139996529],[-123.204650388782,41.5963337585991],[-123.204781356837,41.5960183001795],[-123.205019408675,41.5954054019178],[-123.205042487426,41.5951081153763],[-123.205004934198,41.594621760608],[-123.2051237761,41.5942792775106],[-123.205158051676,41.593729751268],[-123.20519246267,41.5932072862672],[-123.205107563588,41.5929101337332],[-123.20475886855,41.5926766158867],[-123.203929616648,41.5922727466248],[-123.203376430288,41.5918594115013],[-123.202750703687,41.591293031493],[-123.202402111451,41.5910774582814],[-123.201717275631,41.5907905110859],[-123.200876466024,41.590512756743],[-123.199891982004,41.5903072984053],[-123.199351478755,41.5901011061968],[-123.198185788442,41.5894996219544],[-123.197656821284,41.5891762187259],[-123.197248497147,41.5890418039184],[-123.196936350425,41.5889703474889],[-123.196768246154,41.5889255422084],[-123.196708071698,41.5888716815769],[-123.196659860108,41.5887906354637],[-123.196695562749,41.588691492986],[-123.196791091857,41.5885742318315],[-123.197810766401,41.5885094563463],[-123.198482443589,41.5884182441216],[-123.199417210929,41.5880742532981],[-123.199597149474,41.5880649885075],[-123.200401042179,41.5880815415964],[-123.200916563231,41.5879636149514],[-123.201683821932,41.5877460061026],[-123.202319477272,41.5876908706141],[-123.202547224717,41.587609392312],[-123.20285844949,41.5873746912833],[-123.203085148591,41.5869869815121],[-123.203095814771,41.5865546117042],[-123.20302339342,41.5864015663278],[-123.202638085891,41.5859789092129],[-123.202577458348,41.5857628691016],[-123.202552909023,41.5855736956273],[-123.202672226207,41.5853753594636],[-123.203067089919,41.5850233336193],[-123.203581863501,41.5846891850046],[-123.204085098,41.5844450843996],[-123.204228523456,41.5843007090293],[-123.204622802982,41.5837865900236],[-123.204921762563,41.5834527879056],[-123.204933306083,41.5833176325389],[-123.204920795191,41.5831645062117],[-123.204884126501,41.5829483997167],[-123.204510190674,41.5822825303674],[-123.204004042632,41.581580876566],[-123.203618501776,41.5810591847523],[-123.203413690599,41.5807622913002],[-123.203305496998,41.580690441432],[-123.203185427042,41.5806636377676],[-123.203077383656,41.5806458201066],[-123.20276487619,41.5804481867725],[-123.202188225486,41.5801879932386],[-123.201552265645,41.5801440905064],[-123.200952085967,41.5800189893651],[-123.20020721858,41.5796600475095],[-123.199703121466,41.5795798579789],[-123.199114665311,41.5794006866096],[-123.198526100293,41.5791495311661],[-123.198202201613,41.5791410711368],[-123.198057984274,41.5790512805612],[-123.197949768105,41.5789974688351],[-123.197661758136,41.5789529160943],[-123.19718176324,41.5788997086541],[-123.197025623107,41.5788459402065],[-123.19685744178,41.5787561256418],[-123.196520501829,41.5784324480779],[-123.196231829393,41.5781537307585],[-123.196039571463,41.5780639835431],[-123.195499458456,41.5779658393561],[-123.195151105843,41.5778312522619],[-123.194586564396,41.5775620583374],[-123.194502213582,41.5774630770682],[-123.194261103833,41.577058211964],[-123.194200603112,41.5768870905501],[-123.194200408173,41.5767970692409],[-123.194259939709,41.5766708921579],[-123.194439131233,41.576391304312],[-123.194821830647,41.5760033537192],[-123.195372639466,41.5756691391537],[-123.195743681382,41.5753983001167],[-123.196030444872,41.5750194569646],[-123.196257696905,41.5747939431941],[-123.196413460806,41.5747485829723],[-123.196833059437,41.5746578241131],[-123.196928802201,41.5746126339895],[-123.197060462129,41.5745133105076],[-123.197083930221,41.57431507096],[-123.197095298053,41.5741168681875],[-123.196745543001,41.5734960179673],[-123.196504718663,41.5731991284312],[-123.196480293418,41.5730550575167],[-123.196515858329,41.5729289473815],[-123.196790207495,41.5724150196487],[-123.196765959676,41.5723070263844],[-123.19668179005,41.5722441250193],[-123.196477841501,41.5722354126525],[-123.196009962137,41.5722002049471],[-123.195865683148,41.5721193449739],[-123.195793573188,41.5720474766759],[-123.195745375084,41.5719664314374],[-123.195744781297,41.5717953259585],[-123.195744448652,41.5716782455866],[-123.195875826229,41.5714978354028],[-123.196295030767,41.5712809782928],[-123.196917938088,41.5710006742156],[-123.197421170542,41.5708196571345],[-123.197780534584,41.5706659280014],[-123.197947977443,41.5705124719191],[-123.198258423691,41.5700345190328],[-123.198329776219,41.5698542774775],[-123.198497116557,41.5696558111157],[-123.198688035282,41.5693312674445],[-123.198795869483,41.5692860405204],[-123.198951665436,41.5692496964333],[-123.199395715744,41.5693389903332],[-123.200295431104,41.5693464272953],[-123.20045100481,41.5692650748062],[-123.200630451804,41.5690936301581],[-123.200737945178,41.5689313218245],[-123.200677303944,41.5687332369879],[-123.200520590559,41.568463264855],[-123.20050805226,41.5683012138025],[-123.200531521889,41.5681300359565],[-123.2010225542,41.5678859902666],[-123.20102240332,41.5678318702487],[-123.200926062398,41.5677059572588],[-123.200445626574,41.5674996938991],[-123.20028963949,41.5674729003393],[-123.199857976712,41.5675367361457],[-123.199786011595,41.5675188101734],[-123.199665908077,41.5674560129568],[-123.199689573493,41.5673478857646],[-123.200000831219,41.5671851790412],[-123.200084558145,41.5670859880687],[-123.200120285659,41.5669957760169],[-123.200071722632,41.5668157868306],[-123.199927332838,41.5666628602479],[-123.199542605836,41.5663572799026],[-123.199229904536,41.5661056144317],[-123.198845229686,41.5658090531667],[-123.198820992707,41.5657280320262],[-123.198820510841,41.5655569240056],[-123.198974345722,41.5648810710673],[-123.198912995113,41.5644398102139],[-123.198682926791,41.5637195911318],[-123.198574384464,41.5635216422795],[-123.19858579038,41.5633324608789],[-123.198633065657,41.5630802166913],[-123.198524094244,41.5627470603162],[-123.198535734931,41.5626299492204],[-123.198702837151,41.5623864763541],[-123.198869601259,41.5620259269017],[-123.198976133623,41.5615483769968],[-123.198975648579,41.5613771804746],[-123.198975412157,41.5613051109943],[-123.198771117703,41.5611703947903],[-123.19859097025,41.5610986602126],[-123.198518834269,41.5610447456627],[-123.198410440344,41.5609008275251],[-123.198469307773,41.5605223622812],[-123.198696035308,41.5601527114755],[-123.198946890492,41.5598189809737],[-123.199005974026,41.5595576874924],[-123.199269214693,41.5593319787085],[-123.199256911484,41.5592419055923],[-123.199208720167,41.5591609532041],[-123.199112643851,41.5591340789793],[-123.198896613462,41.559071465508],[-123.198620468767,41.5589638328406],[-123.198548099207,41.5588378514129],[-123.198667615754,41.5587115039412],[-123.19877547936,41.5586752956055],[-123.199422946784,41.5586381813381],[-123.199602570953,41.5585567594925],[-123.200009620364,41.5583218897124],[-123.200597193889,41.5582848483059],[-123.200920432203,41.5581311267701],[-123.201376036523,41.5580762398272],[-123.201555752763,41.5580129443112],[-123.201855074883,41.557868217379],[-123.20196284852,41.5578140576297],[-123.202034654359,41.5577778638719],[-123.202046424859,41.5576878094324],[-123.201973944568,41.5575167304042],[-123.202009255721,41.557318553581],[-123.202009062076,41.5572555054684],[-123.201972903883,41.5572105098492],[-123.201804575296,41.5570576562487],[-123.201455681596,41.5566980443841],[-123.201130874687,41.5563653312525],[-123.200865853925,41.5559874376596],[-123.200624069448,41.5553663931217],[-123.200334272913,41.5547002937195],[-123.200165540166,41.5544393827655],[-123.199756836522,41.554115837655],[-123.199684606126,41.5540169166709],[-123.199684460433,41.5539628872613],[-123.199852096145,41.5538814988986],[-123.200043982987,41.5539081918673],[-123.200260032195,41.5539528527126],[-123.200416266924,41.5540606422218],[-123.200669183212,41.5544385724642],[-123.200993901367,41.5547081441142],[-123.201138031044,41.5547890004148],[-123.201233922881,41.5547797951261],[-123.201305637928,41.5547256515085],[-123.201317496766,41.5546535472999],[-123.201195781762,41.5540683282538],[-123.201231149683,41.5539061414164],[-123.2011228786,41.5537621341397],[-123.200413929442,41.5533220161735],[-123.200257786856,41.5532322642248],[-123.199165480356,41.5528919124862],[-123.198601440441,41.5527127609241],[-123.198120963457,41.5524523755193],[-123.197953088757,41.5524616026116],[-123.197497372972,41.552462447801],[-123.196897566784,41.5523643891526],[-123.196381556352,41.5522571646074],[-123.196069325277,41.5520865802549],[-123.195852809887,41.5518708080709],[-123.195672164762,41.5516188545802],[-123.195107275048,41.551187499603],[-123.19449449988,41.5507832461444],[-123.194158233587,41.5505945959696],[-123.193449581144,41.550199536441],[-123.193101226336,41.5500109195801],[-123.191479048365,41.5488517278053],[-123.190782391533,41.5484295609672],[-123.190025793579,41.5480434573185],[-123.189437646457,41.547819236723],[-123.188789632602,41.5476221481024],[-123.188093565606,41.547443140906],[-123.187445964009,41.5473811585599],[-123.186870093337,41.5472921008019],[-123.186114136001,41.5470591245657],[-123.184589590159,41.5464761253994],[-123.183845318657,41.5461529988221],[-123.18310075147,41.5457398525747],[-123.182729020067,41.5457134439612],[-123.182009430655,41.5456695833034],[-123.181757525556,41.5456069480592],[-123.181217285817,41.5453736318508],[-123.180808417092,41.5449599224999],[-123.180171774955,41.5445195859806],[-123.179655358738,41.5442051101619],[-123.17929518034,41.5440345276286],[-123.17880319285,41.5438731357621],[-123.178155339877,41.543748062626],[-123.177698379374,41.5432353443461],[-123.177482239139,41.5431095587085],[-123.1770742665,41.5430111656891],[-123.176666629419,41.5430118050955],[-123.176199124273,41.5430665438343],[-123.175444397943,41.5432659078096],[-123.174965296599,41.5434557871329],[-123.174558334319,41.54370860946],[-123.174079184998,41.5438894662766],[-123.17352759886,41.5438903001274],[-123.173347596793,41.5438095079178],[-123.173071303652,41.5436208261631],[-123.17283130555,41.5435401026206],[-123.172639582313,41.5435673980566],[-123.171968586461,41.5437485729967],[-123.170878089479,41.5439573653641],[-123.170398727242,41.5440662315305],[-123.169859893767,41.544319204264],[-123.169500519233,41.5444548113894],[-123.169248753776,41.5444461787234],[-123.169056742631,41.5443834532974],[-123.168444577222,41.5441231193349],[-123.167796369557,41.5438358187866],[-123.167196314319,41.5436295662098],[-123.166488645979,41.5435135168856],[-123.165613249311,41.5434607643894],[-123.165385396558,41.5434430443752],[-123.165121217795,41.543281281598],[-123.164749184614,41.5431287267967],[-123.164341385632,41.5430662782426],[-123.163669973256,41.5431032770956],[-123.162998560794,41.5430862403424],[-123.162266712218,41.5428890506203],[-123.161822992933,41.5428807173505],[-123.160840141393,41.5429811812937],[-123.159905226583,41.5431175955358],[-123.159042515357,41.5433079368237],[-123.158479422168,41.5434978748546],[-123.158335792549,41.5435971857876],[-123.158156661381,41.5438767079558],[-123.157869353877,41.5440662172797],[-123.157509803906,41.5441387425819],[-123.157006278507,41.5441484907483],[-123.156730292624,41.5440768475748],[-123.156070157057,41.5437895151222],[-123.155014475551,41.5435567490806],[-123.153718976532,41.5433062618038],[-123.152951452846,41.5432172536163],[-123.152483746101,41.5431728667184],[-123.151955818917,41.5430203908639],[-123.151751815854,41.5429215876917],[-123.151571576978,41.5427506595015],[-123.151354519734,41.5422285956589],[-123.151197636251,41.5418054200084],[-123.151017447554,41.5416165393123],[-123.150897387759,41.5415445887767],[-123.149997000197,41.5410684068604],[-123.149493164334,41.540915950736],[-123.148581841006,41.5408811194256],[-123.148018085686,41.5407737246241],[-123.147550435794,41.5407383367787],[-123.147382447306,41.5406574802358],[-123.14697427896,41.5404147639604],[-123.146638292872,41.5403071671808],[-123.146242463202,41.5402356141498],[-123.145870337704,41.5400198658192],[-123.145426327192,41.5398223295589],[-123.144778503514,41.5396249266987],[-123.144250763702,41.5395355562128],[-123.143915153756,41.5395450250901],[-123.143471592975,41.5395995842177],[-123.143387623014,41.5395637074619],[-123.143171485633,41.5393927626396],[-123.142823705466,41.5393842218701],[-123.142643751092,41.5393033866628],[-123.142319373425,41.5389885681132],[-123.142114581305,41.5385474572745],[-123.142066043887,41.5382772538285],[-123.141897601842,41.5380252895424],[-123.141585634515,41.5378725216299],[-123.141237683524,41.5377919095395],[-123.140889862432,41.537684233837],[-123.140385856702,41.5374506554166],[-123.140025980566,41.5373520278299],[-123.139258501526,41.5372539177194],[-123.139150503387,41.5372270262622],[-123.138490060595,41.5367143845245],[-123.138189971743,41.5365346122074],[-123.137889921798,41.5363638597791],[-123.137757864805,41.5363099657968],[-123.137578011154,41.536310121169],[-123.137206510595,41.536382705375],[-123.137050615963,41.5363558351208],[-123.136894460684,41.5361758986379],[-123.136569974116,41.53582498915],[-123.13607766269,41.5354562553409],[-123.135309337811,41.5349347404155],[-123.134913229926,41.5346649898334],[-123.13438511056,41.5343503589278],[-123.134240831347,41.5341433356683],[-123.134282234051,41.5339326791251]]},"properties":{"OBJECTID":36,"OWNERNAME":"Klamath National Forest","OWNERTYPE":"USDA Forest Service","DESIGNATIO":" ","MANAGEMENT":" ","REV_DATE":969580800000}},{"type":"Feature","id":37,"geometry":{"type":"LineString","coordinates":[[-122.510028388652,41.3315762221973],[-122.510194020383,41.3317853289055],[-122.51040538699,41.3319742257328],[-122.510478839987,41.3320398369333],[-122.510526665613,41.3321236316259],[-122.510668383862,41.3322737103149],[-122.510778893388,41.3323985358002],[-122.51098836393,41.3326354358746],[-122.511106186533,41.3327576814145],[-122.511255731567,41.3329130126209],[-122.511296339028,41.3329679195624],[-122.511486246461,41.3331779819728],[-122.511747360491,41.333413307181],[-122.511958497453,41.3336294346814],[-122.512041079699,41.3337714092339],[-122.512107245992,41.333840230198],[-122.512132629929,41.333893368703],[-122.512187341859,41.3340542032585],[-122.512205721726,41.3341084729982],[-122.512290336346,41.3343253301342],[-122.512266977354,41.3344727608964]]},"properties":{"OBJECTID":37,"OWNERNAME":"Shasta Trinity National Forest","OWNERTYPE":"USDA Forest Service","DESIGNATIO":" ","MANAGEMENT":" ","REV_DATE":969580800000}},{"type":"Feature","id":38,"geometry":{"type":"LineString","coordinates":[[-122.703244256811,41.2755284960609],[-122.703822385482,41.2753363429076],[-122.704264746424,41.2752293418675],[-122.704479790852,41.2752028862635],[-122.704982853165,41.2751775217493],[-122.705115435459,41.2751534736597],[-122.705303075793,41.2750963221385],[-122.705449117525,41.2750559348793],[-122.705753466636,41.2749272020244],[-122.706321942115,41.2744419546635],[-122.707160150706,41.273903549144],[-122.707747523869,41.2733916510918],[-122.708142888556,41.2730863966975],[-122.708191175695,41.2729784236301],[-122.708109228219,41.2725998984717],[-122.708086224002,41.2724015913525],[-122.708218419574,41.2722128271741],[-122.708493443306,41.2721324155921],[-122.708612743747,41.2721327242623],[-122.708791711255,41.272187191519],[-122.708958013992,41.2723768127789],[-122.709064509821,41.2725842248857],[-122.709431183922,41.2733689015143],[-122.709619436147,41.2739999228739],[-122.709785128754,41.2743246172079],[-122.709914418595,41.2747843459201],[-122.710210798711,41.2751294758487],[-122.710269621368,41.2751644497883]]},"properties":{"OBJECTID":38,"OWNERNAME":"Shasta Trinity National Forest","OWNERTYPE":"USDA Forest Service","DESIGNATIO":" ","MANAGEMENT":" ","REV_DATE":969580800000}},{"type":"Feature","id":39,"geometry":{"type":"LineString","coordinates":[[-122.498158236855,41.1887116584983],[-122.498391274562,41.1893920334624],[-122.497995473718,41.1912459433211],[-122.497568706673,41.1924781906762],[-122.498009980593,41.1940294698106],[-122.498608547539,41.1952932013668],[-122.498631211643,41.1953212354428],[-122.498974732868,41.195745196842],[-122.499839413632,41.1965236736426],[-122.500456454349,41.1969419031963],[-122.500574959443,41.1970222941204],[-122.501157556131,41.1972590192753],[-122.503452111073,41.1982058030216],[-122.504142481312,41.1983888892953],[-122.504378662355,41.1986961679732],[-122.505293314539,41.199186583647],[-122.505603374374,41.19919688104],[-122.505828688601,41.1993599590469],[-122.506004918662,41.1997210814382],[-122.506087764549,41.1997935247324],[-122.50655030784,41.2001467564591],[-122.507048323487,41.2005362358778],[-122.507581273325,41.201024988939],[-122.507627951584,41.2011602685088],[-122.507625588822,41.2014845763489],[-122.507813587439,41.201854747741],[-122.508014373817,41.2021168441075],[-122.508311332146,41.2022801969361],[-122.508764260546,41.2023272010045],[-122.509061635924,41.2024275314509],[-122.509287173797,41.2025726605651],[-122.50932651498,41.202620821659],[-122.509464460504,41.202789610757],[-122.509665296528,41.2030426897802],[-122.51006837278,41.2033777195334],[-122.510269541364,41.2035857167286],[-122.510531041486,41.2037129062032],[-122.511043288481,41.2037962151202],[-122.512675006471,41.2041003875508],[-122.513569221895,41.2041401477348],[-122.514141799893,41.204142634011],[-122.514821440328,41.2041634309619],[-122.515429248237,41.2042291180851],[-122.51554830826,41.2042565674568],[-122.515631531852,41.2043019550136],[-122.516023542449,41.2045107995469],[-122.516260284223,41.2047640496607],[-122.51635380165,41.2050076456042],[-122.516399848487,41.2052330838794],[-122.516482422306,41.2053685404435],[-122.516538837644,41.2058011113399],[-122.516501778478,41.2059811612084],[-122.516391207144,41.2064130282081],[-122.516426313779,41.2065032826543],[-122.516532441249,41.20667486774],[-122.516794090168,41.2067750870799],[-122.517139415283,41.2068485619954],[-122.517830799552,41.2069145430626],[-122.51864174065,41.2069269133328],[-122.518915881348,41.2069551184763],[-122.518987272503,41.2069824407153],[-122.519105367282,41.2071450385402],[-122.519175020037,41.2073975865105],[-122.519136059806,41.2078388368966],[-122.519120046397,41.2083972686107],[-122.51905838242,41.2086672419803],[-122.519045115517,41.2089103685553]]},"properties":{"OBJECTID":39,"OWNERNAME":"Shasta Trinity National Forest","OWNERTYPE":"USDA Forest Service","DESIGNATIO":" ","MANAGEMENT":" ","REV_DATE":969580800000}},{"type":"Feature","id":40,"geometry":{"type":"LineString","coordinates":[[-122.380440821673,41.1882869637791],[-122.38048672836,41.1882342588306],[-122.380593281508,41.188170937667],[-122.380657701546,41.1882524647167],[-122.380644666584,41.1883694481753],[-122.380591942038,41.1884643793436],[-122.380575445993,41.1886457901646],[-122.380590498801,41.1887654847642],[-122.380589686096,41.1889276675328],[-122.380603746797,41.1891322979419],[-122.380647238561,41.1893693594502],[-122.380643772784,41.1897279255138]]},"properties":{"OBJECTID":40,"OWNERNAME":"Private","OWNERTYPE":"Private","DESIGNATIO":" ","MANAGEMENT":" ","REV_DATE":969580800000}},{"type":"Feature","id":41,"geometry":{"type":"LineString","coordinates":[[-122.192992335938,41.1386915506231],[-122.193385242421,41.1387122481225],[-122.193861261286,41.1387606928101],[-122.194325005777,41.1388359404781],[-122.194729050017,41.1389288171518],[-122.19512106905,41.1390216334145],[-122.195548568215,41.1391417680994],[-122.196000328296,41.1392259616033],[-122.19645217384,41.139301228986],[-122.197022930471,41.1393952306083],[-122.197569994392,41.1394891041112],[-122.19811665995,41.1396010078512],[-122.198735174176,41.1396954254991],[-122.199235460623,41.1397079106323],[-122.199509905422,41.139673795802],[-122.199903985755,41.1396044093575],[-122.200239134629,41.1394806244403],[-122.200634707446,41.1392852006569],[-122.2009592751,41.1390532589192],[-122.201272254929,41.1387851964466],[-122.201537639119,41.1385258095997],[-122.201802381641,41.1383114117519],[-122.202376998579,41.1380811979073],[-122.202830609414,41.1380122864468],[-122.203260320636,41.1379521772484],[-122.203558570172,41.1379181758474],[-122.204107477509,41.13785894014],[-122.204394258217,41.1377888141373],[-122.204610395982,41.137655214243],[-122.204767838057,41.1374400866865],[-122.204974150167,41.1371262098472],[-122.205227690415,41.1368577427228],[-122.205432758496,41.1366429450131],[-122.205686453461,41.1363564471144],[-122.205987416447,41.136097236164],[-122.206169227397,41.135846344771],[-122.206303564587,41.1355770002297],[-122.206367059545,41.1352531115479],[-122.206322472868,41.1349916065919],[-122.206265497857,41.1347840400387],[-122.206268378178,41.134540808701],[-122.206354647337,41.134307193328],[-122.206464088911,41.1341187773121],[-122.206559903258,41.1340833779398],[-122.206642371219,41.134156015189],[-122.206664624728,41.1342912744015],[-122.206626946023,41.1344441737433],[-122.206589305973,41.1346060872792],[-122.206575558976,41.1347591078265],[-122.206597093865,41.1349484594012],[-122.206701898275,41.1351473413556],[-122.206783408141,41.1353010258699],[-122.206840065426,41.1355446507302],[-122.20679015729,41.1357334597158],[-122.206655900839,41.1359937894899],[-122.206545853229,41.1362362076871],[-122.206460185794,41.1364158227936],[-122.206398448229,41.1365955564102],[-122.206348458921,41.1367933804709],[-122.206274975666,41.1369550235125],[-122.206249399696,41.1370989687512],[-122.206330830592,41.137261667022],[-122.206483987457,41.1374068798136],[-122.206732684572,41.1375347219628],[-122.207040757201,41.1376808985189],[-122.207253174894,41.1378445336513],[-122.207393465344,41.1380706409459]]},"properties":{"OBJECTID":41,"OWNERNAME":"Shasta Trinity National Forest","OWNERTYPE":"USDA Forest Service","DESIGNATIO":" ","MANAGEMENT":" ","REV_DATE":969580800000}},{"type":"Feature","id":44,"geometry":{"type":"LineString","coordinates":[[-122.970837164257,41.3736034877267],[-122.970763640867,41.3734987275249],[-122.970560512049,41.3732734890636],[-122.970524673672,41.3731383478475],[-122.970536700839,41.3729762834635],[-122.970536833436,41.3727780698568],[-122.970453198342,41.3724987838094],[-122.970357671441,41.3723186140036],[-122.970309889148,41.3721834849739],[-122.970166415658,41.3720483661313],[-122.969879501799,41.3718681242939],[-122.969568724159,41.3716338876229],[-122.968971085732,41.371246368855],[-122.968492937876,41.370939979223],[-122.968014653135,41.3707597483643],[-122.967823416659,41.370705652722],[-122.96730926092,41.3705073307072],[-122.967118025754,41.3704532339007],[-122.966603908286,41.3703449951861],[-122.966424546225,41.3703179419289],[-122.966113712375,41.3702547657528],[-122.965731065679,41.3702546078764],[-122.965348422666,41.3702545369613],[-122.964965703874,41.3702093783899],[-122.96471460398,41.3702182835856],[-122.964391752066,41.3701821702464],[-122.964176582795,41.3701010408721],[-122.96400940029,41.3697046894643],[-122.96389004573,41.3694073962241],[-122.963818418634,41.369074077543],[-122.96378267223,41.3688398307324],[-122.963830777974,41.3685246071566],[-122.963818926184,41.3682904252584],[-122.963771218066,41.3681192226984],[-122.963579951889,41.3678939655303],[-122.963448533609,41.3678129334035],[-122.963018274734,41.3675425460232],[-122.962862848726,41.3673893960392],[-122.96293472536,41.3671462054503],[-122.963042529215,41.3669570851099],[-122.963150101195,41.3668489482346],[-122.963233982587,41.3666418164391],[-122.963293867166,41.3664437254886],[-122.963293866301,41.3663715850952],[-122.963078693972,41.3664256293997],[-122.962839428291,41.3665786252208],[-122.962659950348,41.3667677226948],[-122.96249244888,41.3669027933298],[-122.962217374553,41.3670738567352],[-122.962061832016,41.3672179320076],[-122.961894421116,41.3672629124344],[-122.961798825266,41.3672448776883],[-122.961858578956,41.3671098247897],[-122.961906497568,41.3670467426519],[-122.962205541872,41.3668486931228],[-122.962396963773,41.3667316361224],[-122.962468657108,41.3666686244655],[-122.962552616882,41.3663623852487],[-122.962612593918,41.3660741170276],[-122.962804047125,41.3658309902796],[-122.96295949847,41.3656328998522],[-122.963246694287,41.365281646042],[-122.963402295342,41.3650295361993],[-122.9636296094,41.3647323581228],[-122.963761341202,41.3644981253527],[-122.963881040712,41.3642820303925],[-122.964060462347,41.3640658788092],[-122.964227955255,41.3638587571551],[-122.964108487396,41.3637776221444],[-122.963893355851,41.3635614079753],[-122.963833599317,41.3634712895121],[-122.963821732871,41.3633001426912],[-122.963857826146,41.3630209144759],[-122.963893879255,41.3627147259459],[-122.963929853612,41.3624355004349],[-122.963953893361,41.3622372655482],[-122.963906179438,41.3619850863803],[-122.963846471303,41.3618499685907],[-122.963643364642,41.3616066873],[-122.96350002814,41.3613904006098],[-122.963320846092,41.3611652217652],[-122.963093811,41.3608949105187],[-122.962926650753,41.3606426654695],[-122.962747439022,41.3603993594261],[-122.962448694244,41.3601019738755],[-122.962197821666,41.3598587367969],[-122.961899017391,41.3596694728911],[-122.961648010137,41.3594892702442],[-122.961373111938,41.3593090007043],[-122.961181901496,41.359173827542],[-122.960835348793,41.3590746012833],[-122.960536521713,41.3589394417462],[-122.960249699231,41.3587681966936],[-122.95997473155,41.3586149787206],[-122.959771643647,41.358443742762],[-122.959640250785,41.3582905654969],[-122.959401182155,41.3581013308505],[-122.95912642275,41.3578490034524],[-122.958983059028,41.3576778012222],[-122.95892347572,41.3574616105748],[-122.958911538764,41.3573895711277],[-122.958720340664,41.3571822532362],[-122.958517286838,41.3570290512842],[-122.958218436685,41.3569479018406],[-122.957823863201,41.3569117510737],[-122.95756088762,41.3568576190077],[-122.957369653142,41.3567764574225],[-122.956784212822,41.356352894203],[-122.956485453493,41.3561726365557],[-122.956210518843,41.3560284272381],[-122.955971586529,41.3558391835258],[-122.955302414427,41.3553254270629],[-122.954872416491,41.3549199302271],[-122.954595904548,41.354659247879],[-122.954534833718,41.3546004481898],[-122.954310865085,41.3543973227938],[-122.954036150163,41.354154001682],[-122.953845003089,41.3539647127412],[-122.953510416543,41.3537754614799],[-122.953116070875,41.3535591206725],[-122.952805360754,41.3533608294867],[-122.952530522833,41.3531895581954],[-122.952339303982,41.3531083891496],[-122.952076360763,41.3529821957395],[-122.95161027067,41.3527838595855],[-122.951299701003,41.3525945792456],[-122.951180211137,41.3524773653171],[-122.9511564058,41.3523692635468],[-122.951419577257,41.352188316008],[-122.951634811004,41.3520902847101],[-122.95171847841,41.3520542311456],[-122.952089217449,41.3519013236043],[-122.952328257584,41.3518563852429],[-122.952686940034,41.3517933914717],[-122.953009705085,41.3517485572781],[-122.95352387723,41.3516766743671],[-122.953739030917,41.351631754256],[-122.954432479066,41.3514878364886],[-122.954815127933,41.3513979434686],[-122.955245518149,41.3512899716737],[-122.955448844223,41.3512450563848],[-122.955723837039,41.3511280269805],[-122.956026551167,41.3510084492586]]},"properties":{"OBJECTID":44,"OWNERNAME":"Klamath National Forest","OWNERTYPE":"USDA Forest Service","DESIGNATIO":" ","MANAGEMENT":" ","REV_DATE":969580800000}},{"type":"Feature","id":45,"geometry":{"type":"LineString","coordinates":[[-122.926103903071,41.9735268850785],[-122.926297316422,41.9732386785436],[-122.926514686461,41.9730407056314],[-122.926647768338,41.9727795245716],[-122.926780956331,41.9723923593232],[-122.926974540433,41.9720412467392],[-122.927204211256,41.971753104179],[-122.927542465636,41.9713841145003],[-122.92774789804,41.9711860541825],[-122.928013697088,41.970997066529],[-122.928182946588,41.9707630236128],[-122.928243495808,41.9705018951503],[-122.928316180299,41.9703217984643],[-122.928618275678,41.9699526518501],[-122.92895644459,41.9697367175824],[-122.929354936288,41.9696018693071],[-122.929540509402,41.9695475772524],[-122.929692872426,41.9695029873076],[-122.92991024417,41.9694310827655],[-122.930224242903,41.9692601953263]]},"properties":{"OBJECTID":45,"OWNERNAME":"Klamath National Forest","OWNERTYPE":"USDA Forest Service","DESIGNATIO":" ","MANAGEMENT":" ","REV_DATE":969580800000}},{"type":"Feature","id":46,"geometry":{"type":"LineString","coordinates":[[-122.930224242903,41.9692601953263],[-122.930453765197,41.9690711399405],[-122.930598817761,41.968864096205],[-122.930671417609,41.9686208285237],[-122.930623498058,41.9683237673269],[-122.930527433958,41.967864297955],[-122.930527725459,41.9675940970056],[-122.930624556182,41.9673600135644],[-122.930817830421,41.9671889449618],[-122.931071491217,41.9670449934754],[-122.931252654027,41.9669190549397],[-122.931325337775,41.9667479812855],[-122.931397927154,41.9664957785342],[-122.931554975895,41.9662527204589],[-122.931724338191,41.9659286056578],[-122.93177310566,41.9657735186668],[-122.931809071063,41.9656584337528],[-122.931893861612,41.9653342047364],[-122.932014866583,41.9650731184109],[-122.932220357479,41.9648480692199],[-122.93225826219,41.9648295933325],[-122.93249799006,41.9647131249206],[-122.932848074321,41.9646232477207],[-122.933137793798,41.9645243008733],[-122.933343029124,41.9643894095714],[-122.933451866632,41.964236357737],[-122.933657084861,41.9640923506235],[-122.93383821662,41.9640563850425],[-122.934055472512,41.9640025240406],[-122.934209497611,41.9638877700899],[-122.934212536826,41.9638855339097],[-122.934212656207,41.9638855311591],[-122.934453870029,41.9638226307776],[-122.934683241896,41.963831749609],[-122.934864187478,41.9638408178844],[-122.935093594817,41.9637779192667],[-122.935443628317,41.9636520286832],[-122.935805718821,41.9636342415072],[-122.93621589665,41.9637335576493],[-122.936601822095,41.9639949737254],[-122.936963568,41.9642833010066],[-122.937108282104,41.9644095333668],[-122.937170188467,41.9644558368362],[-122.937204744476,41.9644816565962],[-122.937325172748,41.9647429170637],[-122.937333471532,41.9648124832066],[-122.937337100924,41.9648419997212],[-122.93737320241,41.9650041450576],[-122.93739712451,41.9652562745666],[-122.937433084144,41.9654994626452],[-122.937505339097,41.9656706947561],[-122.937480958377,41.9659228641577],[-122.93740809863,41.9663281319171],[-122.93738390166,41.9665352658184],[-122.937431776416,41.9667694233075],[-122.937564238344,41.9671118079256],[-122.937648497994,41.9673460222137],[-122.937708488916,41.9676342274912],[-122.937720262219,41.9679944847384],[-122.937792255578,41.9684359173646],[-122.937888411403,41.9686431449147],[-122.937972949998,41.9687151835028],[-122.938214432328,41.968760383813],[-122.938383363508,41.9686884157018],[-122.938540482975,41.9685173604505],[-122.938588879287,41.9683011814814],[-122.938577018003,41.9680669996016],[-122.938583200702,41.9680446555993],[-122.938649693859,41.9678058554402],[-122.938734439366,41.9675627517722],[-122.938794847923,41.9673195806271],[-122.938855636493,41.9669953620693],[-122.938964571746,41.9667342777994],[-122.939121655404,41.9664460851727],[-122.939363212384,41.9661760539531],[-122.939580771785,41.96588799071],[-122.939737950849,41.9655818356838],[-122.939870982328,41.9653296683224],[-122.939943557988,41.9651855749529],[-122.940076390726,41.9650595745924],[-122.940245430887,41.9649876008971],[-122.940510997831,41.9649427129895],[-122.940752325398,41.96496986313],[-122.941005699034,41.9649970026521],[-122.941754007811,41.9648892703983],[-122.942079895696,41.96472737223],[-122.942514564597,41.9645655613809],[-122.942731879588,41.9644754960094],[-122.943045738245,41.9644216285279],[-122.943347379823,41.9644217394653],[-122.943576674067,41.9644579176103],[-122.943878392087,41.9644221097393],[-122.944192353103,41.9642690576589],[-122.944530481899,41.9639900018547],[-122.944747964748,41.9637559875637],[-122.945037817124,41.963413799985],[-122.945351941371,41.9630267341233]]},"properties":{"OBJECTID":46,"OWNERNAME":"Klamath National Forest","OWNERTYPE":"USDA Forest Service","DESIGNATIO":" ","MANAGEMENT":" ","REV_DATE":969580800000}},{"type":"Feature","id":47,"geometry":{"type":"LineString","coordinates":[[-123.254207246305,41.6719252149389],[-123.253939530579,41.6717430276032],[-123.253758657044,41.6715813323616],[-123.253662134906,41.671464463063],[-123.2536016354,41.6713744530501],[-123.253456584875,41.6711406486408],[-123.253420013174,41.670996609728],[-123.253359518532,41.6709066886722],[-123.253046002777,41.6705831336829],[-123.252865337065,41.6704574293792],[-123.252600471632,41.6703138692096],[-123.252239463751,41.6701615121457],[-123.251998799994,41.6700539550789],[-123.251733942198,41.6699104829212],[-123.251396982054,41.6697670673711],[-123.251180601145,41.6697315096675],[-123.250783849039,41.6696423219024],[-123.250278907568,41.6695353539554],[-123.249798063587,41.6694463467079],[-123.249305489517,41.6694474096981],[-123.248969028504,41.6694121465518],[-123.248668319311,41.6693137102773],[-123.248307611202,41.6692334198298],[-123.247586815838,41.6692259224775],[-123.247142150154,41.6691909169327],[-123.246685503534,41.6691378142318],[-123.246216592286,41.669057778454],[-123.245483671098,41.6690052921762],[-123.24507511589,41.6689701622373],[-123.244569656789,41.6687460799716],[-123.244292356591,41.6684764257305],[-123.244147468685,41.6682875378777],[-123.243954647628,41.6681078233432],[-123.243689812894,41.6679643355615],[-123.24329254655,41.6677579444326],[-123.242931347399,41.6675425942482],[-123.242654433712,41.6673629661199],[-123.242437381431,41.6671383123161],[-123.242268357226,41.6669224356489],[-123.242026755815,41.6665537018065],[-123.241990371129,41.6664817419275],[-123.241833844825,41.6663559433036],[-123.241785464606,41.666284020797],[-123.241700585133,41.6660769864779],[-123.241760278858,41.6659597907152],[-123.241735579059,41.6657886498937],[-123.241638380601,41.6655006464915],[-123.241613602666,41.66529351006],[-123.241624636467,41.6650323136465],[-123.241683473018,41.6647169297946],[-123.241743036461,41.6645547191361],[-123.241802099576,41.66430239218],[-123.241825880968,41.6642212159621],[-123.24187305008,41.6639869676172],[-123.241872490395,41.6638428132422],[-123.241847845613,41.663680782469],[-123.241775295416,41.6635548097013],[-123.241666557971,41.6633928693479],[-123.241534013868,41.6632851287522],[-123.241293257604,41.6631324471836],[-123.240920446861,41.6630252024068],[-123.240740246281,41.6629985312604],[-123.240259988343,41.6630715969703],[-123.239995909116,41.6631262027192],[-123.239779832041,41.6631627037414],[-123.239455723806,41.663208385105],[-123.239275553486,41.6632087762195],[-123.238987186255,41.6632094220591],[-123.238806985938,41.6631827470332],[-123.238446345733,41.6631294040936],[-123.238169967518,41.6630849928794],[-123.237881396099,41.6630045346055],[-123.23766494272,41.6629509123343],[-123.237364452369,41.6629064853967],[-123.236739507171,41.6627997514067],[-123.236511207559,41.6627731362383],[-123.236378717557,41.6626743217625],[-123.236293668199,41.6624313833721],[-123.236207839488,41.6619361253378],[-123.236194704482,41.6616389238507],[-123.236157999853,41.6614408447741],[-123.236061227956,41.661269931122],[-123.236048686163,41.6611258152024],[-123.236048014096,41.6609366448112],[-123.236107419569,41.6607654187293],[-123.236070760063,41.6605762724558],[-123.2358657674,41.6603785462432],[-123.235744930048,41.6601716211626],[-123.235672269333,41.6600006303998],[-123.235539468456,41.6598208073285],[-123.235431024716,41.6597309382535],[-123.235298785957,41.6596771352057],[-123.23511838075,41.6596325080428],[-123.234902232217,41.6596329144689],[-123.234577799117,41.6596156210111],[-123.234469677511,41.6596068476778],[-123.234109179285,41.6595534891148],[-123.233844791067,41.6595270744284],[-123.233628471286,41.6594734433455],[-123.233111292626,41.65930339146],[-123.232690727223,41.6592321726263],[-123.232353932741,41.6591247926597],[-123.232065162885,41.6589812654582],[-123.231896650591,41.6588734466535],[-123.231812398514,41.6588195830405],[-123.231366926097,41.6585322968212],[-123.231198323498,41.6584065265723],[-123.231005464264,41.6582087522581],[-123.23084875854,41.6580649038591],[-123.230704170752,41.6579211067911],[-123.230583551071,41.6577952777243],[-123.230330431204,41.6575435651317],[-123.230149593755,41.6573277095896],[-123.229980901908,41.6571839871181],[-123.229692144581,41.6570404548461],[-123.229343028261,41.6568249409938],[-123.228933680035,41.6565375346273],[-123.228512102553,41.6562051509073],[-123.228247101079,41.655971511921],[-123.22813862154,41.6558726157548],[-123.227993709033,41.6556657618976],[-123.227703592259,41.6551078934508],[-123.227510558312,41.6548740340319],[-123.227450038393,41.6547481077787],[-123.227365405066,41.6545770583453],[-123.227280440313,41.6543430473147],[-123.227243909493,41.6541720291126],[-123.227195337152,41.6540370456097],[-123.227050668258,41.6538752024427],[-123.226881867927,41.6536863720364],[-123.226773061144,41.6534794039189],[-123.226712470626,41.6533173932508],[-123.226639766918,41.6531554205849],[-123.226567037473,41.6529663850374],[-123.226482197632,41.6527323693052],[-123.226445642327,41.6525793069504],[-123.226420390857,41.6522281073547],[-123.22643161776,41.6519938888773],[-123.22645508142,41.6518497537834],[-123.226514497242,41.6516784446414],[-123.226429659284,41.6514444305438],[-123.226429395849,41.6513723538432],[-123.226416830497,41.6512193078796],[-123.226511007171,41.6506606216388],[-123.226557668484,41.6502552572479],[-123.226508830466,41.6500481074175],[-123.226436346296,41.6499041745282],[-123.226363961094,41.6498232993196],[-123.226159382004,41.6497155869558],[-123.226026930357,41.6496167638334],[-123.225810339125,41.6494821119929],[-123.225689882452,41.6493832526671],[-123.225532853208,41.6491043529805],[-123.225483380739,41.6487081275043],[-123.225470862188,41.648564012407],[-123.225422152944,41.6483569498173],[-123.225349481663,41.6481769342598],[-123.225288564354,41.6479518717002],[-123.22525196515,41.6477897875283],[-123.225227483875,41.6476277554268],[-123.225166707724,41.647429662591],[-123.225094036984,41.6472496477169],[-123.225033431352,41.6471056802205],[-123.224996764995,41.6469076027564],[-123.224900159998,41.6467366802872],[-123.224791249819,41.6465297154876],[-123.224718651848,41.6463406770133],[-123.22453764698,41.6461068688684],[-123.224416934819,41.6459359321439],[-123.224284378727,41.6457920916493],[-123.224127691556,41.6456212633232],[-123.223959084456,41.6454864653235],[-123.223898601759,41.6453424958861],[-123.223897183569,41.6449371925022],[-123.223812029894,41.6446401258555],[-123.223727088735,41.6443610074686],[-123.223678266928,41.644153947755],[-123.223629874847,41.6440279821268],[-123.223593281951,41.6438658989674],[-123.223640589702,41.6436496146251],[-123.223688061698,41.6434873648659],[-123.223675764636,41.6434063959495],[-123.223627154441,41.6432623018948],[-123.223542595512,41.6431003645555],[-123.223469934024,41.6429203492426],[-123.223313206781,41.642740500264],[-123.223059863439,41.6424077712371],[-123.222878919052,41.6421828922005],[-123.222649844152,41.6419041228359],[-123.222493219453,41.6417423131955],[-123.222372264602,41.6414993897501],[-123.22228780236,41.6413554010226],[-123.222167014698,41.6411665128768],[-123.222022263397,41.6409595618319],[-123.221913704324,41.640815739378],[-123.221780873431,41.6406177759352],[-123.22170847891,41.6405098354695],[-123.221443719318,41.6403302205884],[-123.221298996109,41.6401503342483],[-123.221045925175,41.6398895884645],[-123.220720790309,41.6396290595375],[-123.220407764882,41.6393684013761],[-123.220215292088,41.6392517113904],[-123.220010662906,41.6391260399462],[-123.219818138886,41.6390002390219],[-123.219601449821,41.6388385187599],[-123.219444932199,41.6386947472155],[-123.219108280523,41.6385692900182],[-123.218988107952,41.6385425004495],[-123.218819639276,41.6384527100267],[-123.21871132458,41.6383538967531],[-123.218626660029,41.6381918685708],[-123.218541703747,41.6379038180995],[-123.218396133948,41.6374897523593],[-123.218274903995,41.6371207138012],[-123.218105495248,41.6367336911683],[-123.217924216038,41.6363918068053],[-123.217839584639,41.6362118260976],[-123.217755114547,41.6360858792003],[-123.217742916274,41.636022859992],[-123.217718236159,41.6358427016131],[-123.21774143741,41.6355995216075],[-123.217812209179,41.6352120478277],[-123.217714895288,41.6348519626167],[-123.217666235491,41.6346718740708],[-123.217569569906,41.6344829086001],[-123.217472950703,41.6343029624472],[-123.217339824198,41.6339969282645],[-123.217254900081,41.6337359421108],[-123.217218305227,41.6335467950188],[-123.217181849072,41.6334298164097],[-123.217121344166,41.6332768251434],[-123.216988777854,41.6331239589518],[-123.216880030403,41.632916987994],[-123.216843364089,41.6327368649774],[-123.216878257418,41.6324125568453],[-123.21690166363,41.632232342737],[-123.216901072461,41.6320252271191],[-123.21688852779,41.6318720924955],[-123.216875823083,41.6316649247757],[-123.216779321856,41.6315299942286],[-123.216719139582,41.6314850697149],[-123.216502526254,41.6313323653452],[-123.216382253978,41.6312605602443],[-123.216117517603,41.6310989798974],[-123.215973216404,41.6310181336559],[-123.215876992597,41.6309823400365],[-123.21580475117,41.6309013673524],[-123.215828573129,41.6308472628765],[-123.215912437265,41.6308111115536],[-123.216008523201,41.6308199351204],[-123.216440944731,41.630855083508],[-123.216945311265,41.6308901982914],[-123.217041324474,41.6309080443726],[-123.217293840707,41.6310246469156],[-123.217413978926,41.6310243752097],[-123.217413473758,41.6308803159582],[-123.217364960039,41.6307272897179],[-123.217376440284,41.6305831064128],[-123.217400168423,41.630511050108],[-123.21747176611,41.630375794855],[-123.217375546016,41.6302948947927],[-123.217303141802,41.630204996639],[-123.217254878011,41.6301239549726],[-123.217266500595,41.6300068307793],[-123.217302152676,41.6298987470521],[-123.217325812564,41.6297906082211],[-123.217373146724,41.6296013027574],[-123.217396692867,41.6294481492823],[-123.217432136851,41.6292770120328],[-123.2174795668,41.6291057462002],[-123.217490428854,41.6287724914705],[-123.217526005186,41.6286282324018],[-123.21758563403,41.6285200777268],[-123.217633430363,41.62846590113],[-123.217741134565,41.6283575998687],[-123.217824723396,41.628222399298],[-123.217884328852,41.6280871804418],[-123.217919606989,41.6278619179611],[-123.217991154828,41.6277176428029],[-123.218086682814,41.6275733866991],[-123.218230189931,41.627410944944],[-123.21843366968,41.6272303705068],[-123.218648983148,41.6269958174168],[-123.218744551769,41.6268604901556],[-123.218768348656,41.6267794127933],[-123.218672156265,41.6267255767911],[-123.218552020622,41.6267257589002],[-123.218443790326,41.6266629401588],[-123.218346736051,41.6263748425627],[-123.218334473245,41.6262758306039],[-123.218309890707,41.6261137140667],[-123.218321717959,41.6260596449277],[-123.218381433404,41.6259694394898],[-123.218548944091,41.6257889725342],[-123.218620398006,41.6256267480051],[-123.218655784276,41.6254464997873],[-123.218607134182,41.6252665036187],[-123.218546586321,41.6251044940359],[-123.218077582846,41.6248531454456],[-123.217332136667,41.6245123275815],[-123.217019094433,41.6242336253056],[-123.216729438975,41.6237928447609],[-123.216356874342,41.6236404266757],[-123.216080131475,41.6234698638434],[-123.215983780322,41.6233619023008],[-123.215814691557,41.6230740202996],[-123.215766232938,41.6229300141546],[-123.215741452078,41.6227048450193],[-123.215775409358,41.6220833128263],[-123.215773052572,41.6213716845553],[-123.215734847252,41.6207052660848],[-123.215674056865,41.6204711833753],[-123.215431718504,41.6197870632851],[-123.215333979265,41.6192918568176],[-123.215321307238,41.6190666485925],[-123.215368551324,41.6188593977725],[-123.21535615301,41.6187333259262],[-123.215307925569,41.6186794371898],[-123.214887254384,41.6184910778624],[-123.214682782101,41.6183833503915],[-123.214574111823,41.618185401794],[-123.214441579543,41.6180325362782],[-123.214189109434,41.6179158387852],[-123.213540729421,41.6178540802418],[-123.213360606585,41.617818351516],[-123.213107956395,41.6176656629347],[-123.212843212473,41.6174679960967],[-123.212770806993,41.6173510323354],[-123.212708949,41.6167656906506],[-123.212659710417,41.6163965353804],[-123.212574705874,41.6160903589759],[-123.212489663913,41.6157753430079],[-123.21246466578,41.615505164289],[-123.212439969054,41.6152709721789],[-123.212499482397,41.6151177172846],[-123.212475122908,41.6150187453407],[-123.212402719596,41.6149017821456],[-123.212198288717,41.61477600908],[-123.211320994567,41.6144353691565],[-123.21084021199,41.6142291342137],[-123.210322855998,41.6138787698458],[-123.210094370573,41.613735113416],[-123.209769864509,41.6135915573608],[-123.209445115296,41.6133759279147]]},"properties":{"OBJECTID":47,"OWNERNAME":"Klamath National Forest","OWNERTYPE":"USDA Forest Service","DESIGNATIO":" ","MANAGEMENT":" ","REV_DATE":969580800000}},{"type":"Feature","id":48,"geometry":{"type":"LineString","coordinates":[[-123.253425145515,41.6860129557802],[-123.253889496485,41.6860929970528],[-123.254949543254,41.6863698562158],[-123.25578636163,41.6867012823422],[-123.256362897622,41.6869251168753],[-123.256772682365,41.6871448662211],[-123.257203802896,41.6874532926622],[-123.257233442806,41.6874532475968],[-123.257377815555,41.6874979675451],[-123.25753418816,41.6875426446596],[-123.257714417962,41.687542228175],[-123.257798430136,41.6875239978365],[-123.257930371197,41.6874516590349],[-123.257978074647,41.687379510846],[-123.258013465782,41.6871903041877],[-123.258083028722,41.6865595715785],[-123.257997389908,41.6861905233196],[-123.257972566699,41.6859835649425]]},"properties":{"OBJECTID":48,"OWNERNAME":"Klamath National Forest","OWNERTYPE":"USDA Forest Service","DESIGNATIO":" ","MANAGEMENT":" ","REV_DATE":969580800000}},{"type":"Feature","id":50,"geometry":{"type":"LineString","coordinates":[[-123.218278911178,41.8042216699129],[-123.218417599754,41.804112199046],[-123.218513669185,41.8040490220706],[-123.218633912551,41.8040127501238],[-123.218754137987,41.8039494989371],[-123.218946407226,41.8038500313368],[-123.219078507151,41.8037596768957],[-123.219174526809,41.8036874788596],[-123.219294585406,41.8035700901398],[-123.219450706204,41.8034527759478],[-123.219618907732,41.8033713360425],[-123.219799226505,41.8033079944805],[-123.219979661145,41.8032445604888],[-123.220160023927,41.8031901506811],[-123.220352407787,41.8031357953935],[-123.220568853286,41.8030633207247],[-123.2208333295,41.8029366509823],[-123.220905236548,41.8028735482952],[-123.220941249166,41.8028193915441],[-123.220964916406,41.8027022946904],[-123.221012450832,41.8025309912041],[-123.221083961725,41.8023237047255],[-123.221107815307,41.8022426071246],[-123.221119387117,41.8021344826811],[-123.22111892179,41.8019994125801],[-123.221106528392,41.8018823351315],[-123.221094044899,41.8017473030024],[-123.22106932718,41.8015491486147],[-123.221044379267,41.8013060634457],[-123.221007668969,41.801135014308],[-123.220958818978,41.8009188866419],[-123.220933565713,41.8005946900334],[-123.220933051938,41.8004506002131],[-123.22094488827,41.8003695396315],[-123.220980686677,41.8002974302992],[-123.221040642413,41.8002252473261],[-123.221112661292,41.8001620522923],[-123.221220717368,41.8000717676281],[-123.221352855512,41.7999904336845],[-123.2214969186,41.7998911104985],[-123.221665182153,41.7998006430136],[-123.221833308802,41.7996832900789],[-123.221965445404,41.7996019554292],[-123.222541947383,41.7992315388344],[-123.222637885176,41.7991232453929],[-123.222673730206,41.799060159628],[-123.222697533922,41.7989700401271],[-123.222721311951,41.7988979674663],[-123.222697064214,41.7988349725448],[-123.222696899815,41.7987809272564],[-123.222660158099,41.7986278352758],[-123.222611639741,41.7985198922114],[-123.222515065107,41.7984389818631],[-123.222382250432,41.7983221810225],[-123.222237371988,41.7981963939742],[-123.222116668673,41.7980975111918],[-123.221682314163,41.7977741007634],[-123.221537360505,41.7976572491338],[-123.221271787215,41.7974326673262],[-123.221247585042,41.7973786035111],[-123.221247421842,41.7973245581837],[-123.221283199434,41.7972254703555],[-123.221306974319,41.7971533088264],[-123.221330754454,41.7970812381745],[-123.22134240161,41.79696417894],[-123.221354069421,41.7968289819476],[-123.221365572083,41.7966848574608],[-123.221436676265,41.7963785049027],[-123.221532380383,41.7961801662142],[-123.221568177077,41.7961080574482],[-123.221616157749,41.7960449335387],[-123.221676108913,41.7959727509965],[-123.221772066507,41.7958915282136],[-123.221868116611,41.7958282600461],[-123.222000178453,41.7957109245372],[-123.222060081048,41.7956297194331],[-123.222143808787,41.7954854648909],[-123.222155661922,41.7954313832216],[-123.222155496775,41.7953773378588],[-123.222155287401,41.7953142710019],[-123.222130900863,41.7952242988],[-123.222082451701,41.7951523569398],[-123.222022010219,41.7950624026711],[-123.221949476597,41.794981420046],[-123.221889083288,41.7949004889588],[-123.221864718751,41.79483749589],[-123.221852538098,41.7947834867646],[-123.221828008765,41.7946664483035],[-123.221815711116,41.7945674161444],[-123.221803291547,41.7944682961131],[-123.221779002612,41.7943963685083],[-123.22171846547,41.7942883702445],[-123.221645865125,41.7941713867157],[-123.221597370717,41.7940904231463],[-123.221561036501,41.7940364877017],[-123.221536742705,41.7939644700478],[-123.221500385616,41.7938834662417],[-123.221487902869,41.7937484354484],[-123.221475578249,41.7936673591816],[-123.221487336119,41.7935952346089],[-123.221546750002,41.7933519843182],[-123.221522362165,41.7932619227977],[-123.221473848448,41.7931539790031],[-123.221413240462,41.7930550068395],[-123.221364771924,41.7929559944451],[-123.221340080897,41.7927849112398],[-123.221364026211,41.7927218597575],[-123.221411930381,41.7926676694313],[-123.221520069257,41.7925954307084],[-123.221616137816,41.7925592310065],[-123.221796592548,41.7925048171254],[-123.222000962665,41.7924504243726],[-123.222181248665,41.7923869905843],[-123.222445754872,41.7922964117447],[-123.222674277028,41.7922419421011],[-123.222938848243,41.7921873637867],[-123.223131294234,41.7921509592431],[-123.223407861448,41.7920693642045],[-123.223527990602,41.7920151349641],[-123.22364828377,41.791969834013],[-123.223780471735,41.7919244995455],[-123.223972847241,41.7918520919898],[-123.224237276712,41.7917705354082],[-123.224297386783,41.791752396845],[-123.224381556461,41.791716229217],[-123.224441594071,41.7916619998427],[-123.224513606744,41.7915988915354],[-123.224585422501,41.7914996064047],[-123.224645322135,41.791418489815],[-123.224704905742,41.791256173319],[-123.224763787111,41.7908688333428],[-123.224727330158,41.7907697865878],[-123.224654684267,41.7906438741556],[-123.224570018351,41.7905179055179],[-123.22448544534,41.7904550086556],[-123.224364897346,41.7903831949579],[-123.224196207651,41.7903204608142],[-123.223991253476,41.7902397950909],[-123.223918871121,41.7901859706288],[-123.223870467703,41.7901229608181],[-123.223858190123,41.7900509079292],[-123.223857932724,41.7899789085636],[-123.223893795692,41.789897776143],[-123.223929609274,41.7898076213432],[-123.224001194549,41.7896183801931],[-123.22403570763,41.7891679593194],[-123.224059360415,41.7890507755956],[-123.224082970274,41.7889246585636],[-123.224142698577,41.7887894092981],[-123.224226367307,41.7886361321985],[-123.224286190098,41.78851892582],[-123.224465708799,41.7882213559126],[-123.224513349058,41.7880951674766],[-123.224596970349,41.7878878414429],[-123.224620743526,41.787815770711],[-123.22464460891,41.7877616529466],[-123.224656318131,41.7876805954675],[-123.22464397055,41.7875725417834],[-123.224607209264,41.7873924757013],[-123.224594620935,41.7872393118571],[-123.224581350431,41.7868881061855],[-123.224555114955,41.7862667156616],[-123.22453030047,41.7860506120817],[-123.224494132642,41.7860056075829],[-123.224457844633,41.7859606070306],[-123.22442146324,41.7858976516881],[-123.224385300878,41.7858527380373],[-123.224372994282,41.7857986420215],[-123.22437271216,41.785699574072],[-123.224384323872,41.785600473565],[-123.224396153291,41.7855194138723],[-123.224395654597,41.7854023050766],[-123.224383214469,41.7852762973673],[-123.224358729492,41.7851681940051],[-123.224334435926,41.785096177534],[-123.224322211024,41.7850332378201],[-123.224237076208,41.784772114653],[-123.224248813512,41.7846731019433],[-123.224260662974,41.7846190206882],[-123.224284431232,41.7845468590175],[-123.22435626768,41.7844296176402],[-123.224547864727,41.7841681031562],[-123.224655485799,41.7839787532917],[-123.22469139271,41.7839066437026],[-123.224715113258,41.7838254604057],[-123.224738956892,41.7837443649522],[-123.224750687931,41.7836452603598],[-123.224857857508,41.7833478255491],[-123.224905896631,41.7833207016708],[-123.224977896848,41.7832575046234],[-123.225098080572,41.7831942489855],[-123.225182120989,41.7831580836718],[-123.225326477074,41.7831217299738],[-123.225482822982,41.7831033882432],[-123.225566959698,41.7830852674624],[-123.225783339325,41.7830127851141],[-123.225939567383,41.782949419482],[-123.226035666392,41.7828771229483],[-123.226095531257,41.7828139658419],[-123.226167507725,41.7827237886782],[-123.226191278506,41.7826517174418],[-123.2262271801,41.7825795164271],[-123.226238792563,41.7824805064899],[-123.226226465424,41.7823994320854],[-123.226190156184,41.7823274535203],[-123.226129649087,41.7822465290037],[-123.225996855508,41.782129643196],[-123.225984673847,41.7820756359811],[-123.225972302817,41.7819856291222],[-123.225983886617,41.7818594597953],[-123.22599557239,41.7817514243658],[-123.225995210693,41.7816612926207],[-123.225993782512,41.7812560082705],[-123.225908531459,41.7809499561396],[-123.225884335669,41.7808959846651],[-123.225848001182,41.7808419620224],[-123.225787447535,41.7807520148582],[-123.225690895197,41.7806711091593],[-123.225594345982,41.7805902933876],[-123.225497864835,41.78050036116],[-123.225377211421,41.7804285530571],[-123.225316993793,41.7804016689386],[-123.225220204164,41.7802757434636],[-123.225171833467,41.7801947787169],[-123.225147497919,41.7801138316156],[-123.225135311991,41.7800597315763],[-123.225122942558,41.7799697272441],[-123.225098510677,41.7798707361866],[-123.225062058162,41.7797716908422],[-123.224989540632,41.7796908022342],[-123.224893135463,41.779636961297],[-123.224808695206,41.7795740613036],[-123.224760255904,41.7795021218148],[-123.224711931639,41.7794300883597],[-123.224699583109,41.779367061581],[-123.224687261375,41.7792860787079],[-123.22469913337,41.7792139502711],[-123.224722855112,41.7791328577061],[-123.224770516259,41.7789887143268],[-123.22484229754,41.7788624499255],[-123.224866208918,41.7788173552019],[-123.224878009833,41.7787542531015],[-123.224853624582,41.7786642843864],[-123.224829334084,41.778592267788],[-123.224792883922,41.7784932240889],[-123.224744347839,41.7784032397198],[-123.224659202712,41.7781152320276],[-123.224646784912,41.7780162051498],[-123.224670578331,41.7779260870645],[-123.224694323528,41.7778269483434],[-123.224753873286,41.7776826813876],[-123.224813757277,41.7776014777815],[-123.224884853973,41.7772771741765],[-123.224872670041,41.7772230767269],[-123.224848404441,41.7771781295341],[-123.224812195999,41.7771241943284],[-123.224739773959,41.77706125763],[-123.224655004063,41.7769352958311],[-123.224606378409,41.7767823336208],[-123.22461822737,41.7767282530193],[-123.224642088773,41.7766741376775],[-123.224702116485,41.7766199977879],[-123.224798187403,41.7765657517453],[-123.224990539517,41.776520322336],[-123.225158961851,41.7764930088741],[-123.225375390182,41.7764565289403],[-123.225579805857,41.7764200834409],[-123.225964488376,41.7763022449559],[-123.22609660253,41.7762479777702],[-123.226180608595,41.7761847439622],[-123.226264664106,41.7761305325135],[-123.226360661272,41.7760402833013],[-123.226456609742,41.7759410115718],[-123.226492294391,41.7758508602397],[-123.226515917086,41.7757067003264],[-123.226585805779,41.7750670703716],[-123.226524229556,41.774670906759],[-123.226463849354,41.7745899799678],[-123.226391309601,41.7744820225641],[-123.226318699491,41.7743830914994],[-123.226294503397,41.7743291208712],[-123.22629414255,41.7742389897049],[-123.226281796038,41.7741309373077],[-123.226317290603,41.7739597650684],[-123.226364799288,41.7737885560646],[-123.226399144017,41.77331107824],[-123.226374853838,41.7732390635845],[-123.226326464723,41.7731761478922],[-123.226241912587,41.7730682270618],[-123.226157431156,41.7729963081038],[-123.226060844305,41.7729064708826],[-123.226000390337,41.7728344783966],[-123.225952122085,41.7727715585775],[-123.225927783039,41.7726905213755],[-123.225903399821,41.7726005535145],[-123.225878964233,41.7725014731978],[-123.225866687795,41.7724294226312],[-123.225830384469,41.7723574436224],[-123.225757732126,41.7722495805729],[-123.22567308553,41.7721236170843],[-123.225528131497,41.7719527254218],[-123.225479744126,41.7718898084419],[-123.225382397301,41.7715657526465],[-123.225249058489,41.771295852917],[-123.225152041031,41.7710797952214],[-123.225127800073,41.7710168018013],[-123.225067256518,41.7709268556565],[-123.224958494302,41.7707830107591],[-123.224873947518,41.7706750897217],[-123.224837618339,41.7706210674231],[-123.224789328992,41.7705761941345],[-123.224753073183,41.7705131471779],[-123.224716650751,41.770441172632],[-123.224692459818,41.770387200649],[-123.224692105313,41.7702971611123],[-123.224715799545,41.7701890004785],[-123.224739400234,41.7700628867255],[-123.224786884706,41.769864611227],[-123.224810369714,41.7696934756611],[-123.224809960343,41.7695943227612],[-123.224797641528,41.7695133404219],[-123.224773354514,41.7694413253081],[-123.224737026118,41.7693873038477],[-123.224688737747,41.7693424304922],[-123.224652577837,41.7692974266072],[-123.224628315353,41.7692524810049],[-123.224604027436,41.7691804667601],[-123.224603717111,41.7690993578388],[-123.224591301118,41.7690003314433],[-123.224566917003,41.7689102722529],[-123.224493747892,41.7686132104822],[-123.224457448201,41.7685412318213],[-123.224409015027,41.7684692918459],[-123.224360675367,41.7684153076719],[-123.2242642861,41.7683614668493],[-123.224155787487,41.7682896184262],[-123.223950662938,41.7681189100847],[-123.22390218259,41.7680379492173],[-123.223853726493,41.7679389430315],[-123.223805270491,41.7678399341204],[-123.223684240648,41.7676240387167],[-123.223284971237,41.7669943273953],[-123.223212516816,41.7669224605959],[-123.223140154373,41.7668685468988],[-123.223043767178,41.7668147050454],[-123.222947448764,41.7667968633544],[-123.222851178332,41.7667880440584],[-123.222694723295,41.766779317728],[-123.222622313555,41.7667163821327],[-123.222622149349,41.7666623387388],[-123.222658024592,41.7666082763032],[-123.222718045983,41.7665541398681],[-123.222814055878,41.7664908727266],[-123.222874027916,41.7664277146455],[-123.222945964844,41.7663554976664],[-123.22299370881,41.7662743349014],[-123.223303197836,41.765300971064],[-123.223265865594,41.7649408264542],[-123.223229491767,41.7648777828448],[-123.223193147572,41.7647967820862],[-123.223096598802,41.7646888976833],[-123.223000075136,41.7646080809893],[-123.222927522535,41.7645180807825],[-123.222903334089,41.7644641100959],[-123.222903029972,41.7643830909924],[-123.22290267267,41.7642929612162],[-123.222938619908,41.7642298757821],[-123.222974303055,41.7641397268368],[-123.222986130414,41.7640586700839],[-123.222961846205,41.7639866544263],[-123.222949502314,41.7639236297151],[-123.222901241141,41.7638607084052],[-123.22276803818,41.7636357395037],[-123.222743662694,41.7635457724104],[-123.222731414594,41.7634556749983],[-123.222743074012,41.7633655988127],[-123.222766884187,41.7633024610314],[-123.222802831013,41.7632393756104],[-123.222874813671,41.7631761819463],[-123.222958782965,41.7631309971931],[-123.223066966902,41.7630767118976],[-123.223187046906,41.7630224849424],[-123.223307218571,41.7629862110438],[-123.223391376392,41.7629770232248],[-123.223451462753,41.7629588866296],[-123.223559531113,41.7629046957181],[-123.223727655041,41.7628052074653],[-123.224063887936,41.7626244591334]]},"properties":{"OBJECTID":50,"OWNERNAME":"Klamath National Forest","OWNERTYPE":"USDA Forest Service","DESIGNATIO":" ","MANAGEMENT":" ","REV_DATE":969580800000}},{"type":"Feature","id":52,"geometry":{"type":"LineString","coordinates":[[-122.126131656163,41.1157736980469],[-122.126180827763,41.1155493385541],[-122.126243406833,41.1153155592774],[-122.126269342953,41.1151626173061],[-122.126378786327,41.1149923048852],[-122.126569363502,41.1149937538359],[-122.12680707826,41.1150316259905],[-122.127068778771,41.1150516039249],[-122.127271828524,41.1150080457248],[-122.127333085748,41.1148824435338],[-122.127455687969,41.1146221363794],[-122.12757577226,41.1145419524317],[-122.127827033509,41.1144627826949],[-122.12806501632,41.1144736090348],[-122.128302068965,41.1145654764895],[-122.128418618843,41.1147554728433],[-122.128462702049,41.1150261055179],[-122.128458119766,41.1153773310826],[-122.128453423302,41.1157286494963],[-122.128459578305,41.1161610810376],[-122.128515387536,41.1164498120616],[-122.128573947494,41.1165222722121],[-122.128618302723,41.1167658614773],[-122.128650960067,41.1170002764894],[-122.12870608063,41.1173339950125],[-122.128821709444,41.1176051233179],[-122.128926362809,41.1177950511966],[-122.1289122469,41.1179571668209],[-122.128897766066,41.118155159959],[-122.128812223041,41.1183166867975],[-122.128786500284,41.1184606119742],[-122.128771545012,41.1186947555691],[-122.128721621941,41.1188655001732],[-122.128659497815,41.1190542103578],[-122.12871692425,41.1192168209833],[-122.128881401535,41.1193892381936],[-122.128997871934,41.119588249029],[-122.129161214117,41.1198507263588],[-122.129345104235,41.1203565666266],[-122.129328234564,41.1207347727128],[-122.129253247844,41.120995445273],[-122.129250675075,41.1211935970165],[-122.129309720012,41.1212300863282],[-122.129559360306,41.1212680223414],[-122.12976024524,41.1213956556115],[-122.129853091572,41.1215765003509],[-122.12982671125,41.1217745157597],[-122.129859078424,41.1220269626533],[-122.130011358509,41.1222172529064],[-122.130296447022,41.1222824335805],[-122.130725350886,41.1222766653128],[-122.13100014956,41.12221574577],[-122.131359144947,41.1220922838675],[-122.131789657982,41.1219603907255],[-122.132110850114,41.1219989053313],[-122.132276206779,41.1221082120333],[-122.132298973057,41.1221894831122],[-122.132344682755,41.1223339046027],[-122.132258187331,41.1225674664177],[-122.131223378571,41.1233523759022],[-122.13044732746,41.124382537504],[-122.129809504827,41.1248731601612],[-122.12921035278,41.125138875092],[-122.128552715389,41.1253231116568],[-122.127479496723,41.1254050773223],[-122.12709300815,41.1257984887617],[-122.126143446191,41.1264308487069],[-122.125652406633,41.1266343224582],[-122.125652168451,41.1266343272192]]},"properties":{"OBJECTID":52,"OWNERNAME":"Shasta Trinity National Forest","OWNERTYPE":"USDA Forest Service","DESIGNATIO":" ","MANAGEMENT":" ","REV_DATE":969580800000}},{"type":"Feature","id":53,"geometry":{"type":"LineString","coordinates":[[-122.124251277619,41.1280649689916],[-122.124524925835,41.1280888967662],[-122.124846085554,41.128141580599],[-122.125402263785,41.1284250668357],[-122.125919455434,41.1289513965706],[-122.126144437655,41.1290522189942],[-122.126654804015,41.1291911855618],[-122.127341035948,41.1295567275661],[-122.129184140986,41.1289220528],[-122.129541830024,41.1288977616338],[-122.129910764215,41.1289275388379],[-122.13033827305,41.1290298648408],[-122.130624524932,41.1290049833638],[-122.130864495669,41.1288806631699],[-122.1312349553,41.1287934189878],[-122.131509567197,41.1287414237115],[-122.13196271158,41.1287088318147],[-122.132212197035,41.1287647007576],[-122.132509310563,41.1288210190101],[-122.132712308795,41.1287865558693],[-122.133047700581,41.1286449235542],[-122.133455035396,41.1284768264788],[-122.133921420775,41.1283452166601],[-122.134291870821,41.1282578726439],[-122.134672889121,41.1282697632224],[-122.134993249819,41.1283712870065],[-122.13512451204,41.1283542653468],[-122.135220915607,41.1282738474415],[-122.135294821936,41.1280852915292],[-122.135356338598,41.1279325505152],[-122.13554989391,41.1277087871559],[-122.135897864721,41.1275222269998],[-122.136172680395,41.1274612952743],[-122.136434547157,41.1274812518549],[-122.136778982709,41.1275558616178],[-122.137208302419,41.1275230251561],[-122.137554196148,41.127498643056],[-122.13795837009,41.1275647476497],[-122.138337783142,41.1277026587736],[-122.138527239847,41.127785137845],[-122.138645173917,41.1278761383401],[-122.138809692398,41.1280484546219],[-122.138950698307,41.1282026946461],[-122.139091023982,41.1284019220752],[-122.139150079575,41.1284384081059],[-122.139245534239,41.1284301067549],[-122.13926990884,41.1283852554966],[-122.13927162672,41.1282591318135],[-122.139309621892,41.1280882226977],[-122.139407149101,41.1279178291073],[-122.139528484915,41.1277475688588],[-122.139854145185,41.1274437578167],[-122.139902151687,41.1274170685571],[-122.140298205381,41.1271947923983],[-122.140669382165,41.1270444153183],[-122.141170516118,41.1269851014044],[-122.141514424445,41.1271137852678],[-122.141809353416,41.127332176524],[-122.142020087746,41.1276130272926],[-122.142147008213,41.1279292010427],[-122.142166778955,41.1282446857435],[-122.14211434268,41.1286135918412],[-122.142039393781,41.1288742739398],[-122.141869579883,41.1291071963076],[-122.141713265772,41.1292141532127],[-122.141509447135,41.1293207518749],[-122.141412660587,41.1294281318561],[-122.141458780654,41.1295455962166],[-122.141564074261,41.1296994524485],[-122.141739569147,41.1299440436373],[-122.141819605887,41.1301968462401],[-122.14172066437,41.1304753355881],[-122.141562841439,41.1306994004606],[-122.141513534818,41.130834179554],[-122.141535928761,41.1309424072859],[-122.14168778855,41.1311687448366],[-122.141958830509,41.1313959277318],[-122.142099556056,41.1315681954029],[-122.142167335084,41.1318569013924],[-122.142129903502,41.1319827356137],[-122.142008476364,41.1321620136813],[-122.141851507422,41.1323229715752],[-122.141623272597,41.1324654096705],[-122.141371491003,41.1325806702192],[-122.141096100977,41.1326866889376],[-122.141022858126,41.1328212465401],[-122.141080884759,41.1329387784073],[-122.141246576401,41.1330301331448],[-122.141473188126,41.133004805895],[-122.141712206522,41.1329524958589],[-122.142117450588,41.1329375407854],[-122.142414498481,41.1330027615162],[-122.142807449246,41.133014693555],[-122.143010926215,41.1329441529399],[-122.143250887975,41.1328198072278],[-122.143430078179,41.1327851035354],[-122.143705084045,41.1327061270693],[-122.143873483251,41.1325812041801],[-122.144138375649,41.1323670188173],[-122.14424724198,41.1322416723058],[-122.144357612117,41.1319993093376],[-122.14439568505,41.1318193834364],[-122.144506732378,41.1315320327215],[-122.14460481036,41.1313165583278],[-122.14458390992,41.1310911356198],[-122.144550723621,41.1308927818595],[-122.144576802187,41.1307218049359],[-122.144711361481,41.130452527006],[-122.144844126077,41.1303183905916],[-122.145036157109,41.1302117179936],[-122.145371268721,41.130097096836],[-122.145549775315,41.130107466591],[-122.145727457608,41.1301897757441],[-122.145892175139,41.1303441440399],[-122.146020442346,41.1305613274879],[-122.146207770601,41.1308149022412],[-122.146454163674,41.1311050499089],[-122.146653697095,41.13134075013],[-122.146758885331,41.131494605323],[-122.147006600948,41.1316855840503],[-122.147256201231,41.1317324980233],[-122.14761325091,41.1317621565324],[-122.147946664457,41.1317736516681],[-122.148280372449,41.131767115114],[-122.148638447476,41.1317157235124],[-122.149103976369,41.1316470744877],[-122.149450438264,41.1315775821104],[-122.149689796095,41.1314891989405],[-122.149941825606,41.1313469680625],[-122.150218249622,41.1311688054921],[-122.150436046625,41.1309091792179],[-122.150545457449,41.1307388419714],[-122.150608264728,41.1304871043726],[-122.150574972596,41.1302976775489],[-122.150554057134,41.1300723459038],[-122.150545424188,41.1298200337885],[-122.150501513174,41.1295224493193],[-122.150468514365,41.1293149916705],[-122.150459415874,41.1290987399381],[-122.150462223999,41.1288825546828],[-122.150464738386,41.1286844010665],[-122.150469213251,41.1283331695496],[-122.150568498764,41.1280276283199],[-122.150798570722,41.1277410215722],[-122.151003339492,41.1275713890059],[-122.151255144188,41.1274380841318],[-122.151530498529,41.1273320438257],[-122.151781866191,41.1272438107078],[-122.152080768306,41.1271649432021],[-122.152117888579,41.1270571381669],[-122.152060314988,41.1269035520752],[-122.152016137214,41.1266330138649],[-122.15201928736,41.1263807708165],[-122.152093435644,41.1261740850837],[-122.152298666176,41.12596848063],[-122.152562954663,41.1257992649711],[-122.152935029757,41.1255767302838],[-122.153341281379,41.1254897066555],[-122.153674750426,41.1254920817723],[-122.1541158719,41.1254683568714],[-122.154556784036,41.1254535593124],[-122.154878174777,41.1254738955127],[-122.155379113234,41.1254325525468],[-122.155749232398,41.1253631769488],[-122.156107475634,41.1253027485103],[-122.156261987095,41.125330912324],[-122.156415568306,41.1254311068823],[-122.156472772749,41.1256117378598],[-122.156422185707,41.1258455095618],[-122.156300685823,41.1260248030573],[-122.156034837968,41.1263201483681],[-122.15590142982,41.1264992854525],[-122.155779119108,41.1267506955775],[-122.155621638733,41.1269566562942],[-122.155476148682,41.1271537566096],[-122.155460520446,41.1274419079133],[-122.155469460579,41.1276761881562],[-122.155537931935,41.1279109747439],[-122.155617840883,41.1281817976617],[-122.15572147626,41.1284617668086],[-122.155732710982,41.1285069095908],[-122.155778127386,41.1286873837051],[-122.155800631298,41.1287866834903],[-122.155845669834,41.1289942027278],[-122.155867619966,41.1291384873066],[-122.155877490194,41.1293006455917],[-122.155887536218,41.1294448651187],[-122.155874234316,41.1295528923148],[-122.155933387343,41.1295803553808],[-122.15605256539,41.129581187345],[-122.156196022258,41.1295461787801],[-122.156316016676,41.12947507161],[-122.156460404751,41.1293680300401],[-122.156568953163,41.1292607044171],[-122.156689611614,41.1291444290795],[-122.156822436378,41.1290012635947],[-122.156907554456,41.1288668526482],[-122.157030159313,41.1285974971515],[-122.157116115106,41.1283998876419],[-122.157250158842,41.1281666590652],[-122.157563168759,41.1279077228949],[-122.15792391852,41.1276491350544],[-122.158356475893,41.1273639796395],[-122.158932364248,41.1270439044262],[-122.159352084925,41.1268308033218],[-122.15968779367,41.1266620540427],[-122.160119413243,41.1264490147814],[-122.160622173472,41.1262544856395],[-122.160920309488,41.1262296911123],[-122.161039193122,41.1262485496352],[-122.161156689077,41.1263755004197],[-122.16118975015,41.1265919676321],[-122.161162699627,41.1268439938567],[-122.161076293953,41.1270775769023],[-122.161025809915,41.1273024261648],[-122.161107212493,41.1274561385862],[-122.161354782713,41.1276651183631],[-122.161554782435,41.1278557202077],[-122.161848045105,41.1282182157933],[-122.16195309217,41.128390087034],[-122.16206903471,41.1286431588661],[-122.162136312128,41.1289680059096],[-122.162037366743,41.1292555243966],[-122.161879521706,41.1294885395647],[-122.161770313856,41.1296409470103],[-122.161553777427,41.1298105302928],[-122.161313221801,41.1299889087325],[-122.161132659472,41.1301317314776],[-122.16103593498,41.1302481402595],[-122.161022727784,41.1303471527207],[-122.161055755178,41.1305545190614],[-122.161053183546,41.1307616881135],[-122.161038212107,41.1309958406821],[-122.16097480718,41.1313016740644],[-122.160898824924,41.1316524305471],[-122.160787210345,41.1319938862114],[-122.16066427076,41.1322993048288],[-122.16056557125,41.1325597795198],[-122.160455805607,41.1327571712959],[-122.16050204354,41.1328656135824],[-122.160692034422,41.1329210118928],[-122.160859019953,41.1329042501707],[-122.161097272824,41.1329059958582],[-122.161359080994,41.1329349158881],[-122.161642937428,41.1330991033662],[-122.161746778944,41.1333611298228],[-122.16179192202,41.1335596339089],[-122.161823393873,41.1338931235227],[-122.16188810366,41.1344250517803],[-122.161907500835,41.1347765074584],[-122.161892359977,41.1350286895711],[-122.161745656651,41.1353158624926],[-122.161720452782,41.135423736613],[-122.161791262097,41.1354783069513],[-122.161933516156,41.1355334447377],[-122.162111317537,41.1356068088192],[-122.162407007609,41.1357800748939],[-122.162607066512,41.1359796887382],[-122.16271212927,41.1361516507897],[-122.162877903572,41.1362248603709],[-122.163103800227,41.1362625998417],[-122.163329060579,41.1363542479754],[-122.16354128939,41.1365269704285],[-122.163788352751,41.1367810247207],[-122.163905118869,41.136961976184],[-122.163974749871,41.1371156209226],[-122.164152438647,41.1371889829109],[-122.164378081016,41.1372536748018],[-122.164651148909,41.1373277301009],[-122.165066303742,41.1374748600976],[-122.165575917373,41.1376947143647],[-122.16580043637,41.1378404515269],[-122.165870332777,41.1379671428771],[-122.165914653369,41.1382286642163],[-122.165995365727,41.1384454808339],[-122.166160232038,41.1385908074017],[-122.166421141634,41.1386917503358],[-122.166812405113,41.1388476713598],[-122.167084938459,41.1389667965923]]},"properties":{"OBJECTID":53,"OWNERNAME":"Shasta Trinity National Forest","OWNERTYPE":"USDA Forest Service","DESIGNATIO":" ","MANAGEMENT":" ","REV_DATE":969580800000}},{"type":"Feature","id":54,"geometry":{"type":"LineString","coordinates":[[-122.292144749206,41.1602914886464],[-122.29222692866,41.1602432926286],[-122.29240261067,41.1601620168721],[-122.292512559578,41.1601368391478],[-122.292654267893,41.1601514608642],[-122.292768569352,41.1601693790933],[-122.292890638321,41.1602998277761],[-122.29302538275,41.160499000195],[-122.293159070381,41.1605830854666],[-122.293420367437,41.1606579829562],[-122.29344079905,41.1606638287793],[-122.293880416328,41.1607250937234],[-122.293899494324,41.1607258270204],[-122.294012295388,41.1607302489741],[-122.294262093968,41.160776963013],[-122.29455979657,41.1608469549365],[-122.294709773008,41.1608444774033],[-122.294948058027,41.1608328094491],[-122.295078112828,41.1609261537319],[-122.295140746992,41.1610264117293],[-122.295154185017,41.1611374868554],[-122.295182150267,41.1612671343176],[-122.295273353609,41.1614265406434],[-122.295363469383,41.161708284908],[-122.29550779302,41.1619422532385],[-122.295518351696,41.1619633319004]]},"properties":{"OBJECTID":54,"OWNERNAME":"Shasta County Dept of Transportation","OWNERTYPE":"County","DESIGNATIO":" ","MANAGEMENT":" ","REV_DATE":1121385600000}},{"type":"Feature","id":55,"geometry":{"type":"LineString","coordinates":[[-122.296679767943,41.1626485469758],[-122.296942246832,41.1626521165336],[-122.297125132909,41.1626545305963],[-122.297253106693,41.1626305494335],[-122.297551857884,41.1625916279665],[-122.297673602997,41.1625814628462],[-122.297818198234,41.1625596104478],[-122.298243890793,41.1624794178648],[-122.298348395396,41.1624589313531]]},"properties":{"OBJECTID":55,"OWNERNAME":"CA State Dept of Transportation","OWNERTYPE":"State","DESIGNATIO":" ","MANAGEMENT":" ","REV_DATE":1121385600000}},{"type":"Feature","id":56,"geometry":{"type":"LineString","coordinates":[[-123.217861450764,41.8061298451612],[-123.217853938741,41.8060328549953],[-123.21795064209,41.8059065879884],[-123.217978599371,41.8058390129047],[-123.217984765581,41.8057760520556],[-123.217975807736,41.8057507434314],[-123.21795774037,41.8056994101473],[-123.217920448352,41.8056589437181],[-123.217880798695,41.805627469677],[-123.217845721999,41.8055960597139],[-123.217738300946,41.8055331978105],[-123.217656493992,41.8054838490404],[-123.217597243364,41.8054388873865],[-123.217537180796,41.8053759920783],[-123.217503198482,41.8053129714557],[-123.217479998173,41.8052544595274],[-123.21745728732,41.8052094708614],[-123.217452247562,41.8051990418188],[-123.21739216484,41.8050745158594],[-123.218037051711,41.8044472836453],[-123.218278911178,41.8042216699129]]},"properties":{"OBJECTID":56,"OWNERNAME":"Klamath National Forest","OWNERTYPE":"USDA Forest Service","DESIGNATIO":" ","MANAGEMENT":" ","REV_DATE":1115683200000}},{"type":"Feature","id":57,"geometry":{"type":"LineString","coordinates":[[-123.199503223153,41.9098570825655],[-123.199495290066,41.9096434901772],[-123.199505643058,41.9090580722701],[-123.199540373062,41.9086076767655],[-123.199647400508,41.9081481424425],[-123.199802912023,41.9077334964211],[-123.200090610238,41.9072016127938],[-123.200198416371,41.9069492645949],[-123.200354558216,41.9067598543586],[-123.200510698019,41.9065704475095],[-123.200690716461,41.9063178935181],[-123.200786495553,41.9060925609981],[-123.200893793319,41.9057141493006],[-123.201024850964,41.9052004921039],[-123.201155436617,41.9045428132252],[-123.201226482943,41.904137344948],[-123.201224516344,41.9034979135663],[-123.2011505078,41.9029666174215],[-123.201101282479,41.9026514633823],[-123.201112256495,41.9022911968398],[-123.201207655032,41.9019667843647],[-123.201327010557,41.9015702932109],[-123.201374379435,41.901317939082],[-123.201421591578,41.900984640935],[-123.201529160865,41.9006872658042],[-123.201684454283,41.9002096357649],[-123.201780055454,41.8999752837726],[-123.201779476517,41.8997861440872],[-123.201706760573,41.8996601996822],[-123.201549152706,41.8993811828855],[-123.201488504452,41.8992372428154],[-123.20149997331,41.8990750539584],[-123.201511430056,41.8988858800238],[-123.201594347524,41.8983994357272],[-123.201677644484,41.8980389639028],[-123.201688109346,41.8975526395451],[-123.201879011361,41.8969038161059],[-123.201998514789,41.8965883610059],[-123.202118624592,41.8964439952958],[-123.202202545558,41.8962817755958],[-123.202213954606,41.8960835794053],[-123.202177331418,41.8959305490571],[-123.202176763699,41.8957683940967],[-123.202224651869,41.8956692646415],[-123.202489210114,41.8954346053896],[-123.202765638942,41.8951909787235],[-123.202957912844,41.8949654590217],[-123.203185882994,41.8946588060506],[-123.20341382135,41.8942980968479],[-123.203678284235,41.8940454772693],[-123.203966766294,41.8937837654138],[-123.204303622192,41.8935940152303],[-123.204676790457,41.8934222050217],[-123.204917580489,41.8933226959926],[-123.205194260555,41.8931330248378],[-123.205362470193,41.8929346433785],[-123.205422037297,41.8927183513813],[-123.205445516548,41.8925291445853],[-123.20540868924,41.892313041193],[-123.205299886096,41.892214185595],[-123.205154997119,41.8921424150491],[-123.204985871153,41.8920616035685],[-123.204829083094,41.8920168474507],[-123.204539740744,41.8920083917785],[-123.204165995687,41.8919910648506],[-123.203828337428,41.8919466501903],[-123.203574947251,41.8918840361469],[-123.203261207157,41.8917855010269],[-123.202911218869,41.8916330133992],[-123.202512703925,41.8914265268851],[-123.20206562821,41.8910850899582],[-123.201754211307,41.8907174744653]]},"properties":{"OBJECTID":57,"OWNERNAME":"Klamath National Forest","OWNERTYPE":"USDA Forest Service","DESIGNATIO":" ","MANAGEMENT":" ","REV_DATE":969580800000}},{"type":"Feature","id":58,"geometry":{"type":"LineString","coordinates":[[-122.991238672592,41.9306060633919],[-122.991757333755,41.9304619488999],[-122.992264017022,41.9304079981205],[-122.992746400064,41.9304260023773],[-122.992865645788,41.9304327450619],[-122.99322880718,41.9304531182409],[-122.9936105568,41.93041745994],[-122.993711300957,41.930408035896],[-122.994193836986,41.9303810896584],[-122.994555668124,41.9304441750976],[-122.995158635168,41.9307233631111],[-122.995167899103,41.9307260313747],[-122.995532600656,41.9308314596475],[-122.996136370986,41.9308668799224],[-122.996147716327,41.9308675128544],[-122.996432088412,41.9308810805641]]},"properties":{"OBJECTID":58,"OWNERNAME":"Klamath National Forest","OWNERTYPE":"USDA Forest Service","DESIGNATIO":" ","MANAGEMENT":" ","REV_DATE":969580800000}},{"type":"Feature","id":59,"geometry":{"type":"LineString","coordinates":[[-123.11528780307,41.9358850729303],[-123.115506973477,41.9360334535324],[-123.115673632856,41.9360827749237],[-123.115965487074,41.936073507582],[-123.116278425871,41.9361632629941],[-123.116685291939,41.9363654972392],[-123.117008666404,41.9365723160801],[-123.11730081462,41.9367836925474]]},"properties":{"OBJECTID":59,"OWNERNAME":"Klamath National Forest","OWNERTYPE":"USDA Forest Service","DESIGNATIO":" ","MANAGEMENT":" ","REV_DATE":1138665600000}},{"type":"Feature","id":60,"geometry":{"type":"LineString","coordinates":[[-122.996432088412,41.9308810805641],[-122.996879655409,41.9309756067934],[-122.997054227149,41.9309665960992],[-122.997403316076,41.930921594034],[-122.997868450105,41.9308360266778],[-122.998144692105,41.9307054844047],[-122.998435631829,41.9305523033503],[-122.998784707323,41.9304443082423],[-122.999206126206,41.930444240561],[-122.99975865085,41.9305748916063],[-123.000340669048,41.9307595266647],[-123.000776744601,41.9309666643981],[-123.000936642463,41.93110626685],[-123.001082097915,41.9311917938771],[-123.001431132901,41.9312908985651],[-123.001678416567,41.9313584868625],[-123.002027466753,41.9315205795594],[-123.002289021544,41.9315611165551],[-123.002609053724,41.9315835685512],[-123.003016131661,41.9316285890724],[-123.00349597743,41.9316916447399],[-123.003946783609,41.9317456404488],[-123.004397557838,41.931921283158],[-123.005008641136,41.9320608993511],[-123.005415830232,41.9321283795624],[-123.005575514842,41.9321914551357],[-123.005706368182,41.9323130607122],[-123.00577909019,41.9324751235971],[-123.005750153734,41.9328669245317],[-123.005750225878,41.9328686371952],[-123.005750238075,41.9335376091644],[-123.005634114187,41.9338979126624],[-123.005561470186,41.9341816505649],[-123.005430305748,41.9345507939591],[-123.005314335911,41.9349831082791],[-123.005213679175,41.9352850180353],[-123.005206539941,41.9353525093014],[-123.005085851096,41.9356676196809],[-123.005001539714,41.9358749265093],[-123.00486877176,41.9361180382552],[-123.0048567384,41.9363431209893],[-123.004929062454,41.9365412923851],[-123.00498940923,41.9367124941567],[-123.005098034178,41.9369375076936],[-123.005242766444,41.9372617430894],[-123.005387579656,41.9375679273861],[-123.005459914255,41.9378203343459],[-123.005508334524,41.9380994816803],[-123.005447981382,41.9382526154969],[-123.005339296065,41.9384957876062],[-123.005122307754,41.9387208683318],[-123.004917124151,41.9389460284937],[-123.00472414667,41.9390811966308],[-123.004555308934,41.9393514264737],[-123.004567503742,41.9394774787874],[-123.00468814047,41.9396305544539],[-123.004893118223,41.9396936374302],[-123.005098238612,41.9397657425603],[-123.005399935477,41.9398378077552],[-123.005629148532,41.9399186338535],[-123.00593060562,41.9399907042458],[-123.006232271405,41.9400989552342],[-123.006582192852,41.9402519039193],[-123.006738932344,41.9403872424534],[-123.006968236953,41.9405583087676],[-123.007137109181,41.940738392117],[-123.0072456668,41.940981454959],[-123.007411980755,41.9411977871034],[-123.007702708136,41.9412921267112],[-123.008057081079,41.9413281897599],[-123.008211140438,41.9413688339403],[-123.008401992902,41.9414678056596],[-123.008401891368,41.941468259384],[-123.008557573888,41.9416438714534],[-123.008549687961,41.9418869964492],[-123.008512061727,41.9420534894094],[-123.008517388354,41.9420626582251],[-123.008538486263,41.9420717230206],[-123.008671141976,41.9420761477261],[-123.008794177511,41.9420581492287],[-123.008857041329,41.9420041318185],[-123.008967468854,41.9419500655862],[-123.009007088493,41.941950025661],[-123.00906208506,41.9419860771608],[-123.009125473292,41.9421121757992],[-123.009125327038,41.9421797717213],[-123.00919634964,41.9422472994536],[-123.009306864202,41.9424453733879],[-123.009338100214,41.942571513417],[-123.009390126482,41.942679561319],[-123.009432731393,41.9427471352409],[-123.009448641015,41.9428867243077],[-123.009566997368,41.9430623210944],[-123.00969291868,41.9431749287996],[-123.009763927732,41.943341544359],[-123.00986639103,41.9435712155088],[-123.010047852032,41.9439314841228],[-123.010119058905,41.9439720249486],[-123.010252936719,41.9440080046369],[-123.010315970827,41.9440574926626],[-123.010371382882,41.9441430799232],[-123.010379430873,41.9442107510924],[-123.01044225296,41.944300674293],[-123.010458144805,41.9443772746283],[-123.010521093607,41.9447059816992],[-123.010568698284,41.9447465408989],[-123.010631645497,41.9448365511321],[-123.010702511381,41.9452554053911],[-123.010742216578,41.9454761016556],[-123.010781396858,41.9455480871737],[-123.010916039131,41.9456787144142],[-123.010986766241,41.9457192660329],[-123.011073577606,41.9457642165637],[-123.011113205624,41.9458183226434],[-123.011176168642,41.945993883455],[-123.011251224255,41.9461109492544],[-123.011322100857,41.9461379597638],[-123.011385070694,41.9461830272653],[-123.01143236713,41.9463355888036],[-123.011432631055,41.946336123108],[-123.01148765899,41.9464892220879],[-123.01155062928,41.9465342894924],[-123.011818710861,41.9466648080726],[-123.011830828139,41.9466693923731],[-123.012033679406,41.9467696969361],[-123.012094816694,41.9467999176997],[-123.012362844322,41.9469575093258],[-123.012954458747,41.9473132424173],[-123.013553624365,41.9476509247197],[-123.013817936213,41.9477633896645],[-123.014022662569,41.9478084168906],[-123.014117276909,41.9478129301059],[-123.014212031158,41.9478264657414],[-123.01451962868,41.9479570301202],[-123.014708952291,41.9480335575364],[-123.01498490464,41.9480739969749],[-123.01521337167,41.9480739665915],[-123.015371130824,41.9481190285911],[-123.015607785563,41.9481955097164],[-123.015907550943,41.94827201942],[-123.016199015859,41.9483260747246],[-123.016656393893,41.9483845658628],[-123.016881119383,41.9484070019252],[-123.017346348839,41.9483979799908],[-123.017748630551,41.9484069732813],[-123.017890459949,41.9483888789474],[-123.018190099289,41.9483348017176],[-123.018726265232,41.9482266174602],[-123.019207260767,41.9481635170041],[-123.01937664083,41.9481589319073],[-123.019723444448,41.94818593899],[-123.020015244397,41.9481543354601],[-123.020252070902,41.948149763435],[-123.020433438255,41.9481947962039],[-123.020630220682,41.9482171709331],[-123.020756538681,41.9482081975061],[-123.020866922917,41.9481587238692],[-123.020953635483,41.9480595487775],[-123.02107958144,41.9478974380046],[-123.021252941891,41.9477712857761],[-123.021592188923,41.9475641002181],[-123.021887711584,41.9474785270623],[-123.022210867776,41.9473432886608],[-123.022660220294,41.9471990776098],[-123.023030693779,41.9470324749541],[-123.023157051516,41.9470188052985],[-123.023622308613,41.947050280711],[-123.024000837547,41.9470502549891],[-123.024414797666,41.9470366573624],[-123.024769598022,41.9470365652745],[-123.025021783915,41.947059052988],[-123.025368738088,41.9471490316556],[-123.025826141146,41.9473155122541],[-123.026299157609,41.9474865811336],[-123.026449039769,41.9475586216038],[-123.026598680176,41.9476080142143],[-123.026910534277,41.9476260011419],[-123.027107783569,41.9476395100737],[-123.02731284915,41.9476979536309],[-123.027447037699,41.9477069263303],[-123.027683562355,41.9477744533823],[-123.027809796257,41.9478284671781],[-123.02795179579,41.9479500589343],[-123.02827502596,41.948251682505],[-123.028346196766,41.9482967249478],[-123.028764077048,41.9485217187752],[-123.029126878114,41.9487513705635],[-123.029367397939,41.9488728565686],[-123.029635632885,41.9490934895001],[-123.030030102869,41.9493906074207],[-123.030258682529,41.9495257342031],[-123.030503080985,41.949633588386],[-123.030731928337,41.9497100482866],[-123.030905433263,41.9497822393443],[-123.031102631463,41.9498226376513],[-123.031488802918,41.9498630172221],[-123.031622970116,41.949930645379],[-123.031828070832,41.9499529832012],[-123.031910669396,41.9499665259238],[-123.03200535099,41.9500430410366],[-123.032115924818,41.9501871297588],[-123.032249868763,41.9502636064192],[-123.032431268957,41.9503626799009],[-123.032644296675,41.9504211053633],[-123.032754763664,41.950452660412],[-123.033251362291,41.9504615090275],[-123.033424770621,41.9504975105311],[-123.033716735954,41.9505514235504],[-123.033779968834,41.9505514419373],[-123.033882198456,41.9505198403447],[-123.034079387731,41.9504612339528],[-123.034252750591,41.9504341514454],[-123.034587845181,41.9503530134239],[-123.034737580458,41.9502718998115],[-123.034847909691,41.9501818045154],[-123.03496631199,41.9500241918514],[-123.035068759266,41.9499385268898],[-123.035163402843,41.9499070153633],[-123.035415559878,41.9498213674965],[-123.035604911705,41.9498302701136],[-123.035935904856,41.9498617632763],[-123.036239454094,41.9499471593723],[-123.036807443954,41.9501271923648],[-123.037028398741,41.9501765764812],[-123.037146453799,41.9501855645398],[-123.037359486734,41.9501764786287],[-123.03764331239,41.9501132588878],[-123.037927220772,41.9500322576646],[-123.038068903768,41.9500051201178],[-123.038139843756,41.9500051301095],[-123.038250286521,41.9500050958397],[-123.038368653887,41.9500410574473],[-123.038621029366,41.9501266858447],[-123.039378228487,41.9503964684731],[-123.039981611395,41.950544863867],[-123.040139251067,41.9506710298666],[-123.040320634077,41.9507159436614],[-123.040438762731,41.950796943795],[-123.040722643588,41.9508643922213],[-123.041156739645,41.9509858050356],[-123.041314352781,41.9510578228544],[-123.041503689249,41.9511028164196],[-123.041748063162,41.9511251855043],[-123.042524818494,41.9511340298777],[-123.042658653339,41.951187936857],[-123.042737833641,41.9512284483804],[-123.042871792055,41.9512824422492],[-123.042934736112,41.9513319172505],[-123.043021818105,41.9513544585748],[-123.043179859073,41.9513408198986],[-123.043479180965,41.9513047401038],[-123.043849874123,41.9512955488734],[-123.044252149669,41.9513179056716],[-123.044480603907,41.9512863259753],[-123.044740752007,41.9512411680773],[-123.04495790505,41.9511735796233],[-123.045091710788,41.9511509566337],[-123.045218053273,41.951150892196],[-123.045273045869,41.9511328727007],[-123.045493940237,41.9509391193953],[-123.04562764394,41.9508129853468],[-123.045706481509,41.9507949314788],[-123.045879915035,41.9507723461551],[-123.045966558539,41.9507453509764],[-123.046063439033,41.9507182906087],[-123.046132403425,41.9507002947322],[-123.046258306181,41.9506956388431],[-123.046435980576,41.9507270069257],[-123.046601555807,41.9508441292908],[-123.046704159236,41.9509476980516],[-123.046775205845,41.9510512132398],[-123.046846086197,41.9511592466807],[-123.046996267645,41.9512853134273],[-123.047153985574,41.9513933292079],[-123.04725658305,41.9514293028397],[-123.047390444657,41.9514697573041],[-123.047556017932,41.9515643176562],[-123.047784964273,41.9516452577013],[-123.047982224988,41.9516586451408],[-123.048344856499,41.951649634147],[-123.048557554825,41.9516494727384],[-123.048802268403,41.9516627968055],[-123.049022924434,41.9516852735737],[-123.049125405318,41.951743809997],[-123.049204253743,41.9517932601561],[-123.049291021198,41.9518112036174],[-123.049401491249,41.9517977108239],[-123.049527828784,41.951752609583],[-123.049669400528,41.9516219485815],[-123.049787654042,41.9514867954708],[-123.04987025683,41.9513516901183],[-123.049948962874,41.951266043463],[-123.050083131389,41.951243495254],[-123.05028031771,41.9512523671765],[-123.050390864411,41.9512883272754],[-123.050564392027,41.9514053432173],[-123.050816663139,41.9514908600271],[-123.051124087374,41.9515537457674],[-123.051313207687,41.9515626314757],[-123.051502667988,41.9516075160351],[-123.05177073329,41.9516345298971],[-123.052066765336,41.9516929075097],[-123.05221642797,41.9516973270049],[-123.052460828076,41.9516837596236],[-123.052697581091,41.9517556585285],[-123.052981260885,41.9518320192333],[-123.053099638729,41.9518455862356],[-123.053296774412,41.9518140236682],[-123.053509815846,41.9517237794206],[-123.053635677219,41.9517237192537],[-123.053769967181,41.9517011648425],[-123.053959147771,41.9516470506607],[-123.054187741112,41.9516020029718],[-123.054495224036,41.9516017078282],[-123.054881433155,41.9516060080683],[-123.055121982137,41.9516149089013],[-123.055413819236,41.951637280278],[-123.055713445557,41.9516867169085],[-123.056163120949,41.9517495848038],[-123.056636407896,41.9518348945607],[-123.057062161411,41.9518931919572],[-123.057306429617,41.9519380975678],[-123.057578750532,41.9520190555445],[-123.057862410873,41.9520864709711],[-123.058075460446,41.9521223823176],[-123.058430309505,41.9522122627236],[-123.058532881149,41.9522167314781],[-123.058635497945,41.9522166865159],[-123.058738034736,41.9521895700678],[-123.05887182196,41.9520994267856],[-123.058990153157,41.95205875221],[-123.059171874737,41.9520272828135],[-123.0593294597,41.9520226592416],[-123.059502907532,41.9520451777686],[-123.059715961342,41.9521035576798],[-123.059968430894,41.9522520437558],[-123.060276356793,41.9524995424894],[-123.060358981833,41.9525805706568],[-123.060477484172,41.9527785940407],[-123.060596096159,41.9530127139526],[-123.060856562564,41.953215243957],[-123.060911644874,41.9532692315585],[-123.060975045931,41.9533457613535],[-123.061053801406,41.9533592877637],[-123.061171837329,41.9533592299621],[-123.061329779388,41.953332122642],[-123.061589948876,41.9532148219511],[-123.061731599193,41.9531562526829],[-123.061873693881,41.9530660848795],[-123.062180844517,41.9528903386726],[-123.062338712981,41.9528587201205],[-123.062527687223,41.9528585671843],[-123.062725971151,41.9528899555143],[-123.062970723433,41.9529123671254],[-123.063207155302,41.95291223617],[-123.063372693922,41.9529076863963],[-123.063538176632,41.9528850876111],[-123.063727433215,41.9528579417869],[-123.063940467532,41.9527677686529],[-123.064029738775,41.9526956644065],[-123.064163881439,41.9526055073362],[-123.064297506573,41.9524838648724],[-123.064392212938,41.9524567532509],[-123.064455567019,41.95245675223],[-123.064550224218,41.9524927243142],[-123.064660373246,41.9525331932726],[-123.064802523526,41.9525421132841],[-123.06508651083,41.9525554478126],[-123.065307105019,41.9525958574608],[-123.065508027706,41.9526408954683],[-123.065626518537,41.9526541769512],[-123.065744916057,41.9526541049547],[-123.065918264873,41.9526045086885],[-123.066209982296,41.9524872460337],[-123.066477852697,41.9523700183484],[-123.066611776772,41.9522888895653],[-123.066840481261,41.9521265839664],[-123.066950800855,41.9520454847532],[-123.067013623283,41.9519327771785],[-123.067139361129,41.9517346123739],[-123.067249725442,41.9516489992207],[-123.067376004668,41.9516083942105],[-123.067517860306,41.9515993588279],[-123.067691266756,41.951590190235],[-123.067900492447,41.9515765414997],[-123.068168726812,41.9515989149787],[-123.068389286752,41.951666394017],[-123.068649467593,41.9517337234956],[-123.068878419502,41.9518281640647],[-123.069185847475,41.9519631143291],[-123.06932025399,41.9520575923315],[-123.069564661224,41.9521835121633],[-123.069880516042,41.9524130166353],[-123.070211864035,41.9526470182597],[-123.070385548341,41.9528224857152],[-123.070637913529,41.9529484828896],[-123.070839362249,41.9530473767195],[-123.071099636258,41.9531417738943],[-123.07136785691,41.953272257785],[-123.071541419384,41.9533306742706],[-123.071777837701,41.9534025469332],[-123.072132664971,41.9534384220506],[-123.072298216061,41.953420231677],[-123.072464124797,41.9533796517326],[-123.072645392491,41.9533794908128],[-123.072881851989,41.9533882756552],[-123.073063292189,41.9533837775476],[-123.07322879997,41.95337010038],[-123.073422143938,41.9533790298564],[-123.073697910527,41.9534193486809],[-123.074021402846,41.9534687049869],[-123.07423452902,41.9534866271247],[-123.074478727263,41.9535044274072],[-123.074755032632,41.9535627800283],[-123.074833811263,41.9536213320441],[-123.074896854685,41.9536753015017],[-123.075015247684,41.9537112296947],[-123.075504786311,41.9538010377989],[-123.075768880417,41.953863836697],[-123.075934355424,41.9538772308847],[-123.0761553979,41.9539221230364],[-123.076336845304,41.953976100002],[-123.076423675766,41.9540480825926],[-123.076518381431,41.9541155408879],[-123.076746960978,41.9542009503375],[-123.077117757747,41.9543133140755],[-123.077307076947,41.9543626770785],[-123.077536030049,41.9543760590066],[-123.077890820428,41.9543803317303],[-123.078135221833,41.9544027231288],[-123.078344131934,41.9544205622201],[-123.078446693419,41.9544024538717],[-123.078494051473,41.9543529287465],[-123.07857273047,41.9542312543843],[-123.078706431228,41.9540645605626],[-123.078737924496,41.9539519770143],[-123.07876300388,41.95383034401],[-123.078806733815,41.9537582544257],[-123.078828566571,41.9537311904648]]},"properties":{"OBJECTID":60,"OWNERNAME":"Klamath National Forest","OWNERTYPE":"USDA Forest Service","DESIGNATIO":" ","MANAGEMENT":" ","REV_DATE":1138665600000}},{"type":"Feature","id":61,"geometry":{"type":"LineString","coordinates":[[-123.078828566571,41.9537311904648],[-123.078875217174,41.9536681445801],[-123.078916275742,41.9536455764732],[-123.078965342402,41.9536410425774],[-123.078992803557,41.9536410062234],[-123.079050510663,41.9536635172582],[-123.079127109996,41.9536994653944],[-123.079179052618,41.9537084896732],[-123.07925874368,41.9537129571408],[-123.079340929806,41.9537083391406],[-123.079425753242,41.9536811865013],[-123.079532416787,41.9536271469959],[-123.079554247993,41.9536000829093],[-123.079611829364,41.9535280168649],[-123.079677268698,41.9534288657507],[-123.079822353574,41.9533386944243],[-123.079948516243,41.9532260633276],[-123.08010580572,41.9530007641306],[-123.080208214289,41.9528431334552],[-123.080357700887,41.9526628786392],[-123.08052337288,41.9524420688895],[-123.080641192732,41.9522843337167],[-123.080735621382,41.9521176927803],[-123.080829987702,41.9519330038865],[-123.08095596936,41.9517302165874],[-123.081081857303,41.9516085655934],[-123.081408737149,41.9513696588735],[-123.081558772176,41.9513021075513],[-123.081700382877,41.95122086438],[-123.081842432107,41.9511081134599],[-123.081984125662,41.9510315606654],[-123.082110377031,41.9510043878346],[-123.082275830994,41.9509952124556],[-123.082401709235,41.9509455764944],[-123.082543820668,41.9508869721735],[-123.082701236965,41.9508508278046],[-123.082914225683,41.9507380603727],[-123.08314258841,41.9506298835835],[-123.083481335731,41.9504314732976],[-123.083639142732,41.9503322350136],[-123.083796608375,41.9502195571718],[-123.083938292594,41.9501429110996],[-123.08426160284,41.9499940616037],[-123.084395410855,41.9499579484384],[-123.084584726457,41.949971291084],[-123.084734775239,41.9499485896888],[-123.08502612363,41.9498764146245],[-123.085187751013,41.9498402549479],[-123.085266339764,41.9497861742878],[-123.085360992266,41.9496555332119],[-123.085494940306,41.9494978525171],[-123.085715354174,41.9493039483415],[-123.085967268438,41.949092128741],[-123.086101436518,41.9490560039546],[-123.086329937518,41.9490648694545],[-123.086416618868,41.9490557140881],[-123.086495689384,41.9490017118343],[-123.086566473099,41.9488844675605],[-123.086629326081,41.9488258968258],[-123.086723977424,41.9488033725882],[-123.087181261812,41.9488164876124],[-123.087252186431,41.9487939999566],[-123.08731503601,41.9487353388461],[-123.087386273433,41.9486812563856],[-123.087480859618,41.9486766023583],[-123.087606853836,41.9486990662114],[-123.087733252367,41.9487530171729],[-123.087855349346,41.9487799986136],[-123.088044750481,41.9488203180146],[-123.088273205387,41.9488336916005],[-123.088480553003,41.9488020055807],[-123.088876760891,41.9487926919193],[-123.089251908209,41.9488059108299],[-123.089407946403,41.9487742131599],[-123.089522885986,41.9486615746079],[-123.08981456612,41.9485668190882],[-123.090095737806,41.9485350416045],[-123.090335392685,41.9485124010318],[-123.090522993769,41.9484311050303],[-123.090877513013,41.9483633304252],[-123.091190344075,41.9483450370783],[-123.091524200036,41.9484168366721],[-123.091805498043,41.9484571596615],[-123.09210781875,41.9484298244031],[-123.092764207708,41.9483797538106],[-123.093264387071,41.9482937889449],[-123.093545918871,41.9482260765635],[-123.094119077509,41.9482616036589],[-123.094515380505,41.948315352027],[-123.094682014769,41.948283659229],[-123.09487992556,41.9480853251203],[-123.095327495014,41.9478148203863],[-123.095608869703,41.9476524368738],[-123.095890144445,41.9476341815316],[-123.096140390986,41.9476114508574],[-123.096296356677,41.9475257782404],[-123.096786372332,41.9473947444004],[-123.097244680408,41.9472906577056],[-123.097672059364,41.9471733385043],[-123.098213394869,41.9468936680394],[-123.099255089027,41.9463974143315],[-123.099911152795,41.9461086079131],[-123.100244297313,41.9458606546657],[-123.100629688238,41.9456756752353],[-123.100848524873,41.9455268162113],[-123.100994337457,41.9455177363742],[-123.101046416018,41.9455492196854],[-123.101150627577,41.9455941344788],[-123.10127568036,41.9455895345491],[-123.101629759863,41.9453550520226],[-123.101744221318,41.9452513483377],[-123.101817053474,41.9450576053197],[-123.101899999535,41.9448637951864],[-123.102097619252,41.944607067542],[-123.102389045012,41.9443996598532],[-123.103128603367,41.9440792778539],[-123.103774309303,41.9437995505038],[-123.104201602954,41.9436369058474],[-123.104451313152,41.9434700455733],[-123.104680420496,41.9434159583294],[-123.105149134308,41.943253197561],[-123.105347298164,41.943135974204],[-123.105669698286,41.9427394525683],[-123.105950250122,41.9423609236336],[-123.106064580549,41.9422076742261],[-123.106315057683,41.9420722874196],[-123.106637824563,41.9418964101342],[-123.106898131562,41.9417160189746],[-123.10738736521,41.9413867790557],[-123.107658059123,41.941215428106],[-123.10796023129,41.9411249750979],[-123.108220614509,41.9410978191133],[-123.1083766409,41.9410526506531],[-123.108605871159,41.940872297864],[-123.109001194661,41.9405521290885],[-123.109250957956,41.9401916781451],[-123.109427748144,41.9399799445139],[-123.109698031653,41.9397499360571],[-123.109823014298,41.9396641974271],[-123.109948209393,41.9396686088464],[-123.110062764538,41.9396775242204],[-123.110333687193,41.9396051606597],[-123.110562679125,41.9394608196],[-123.111072878739,41.9390776253323],[-123.111301544724,41.9388296864734],[-123.111592881492,41.9385636900677],[-123.111728071908,41.9384554059336],[-123.112050243701,41.9379642963432],[-123.1124038632,41.9374956052945],[-123.11273676954,41.9371259714496],[-123.113225764037,41.9367156759229],[-123.113558851967,41.9363640855595],[-123.113693604044,41.9361388509641],[-123.113724511,41.9359181589592],[-123.11379747258,41.9358189861072],[-123.11404722405,41.9356926271509],[-123.114411768917,41.9356247191675],[-123.114714250651,41.9356243985852],[-123.114995645367,41.9357006758768],[-123.11528780307,41.9358850729303]]},"properties":{"OBJECTID":61,"OWNERNAME":"Klamath National Forest","OWNERTYPE":"USDA Forest Service","DESIGNATIO":" ","MANAGEMENT":" ","REV_DATE":1138665600000}},{"type":"Feature","id":62,"geometry":{"type":"LineString","coordinates":[[-123.11730081462,41.9367836925474],[-123.117644889471,41.9369544411736],[-123.118208149334,41.9372105734843],[-123.118854924105,41.9374981256399],[-123.119303585874,41.9377633058767],[-123.119584720999,41.9379567213232],[-123.119757019997,41.9381726742323],[-123.119899132392,41.9383346807304],[-123.119999203505,41.9384607253769],[-123.120046461702,41.9385551317788],[-123.120138231675,41.9386045781993],[-123.120221193414,41.938618054521],[-123.120285230301,41.9385954466651],[-123.1203126269,41.9385639062969],[-123.120312466809,41.9385630075078],[-123.120284861371,41.9384198342691],[-123.12023731142,41.938203692503],[-123.120137150937,41.9380372201327],[-123.120075941116,41.9379651793533],[-123.120076243393,41.9379638187892],[-123.120086771254,41.9379156368387],[-123.120136906867,41.9379110609492],[-123.120403315808,41.9380323681227],[-123.120753029759,41.9381941253778],[-123.121117782242,41.9383198629683],[-123.121357892233,41.9385222281312],[-123.121556363544,41.9386211139168],[-123.121848174521,41.9386297938064],[-123.122025434576,41.9386296602745],[-123.12223415933,41.9387014877757],[-123.122473769956,41.9387417793682],[-123.122682238934,41.9387009841895],[-123.122994574392,41.9386916466906],[-123.12322438783,41.9387364195568],[-123.123443344769,41.9388847937287],[-123.123777367018,41.9391276127832],[-123.123965316835,41.9392445340981],[-123.124100847729,41.9393524606822],[-123.12428875815,41.9393972745234],[-123.124434598052,41.9393836536224],[-123.124673772817,41.9392798265795],[-123.125007217887,41.9392028188345],[-123.125340756739,41.9391799561452],[-123.125570030618,41.9391932418979],[-123.12586197168,41.9392649940562],[-123.126070509043,41.9393187705984],[-123.126258366443,41.9393951694581],[-123.126456625066,41.939530061761],[-123.126634136585,41.9397325209816],[-123.126863874827,41.9400024578247],[-123.127020492819,41.9400968646753],[-123.127270511716,41.9401326476144],[-123.127578512235,41.9401232270823],[-123.127819362179,41.9401094192246],[-123.127980037202,41.9401317964142],[-123.128184406394,41.9401810716815],[-123.128316035978,41.9401674367293],[-123.128443555233,41.9401042678561],[-123.128523967983,41.9400816114829],[-123.128604204604,41.9400905470985],[-123.128647982964,41.9401220432387],[-123.128669957751,41.9401670746654],[-123.128776119085,41.940261464777],[-123.128885620066,41.9403469275267],[-123.129009522779,41.9403738246054],[-123.129093780804,41.9403647004417],[-123.129155934075,41.9403376222929],[-123.129202891904,41.9402745506672],[-123.129202604426,41.9402734748527],[-123.129180895683,41.9401935104338],[-123.129056602392,41.9400675319132],[-123.128873802738,41.9399146626715],[-123.128829883036,41.9398471606568],[-123.128800752495,41.939743554971],[-123.128756467419,41.939689599923],[-123.128676151049,41.9396761545879],[-123.128566884743,41.9396807526813],[-123.128365972395,41.939698988496],[-123.128103504897,41.9396812943043],[-123.127811631921,41.9396275966149],[-123.127634457511,41.9396188023826],[-123.127529960046,41.939564891546],[-123.127404898099,41.9394568890088],[-123.127164775071,41.9392409972458],[-123.127091247949,41.9390699020559],[-123.127007478167,41.9388494227899],[-123.12686116394,41.9386333775931],[-123.126694350658,41.9385480670612],[-123.126433932457,41.9385303188876],[-123.126278132414,41.938489948576],[-123.126069036868,41.9383550536841],[-123.125882004705,41.9381796322887],[-123.125781225061,41.9380897111024],[-123.125684265775,41.9380537515759],[-123.125460230447,41.9380089308037],[-123.125352060122,41.938000052061],[-123.125120388868,41.9379102960546],[-123.124956275479,41.9378068661771],[-123.124922520181,41.937734870786],[-123.124922585253,41.9377336061152],[-123.124926202848,41.9376899267014],[-123.124997096948,41.9376672379011],[-123.125257880028,41.937671443145],[-123.125392442738,41.9376534068381],[-123.125571435788,41.9376215474886],[-123.125690569774,41.9376168881031],[-123.125832445799,41.9376528200563],[-123.126082705074,41.9378146747741],[-123.126203069621,41.9379090768131],[-123.126391027118,41.9380124552616],[-123.126536909138,41.9379944098362],[-123.126734505551,41.9378544246391],[-123.126921985107,41.9377281355578],[-123.127119875066,41.9377234224475],[-123.127359747398,41.9377997062102],[-123.127693856382,41.9380470241019],[-123.127986255471,41.9383124305183],[-123.128163483096,41.9383662567136],[-123.128372014624,41.9383570375499],[-123.128549128585,41.9383973288693],[-123.128705198003,41.9383836303578],[-123.128819677906,41.9382978605517],[-123.128955229719,41.9382257384139],[-123.129080346734,41.9382256204675],[-123.129289018789,41.9383289354559],[-123.129508017099,41.9384998591499],[-123.129643998905,41.9385987458113],[-123.129841969349,41.9386750695433],[-123.130092091094,41.9387378271186],[-123.130269358144,41.9388006745639],[-123.130394507625,41.9388094887761],[-123.130613459604,41.9387552456677],[-123.130811202733,41.9386515287298],[-123.131050924079,41.9386422554503],[-123.131395007028,41.9387138757753],[-123.131801551416,41.9388665246106],[-123.132187573445,41.9390371009177],[-123.132458810101,41.9391225250588],[-123.132594283055,41.9391988584512],[-123.132793136642,41.9394643148605],[-123.13300163581,41.939702729454],[-123.133346268985,41.9399231497313],[-123.133659195393,41.940107262939],[-123.134056099377,41.9404040912771],[-123.134640483912,41.9408311914748],[-123.135235463266,41.941195305335],[-123.13544407001,41.9413076357284],[-123.135756752823,41.9413523179231],[-123.13615258436,41.9413517978498],[-123.136431924473,41.9413695096958],[-123.136597099524,41.9413873434693],[-123.136656412442,41.941418722207],[-123.136680235046,41.9414727320448],[-123.136735337715,41.9415042145435],[-123.136900554142,41.9415175350969],[-123.137061951919,41.9415534219808],[-123.137152603397,41.9416208444766],[-123.137184012617,41.9416748464226],[-123.137211613494,41.9417108023719],[-123.137530370083,41.9418410646749],[-123.137696052082,41.9418948939214],[-123.13779033842,41.9419082579953],[-123.137853269262,41.9419397279989],[-123.137932498194,41.941966640985],[-123.137991383935,41.9419665336637],[-123.138140822557,41.941889815197],[-123.138199562901,41.9418537018526],[-123.13821527947,41.9418087297797],[-123.138214774659,41.9418082016874],[-123.138148391418,41.941736747109],[-123.137919576781,41.9415433366899],[-123.137714615414,41.9414400334251],[-123.137470451765,41.9412916761056],[-123.137277513169,41.9411251720346],[-123.137233987603,41.9410804050387],[-123.137234288317,41.941079043544],[-123.137241863713,41.9410488031632],[-123.137269324186,41.9410352168421],[-123.137336078905,41.9410442096313],[-123.137820660862,41.9411471634914],[-123.138539536688,41.9412949319485],[-123.138720633811,41.9413487380526],[-123.13910726934,41.9414698213447],[-123.139638112284,41.9416628619398],[-123.139813823787,41.9417391816115],[-123.139989633146,41.9418830941827],[-123.140098567774,41.9420316454848],[-123.140152897863,41.9420810169205],[-123.140224149004,41.942085474505],[-123.140295009838,41.942053842973],[-123.140307235456,41.9419953295286],[-123.140307064345,41.9419941607772],[-123.140294655833,41.9419232624205],[-123.140294888948,41.9419230764905],[-123.140319513725,41.9418916898049],[-123.140373824621,41.9418916041317],[-123.140436862539,41.9419635914567],[-123.140626223655,41.9421524728389],[-123.140730343146,41.9421839101154],[-123.140959516688,41.9421700961146],[-123.141074261568,41.9422375505641],[-123.141657875736,41.9422593343629],[-123.141981014794,41.9422679125872],[-123.142168658461,41.9422137050966],[-123.142366252833,41.9420332612902],[-123.14251165768,41.9418845293653],[-123.142616067434,41.9418708345711],[-123.143012228434,41.9419919410703],[-123.143252304841,41.9421537451223],[-123.143523806714,41.9423425671549],[-123.143680345297,41.942396433876],[-123.143815781202,41.9424007391452],[-123.144055102879,41.9422788206505],[-123.144481730228,41.9420216542196],[-123.14471113334,41.9419042228204],[-123.144960990751,41.9418544205505],[-123.145031438217,41.9418542923312],[-123.145042035784,41.9418543005724],[-123.145106824863,41.9418542230141],[-123.145742936106,41.9419029303727],[-123.14607630431,41.9419385897886],[-123.146488168113,41.9420551422119],[-123.146730336719,41.9420818772041],[-123.146841924553,41.9420996773038],[-123.146896159329,41.9420951687901],[-123.146921414552,41.9420726102647],[-123.146920872509,41.9420712695845],[-123.146914230439,41.9420545579458],[-123.146845517411,41.9420231474632],[-123.14676961893,41.9419872218274],[-123.146715239675,41.9419422771538],[-123.146704612638,41.9419062610785],[-123.14670062364,41.9418026651897],[-123.146700728205,41.9418023013393],[-123.146763539936,41.9415999349986],[-123.146908943144,41.9413970486785],[-123.147283479322,41.9411714031686],[-123.147491652476,41.9410180340084],[-123.147678664544,41.9407296388355]]},"properties":{"OBJECTID":62,"OWNERNAME":"Klamath National Forest","OWNERTYPE":"USDA Forest Service","DESIGNATIO":" ","MANAGEMENT":" ","REV_DATE":1138665600000}},{"type":"Feature","id":63,"geometry":{"type":"LineString","coordinates":[[-123.147678664544,41.9407296388355],[-123.147792943046,41.9405718384878],[-123.148052987894,41.9403688943578],[-123.148261150362,41.9402289719167],[-123.148562764687,41.9399043304678],[-123.148884825597,41.9395030993762],[-123.149071241644,41.9391335840732],[-123.149237430658,41.9387505824888],[-123.149309681977,41.9385793882768],[-123.14930951228,41.938578308653],[-123.149288764594,41.9384172805102],[-123.149288506155,41.9383136830629],[-123.149361054569,41.9382551097754],[-123.149559128601,41.9381377277099],[-123.149767284742,41.9379978924304],[-123.149870875262,41.9378491112456],[-123.149943538362,41.9378039809542],[-123.150079176141,41.9377722658699],[-123.150204147801,41.9376956003686],[-123.150266472634,41.9375558771494],[-123.150411929246,41.9373980203556],[-123.150505085047,41.9372448041133],[-123.150505025102,41.9372434524172],[-123.150504829363,41.9371277593499],[-123.150431686662,41.9369882521591],[-123.150139289691,41.9367138722084],[-123.14999298516,41.9365294390319],[-123.149982372783,41.9364259186333],[-123.14998248133,41.9364256456722],[-123.15004434727,41.9362321480103],[-123.150210180522,41.9359527596653],[-123.150418114341,41.9356777381153],[-123.150636226496,41.9352901948142],[-123.150687875776,41.9351325081643],[-123.150687607955,41.9351318832654],[-123.150614414582,41.9349884988694],[-123.150342909174,41.9346691061878],[-123.15024870093,41.9345161374372],[-123.150227695363,41.9343765051263],[-123.150237552832,41.9342593889738],[-123.150559441587,41.9337681832015],[-123.150642470719,41.9336283968978],[-123.150642193711,41.9336275920238],[-123.150600713372,41.9335204181822],[-123.150454598958,41.9333944631061],[-123.150423071978,41.9332999473956],[-123.150402022611,41.9331919033225],[-123.150224308209,41.9329534741669],[-123.149816797359,41.9326027250769],[-123.149670391424,41.9323777749151],[-123.149628632503,41.9322697066915],[-123.149631631158,41.9322341640236],[-123.149638610041,41.9321525874937],[-123.149669693631,41.9320714923476],[-123.149825819904,41.9319182434902],[-123.149919292855,41.9317559974596],[-123.149939599859,41.9315758091714],[-123.149939591873,41.9315756291848],[-123.149918512631,41.9314587422475],[-123.149926195526,41.9313930305878],[-123.149928568394,41.9313732073937],[-123.150063971255,41.9312469179839],[-123.150365865111,41.9310843526659],[-123.150761018495,41.9308091803388],[-123.151000226668,41.9306016968339],[-123.151322998822,41.9303670421711],[-123.151510638042,41.9303352920686],[-123.151594071704,41.9303757189464],[-123.151625596862,41.9304973090864],[-123.151729999197,41.9306548046315],[-123.15187618697,41.930771641747],[-123.152064271535,41.9309018729131],[-123.152221090551,41.9310954263543],[-123.152304899237,41.9312935049625],[-123.152399186809,41.931464520351],[-123.152534780491,41.9315813499328],[-123.15271212895,41.9316622117417],[-123.152952152982,41.9318149723281],[-123.153098389196,41.931940921411],[-123.153255395174,41.9322063958273],[-123.153391486119,41.9325079490297],[-123.153527355402,41.9327013914511],[-123.153757231741,41.9328722728187],[-123.15389268202,41.9329261119088],[-123.154007267177,41.9329439206865],[-123.154121824084,41.9329258120848],[-123.154204876977,41.932835567743],[-123.154267300947,41.9327769746007],[-123.15455901785,41.9327405477553],[-123.154840543629,41.9326996819433],[-123.155080086162,41.9326408197939],[-123.155392431662,41.9325862776357],[-123.155924113175,41.9326576624829],[-123.15624724384,41.9327022122998],[-123.156518669513,41.9328595080518],[-123.156987886988,41.9330209798216],[-123.15736323263,41.9331375950208],[-123.157666005914,41.9333172995341],[-123.157937186243,41.9335150298209],[-123.158104703494,41.9336724793231],[-123.158292478617,41.9339198520144],[-123.15835537387,41.9340994095171],[-123.158355518438,41.9340999473844],[-123.158356560354,41.9345052253549],[-123.158357834194,41.9345393071631],[-123.158367767121,41.9348114275595],[-123.158420130742,41.9349734686744],[-123.158608747011,41.9352884170655],[-123.158744475511,41.9354592962532],[-123.158922034396,41.9355987162922],[-123.159245495089,41.9357694179827],[-123.159913374955,41.9360297021291],[-123.160653589942,41.9362944034131],[-123.161039356128,41.936365893951],[-123.161467380341,41.9365588850356],[-123.161728315579,41.9367206760234],[-123.162447553794,41.9369088193085],[-123.162770710767,41.9369128301814],[-123.163031375419,41.936835917202],[-123.163155691172,41.9366961729084],[-123.163394646394,41.9363400316772],[-123.163561108274,41.9361597019836],[-123.16374835339,41.9361053805941],[-123.164113050424,41.9360552840198],[-123.16435271744,41.9359964009473],[-123.164654155859,41.9358292993264],[-123.164883149552,41.935576828825],[-123.165007297962,41.9353604646323],[-123.165131648083,41.9350541179911],[-123.165183265945,41.9348828894201],[-123.165245679168,41.934837736884],[-123.165620807403,41.9348192323773],[-123.16587110473,41.9348233452106],[-123.166027562165,41.9348726743127],[-123.166267385482,41.9350118788442],[-123.166684498962,41.9351058526404],[-123.167341157936,41.9351274914527],[-123.168091652829,41.9351173555134],[-123.168539828497,41.9350626281957],[-123.168821070093,41.9349856394837],[-123.16906060707,41.9348726915265],[-123.16952896216,41.9346738692922],[-123.170028665126,41.9344975423346],[-123.170481124547,41.9343932441799],[-123.171126486287,41.9342617245257],[-123.171394721897,41.9341983219319],[-123.171874743496,41.9339859300101],[-123.172060369906,41.9339090752599],[-123.172256915206,41.9338367298043],[-123.172474998177,41.9336157454597],[-123.172641384013,41.9333993071736],[-123.173067402284,41.9330699517766],[-123.173306464246,41.9327768720933],[-123.173587404662,41.9326503333165],[-123.173899430763,41.9323841211806],[-123.174378139766,41.9320592150913],[-123.174752454663,41.9318154435157],[-123.175241355343,41.9315624759401],[-123.175876261421,41.9312598126027],[-123.176604574877,41.9308218647936],[-123.177030711574,41.9304609067851],[-123.177384426027,41.9302441772791],[-123.177998150391,41.9298830149118],[-123.178206181045,41.9297205730439],[-123.17857163662,41.9292336140491],[-123.178741958278,41.9289766380549],[-123.178789412579,41.928850452777],[-123.178789345164,41.9288489192924],[-123.178783179947,41.9287649633565],[-123.178726048161,41.9287206432698],[-123.178690253694,41.9286930251062],[-123.178647559572,41.9285219951731],[-123.178647868653,41.9285208144368],[-123.178692234731,41.9283282833626],[-123.17881589088,41.9279272720072],[-123.178845908154,41.9274814149681],[-123.178845779562,41.9274812370943],[-123.178751735183,41.9273600521193],[-123.178720123895,41.9272428936765],[-123.178720170582,41.9272412690113],[-123.178730163405,41.9270717120106],[-123.178730155323,41.9270715311253],[-123.17862506504,41.9266981114222],[-123.178457766253,41.9265677574917],[-123.178155622382,41.9264510802702],[-123.177925858638,41.9264424157831],[-123.177811401677,41.9264247163969],[-123.177634032844,41.9263033684574],[-123.177393651615,41.9261461513859],[-123.176872497698,41.9259757723094],[-123.176538153583,41.9257285913539],[-123.176423196117,41.9256026965762],[-123.176423732927,41.9256012389599],[-123.176464676833,41.9254855950553],[-123.176610510439,41.9254537752979],[-123.176756307312,41.9254265573178],[-123.176964373013,41.925300127365],[-123.177286885553,41.9251105356753],[-123.177859384216,41.9249699830438],[-123.178505456251,41.9248834413462],[-123.179380400242,41.9247831082981],[-123.179932142451,41.9246470387813],[-123.180411485453,41.9244886906873],[-123.1806405513,41.9244657817287],[-123.18083836189,41.924465498928],[-123.181109111602,41.9243705156784],[-123.181504990397,41.9242842969605],[-123.182129499956,41.9241977371221],[-123.182317223607,41.9241524008829],[-123.182629213777,41.9239943758475],[-123.183201576695,41.9237141881358],[-123.183763507148,41.9234565535063],[-123.18408633782,41.9233793847421],[-123.184804830006,41.9232838561792],[-123.18535681321,41.9232422456493],[-123.185690223504,41.9232238284349],[-123.18607557515,41.9231286548543],[-123.186429365037,41.922979404618],[-123.18677263628,41.9228077648535],[-123.187012075697,41.9227398216724],[-123.187415263985,41.9225860738064],[-123.187522156608,41.9225452943742],[-123.18795888924,41.9222564115531],[-123.188343610232,41.9219810222789],[-123.188478167174,41.9217331495367],[-123.188560884821,41.9215078815954],[-123.188560475935,41.9215068080374],[-123.188497823421,41.9213368275613],[-123.188320284559,41.9210804001158],[-123.188121228797,41.9208059234017],[-123.187902235602,41.9206532420234],[-123.18767234319,41.9205501097589],[-123.187318028753,41.9203974997633],[-123.187162675945,41.9203482597212],[-123.187107980894,41.9202267223753],[-123.187071240917,41.9201457938946],[-123.186898603148,41.9200199190294],[-123.186723184715,41.9199662212777],[-123.186372553011,41.9199036731009],[-123.186215365283,41.9198859746931],[-123.186191158755,41.9198589690122],[-123.186191690069,41.9198574222667],[-123.186203146322,41.9198229289437],[-123.186366047992,41.9197505964118],[-123.186659449576,41.9196645974122],[-123.187107259653,41.9195692897439],[-123.187482039908,41.9194965788257],[-123.187793911967,41.9193339425159],[-123.188126559312,41.9190225945054],[-123.188552493563,41.9186707198252],[-123.189015876077,41.9184853079013],[-123.189176892886,41.9184220433343],[-123.189624508529,41.9182636502989],[-123.190228178737,41.9180870566322],[-123.190446801111,41.9179875921183],[-123.19068602296,41.9178160424505],[-123.190872250139,41.9174644335253],[-123.191079544351,41.9171128345106],[-123.19128724371,41.9168828763619],[-123.191485089559,41.9168329394402],[-123.192016434035,41.9168636567803],[-123.192464679704,41.9169258891312],[-123.192912745253,41.9169385805557],[-123.193246102904,41.9168795322873],[-123.193631789457,41.9168114919624],[-123.194371053132,41.9168101421748],[-123.19493403041,41.9168857130861],[-123.195402986534,41.9169479537666],[-123.195934600536,41.9170461516487],[-123.196216274583,41.9170772963258],[-123.196465964056,41.9170317264576],[-123.196632210375,41.9169324026653],[-123.196787976766,41.916733981824],[-123.196912431226,41.9165085558695],[-123.19707829538,41.9162830763326],[-123.197234305727,41.9161837399288],[-123.197338082787,41.9161115342374],[-123.197359029896,41.9160259026506],[-123.197358745462,41.9160249169824],[-123.197327365874,41.9159268897193],[-123.197190893701,41.9156524711241],[-123.197159398836,41.9155759261521],[-123.197159591075,41.9155748374818],[-123.19719014355,41.9154137864631],[-123.197231436397,41.9152425366135],[-123.197283842104,41.9148822093298],[-123.197296314187,41.9147741386215],[-123.197296044799,41.9147735138348],[-123.197219178981,41.9145715906619],[-123.197146754244,41.9143960866626],[-123.197010288474,41.9141351141833],[-123.197010335919,41.914133490388],[-123.197010201326,41.9140983866424],[-123.197010150104,41.914094597638],[-123.197056856175,41.9140945000738],[-123.197324763131,41.9143282318303],[-123.197579649279,41.9145214113818],[-123.197668599861,41.9146467703832],[-123.197668989753,41.9146473930384],[-123.197657613628,41.9146862156532],[-123.197657089553,41.914687943352],[-123.197715963577,41.9147147926879],[-123.197796036622,41.9146696289147],[-123.197859479331,41.9145840044091],[-123.197880020226,41.9144038033903],[-123.197879763008,41.9144034485823],[-123.197790677081,41.9142643762418],[-123.197658806631,41.9141429902504],[-123.197510132583,41.9139451396797],[-123.197340232469,41.9138373495181],[-123.197021240857,41.9136802654407],[-123.196986337598,41.9136082289238],[-123.19698730311,41.9136082947001],[-123.197131437542,41.913617013893],[-123.197492459015,41.9137289937931],[-123.197662077268,41.9137422113796],[-123.197839962267,41.9137599135294],[-123.197975947618,41.9138496986207],[-123.198103492526,41.9138990860059],[-123.198336618392,41.9139752233229],[-123.198506528513,41.9140965476523],[-123.198612878896,41.9141323920437],[-123.198638111935,41.9141232703736],[-123.198636839247,41.9141217681071],[-123.198497749171,41.9139523750873],[-123.198331892044,41.9138221022799],[-123.198246955775,41.913759183574],[-123.198178856442,41.9136557693311],[-123.198148711549,41.9135476943745],[-123.198149283129,41.913547048395],[-123.19823649239,41.9134304999979],[-123.198620765359,41.9131550911052],[-123.199129977427,41.9126948532635],[-123.199589894586,41.9122842343163],[-123.199777879231,41.9120317488385],[-123.199883064346,41.9118198951484],[-123.199896335942,41.9117163174712],[-123.199910063,41.9116442245388],[-123.199951453269,41.9116036477487],[-123.200033857342,41.9115809867995],[-123.200208682143,41.9115896474991],[-123.200374562505,41.9116028651594],[-123.200660203348,41.9117465262307],[-123.200827238261,41.9118949040738],[-123.200867552737,41.9118812491546],[-123.200866630483,41.9118794669184],[-123.200747062443,41.911651734307],[-123.200678238285,41.9114627856334],[-123.200333146676,41.9110174921544],[-123.200092196541,41.9105990724636],[-123.199956319621,41.9103966595375],[-123.199788615169,41.910171859087],[-123.199590388959,41.9099695810477],[-123.199503223153,41.9098570825655]]},"properties":{"OBJECTID":63,"OWNERNAME":"Klamath National Forest","OWNERTYPE":"USDA Forest Service","DESIGNATIO":" ","MANAGEMENT":" ","REV_DATE":1138665600000}},{"type":"Feature","id":64,"geometry":{"type":"LineString","coordinates":[[-122.873571852385,41.2046837358872],[-122.873632077575,41.2046817226456],[-122.874084407669,41.2050243169604],[-122.874225636357,41.2050985228425],[-122.874358708092,41.2051684970933],[-122.874782278948,41.2053911167996],[-122.875018719844,41.2055154282684],[-122.875252239864,41.2056381844253],[-122.875299975417,41.2057050685505],[-122.875406800204,41.2058545332552],[-122.875406409808,41.2060617253798],[-122.875475058547,41.2061270476712],[-122.875870722128,41.2065035730542],[-122.876168660407,41.2066840824648],[-122.876442737096,41.2068105031894],[-122.876728348593,41.2071530397807],[-122.876966672296,41.2072794682739],[-122.877121351237,41.2074777812369],[-122.877478416266,41.2079285786687],[-122.877799998723,41.2081901348717],[-122.877942860139,41.2083344426718],[-122.877990142959,41.208523591637],[-122.877989097026,41.2091091942163],[-122.878119653965,41.2094606092208],[-122.878071489936,41.2097037903777],[-122.878071111037,41.2099289248477],[-122.878368373679,41.210415714888],[-122.878582109751,41.2109654610864],[-122.8786413342,41.2111906691799],[-122.87853306799,41.2116409748202],[-122.878544817075,41.2117851388512],[-122.878865544646,41.2124700997482],[-122.87918716173,41.2127496852439],[-122.879627411277,41.2133356106337],[-122.880234225394,41.2142280314035],[-122.880293536131,41.2143632593322],[-122.880388926136,41.2144174169887],[-122.880520171973,41.2144175558223],[-122.880520261797,41.2143634572597],[-122.880365732003,41.2140299959365],[-122.880331497764,41.2132372927131],[-122.880249155503,41.2125525359132],[-122.880261842411,41.2121562664851],[-122.880309724852,41.2120842112372],[-122.880608134105,41.2119404000356],[-122.880691787903,41.2118864551882],[-122.880847517369,41.2115082644343],[-122.881039125945,41.2111301513005],[-122.881135053849,41.2108329468555],[-122.88150528942,41.2105991260505],[-122.88172033794,41.2103921356387],[-122.881804265975,41.2101760777115],[-122.881947800587,41.209978034263],[-122.882568749912,41.2096093365394],[-122.882950773416,41.2093755113382],[-122.883321183667,41.2090515235011],[-122.883392794613,41.2089975836478],[-122.883464420664,41.2089796170998],[-122.883559904709,41.2089887789798],[-122.883643349361,41.2090068740961],[-122.883774483036,41.2090429852898],[-122.883857845465,41.2091241933929],[-122.883928992151,41.2093224366288],[-122.884249693589,41.2101064678186],[-122.884368267844,41.2105028724073],[-122.884451649781,41.2106200524734],[-122.884832686014,41.2109807515466],[-122.885011240856,41.2111881530369],[-122.884891124326,41.2116924722651],[-122.884878825859,41.211872622387],[-122.885081136338,41.2121430387885],[-122.885474199944,41.2124587415376],[-122.88580804836,41.2126121671366],[-122.885867466947,41.2127113262384],[-122.8859509282,41.212747451336],[-122.886117916897,41.212720614945],[-122.886201831128,41.2125044639457],[-122.886225754036,41.2124414335243],[-122.886297395596,41.2124414959976],[-122.886440459518,41.2124776895859],[-122.886857548978,41.2126942902293],[-122.887239073637,41.2128297550501],[-122.887608496758,41.2130553843847],[-122.88782291551,41.2132176894266],[-122.888264315378,41.2132001230691],[-122.888419510931,41.2131912261886],[-122.888538624345,41.2132364448984],[-122.888729218456,41.2134167877563],[-122.888812679759,41.2134528207513],[-122.888884204405,41.2134529743877],[-122.888979781657,41.2134169621596],[-122.88905165206,41.2132009058525],[-122.889099961313,41.212858629449],[-122.88920771741,41.212660499982],[-122.889435297908,41.212111231728],[-122.889734412722,41.2115890757707],[-122.890068835957,41.2113101637852],[-122.890176467426,41.211112036946],[-122.890272734605,41.2106527099434],[-122.890440070018,41.2104276898701],[-122.890822192055,41.2101938378755],[-122.891299686661,41.2099870853876],[-122.891681628702,41.209852319724],[-122.892146923795,41.2097717078627],[-122.892349774296,41.2097358305758],[-122.892505199077,41.2095378606571],[-122.892612666372,41.2094658668305],[-122.892887143243,41.2094121063915],[-122.89316159681,41.2093312082047],[-122.893376287581,41.209358436991],[-122.89360271995,41.2094757338497],[-122.893948215715,41.2097463471558],[-122.894460282771,41.2102692523408],[-122.894948171623,41.210981327312],[-122.895317038168,41.2115941816387],[-122.895566996091,41.211927765355],[-122.895745763434,41.2120540036907],[-122.896925882474,41.2125955421856],[-122.897378708563,41.2128932372035],[-122.897640603381,41.2132357386616],[-122.897806866529,41.2136953119912],[-122.897997499419,41.2138936730731],[-122.899034720288,41.2142548418708],[-122.899440021441,41.2144173990196],[-122.89958287234,41.2146337237724],[-122.899618153709,41.2149490056695],[-122.899522283144,41.2152281952268],[-122.899008473032,41.215831260564],[-122.898184031823,41.2166413021331],[-122.898139371133,41.2166983240468],[-122.897945986107,41.2169952746213],[-122.897898649563,41.2171011351517],[-122.897887607969,41.2171258245639],[-122.897725909277,41.2175490777575],[-122.897646012988,41.2177607265901],[-122.897611482925,41.2179858434063],[-122.897657187039,41.2181256165839],[-122.897957369899,41.2184091696794],[-122.898029378827,41.218477198442],[-122.898069468798,41.2186078148595],[-122.898092124461,41.2188645173034]]},"properties":{"OBJECTID":64,"OWNERNAME":"Klamath National Forest","OWNERTYPE":"USDA Forest Service","DESIGNATIO":" ","MANAGEMENT":" ","REV_DATE":969580800000}},{"type":"Feature","id":65,"geometry":{"type":"LineString","coordinates":[[-122.266458875767,41.1555482931952],[-122.266467520166,41.1555542663162],[-122.266482343047,41.1555749100842],[-122.266648259652,41.1556853903397],[-122.267087843246,41.1556531870245],[-122.267434559387,41.1556553811014],[-122.267734788806,41.1556750030882],[-122.267941935348,41.1557636431161],[-122.26802616089,41.1557873564491],[-122.268195576264,41.1558351256016],[-122.268259277396,41.1559026571233],[-122.268278920148,41.1559891025198],[-122.268195703477,41.1560274763799],[-122.268081181533,41.1560738084613],[-122.267977570017,41.1560810027445],[-122.267832408123,41.1561036423647],[-122.267739056699,41.1561265142708],[-122.267614385019,41.1561568958304],[-122.267438026867,41.1561871299396],[-122.267292843782,41.1561939944505],[-122.267116807213,41.1561929458225],[-122.266930516881,41.1561839698083],[-122.2667229599,41.1562217985347],[-122.266587615607,41.1562913106],[-122.266597644623,41.1563147443899],[-122.26664934206,41.1563152522649],[-122.266773690941,41.1563160648422],[-122.266877302954,41.1563088716354],[-122.267042974319,41.1563097481884],[-122.267146059504,41.1563574573063],[-122.267311295252,41.1563897096396],[-122.267487029171,41.1564301547991],[-122.267641695293,41.1564859437304],[-122.267807809307,41.1564556240157],[-122.26800455123,41.1564410644796],[-122.268191297502,41.1564267753763],[-122.268418376376,41.1564828730201],[-122.268635222709,41.1565468194833],[-122.268862209511,41.1566187837052],[-122.269037280771,41.1567060192829],[-122.269254463618,41.1567466114166],[-122.269492229603,41.1567715978474],[-122.2698234809,41.1567892106955],[-122.270133794979,41.156822526093],[-122.270248421507,41.1567606856252],[-122.270393796094,41.1567146946012],[-122.270622079326,41.1566845950599],[-122.270814594015,41.1566042177127],[-122.270810629793,41.1564902647408],[-122.270770148319,41.1564039260809],[-122.270667285411,41.1563407117336],[-122.270502669761,41.1562377850903],[-122.270317791346,41.1561116097963],[-122.270019437611,41.155921780235],[-122.269558126229,41.1555118139035],[-122.269177109818,41.1553136553611],[-122.268940077492,41.1552024845975],[-122.268735879568,41.1549510048727],[-122.268716012555,41.1548724936691],[-122.268644669073,41.154770399048],[-122.268541797635,41.1546992518977],[-122.268314927766,41.1546194431876],[-122.268078228646,41.1544848292245],[-122.268028151763,41.1543359280009],[-122.267905844928,41.1541471419519],[-122.267680929416,41.1538954965639],[-122.267598896015,41.153824240115],[-122.267412725503,41.1538076011432],[-122.267381958878,41.1537760699921],[-122.267475430973,41.1537608561354],[-122.267558100314,41.1537692743909],[-122.267630522506,41.153777518128],[-122.267701053648,41.1537824603603],[-122.26788836145,41.1538652388816],[-122.268155490685,41.1540547373862],[-122.268288569574,41.1541887049279],[-122.268566814762,41.1543078736929],[-122.268711466912,41.1543559101882],[-122.268929048012,41.1543416024329],[-122.269063206925,41.1543816265484],[-122.269155479855,41.1544602667997],[-122.269364709141,41.1547277886811],[-122.269477095747,41.1548851147959],[-122.269652369695,41.1549487291487],[-122.269787067056,41.1549342100042],[-122.269952415737,41.1549663664642],[-122.270230667186,41.1550855312107],[-122.270457649522,41.1551574923403],[-122.270569924212,41.1553224811092],[-122.270651630351,41.1554170859004],[-122.27079614962,41.1554570108772],[-122.270961831106,41.1554658145216],[-122.271219251496,41.155592656616],[-122.271405554191,41.1556095584282],[-122.27158224098,41.1555559678038],[-122.271863165714,41.1554246784153],[-122.272216432637,41.1553329091191],[-122.272468047254,41.1553252777547],[-122.272731385277,41.1555787433497],[-122.272901319905,41.1557818935049],[-122.273691683747,41.1558274880182],[-122.273980642501,41.1559310367099],[-122.274010453281,41.156048755748],[-122.273956824891,41.1562127896226],[-122.273840700874,41.1564076114328],[-122.273826013663,41.1565641770509],[-122.273806461544,41.156927966564],[-122.273888383365,41.1570028263484],[-122.274042961003,41.1570819557456],[-122.274233743313,41.1571536654371],[-122.274408409022,41.1572916492093],[-122.274469184166,41.1574094361798],[-122.274518104282,41.1576603936611],[-122.274599305651,41.1578214356825],[-122.274690203317,41.1580253907484],[-122.274709743296,41.1581233745832],[-122.274780591878,41.158228271714],[-122.274922269218,41.1583361157815],[-122.275122250451,41.1585212321643],[-122.275254927046,41.1586981961676],[-122.27538695551,41.158926008723],[-122.275577323273,41.159044507479],[-122.275814698226,41.1591243823091],[-122.276092981133,41.15924750145],[-122.276366987389,41.1592920972493],[-122.276568779343,41.1593014083656],[-122.276619516101,41.1593954010539],[-122.276721218844,41.1595605782494],[-122.276772059226,41.1596390663035],[-122.276823775278,41.1596550703156],[-122.276916819573,41.1596674410492],[-122.277046082894,41.159687895619],[-122.277185598696,41.1597160961525],[-122.277268379329,41.1597165745126],[-122.277355565418,41.1598070198887],[-122.27742692934,41.1599055051097],[-122.27745652465,41.1600387306835],[-122.277450220043,41.1601402509776],[-122.277381846398,41.1602260435491],[-122.277230697425,41.1603228069903],[-122.277074200943,41.1604237236167],[-122.277016840278,41.1604625327547],[-122.27692260336,41.1605439292449],[-122.276771781306,41.1606097673238],[-122.276631722169,41.1606244820313],[-122.276466257104,41.1606117164467],[-122.276185944163,41.1606725160476],[-122.275958933652,41.1605966894957],[-122.275611962406,41.1605984882643],[-122.275514007041,41.1605664661282],[-122.275223636837,41.1605880560025],[-122.275042586005,41.1605832328774],[-122.274829666977,41.1606287441178],[-122.274658767739,41.1606473522597],[-122.274451606375,41.1606302934161],[-122.274389438473,41.1606415169922],[-122.274301193071,41.1606527653103],[-122.274218840847,41.1606170337337],[-122.274157092316,41.1605775918542],[-122.274087487725,41.1605720966279],[-122.274125798301,41.1606009659851],[-122.274179790048,41.1606324349807],[-122.274334582684,41.1606842469512],[-122.274571517638,41.160791445416],[-122.274937840335,41.1609191873687],[-122.275255319364,41.1610125721004],[-122.275482972922,41.1612551447671],[-122.275485940208,41.1612660871779],[-122.275682465291,41.1615822358912],[-122.275963720634,41.1618137378704],[-122.27632789483,41.1620274165375],[-122.276677974935,41.1620295273026],[-122.276890940514,41.162019165398],[-122.277011234502,41.1620569990043],[-122.277075771899,41.1621730059607],[-122.277075172866,41.1622966861152],[-122.277125882149,41.1623221748984],[-122.277242152699,41.1623383594028],[-122.277273783518,41.162295598979],[-122.277326868994,41.1621745687076],[-122.277386853855,41.162132105141],[-122.27742696817,41.1620226694645],[-122.277481823069,41.1619799371577],[-122.277577357921,41.1619844200235],[-122.27769483933,41.1619186454741],[-122.277778676142,41.1618134625749],[-122.277856651556,41.1617787830042],[-122.277930045873,41.1617047966223],[-122.277943872498,41.1616189130069],[-122.277963268672,41.1615171551214],[-122.278068465351,41.1614208665873],[-122.278177243165,41.1613698530729],[-122.278336098584,41.1613469533559],[-122.278488541488,41.1613171383965],[-122.278587135489,41.1612604504436],[-122.27873389093,41.1611228426823],[-122.278840455996,41.1609721765458],[-122.279176215299,41.1607598302427],[-122.279334351119,41.1606806049447],[-122.279640420743,41.1604522121291],[-122.279891448343,41.1601594702835],[-122.280062739556,41.1597447824746],[-122.279897803371,41.1595799463747],[-122.279597641904,41.159578109516],[-122.279398463495,41.159501151832],[-122.279333466651,41.1593370222983],[-122.279404012711,41.1589973593502],[-122.279493624348,41.1586318422522],[-122.27984551448,41.158256681639],[-122.280018809067,41.1576653771357],[-122.280073836621,41.1572122427091],[-122.280275365147,41.1570748084661],[-122.280544830975,41.1568118375871],[-122.280929441459,41.1567135235644],[-122.281147566878,41.1565887656686],[-122.281250666316,41.1562995282861],[-122.281254226758,41.1559845215512],[-122.281374857625,41.1556324992178],[-122.281710549469,41.1554077991502],[-122.282045049079,41.155321662046],[-122.281841636509,41.1556355321406],[-122.281638441514,41.155911361356],[-122.281518014009,41.1562510309499],[-122.281716756111,41.1563781092997],[-122.281831595558,41.1565554811698],[-122.281930248295,41.1566694215162],[-122.281810397738,41.1569710436857],[-122.281505943899,41.157346966977],[-122.281284223703,41.1578118802471],[-122.281297727813,41.1581017892425],[-122.281126106875,41.1585544333747],[-122.281404651067,41.1586293116084],[-122.281642536671,41.1585827937533],[-122.281793969813,41.1584578076791],[-122.281929069087,41.1582948094762],[-122.282146508863,41.1582457783037],[-122.282463298552,41.1582351372051],[-122.282595811442,41.1583240328169],[-122.282640503664,41.1583737849933],[-122.282778463483,41.1583755972433],[-122.283929297197,41.1583450593235],[-122.283994532498,41.1584715051363],[-122.284176265912,41.1586362979089],[-122.284279861767,41.1588006228215],[-122.284454278011,41.1588627013089],[-122.284581496942,41.1589909010981],[-122.284587454506,41.1591555643946],[-122.284502800597,41.1592683394459],[-122.284401479516,41.1593812381643],[-122.284333623329,41.1594942474389],[-122.284381643484,41.1596708529686],[-122.284413299371,41.1598347778149],[-122.284445112296,41.1599736415849],[-122.284476385208,41.1601629026748],[-122.284390849371,41.1603639382971],[-122.284305658455,41.1605272005354],[-122.284304197313,41.1606534206051],[-122.284402823845,41.1607924167782],[-122.284518097935,41.1609193932491],[-122.284533540823,41.1610453052722],[-122.284415457834,41.1611704975966],[-122.284316809475,41.1611841951608],[-122.284111920648,41.1612648205704],[-122.28385818308,41.1614009591114],[-122.283402796126,41.1614988604398],[-122.283326020494,41.1615374878129],[-122.283245441093,41.1615763648665],[-122.283155616723,41.1615791732679],[-122.283033070305,41.1615641914964],[-122.28285832866,41.1615631410623],[-122.28249637782,41.161562165718],[-122.282475704396,41.1615748918516],[-122.282493117437,41.1617179849009],[-122.282577062119,41.1618110997708],[-122.282802488608,41.1619303899902],[-122.282867785655,41.161995091793],[-122.282895287989,41.1620771569124],[-122.282932243536,41.1621344417734],[-122.282927177862,41.1621773496549],[-122.282903185778,41.1622093353442],[-122.282855736,41.1622302117689],[-122.282761112569,41.162261862718],[-122.282689953102,41.1622899308367],[-122.28265181813,41.1623041458101],[-122.282590057388,41.16233934381],[-122.282557057576,41.1623464357058],[-122.282504995752,41.1623496378516],[-122.282448247384,41.1623777139327],[-122.282433543878,41.1624134059611],[-122.28239535144,41.1624594418728],[-122.282371239846,41.1624914295408],[-122.282300333577,41.1625124619149],[-122.282233966503,41.1625226859252],[-122.282134851628,41.1625292686253],[-122.282115908066,41.1625327691252],[-122.282077869544,41.1625537429995],[-122.282049071058,41.1626106045416],[-122.282043498942,41.1626712791273],[-122.282006524027,41.1627668686258],[-122.282020914552,41.1627924760166],[-122.282124769045,41.1628038338086],[-122.282341630501,41.1628409847238],[-122.282454630794,41.162866598642],[-122.28258631205,41.1629103493824],[-122.282769342781,41.1630183342316],[-122.282858239593,41.1630724198357],[-122.282900046651,41.1631511604233],[-122.282931920913,41.1632620793027],[-122.282888697297,41.1633259651996],[-122.282779656837,41.1633575171458],[-122.282660331549,41.1634887702331],[-122.282598027967,41.1635667948093],[-122.282545269099,41.1636341888341],[-122.282516333085,41.1637054753841],[-122.282515911352,41.1637446023247],[-122.282487292479,41.1637659460014],[-122.282430574395,41.1637762636775],[-122.28235968788,41.1637829642097],[-122.282326174286,41.1638114275915],[-122.282354489369,41.1638292097063],[-122.282556348169,41.1638289557165],[-122.282662174071,41.1637562687393],[-122.282742914158,41.1636999026769],[-122.28280479614,41.1636610067694],[-122.282866548797,41.1636292333786],[-122.282881142004,41.1635900286368],[-122.282900513075,41.1635400987156],[-122.282914854569,41.163511715265],[-122.282934189667,41.1634868442738],[-122.282962548103,41.1634835331896],[-122.282995126105,41.1635192647737],[-122.283032741388,41.1635411132995],[-122.283108118434,41.1635557852057],[-122.28315052614,41.1635560922921],[-122.283221281934,41.1635565156306],[-122.283406407273,41.1634683208494],[-122.283454509805,41.1634043471901],[-122.283502528264,41.1633227063563],[-122.283536747449,41.1632229311953],[-122.283643854932,41.1631344449987],[-122.28350768277,41.1630693235225],[-122.283437215533,41.1630368068172],[-122.283371672906,41.1629794118927],[-122.283395803881,41.1629330903485],[-122.28336349725,41.1628722057002],[-122.283274387246,41.162803972884],[-122.283307780449,41.1627718155666],[-122.283435517521,41.1627514586426],[-122.283586816266,41.16273806353],[-122.28368279315,41.1626740284929],[-122.283951107257,41.1625018391784],[-122.284206123248,41.1624394087729],[-122.284606469021,41.162359454495],[-122.284873710796,41.1622695788786],[-122.28514062354,41.1622254977591],[-122.285795732902,41.162101501039],[-122.28614810042,41.1619847409173],[-122.286355013313,41.1618853265117],[-122.286477115559,41.1617854774362],[-122.286739264975,41.1615061291398],[-122.286758963141,41.1614852170965],[-122.286930122831,41.1613215566657],[-122.286979049118,41.1612761347429],[-122.287124622524,41.1612587832635],[-122.28750918687,41.1612070506813],[-122.287645794902,41.161188691479],[-122.287912214078,41.1611928381185],[-122.288338603974,41.1609551956772],[-122.288660859651,41.160697459112],[-122.288996090628,41.1605553138375],[-122.289294720591,41.160494060213],[-122.289364578041,41.1604813352897]]},"properties":{"OBJECTID":65,"OWNERNAME":"CA Dept of Parks and Recreation","OWNERTYPE":"State","DESIGNATIO":" ","MANAGEMENT":" ","REV_DATE":1121385600000}},{"type":"Feature","id":66,"geometry":{"type":"LineString","coordinates":[[-122.556196328442,41.3610119687643],[-122.556463895609,41.3610297835817],[-122.556753917195,41.3610141391354],[-122.556932368783,41.360997972926],[-122.557189163714,41.3609081669994],[-122.557428264765,41.3609180845714],[-122.557750975327,41.3609282805784],[-122.557751214328,41.3609282758303],[-122.557814281232,41.3609250981219],[-122.558085866479,41.3609116296938],[-122.558240016108,41.3609038913403],[-122.558253370767,41.3609032581333],[-122.558254796072,41.3609030486833],[-122.558600345441,41.3608504744408],[-122.558839746834,41.3608153896637],[-122.559118848257,41.3608551444365],[-122.559386302698,41.3608898164081],[-122.559542306039,41.3609071944726],[-122.559743210523,41.3608743353364],[-122.559943769087,41.3608918865244],[-122.560144213855,41.3609262985482],[-122.560344773998,41.360960619623],[-122.560611994288,41.3610120649954],[-122.560945997238,41.3610974005991],[-122.561369106245,41.3611829922492],[-122.561725210585,41.3612851885294],[-122.56199243738,41.3613534003889],[-122.562147979531,41.361437957684],[-122.56247059907,41.3613787174549],[-122.562554211505,41.3613789947177],[-122.562607920748,41.3613613078772],[-122.562609927766,41.3613606363137],[-122.562662099253,41.3613434305405],[-122.562660183574,41.3613399540407],[-122.562650474975,41.361322299325],[-122.562875093611,41.3610878821111],[-122.563076572932,41.3609710633387],[-122.563334187084,41.36090764649],[-122.563346499212,41.3609046008523],[-122.563368286916,41.360889368106],[-122.563501461243,41.3607962136425],[-122.563814731458,41.3606461832549],[-122.564082755548,41.3605800281248],[-122.56440684703,41.3604720637199],[-122.564708370316,41.3603975591722],[-122.565065674545,41.3603232663895],[-122.565333815585,41.3602571077884],[-122.565658940169,41.3601747247701],[-122.565958163805,41.3601127970889],[-122.566238272165,41.3600673090734],[-122.566439397292,41.3600008033127],[-122.566584629667,41.3599509483981],[-122.566696478178,41.3599093504184],[-122.566891698047,41.359871366632],[-122.566928226154,41.3598642188337],[-122.56715623309,41.3597480208816],[-122.567476252989,41.3596333690095],[-122.567479791994,41.3596321252828],[-122.567677722581,41.3595698300989],[-122.567791213825,41.3595341482166],[-122.568054059604,41.3594902709001],[-122.568054533234,41.3594901713345],[-122.568054652732,41.3594901689499],[-122.568305505015,41.3595181280767],[-122.568416020988,41.359506039279],[-122.568544740277,41.3594919550647],[-122.568739239165,41.3594239576712],[-122.568748437936,41.3594207051638],[-122.568919008004,41.3593548199565],[-122.569164748263,41.3592969546422],[-122.569466150511,41.3592393016259],[-122.569834614278,41.3591734238187],[-122.57003579529,41.3590986162586],[-122.570203415746,41.3590404553497],[-122.570520995458,41.3589876972396],[-122.570629238028,41.3589555466012],[-122.570824088708,41.3589073762187],[-122.571080971605,41.3588439591875],[-122.571083933221,41.3588432665802],[-122.571171208606,41.358729494082],[-122.571323085398,41.3586486608401],[-122.571518208332,41.3585516132812],[-122.571755137541,41.3585311621384],[-122.571959081993,41.3584237455121],[-122.572147318914,41.3582281979848],[-122.572299060376,41.3581635953345],[-122.572494303115,41.3580666346665],[-122.572603078708,41.3579530514651],[-122.572734532371,41.3576929359376],[-122.572865057667,41.3575631284889],[-122.573038818909,41.3574334257219],[-122.573234056425,41.3573363737497],[-122.573429165823,41.3572557343045],[-122.573516043387,41.3571908375127],[-122.573582113049,41.356995627915],[-122.573670064038,41.3567679613202],[-122.573788758455,41.356511892951],[-122.573711440619,41.3561419077442],[-122.573707702343,41.3561243109031],[-122.573624914202,41.3559708345441],[-122.573608113211,41.3559618909555],[-122.573166727211,41.3557263212276],[-122.573057689968,41.3549689158831],[-122.573527473232,41.3544301971167],[-122.573601816828,41.3543057786842],[-122.573624120254,41.3542684444075],[-122.573736125729,41.3541087202684],[-122.57385447958,41.3540026939475],[-122.574068020899,41.3537374681614],[-122.574045279972,41.3536132359755],[-122.574117644538,41.3533474795126],[-122.574096681238,41.3529572251586],[-122.574263590575,41.3526208241814],[-122.574453360854,41.3524087409392],[-122.57499747553,41.351985078121],[-122.575504481873,41.3515325997629],[-122.575328748814,41.3512452425931],[-122.575050441971,41.3510808117597],[-122.574782774817,41.3507507093013]]},"properties":{"OBJECTID":66,"OWNERNAME":"Shasta Trinity National Forest","OWNERTYPE":"USDA Forest Service","DESIGNATIO":" ","MANAGEMENT":" ","REV_DATE":1214438400000}},{"type":"Feature","id":67,"geometry":{"type":"LineString","coordinates":[[-122.574782774817,41.3507507093013],[-122.574711380956,41.3506217054924],[-122.574559816792,41.3505114767186],[-122.574278503599,41.3503330392019],[-122.574114164486,41.350279245194],[-122.573903356961,41.3500357946982],[-122.573688408136,41.3499393975014],[-122.573474458158,41.3497280208443],[-122.573435072596,41.3496920407275],[-122.573355678425,41.3496194630899],[-122.573251210527,41.3495037604337],[-122.573225092213,41.3494748115736],[-122.573230418024,41.3494601857276],[-122.573299609332,41.3492689711344],[-122.573224633149,41.3490966706163]]},"properties":{"OBJECTID":67,"OWNERNAME":"Private","OWNERTYPE":"Private","DESIGNATIO":" ","MANAGEMENT":" ","REV_DATE":1214438400000}},{"type":"Feature","id":68,"geometry":{"type":"LineString","coordinates":[[-122.543441219397,41.3487481804503],[-122.543737859402,41.3490645955666],[-122.54380368409,41.3491561300039],[-122.543821529063,41.3491811043412],[-122.543939113797,41.3493447127558],[-122.544069131314,41.3495523398047],[-122.54413994359,41.3496967893041],[-122.544210595556,41.3498501687118],[-122.544217887228,41.3498772508822],[-122.544268800191,41.3500665547127],[-122.544302774943,41.3503369886147],[-122.54430566242,41.3503577573825],[-122.54434834072,41.3506613756825],[-122.544347687454,41.3507639052016],[-122.544346172869,41.3509766328277],[-122.544343269468,41.3513819787319],[-122.544317911526,41.3515890575274],[-122.544291585497,41.3519402381047],[-122.544290116184,41.3521474652777],[-122.544264022097,41.3524715932583],[-122.544250336808,41.3527147726566],[-122.544260809817,41.352922027627],[-122.54419996748,41.3530749164581],[-122.544160773108,41.3531716452367],[-122.544127066328,41.3532547384108],[-122.544032985173,41.3534031622767],[-122.544030271886,41.3534074549691],[-122.543933637653,41.3535512405918],[-122.543927560637,41.3535851758258],[-122.54389633499,41.3537582930623],[-122.543871208407,41.3539383190799],[-122.543868089164,41.3539513654651],[-122.543839687327,41.3540695147544],[-122.543857726395,41.3542208962049],[-122.543885605128,41.3543399790135],[-122.543884628084,41.354480475193],[-122.544012232061,41.3546972594946],[-122.544240623742,41.3548567289997],[-122.544445585882,41.3549584282881],[-122.544729934816,41.3550526568702],[-122.544748062864,41.3550586907371],[-122.544941887804,41.3551225660968],[-122.545132686484,41.3551953376861],[-122.545391893929,41.3553045008541],[-122.545442811621,41.3553359284372],[-122.545709361046,41.3555003929511],[-122.545981221047,41.3556059628356],[-122.546202791178,41.3555869532329],[-122.546414517158,41.355707445484],[-122.546441942467,41.3557230282489],[-122.546646714655,41.3558427621263],[-122.546850890427,41.3560597929387],[-122.54695011305,41.356240453973],[-122.546974670348,41.3563466197767],[-122.547057972312,41.3563919958917],[-122.547296672085,41.356464964515],[-122.54757085566,41.356565164573],[-122.547782291925,41.356657259857],[-122.547821232591,41.3566742315277],[-122.548094993402,41.3568463908306],[-122.548249542256,41.3569641631851],[-122.548523232928,41.3571543557743],[-122.548915987898,41.3574081307804],[-122.549177579783,41.3576073126139],[-122.549510921144,41.3578157675048],[-122.549832434897,41.3579972322596],[-122.550070873244,41.3581061761117],[-122.550254932456,41.3581637494106],[-122.550333314686,41.3581883056811],[-122.550746062812,41.3583258077101],[-122.550755007094,41.3583287819692],[-122.550798515443,41.3583432249672],[-122.551143959351,41.358515724613],[-122.551190382055,41.3585382246783],[-122.551537230145,41.3587064563164],[-122.552014038562,41.3589155058325],[-122.552185855561,41.3589980289252],[-122.552562175636,41.3591788251761],[-122.55270623418,41.3592632659399],[-122.553026548445,41.3594508778473],[-122.553230175063,41.3595479007792],[-122.553598544682,41.359723264663],[-122.553609704887,41.3597347584242],[-122.553861668227,41.3599948093949],[-122.554193668419,41.3603657573367],[-122.554482400974,41.3605348928265],[-122.554704593056,41.3606533569825],[-122.555035396157,41.3608467025014],[-122.555049422614,41.3608548920816],[-122.555084240922,41.3608700539129],[-122.555216356387,41.3609275944228],[-122.555407449395,41.3609643707804],[-122.555622573922,41.3609651315972],[-122.555658529557,41.3609653001989],[-122.555973198739,41.3610278710772],[-122.556196328442,41.3610119687643]]},"properties":{"OBJECTID":68,"OWNERNAME":"Private","OWNERTYPE":"Private","DESIGNATIO":" ","MANAGEMENT":" ","REV_DATE":1214438400000}},{"type":"Feature","id":69,"geometry":{"type":"LineString","coordinates":[[-122.573224633149,41.3490966706163],[-122.573327259123,41.3489154108265],[-122.57332654791,41.3485834399099],[-122.57345688367,41.3484953815253],[-122.573496095242,41.3483139786217],[-122.573412953077,41.3481968471716],[-122.573412701435,41.3481964918197],[-122.573426034245,41.3478665785161],[-122.573426938306,41.3478451892869],[-122.573543308178,41.3475813272753],[-122.573640182999,41.3471737822711],[-122.573595064954,41.3468721164158],[-122.573549513394,41.3466414182811],[-122.573362957406,41.3463746611964],[-122.572987558252,41.3461958963965],[-122.572729639454,41.3460531331894],[-122.572447475644,41.3460165392154],[-122.572000788963,41.3459440042225],[-122.57162333225,41.3460666960058],[-122.571316850405,41.3461542114816],[-122.571057226314,41.3462597020795],[-122.570844137056,41.3464540416642],[-122.570537653591,41.3465415568701],[-122.570396135683,41.3465942246106],[-122.570207642642,41.3466290110457],[-122.569924844361,41.3466811444859],[-122.569700466911,41.3466510250555],[-122.569633756074,41.3466421119891]]},"properties":{"OBJECTID":69,"OWNERNAME":"Shasta Trinity National Forest","OWNERTYPE":"USDA Forest Service","DESIGNATIO":" ","MANAGEMENT":" ","REV_DATE":1214438400000}},{"type":"Feature","id":70,"geometry":{"type":"LineString","coordinates":[[-122.53001750879,41.3387407036652],[-122.530244951172,41.3386966277912],[-122.530245069445,41.3386966263512],[-122.530246146508,41.3386966943785],[-122.530400267063,41.3387063001422],[-122.530447326463,41.3387135558839],[-122.530758380219,41.3387617432178],[-122.53155459442,41.3390580092739],[-122.532313190778,41.3392593668921],[-122.533043117312,41.339372488918],[-122.533627236867,41.3394409433634],[-122.534135625592,41.3394781060089],[-122.534362711485,41.3394880376497],[-122.534475840999,41.3394695241006],[-122.534578049221,41.3394528535276],[-122.534817469134,41.33939978171],[-122.535045183501,41.3393196279831],[-122.535248341255,41.3393113773104],[-122.535248459507,41.3393113731641],[-122.535523192277,41.3393215127044],[-122.535761941757,41.3393675415514],[-122.5361311391,41.3395401370569],[-122.536428813768,41.3397125535344],[-122.536677973839,41.33997475926],[-122.536926622049,41.3402999999991],[-122.537175317181,41.340616312538],[-122.537316812634,41.3408961126782],[-122.537377261074,41.3410351836555],[-122.537446167299,41.3411938299049],[-122.537467551517,41.3412581347742],[-122.537574899857,41.3415817218845],[-122.537601682835,41.3418252508448],[-122.537602213795,41.3418267729137],[-122.537738563946,41.3422476016353],[-122.537814974553,41.3425841670481],[-122.53786604704,41.342792042219],[-122.537878241421,41.3429103592467],[-122.537902988421,41.3431503234274],[-122.537918701737,41.3431725467725],[-122.537922218664,41.3431774345499],[-122.538004560604,41.3433579882762],[-122.538146336682,41.3436017178255],[-122.538240618655,41.3437822106982],[-122.538410722999,41.344019957401],[-122.538530478607,41.3441342967145],[-122.538729641656,41.3442721858157],[-122.539155190672,41.3445412812201],[-122.539400398421,41.3445970897669],[-122.539634502721,41.3446294106267],[-122.539740574918,41.3446440347433],[-122.540000179768,41.3446748479415],[-122.540254792833,41.3446827690876],[-122.540609585301,41.3446704492625],[-122.540983516782,41.3446759544774],[-122.541044774215,41.3446726402127],[-122.541410174022,41.3446530700989],[-122.541765300352,41.3446064798927],[-122.542084107113,41.3445324013017],[-122.542529790999,41.3445409564255],[-122.54294812466,41.344542670498],[-122.543193660339,41.3445504997269],[-122.543457242995,41.3445789705793],[-122.543620645643,41.3446275929886],[-122.543665709404,41.3446894329942],[-122.543779678253,41.3447951394086],[-122.543778863506,41.3449032627942],[-122.543778998634,41.3449037106043],[-122.543826721681,41.3450739638415],[-122.543670883397,41.3452583494527],[-122.543356649162,41.3454510833491],[-122.543332125805,41.3454699730784],[-122.543085874999,41.3456605200162],[-122.542975201152,41.345879423622],[-122.542908953424,41.3462329431046],[-122.542901845726,41.3462580620224],[-122.542823103985,41.3465388931126],[-122.542813415764,41.3465754260179],[-122.542724920365,41.3469077571839],[-122.542662530436,41.3472859046739],[-122.542648253482,41.3476100604795],[-122.542694319585,41.3478715039915],[-122.542740274192,41.3479381955543],[-122.542931005624,41.3482147401208],[-122.543000999039,41.3482858136519],[-122.543144582241,41.3484317654446],[-122.543441219397,41.3487481804503]]},"properties":{"OBJECTID":70,"OWNERNAME":"Shasta Trinity National Forest","OWNERTYPE":"USDA Forest Service","DESIGNATIO":" ","MANAGEMENT":" ","REV_DATE":1214438400000}},{"type":"Feature","id":71,"geometry":{"type":"LineString","coordinates":[[-122.569633756074,41.3466421119891],[-122.569196351498,41.3465187954064],[-122.569009014572,41.3463762025428],[-122.568821123566,41.3463045803975],[-122.568573413147,41.3461066896707],[-122.568251423775,41.3459884007403],[-122.567881665171,41.3458699165011],[-122.567470214934,41.3458840134266],[-122.567082583529,41.3458630880385],[-122.566730401901,41.3458617245618],[-122.566482065056,41.3457926876874],[-122.566251261002,41.3457397016349],[-122.566169028806,41.3457208244392],[-122.565471055095,41.345723098946],[-122.565175835879,41.3457651985013],[-122.565105509656,41.345775291692],[-122.564808221095,41.3457863245525],[-122.564362358065,41.3457797448644],[-122.56417150489,41.3456153082748],[-122.564143782934,41.345591440292],[-122.563798360846,41.3455487252918],[-122.563771629596,41.3455458445762],[-122.563543270072,41.3455210256573],[-122.563515784318,41.3455137424557],[-122.563272277744,41.345449378576],[-122.562976432987,41.3454339605593],[-122.562968656734,41.3454335785831],[-122.56249629967,41.3453939920008],[-122.562314837484,41.3451048443791],[-122.562138031907,41.3449824045792],[-122.561993178502,41.3448819440547],[-122.561832295444,41.3447839741114],[-122.561664833648,41.3446956943518],[-122.561423555908,41.3445934134247],[-122.561421969273,41.3445924539623],[-122.561323384747,41.3445336058263],[-122.561343459051,41.3444339258085],[-122.561525587663,41.3442714304859],[-122.561714119319,41.3440943799677],[-122.561977209619,41.3439054362405],[-122.562197891199,41.3437626218365],[-122.56241528172,41.3436246513369],[-122.562587356831,41.3435083439094],[-122.562791583229,41.3433995842735],[-122.562989201943,41.343329730329],[-122.563153898032,41.3432307939663],[-122.563321800419,41.3431413491823],[-122.563349184431,41.3431158155402],[-122.563418050238,41.3430516552633],[-122.563491272827,41.3428357505993],[-122.56354049184,41.3426197947255],[-122.563601319935,41.3424578820699],[-122.563697823078,41.3422219365692],[-122.563715010407,41.3422117587659],[-122.563937840664,41.3420791744716],[-122.564391345569,41.3419031085423],[-122.564512229868,41.3417112048049],[-122.564671584324,41.3415633271811],[-122.564976433463,41.3413939915554],[-122.565309976584,41.3412856515766],[-122.565663040656,41.341145715664],[-122.566031828956,41.3410813728863],[-122.566397464506,41.3410023987432],[-122.566804776189,41.3409868569226],[-122.567166701326,41.3409808983702],[-122.567429439588,41.3408261226512],[-122.567743323588,41.340759113076],[-122.568073810861,41.3406190891203],[-122.568378956208,41.3404083556303],[-122.568583498695,41.340255671718],[-122.568748267035,41.3400460054463],[-122.568772476313,41.3400153055002],[-122.568987206435,41.3397872153607],[-122.569010069274,41.3397688955749],[-122.569117193258,41.339683030069],[-122.5692051088,41.3395810595995],[-122.569280341095,41.3394449964986],[-122.569216184145,41.3392542618774],[-122.569228237667,41.3390112958105],[-122.569078150291,41.3388813767174],[-122.56904191917,41.338849929761],[-122.568873658454,41.3386494244185],[-122.568685642184,41.3384906180832],[-122.568242794405,41.338250739878],[-122.568004806872,41.3380967412485],[-122.567755208873,41.3378886118559],[-122.567565385085,41.3376626701958],[-122.567357922866,41.3374774804183],[-122.567206856483,41.3373600228355],[-122.566982010813,41.3371595007997],[-122.566817230625,41.3369392655217],[-122.566627570338,41.3367043931329],[-122.566568680533,41.3365870329096],[-122.566477243709,41.3364609614183],[-122.566422582539,41.3363116878488],[-122.566424118089,41.3360881417757],[-122.566486665044,41.3359811928574],[-122.566817635529,41.3358651471514],[-122.567139051958,41.335775713369],[-122.567601347375,41.3356263242794],[-122.568063574937,41.3354617874147],[-122.568404655403,41.3354679707626],[-122.56872780925,41.3353970723671],[-122.568742003128,41.3353966913595],[-122.569026620384,41.3353897849134],[-122.569327523259,41.3353909285475],[-122.569548296358,41.3353615231348]]},"properties":{"OBJECTID":71,"OWNERNAME":"Private","OWNERTYPE":"Private","DESIGNATIO":" ","MANAGEMENT":" ","REV_DATE":1214438400000}},{"type":"Feature","id":72,"geometry":{"type":"LineString","coordinates":[[-122.569548296358,41.3353615231348],[-122.569920785547,41.3353280202144],[-122.570254691743,41.3352873717648],[-122.570656825287,41.3352282840031]]},"properties":{"OBJECTID":72,"OWNERNAME":"Shasta Trinity National Forest","OWNERTYPE":"USDA Forest Service","DESIGNATIO":" ","MANAGEMENT":" ","REV_DATE":1214438400000}},{"type":"Feature","id":73,"geometry":{"type":"LineString","coordinates":[[-122.512266977354,41.3344727608964],[-122.512297310767,41.3345818797508],[-122.51249855566,41.3347711576527],[-122.512606862044,41.3349588693632],[-122.512707830772,41.335124547788],[-122.512779873704,41.335279085012],[-122.512986097578,41.3355353435206],[-122.513008409264,41.3355859271784],[-122.513140614995,41.3358864026266],[-122.513311962284,41.3364379174953],[-122.513309474118,41.3367683188651],[-122.513264229551,41.3369554083237],[-122.51330629211,41.3371979118584],[-122.5132616529,41.3372969022191],[-122.513266626753,41.3373365647014],[-122.513282453689,41.3374642756621],[-122.513413136136,41.3375818451574],[-122.513567874585,41.3376635895462],[-122.513631892797,41.3376880935242],[-122.513663236815,41.3377000881979],[-122.51385758469,41.3377470478956],[-122.514080710397,41.3378009119212],[-122.514571923199,41.3379853709541],[-122.51523518061,41.3379726235763],[-122.515514730004,41.3379672907441],[-122.516159885599,41.3380781524931],[-122.516170216485,41.3380799283111],[-122.516747835955,41.3382258616133],[-122.517302342146,41.3383493530169],[-122.517856039663,41.3385719457162],[-122.518169338849,41.3386944134992],[-122.518519629113,41.338761947884],[-122.518927654771,41.3389399455391],[-122.519462558252,41.3389403897429],[-122.520066065304,41.339142949474],[-122.520416897609,41.3391443809255],[-122.520738295719,41.3391677709482],[-122.521103847615,41.3391362657418],[-122.521529247511,41.3390751557858],[-122.52161761224,41.3390686918891],[-122.521895799625,41.3390483171227],[-122.521995595369,41.3390409920873],[-122.522172062705,41.3390241016529],[-122.522175035162,41.3390237713313],[-122.522653565288,41.3389626725505],[-122.522653923674,41.3389626655364],[-122.523370706253,41.338947355625],[-122.523546003066,41.338948070184],[-122.523882416,41.3389164199962],[-122.524189750593,41.3388626345069],[-122.524506890871,41.3388532808068],[-122.524877184293,41.3388818074955],[-122.524877423217,41.338881802815],[-122.524977291018,41.3388765487129],[-122.525266050805,41.3388614526168],[-122.525355431515,41.3388567696525],[-122.525642179689,41.3388759740504],[-122.525857156834,41.3388948207172],[-122.526005899193,41.3389144574371],[-122.526561644701,41.3389878446867],[-122.527681815279,41.3390455352938],[-122.527863985147,41.3390549396678],[-122.528270190267,41.3390758805975],[-122.528318192549,41.3390794220094],[-122.528380201776,41.3390840334579],[-122.528783742557,41.3391140427014],[-122.529166222022,41.3391156234831],[-122.529166341484,41.3391156211384],[-122.529300733831,41.3391041675148],[-122.529369538176,41.3390983630843],[-122.529489350927,41.3390628587829],[-122.529585356955,41.3390091712081],[-122.52970056314,41.3389109165188],[-122.529705318865,41.3389069444145],[-122.529753650503,41.3388657565406],[-122.53001750879,41.3387407036652]]},"properties":{"OBJECTID":73,"OWNERNAME":"Private","OWNERTYPE":"Private","DESIGNATIO":" ","MANAGEMENT":" ","REV_DATE":1214438400000}},{"type":"Feature","id":74,"geometry":{"type":"LineString","coordinates":[[-122.609476900444,41.3257883542657],[-122.609861139252,41.3258693538828],[-122.610278413374,41.3260149442847],[-122.610695864591,41.3261424070732],[-122.610875010378,41.3261610416261],[-122.611221843432,41.3261262350054],[-122.611721542644,41.3260965410317],[-122.61179563376,41.326092114169],[-122.611795753195,41.3260921117394],[-122.612355374752,41.3261146345921],[-122.612823702701,41.3259874927322],[-122.612823822145,41.325987491202],[-122.613254452409,41.3259035990696],[-122.613505742954,41.325854636766],[-122.613928771002,41.3257750478992],[-122.614163755012,41.3257307520167],[-122.614559223068,41.3255339825504],[-122.614980480121,41.3253243215381],[-122.615261131275,41.3252197456747],[-122.615725112648,41.3249379636928],[-122.615991195332,41.3247876144054],[-122.616239343939,41.3246398035251],[-122.616498445118,41.3244650757846],[-122.61674291135,41.3243308655313],[-122.617099176704,41.3240645778522],[-122.617387344112,41.3238197260102],[-122.617708116425,41.3235100885593],[-122.617956240732,41.3233650691803],[-122.618160698757,41.3233251894657],[-122.618387791515,41.3234733668498],[-122.618421545534,41.3235182850845],[-122.618471235075,41.3235844206882],[-122.61865833095,41.3238857175244],[-122.618677861929,41.3241390288505],[-122.618886075524,41.3244562948575],[-122.619204759536,41.3246900191273],[-122.6195423624,41.3250981742455],[-122.619779788552,41.325551336286],[-122.620028139069,41.3258462150021],[-122.62064635226,41.3261648371039],[-122.62113425863,41.3265434311026],[-122.621881833001,41.3269680830869],[-122.622669657986,41.3273702498709],[-122.623138446387,41.3275979434449],[-122.623517673121,41.3277499659695],[-122.623956631616,41.3279323861926],[-122.624494844195,41.3282658269567],[-122.624833665552,41.3284780191192],[-122.625116575624,41.328666224585],[-122.625199905917,41.3287216450387],[-122.625651118981,41.328948164109],[-122.625989651998,41.3292206787022],[-122.626287732556,41.3295684243],[-122.626366269562,41.3298250090955],[-122.626525217507,41.3300215755253],[-122.626899913721,41.3302675448914],[-122.628494360522,41.3307736121382],[-122.628534101589,41.3307862140315],[-122.629237533002,41.3310857010444],[-122.629762655678,41.3312045351577]]},"properties":{"OBJECTID":74,"OWNERNAME":"Private","OWNERTYPE":"Private","DESIGNATIO":" ","MANAGEMENT":" ","REV_DATE":1214438400000}},{"type":"Feature","id":75,"geometry":{"type":"LineString","coordinates":[[-122.570656825287,41.3352282840031],[-122.571232238969,41.3351139818137],[-122.571856930395,41.3349922673687],[-122.572198448479,41.334887712154],[-122.572580542004,41.334722906845],[-122.572999955838,41.3345302874524],[-122.573287569943,41.3344142117471],[-122.573318565981,41.3343930189141],[-122.57343171261,41.3343156822809],[-122.573491741642,41.3342618879819],[-122.573623718801,41.3341902961469],[-122.57365495823,41.334185870069],[-122.573988144568,41.3341386435083],[-122.574329774323,41.334034080513],[-122.574658366738,41.3338923663416],[-122.574689402084,41.3338789270736],[-122.575008987078,41.3337822080594],[-122.575012645977,41.3337810508399],[-122.575374427005,41.3337355788827],[-122.575575807592,41.3336154073506],[-122.575897430038,41.3334957429646],[-122.576198707346,41.3334212148112],[-122.576580783622,41.3332563989714],[-122.576962630865,41.3331217899929],[-122.577103655847,41.3330164690488],[-122.577216527967,41.3327924407931],[-122.577218086671,41.3327892534167],[-122.577314338411,41.3326905317875],[-122.57738192324,41.3325648989757],[-122.577386844939,41.3325556922139],[-122.577375449468,41.3324745991711],[-122.577358873133,41.3324419405083],[-122.577292837405,41.3323121995814],[-122.577283943434,41.3322641448634],[-122.577250090963,41.3320799164917],[-122.577150522892,41.3319737655778],[-122.577031170429,41.3318221280663],[-122.577052238225,41.3316711244032],[-122.577057761364,41.3315227832063],[-122.577059181059,41.3314826313113],[-122.577097341425,41.3314681438597],[-122.577395185168,41.33135491378],[-122.577436918831,41.3310981751064],[-122.577268792233,41.3309479903275],[-122.57726669615,41.3309461403189],[-122.577278092489,41.3308979397953],[-122.57726953744,41.3307697233283],[-122.577267237716,41.3307356889263],[-122.577253904689,41.3306571610454],[-122.577244226624,41.3306005573147],[-122.577184760909,41.3305372228794],[-122.576899021103,41.3303830505578],[-122.576866334882,41.3303671326687],[-122.576227411499,41.3300555739498],[-122.575968570449,41.3299521501397],[-122.575647577287,41.3298996826589],[-122.575122142176,41.3298090310993],[-122.57479604604,41.3297242075031],[-122.574518299531,41.3296626442037],[-122.574234443959,41.3296104026038],[-122.573851156896,41.3296415253435],[-122.573597821992,41.3296313024913],[-122.573307731369,41.3295882924328],[-122.57306117313,41.3294942594609],[-122.572913379586,41.329414519933],[-122.572493147747,41.3292978999542],[-122.572419836089,41.3292775829706],[-122.572093421644,41.3291273010669],[-122.572064873649,41.3291102133356],[-122.57174864848,41.3289211330188],[-122.571570289266,41.3287946831766],[-122.571385700203,41.328677557667],[-122.571225468658,41.3286070873683],[-122.571065216993,41.3285459946793],[-122.570945682823,41.3284851493319],[-122.570862024464,41.3284426841384],[-122.570881199656,41.3283450071658],[-122.57108512531,41.3283457875633],[-122.571135275621,41.3283427766584],[-122.571375658417,41.3283282041115],[-122.571672923618,41.3282222142536],[-122.572046656573,41.328001771092],[-122.572057526687,41.3279953276997],[-122.572184090024,41.3279461195815],[-122.572472533441,41.3278339063439],[-122.572627601242,41.327747418317],[-122.573185838616,41.3274360040532],[-122.573381190185,41.3273975566792],[-122.573632737633,41.3273084571755],[-122.573812269556,41.3272550056766],[-122.573979796262,41.3272196518614],[-122.5742553736,41.3271215831907],[-122.574505186618,41.326937848486],[-122.574666571344,41.3268313012948],[-122.574821558845,41.326752655784],[-122.575011007634,41.3266829498899],[-122.575226732618,41.3265936810033],[-122.575279935666,41.326566082325],[-122.575472122152,41.3264662946373],[-122.575744589666,41.3263881233843],[-122.575955067155,41.3263189763387],[-122.576034508009,41.3262973301365],[-122.576258409864,41.3262362915933],[-122.576431783587,41.3261810700492],[-122.576673323185,41.3260794570294],[-122.57714281236,41.3259431388053],[-122.577143879743,41.3259429371979],[-122.577527440708,41.3258636508747],[-122.577799759983,41.3257947640972],[-122.578078500156,41.325688687658],[-122.578258382945,41.3255822063861],[-122.578611332357,41.3254717198382],[-122.578895994144,41.3254075353465],[-122.579260938322,41.3253483728767],[-122.579422488348,41.3252997010191],[-122.579719013852,41.32521029555],[-122.580133495174,41.3251279323567],[-122.580467697164,41.3250406358788],[-122.580943952375,41.3249632201641],[-122.581407326267,41.3249788447832],[-122.5819386586,41.3249854952024],[-122.582532175376,41.3249224322496],[-122.582928424504,41.324798058605],[-122.583342579075,41.3247762789522],[-122.583756826071,41.3247405216795],[-122.584239045649,41.3246863231532],[-122.584591888959,41.324589796354],[-122.585148712932,41.3244660752059],[-122.585569187531,41.3244209869974],[-122.586088766572,41.3243436506467],[-122.586497561184,41.3241868187987],[-122.586868969631,41.3240624038853],[-122.587277460283,41.3239566982138],[-122.587636432366,41.3238648137175],[-122.588100576794,41.3237500241172],[-122.588527796786,41.3235978536493],[-122.588948924619,41.3234456287162],[-122.589246194616,41.3233442832555]]},"properties":{"OBJECTID":75,"OWNERNAME":"Private","OWNERTYPE":"Private","DESIGNATIO":" ","MANAGEMENT":" ","REV_DATE":1214438400000}},{"type":"Feature","id":76,"geometry":{"type":"LineString","coordinates":[[-122.60712937635,41.3219956729186],[-122.606948509236,41.3221458551184],[-122.606707159181,41.322356078216],[-122.606485865877,41.3225664266657],[-122.606284940629,41.3227165728712],[-122.60628335772,41.3229879044345],[-122.606483889668,41.3231285406362],[-122.606581104732,41.3233659022689],[-122.606739815538,41.3235775533122],[-122.606878544564,41.3238042260863],[-122.606957839336,41.3239100526404],[-122.607096829869,41.324091457611],[-122.607289655922,41.3242662443554],[-122.607360480893,41.3244016403557],[-122.607562451489,41.3245914729772],[-122.607800449687,41.3247544108372],[-122.608130913128,41.3249520333679],[-122.608133841499,41.3249537749155],[-122.608145111863,41.3249616556267],[-122.608562293563,41.3252524153782],[-122.609018623505,41.3255002543764],[-122.609476900444,41.3257883542657]]},"properties":{"OBJECTID":76,"OWNERNAME":"Shasta Trinity National Forest","OWNERTYPE":"USDA Forest Service","DESIGNATIO":" ","MANAGEMENT":" ","REV_DATE":1214438400000}},{"type":"Feature","id":77,"geometry":{"type":"LineString","coordinates":[[-122.629762655678,41.3312045351577],[-122.630097369121,41.3312325944531],[-122.63064746037,41.3311244101268],[-122.63068337854,41.3311174354278],[-122.630685376253,41.3311165826256],[-122.632125218882,41.330523949053],[-122.632450203564,41.3302387978299],[-122.63292148596,41.3298253370618],[-122.633458169182,41.3293595601489],[-122.633797527203,41.329137668524],[-122.633873067334,41.3290882056575],[-122.634073847258,41.3286009835645],[-122.634135006908,41.3284527324627],[-122.634235873874,41.3283713616323],[-122.634358997479,41.3282719412528],[-122.634567685839,41.3281035528348],[-122.634746955169,41.327920813159],[-122.634758233727,41.3279093962982],[-122.634999885353,41.3278192982206],[-122.635207385232,41.3276770808628],[-122.635431959804,41.327560922938],[-122.635518753999,41.3274443202704],[-122.635691277513,41.3273930003715],[-122.635915850268,41.3272768415012],[-122.636045355928,41.3271887369362],[-122.636106033078,41.3271475205067],[-122.63613623248,41.3271019836605],[-122.63632554569,41.32681615512],[-122.636466936295,41.3266229401157],[-122.636607305472,41.3264927689804],[-122.636786335059,41.3262681064349],[-122.636955646463,41.3260389601343],[-122.637068685699,41.3258636512069],[-122.637157135448,41.3257564807749],[-122.637294958225,41.325589666128],[-122.637502010387,41.32529300428],[-122.637681382535,41.3250098176584],[-122.63788786188,41.3248078384156],[-122.638085532642,41.3245742176926],[-122.63832959853,41.3243362832816],[-122.638508450008,41.3241297458826],[-122.638630926834,41.3239904826433],[-122.638733966913,41.3238647029883],[-122.638922025773,41.3237526414912],[-122.639155921195,41.3236048137612],[-122.639362382546,41.3235288819205],[-122.639634158932,41.3234081164475],[-122.639933709289,41.3232604381859],[-122.640298818792,41.3231489789896],[-122.640558683423,41.3230483895925],[-122.64064530616,41.3230149187889],[-122.641047536716,41.3229261180906],[-122.641244220852,41.3228861838261],[-122.641385068523,41.3227920645293],[-122.641787519645,41.3226671914265],[-122.642171245875,41.3225557846857],[-122.642386873819,41.3224664009326],[-122.642832848774,41.3222627978684],[-122.643023963973,41.322175552095],[-122.643182688034,41.3221130607873],[-122.643370834371,41.3219874677693],[-122.643633005842,41.321839667044],[-122.643737376931,41.3217761567013],[-122.643942385739,41.3216514697956],[-122.644167111648,41.3215306039279],[-122.644401577853,41.3214052045274],[-122.644410302088,41.321402225931],[-122.644663399685,41.3213159259662]]},"properties":{"OBJECTID":77,"OWNERNAME":"Shasta Trinity National Forest","OWNERTYPE":"USDA Forest Service","DESIGNATIO":" ","MANAGEMENT":" ","REV_DATE":1214438400000}},{"type":"Feature","id":78,"geometry":{"type":"LineString","coordinates":[[-122.589246194616,41.3233442832555],[-122.589500192632,41.3232380614922],[-122.589766465412,41.3231411420393],[-122.590094350469,41.3230678353622],[-122.590348507718,41.3229429445393],[-122.59055337362,41.3227853499564],[-122.590683965474,41.3226600334424],[-122.590974856242,41.3225772094057],[-122.591421253448,41.3223319472549],[-122.591872715252,41.3222496824679],[-122.592349442942,41.3221070268623],[-122.594034796116,41.3218298435959],[-122.594462460794,41.3217861090987],[-122.594897663697,41.3217198580526],[-122.595250794713,41.3216023768393],[-122.595536134443,41.3215412059635],[-122.59584402044,41.3214631596635],[-122.596036609401,41.321411839862],[-122.596429823061,41.3213069599474],[-122.596572044152,41.3213413449256],[-122.596714433282,41.3213475055024]]},"properties":{"OBJECTID":78,"OWNERNAME":"Shasta Trinity National Forest","OWNERTYPE":"USDA Forest Service","DESIGNATIO":" ","MANAGEMENT":" ","REV_DATE":1214438400000}},{"type":"Feature","id":79,"geometry":{"type":"LineString","coordinates":[[-122.596714433282,41.3213475055024],[-122.596842340039,41.3212801219707],[-122.597023058894,41.3211451053794],[-122.597233828835,41.3210158692614],[-122.597384379361,41.3209146568666],[-122.597647797411,41.3205652354267],[-122.597852931086,41.3203564105875],[-122.597940638974,41.3201517302811],[-122.598065992913,41.3198726984453],[-122.598141471419,41.3195777483977],[-122.598186711125,41.3194626670513],[-122.598226382338,41.3193618557087],[-122.5983000263,41.319055854136],[-122.598373519555,41.3187588717413],[-122.598470916466,41.3184529187964],[-122.598521377563,41.3181462250069],[-122.598682062484,41.3181468643278],[-122.598916537927,41.3181942120258],[-122.599002227658,41.3183418356581],[-122.599026545118,41.3183837077373],[-122.599154894642,41.3186049215601],[-122.599301870284,41.3188197086906],[-122.599498337212,41.3190299539902],[-122.599805878689,41.3192452899136],[-122.600163254499,41.3194095544303],[-122.600446137571,41.3196294590339],[-122.600754398828,41.3197329775625],[-122.601083796661,41.3198104507421],[-122.601466059198,41.319828404809],[-122.60192911313,41.3198687533408],[-122.602480436346,41.3199206137221],[-122.603185636272,41.3200450176405],[-122.603508755929,41.3201236979969],[-122.603964264455,41.3201862856817],[-122.604104022791,41.3201923112922],[-122.604559642471,41.3202382152543],[-122.604947764779,41.3202858789434],[-122.605383111025,41.3202798157311],[-122.60589723004,41.3203980735936],[-122.606451640981,41.3205246871954],[-122.606844543222,41.3206313922613],[-122.607230418542,41.320663136576],[-122.607848157701,41.3206569728772],[-122.608101850801,41.3206744221259],[-122.608344507332,41.3206641491357],[-122.608321656765,41.3207118690388],[-122.608288702968,41.3207804460087],[-122.608216184467,41.3208835659848],[-122.608075577614,41.3209886432318],[-122.607794552871,41.3211384718848],[-122.607544874721,41.3215557935316],[-122.607388239215,41.3217714708225],[-122.607250096133,41.32187541303],[-122.60712937635,41.3219956729186]]},"properties":{"OBJECTID":79,"OWNERNAME":"Private","OWNERTYPE":"Private","DESIGNATIO":" ","MANAGEMENT":" ","REV_DATE":1214438400000}},{"type":"Feature","id":80,"geometry":{"type":"LineString","coordinates":[[-122.644663399685,41.3213159259662],[-122.644832971162,41.3211723280877],[-122.64496484025,41.3211067946183],[-122.645067289982,41.3210559466433],[-122.64520817905,41.3209211584857],[-122.645273779952,41.3208583743265],[-122.645333844794,41.3208137389325],[-122.645629987765,41.3205938084984],[-122.645684832424,41.3205048333571],[-122.645724129386,41.3204408902289],[-122.645775860594,41.3204162676922],[-122.645930819587,41.3203424930965],[-122.646117852159,41.3202710154723],[-122.646286506386,41.3201543949865],[-122.646484630023,41.3198307671352],[-122.64656070959,41.3195832879582],[-122.646478273209,41.319348798654],[-122.646448114929,41.3192626975163],[-122.646404070476,41.3191368570521],[-122.646411511239,41.3190636670806],[-122.646424515281,41.31893427922],[-122.646406792116,41.3186324263018],[-122.646398970025,41.3184207980253],[-122.646494036755,41.3181057476222],[-122.646595791464,41.3177908246887],[-122.646592115011,41.3177817960046],[-122.646637722834,41.3175593030376],[-122.646646514745,41.3175162002502],[-122.646535887302,41.3172681512534],[-122.646465044222,41.3171114987719],[-122.646415523133,41.3170020931315],[-122.646359212907,41.3169253801115],[-122.646276906142,41.3168170275229],[-122.646007052998,41.3166045235914],[-122.645702381104,41.3163476727688],[-122.645701516953,41.3163468788249],[-122.645130794529,41.3158316384399],[-122.644701947993,41.3155961560168],[-122.643543835995,41.3154484402322],[-122.6430902258,41.315402004361],[-122.643090106394,41.3154020077232],[-122.642384908563,41.3154628419558],[-122.64193018923,41.3155965710469],[-122.641930069823,41.315596574408],[-122.64165541583,41.3155866682508],[-122.641583949464,41.3155324527822],[-122.641360296333,41.3149282016383],[-122.641194048595,41.314747499476],[-122.6411587598,41.3146483418037],[-122.641183104267,41.3145673145185],[-122.641315553661,41.3143786111513],[-122.642036421415,41.3136332071429],[-122.642625548788,41.3129504418893],[-122.643272051148,41.3127002382548],[-122.643847890161,41.3122786786212],[-122.644352251567,41.3118028122277],[-122.645060828589,41.3111204045163],[-122.645613361237,41.3105726497522],[-122.646322750577,41.3097190896162],[-122.646348803897,41.3093228185561],[-122.646279710678,41.308845153291],[-122.645838476766,41.3086836020831],[-122.645453657133,41.3084176241154],[-122.645243800646,41.308258133342],[-122.644998849107,41.3080984812875],[-122.64429929185,41.3075667557899],[-122.643915923686,41.3070359362939],[-122.643601927198,41.3066642340005],[-122.643252534584,41.3063454801237],[-122.642938640629,41.305947265478]]},"properties":{"OBJECTID":80,"OWNERNAME":"Private","OWNERTYPE":"Private","DESIGNATIO":" ","MANAGEMENT":" ","REV_DATE":1214438400000}},{"type":"Feature","id":81,"geometry":{"type":"LineString","coordinates":[[-122.642938640629,41.305947265478],[-122.642463818578,41.3056316038681],[-122.641365519883,41.3050496560064],[-122.641177013873,41.3048084749808],[-122.641216523442,41.3045336417665],[-122.64128568219,41.3043735015689],[-122.641476799746,41.304167877191],[-122.641766285184,41.3040084166221],[-122.642222562596,41.3039124340993],[-122.642595211869,41.3038334473539],[-122.64312850812,41.3035544335814],[-122.644171896683,41.3030535084623],[-122.644461788931,41.3028310115287],[-122.644881171285,41.3025344652901],[-122.645224332755,41.3022777531928],[-122.64548012887,41.3019885308751],[-122.645480698488,41.3019877983011],[-122.645482323877,41.3019865915992],[-122.646018067436,41.3015871485171],[-122.646148520789,41.3013583628149],[-122.646159746906,41.3012520055597],[-122.646180508183,41.3010549251193],[-122.646203167207,41.3010157675696],[-122.646326226521,41.3008032768741],[-122.646472242682,41.3004886894814],[-122.646816920902,41.2999570402828],[-122.647003092202,41.2992244295341],[-122.647104961719,41.2986519197847],[-122.647160611115,41.2981881288471],[-122.64740334063,41.2975363718721],[-122.647403884017,41.2975349181272],[-122.647404990404,41.2975325499321],[-122.647699295623,41.2969009814156],[-122.648128384119,41.2962034553435],[-122.648271538468,41.2958699929443],[-122.648305270764,41.2957915632108]]},"properties":{"OBJECTID":81,"OWNERNAME":"Shasta Trinity National Forest","OWNERTYPE":"USDA Forest Service","DESIGNATIO":" ","MANAGEMENT":" ","REV_DATE":1214438400000}},{"type":"Feature","id":82,"geometry":{"type":"LineString","coordinates":[[-122.648305270764,41.2957915632108],[-122.648367620572,41.2954995687329],[-122.648392238004,41.2951617571137],[-122.64837914521,41.2947721785855],[-122.648218219145,41.2939020987922]]},"properties":{"OBJECTID":82,"OWNERNAME":"Private","OWNERTYPE":"Private","DESIGNATIO":" ","MANAGEMENT":" ","REV_DATE":1214438400000}},{"type":"Feature","id":83,"geometry":{"type":"LineString","coordinates":[[-122.659254405914,41.2908820271861],[-122.660089032669,41.2915081681095],[-122.66028191331,41.2915418551357],[-122.660557222779,41.2917677291696],[-122.660802655904,41.2918413242824],[-122.661101194552,41.2918123602037],[-122.661360764851,41.2917847644477],[-122.662136709669,41.2914509326781],[-122.662486369062,41.2913688587384],[-122.662708076796,41.2911476770763],[-122.663113186684,41.2910102367168],[-122.663757199259,41.2908734923918]]},"properties":{"OBJECTID":83,"OWNERNAME":"Private","OWNERTYPE":"Private","DESIGNATIO":" ","MANAGEMENT":" ","REV_DATE":1214438400000}},{"type":"Feature","id":84,"geometry":{"type":"LineString","coordinates":[[-122.648218219145,41.2939020987922],[-122.64767985056,41.2934411117283],[-122.64731694514,41.2931364544615],[-122.646802044725,41.2928484381705],[-122.646325350922,41.2925319328854],[-122.645893171011,41.2923930970428],[-122.64551385586,41.2923060674992],[-122.645140544936,41.2922717443595],[-122.645126777051,41.292270502468],[-122.645120837079,41.2922582759297],[-122.645051609788,41.2921155695201],[-122.64501025517,41.2918810329463],[-122.64500996502,41.2918796855954],[-122.645167013024,41.2915378224622],[-122.645344819306,41.2912572800742]]},"properties":{"OBJECTID":84,"OWNERNAME":"Shasta Trinity National Forest","OWNERTYPE":"USDA Forest Service","DESIGNATIO":" ","MANAGEMENT":" ","REV_DATE":1214438400000}},{"type":"Feature","id":85,"geometry":{"type":"LineString","coordinates":[[-122.663757199259,41.2908734923918],[-122.66396922113,41.290777025746],[-122.664180888768,41.2906806570867],[-122.664825905127,41.2903497698998],[-122.665193285069,41.2903785697469],[-122.665763619178,41.2902693477339],[-122.666022551394,41.2899651415936],[-122.666097591196,41.2896603369209],[-122.666448850371,41.2892594086588]]},"properties":{"OBJECTID":85,"OWNERNAME":"Shasta Trinity National Forest","OWNERTYPE":"USDA Forest Service","DESIGNATIO":" ","MANAGEMENT":" ","REV_DATE":1214438400000}},{"type":"Feature","id":86,"geometry":{"type":"LineString","coordinates":[[-122.645344819306,41.2912572800742],[-122.645444773102,41.2910398696684],[-122.645605948156,41.2908615594464],[-122.645635752687,41.2908285639601],[-122.645728971731,41.290445038682],[-122.64604088724,41.2903486601487],[-122.64643624984,41.2902696330426],[-122.646824368136,41.2901334175587],[-122.647289408847,41.2898025422449],[-122.647587764358,41.2893910657665],[-122.647522715417,41.2887836771574],[-122.647510310633,41.2882738128639],[-122.647482770047,41.2877353272959],[-122.647257114629,41.2871856059498],[-122.647256717294,41.2871845320541],[-122.64716360324,41.2867247883877],[-122.647163809273,41.2867238831277],[-122.647262414687,41.2863541290603],[-122.647339997225,41.286045046835],[-122.647523656992,41.2857879108678],[-122.647829198188,41.2854680659708],[-122.648149423282,41.2852227429027]]},"properties":{"OBJECTID":86,"OWNERNAME":"Private","OWNERTYPE":"Private","DESIGNATIO":" ","MANAGEMENT":" ","REV_DATE":1214438400000}},{"type":"Feature","id":87,"geometry":{"type":"LineString","coordinates":[[-122.648149423282,41.2852227429027],[-122.648522367223,41.2850577194277],[-122.649100427624,41.2848934128315],[-122.649617666301,41.2847459858655],[-122.649945027787,41.2845809299022],[-122.650355642738,41.2844733485083],[-122.650728018217,41.2844286032132],[-122.651094156036,41.2844151853458],[-122.651305284417,41.2844074775813],[-122.651654307912,41.2844055084478],[-122.651654664786,41.2844055001422],[-122.651965992295,41.2844036974079],[-122.652141568809,41.2842381488282],[-122.65226481443,41.2839062785127],[-122.65241909494,41.2834427500401],[-122.652480916809,41.2832596809066],[-122.652587812403,41.2831339912583],[-122.652682829059,41.2830933945595],[-122.652800980824,41.2830429305372],[-122.652990843963,41.2830377417495],[-122.653346525731,41.283273739796],[-122.653702575834,41.2834293964355],[-122.654558105387,41.2839246616926],[-122.654686572872,41.2840526757575],[-122.65519262394,41.284556596229],[-122.655627408666,41.2853649617264],[-122.656101482959,41.2857879621685],[-122.656434209532,41.2860862885589],[-122.656806706773,41.2864210075099],[-122.656911570386,41.2865139947695],[-122.657033872036,41.2866203171294],[-122.657278683555,41.286806360989],[-122.657803630467,41.2871046690922],[-122.657890164679,41.2871537764987],[-122.658491018974,41.2876679389814],[-122.658492002259,41.2876687294593],[-122.658824200177,41.2880840886174],[-122.658829193858,41.2880932707206],[-122.659097720915,41.2885836406659],[-122.659092577081,41.2887343171619],[-122.659079818555,41.2891105570903],[-122.659158879919,41.2903369574085],[-122.659137180752,41.2905720154951],[-122.659254405914,41.2908820271861]]},"properties":{"OBJECTID":87,"OWNERNAME":"Shasta Trinity National Forest","OWNERTYPE":"USDA Forest Service","DESIGNATIO":" ","MANAGEMENT":" ","REV_DATE":1214438400000}},{"type":"Feature","id":88,"geometry":{"type":"LineString","coordinates":[[-122.689652065823,41.2771817027582],[-122.689996087826,41.2776510014514],[-122.690073355317,41.2779962811455],[-122.690387246176,41.2782825674608],[-122.691115113153,41.278737227349],[-122.691757931274,41.2791919956882],[-122.692046374229,41.2793436749642],[-122.692433854079,41.279419567407]]},"properties":{"OBJECTID":88,"OWNERNAME":"Shasta Trinity National Forest","OWNERTYPE":"USDA Forest Service","DESIGNATIO":" ","MANAGEMENT":" ","REV_DATE":1214438400000}},{"type":"Feature","id":89,"geometry":{"type":"LineString","coordinates":[[-122.666448850371,41.2892594086588],[-122.66674497122,41.2888582094968],[-122.666925834752,41.2886878374071],[-122.667243634921,41.2883883278176],[-122.667871125438,41.2878633223355],[-122.668204630601,41.2873514195872],[-122.668924706185,41.2867019110889],[-122.669385506881,41.2864398363751],[-122.669743272175,41.2860319089923],[-122.669773603162,41.2859973624709],[-122.670125059624,41.2855547680614],[-122.670365937455,41.2851672691718],[-122.670661941051,41.2847799494531],[-122.670956867787,41.2846006517558],[-122.671036632316,41.2845224074315],[-122.671060800065,41.2844986302635],[-122.671111444345,41.2844489553736],[-122.671294334296,41.2842695187562],[-122.671298130078,41.2841250014427],[-122.671299579611,41.2840678987537],[-122.671392966699,41.2837631513866],[-122.6714047701,41.2837469414712],[-122.67150397592,41.2836110308429],[-122.671504889217,41.2834307806878],[-122.671475585607,41.2833936274199],[-122.671395313288,41.2832918336533],[-122.671194261332,41.283083337182],[-122.671029920112,41.2828610764721],[-122.67086514174,41.2827358366312],[-122.670682148025,41.2825828551593],[-122.670369691197,41.2825958188522],[-122.670149349991,41.282567421944],[-122.66989177981,41.2826221315548],[-122.669725683487,41.2827463911583],[-122.669431005341,41.2828842077015],[-122.669284843632,41.282717457262],[-122.669250213782,41.2822875888474],[-122.669269747927,41.2820658311921],[-122.669252494168,41.2818301582258],[-122.669124949005,41.2816218091343],[-122.669015301967,41.2814967452478],[-122.668869223516,41.2813161087419],[-122.668722668774,41.2812186993376],[-122.668539523702,41.2810933962246],[-122.668356617962,41.2809265246447],[-122.668302497161,41.2807322999129],[-122.668302569825,41.2807182343744],[-122.668303260667,41.2805798241727],[-122.668396575025,41.2802889652744],[-122.66861830982,41.2800538896683],[-122.668895688642,41.2797081757472],[-122.669191516195,41.2793485436417],[-122.66930575926,41.2785725409875],[-122.669511629453,41.2778384088256],[-122.669843558932,41.2775898954896],[-122.670244303476,41.2775009416005],[-122.670364294607,41.277308329665],[-122.670631561003,41.2770982474431],[-122.670854570012,41.2769970267935]]},"properties":{"OBJECTID":89,"OWNERNAME":"Private","OWNERTYPE":"Private","DESIGNATIO":" ","MANAGEMENT":" ","REV_DATE":1214438400000}},{"type":"Feature","id":90,"geometry":{"type":"LineString","coordinates":[[-122.692433854079,41.279419567407],[-122.692442594969,41.2794267734567],[-122.692679393966,41.2795215879782],[-122.692989439533,41.2797908217925],[-122.693121966748,41.2800093192332],[-122.693136748269,41.2801359479906],[-122.693136772784,41.2801365782053],[-122.693007088748,41.2807806749028],[-122.692960696127,41.2812000164237],[-122.692867958876,41.2820050674121],[-122.692977802488,41.2822738228598],[-122.693153903364,41.2826769367919],[-122.693287896023,41.2825598257364],[-122.693401155436,41.2821071307689],[-122.693559123783,41.2816377883055],[-122.693984308787,41.2810853482134],[-122.693986116005,41.2810826043517],[-122.694163444576,41.2808173299088],[-122.694542200737,41.2806673704474],[-122.694920989434,41.2805341798427],[-122.695277458779,41.2804008352236],[-122.695711027142,41.2802808902809],[-122.695812302324,41.2801505958635],[-122.695919862922,41.2799907735975],[-122.696104490623,41.2795139120842],[-122.696144785915,41.2794275740494],[-122.696284205683,41.279128490139],[-122.696295231957,41.2788477628506],[-122.696295582924,41.2787683253054],[-122.696295639819,41.2787667004329],[-122.696415750369,41.2786139110616],[-122.696416541224,41.2786127221409],[-122.69653522692,41.2784252514856],[-122.696659726508,41.2782274673287],[-122.696695620199,41.2779957049323],[-122.696676197001,41.2776636109616],[-122.696594506176,41.2772206973077],[-122.69657650798,41.2765777912044],[-122.696618872261,41.2764672454146],[-122.696729821632,41.2763722651831],[-122.696837138343,41.2761776446136],[-122.69689411107,41.2761192590616],[-122.697030455007,41.2759795541605],[-122.697216790736,41.2757703415606],[-122.697587114148,41.2756792486318],[-122.69821633644,41.2757631772768],[-122.698329202956,41.2757920338965],[-122.698760077122,41.2759023151408],[-122.698802960444,41.275913292896],[-122.699248307037,41.2760593249482],[-122.699259782863,41.2760631361886],[-122.699261931961,41.2760631799827],[-122.699716492283,41.2760643047657],[-122.700499777748,41.2761114531484],[-122.700891355138,41.2760178207125],[-122.701121313113,41.2759659849245],[-122.701675287721,41.2759207826123],[-122.702067372969,41.2758723040775],[-122.702225960466,41.275825970992],[-122.703244256811,41.2755284960609]]},"properties":{"OBJECTID":90,"OWNERNAME":"Klamath National Forest","OWNERTYPE":"USDA Forest Service","DESIGNATIO":" ","MANAGEMENT":" ","REV_DATE":1214438400000}},{"type":"Feature","id":91,"geometry":{"type":"LineString","coordinates":[[-122.686950212958,41.2734382096427],[-122.687008900007,41.2735239564421],[-122.687110005383,41.273637013493],[-122.687370857355,41.2739921539494],[-122.687532290706,41.2744285839711],[-122.687534446435,41.2744510769254],[-122.687657849782,41.2746496685424],[-122.687684747879,41.2748165191145],[-122.687706627494,41.2748687041825],[-122.6877940248,41.2750773541722],[-122.687944150107,41.2754634467597],[-122.68809531474,41.2756515255996],[-122.688191260173,41.2758081504042],[-122.688397077105,41.2761110036098],[-122.688805347485,41.276490299406],[-122.689087944246,41.2767027884542],[-122.689137596867,41.276716149295],[-122.689210265139,41.2767356888669],[-122.689330182348,41.2768825124203],[-122.689331058873,41.2768835761311],[-122.689386435369,41.2769350415593],[-122.689652065823,41.2771817027582]]},"properties":{"OBJECTID":91,"OWNERNAME":"Private","OWNERTYPE":"Private","DESIGNATIO":" ","MANAGEMENT":" ","REV_DATE":1214438400000}},{"type":"Feature","id":92,"geometry":{"type":"LineString","coordinates":[[-122.670854570012,41.2769970267935],[-122.670978449055,41.2769407440691],[-122.671170306779,41.2768615555467],[-122.671486363641,41.2767890960056],[-122.671710506962,41.2767311287675],[-122.672055791382,41.2766330716962],[-122.672194148848,41.2765748551268],[-122.672314706872,41.2765031346397],[-122.672452815255,41.2764765705005],[-122.672498998358,41.2764706271653],[-122.672625327248,41.2764545013532],[-122.67276263069,41.2764639269872],[-122.672827127257,41.2764851819607],[-122.672969048048,41.2765320159145],[-122.673245062365,41.2765598523959],[-122.67350179034,41.276515160009],[-122.673548131546,41.2765070496009],[-122.673575866692,41.2765022204916],[-122.67359685307,41.2764955529406],[-122.674091070733,41.2763383266149],[-122.674193288082,41.2763058532946],[-122.674788476116,41.276073261753],[-122.675004846754,41.275947832441],[-122.675212329467,41.2757952750292],[-122.675333057737,41.2756739598894],[-122.675428172587,41.2755887124301],[-122.675549602018,41.2754989389351],[-122.675669900493,41.2754587758869],[-122.675808325584,41.2753960456835],[-122.675954863604,41.2753334139806],[-122.676153708973,41.2752754358319],[-122.676272247596,41.2752392770849],[-122.67637333403,41.2752085391949],[-122.676667642169,41.2751960376618],[-122.677169785633,41.2751746802506],[-122.67735137739,41.2751211258093],[-122.677489087461,41.2750585004116],[-122.677558698612,41.2750091396041],[-122.677743490157,41.2748784294881],[-122.677774405213,41.2748565817741],[-122.678004935451,41.2747272396493],[-122.678085671203,41.2746818776044],[-122.678206504661,41.2745380170629],[-122.678211189344,41.2745325082667],[-122.678293663133,41.2744347258902],[-122.678336764533,41.2743176808375],[-122.678476326377,41.2739983305854],[-122.678562757414,41.2738724251706],[-122.678684651437,41.2736836428345],[-122.678719138218,41.2736297111019],[-122.678830507818,41.2735103964927],[-122.678840715593,41.2734994495879],[-122.678953363758,41.2733600899903],[-122.67900552831,41.2732206723581],[-122.679022306594,41.2731142863097],[-122.679041006989,41.2729955078161],[-122.679117311004,41.2725414570679],[-122.679138579756,41.2724147803947],[-122.679157258086,41.2721040532403],[-122.679210031948,41.2718342514642],[-122.679210020809,41.2718339804738],[-122.679280505403,41.2716134783219],[-122.67938427626,41.2714697107627],[-122.679430848141,41.2714072270084],[-122.679471397556,41.2713528065769],[-122.679536302648,41.271174526996],[-122.679546249225,41.2710290686111],[-122.679482604962,41.270890230046],[-122.679414799384,41.2707963813081],[-122.679382217565,41.2707512758954],[-122.679272492246,41.2706401103985],[-122.679190520284,41.2705150982357],[-122.679227768806,41.2704043076884],[-122.679384745651,41.2702383967388],[-122.679486315725,41.2701347086056],[-122.679633660335,41.2700588909823],[-122.679744166577,41.2700474245347],[-122.679932147229,41.269945042955],[-122.679933435492,41.2699443852392],[-122.680084740971,41.2698660476102],[-122.680443981226,41.2696799460526],[-122.680490455354,41.2695830230053],[-122.680592077995,41.269458504588],[-122.680657058929,41.2693270156017],[-122.680680895509,41.2692212902011],[-122.680747811064,41.26912239846],[-122.680843252038,41.2689920617671],[-122.680929672032,41.2688661552979],[-122.681033991843,41.2687404085441],[-122.681120321334,41.2686280273279],[-122.681181088948,41.2685561337752],[-122.681276413637,41.2685247039616],[-122.681340733089,41.2685318027295],[-122.681395615377,41.2685735457258],[-122.681478171768,41.2686153271238],[-122.681523772106,41.2686640296965],[-122.681560478656,41.2686918248922],[-122.681624412788,41.2687682647417],[-122.681679061645,41.2688515750768],[-122.681733752361,41.2689487693231],[-122.68183398585,41.2691154034511],[-122.681952613211,41.2692890363658],[-122.682097576134,41.269691381953],[-122.682198600753,41.2700001794095],[-122.682207042409,41.2701172970634],[-122.682223552644,41.2702524533098],[-122.682309043973,41.2703247345081],[-122.682620780185,41.270539317712],[-122.682896480535,41.2706547740931],[-122.683110491691,41.2707124048483],[-122.683131099552,41.2707180046216],[-122.683180616578,41.2707502139263],[-122.683323918636,41.2708436181272],[-122.683558135719,41.2709693379656],[-122.683846731444,41.2711487087651],[-122.684001518975,41.2712302369166],[-122.684205707918,41.2713567779663],[-122.684425475978,41.2716284118545],[-122.684645802158,41.2717748926372],[-122.684910919394,41.2719037351864],[-122.684989936926,41.2720260123785],[-122.685262778617,41.2721253859666],[-122.685320722336,41.272204116687],[-122.685486045042,41.2723088572618],[-122.685551835808,41.2723232266119],[-122.68567920654,41.2723510634282],[-122.685913413108,41.2725080643468],[-122.686161565332,41.2726233830122],[-122.686282036556,41.2727884987461],[-122.686298760685,41.2728114018318],[-122.686324551584,41.272827979235],[-122.686477835857,41.2729264859152],[-122.686656722244,41.2730937765155],[-122.686698066246,41.2731147095359],[-122.68675299368,41.2731669974738],[-122.686860114923,41.2733482675623],[-122.686950212958,41.2734382096427]]},"properties":{"OBJECTID":92,"OWNERNAME":"Shasta Trinity National Forest","OWNERTYPE":"USDA Forest Service","DESIGNATIO":" ","MANAGEMENT":" ","REV_DATE":1214438400000}},{"type":"Feature","id":93,"geometry":{"type":"LineString","coordinates":[[-122.955166567172,41.255824100483],[-122.955341439281,41.2557927482879],[-122.955384067934,41.2557621688495],[-122.955378858812,41.2557341605505],[-122.955134721155,41.2555898796462]]},"properties":{"OBJECTID":93,"OWNERNAME":"Klamath National Forest","OWNERTYPE":"USDA Forest Service","DESIGNATIO":" ","MANAGEMENT":" ","REV_DATE":1214438400000}},{"type":"Feature","id":94,"geometry":{"type":"LineString","coordinates":[[-122.759925838374,41.2282672724911],[-122.760042657261,41.2283195148692],[-122.76041229748,41.2283923352023],[-122.760734431694,41.2284110256802],[-122.761139863172,41.228465925287],[-122.761664429571,41.2286021345335],[-122.762451077357,41.2288289447299],[-122.762665463678,41.2289194259132],[-122.763059267202,41.2289292270849],[-122.763548635254,41.2288851694102],[-122.763639999438,41.2288893762738],[-122.764168955258,41.2289135043182],[-122.76446709735,41.2290086258955],[-122.764538434926,41.2290313943219],[-122.764895637469,41.2292482761977],[-122.765042313546,41.2292985949701],[-122.765264988625,41.229375094456],[-122.765718241842,41.2294300968555],[-122.765980786189,41.2294306139952],[-122.766279099509,41.2294312429],[-122.766624946425,41.22946796664],[-122.766712126803,41.2294934504683],[-122.767244745565,41.2296493850702],[-122.767507091245,41.2297219384333],[-122.7677337605,41.2297134169268],[-122.768127914727,41.2296241126608],[-122.768747236177,41.2294936787925],[-122.768835284381,41.229479833383],[-122.769345894149,41.2293653219276],[-122.769990899189,41.2291684091611],[-122.770516395035,41.2290073134832],[-122.770982078839,41.2289181315248],[-122.771316171556,41.2289098421267],[-122.771926876917,41.2288805597609],[-122.772509911843,41.2287770560347],[-122.772672721139,41.2287327032936],[-122.772903953143,41.228669707456],[-122.773118969472,41.2286251000625],[-122.773456130486,41.2285575044326],[-122.773608504545,41.2285269945175],[-122.773760879175,41.2284625863975],[-122.774187966227,41.2282912109851],[-122.774516878835,41.2280783701616],[-122.774722281395,41.2279179419432],[-122.774875629019,41.2278448554675],[-122.775030717911,41.2278044574545],[-122.775150280735,41.2277733198899],[-122.775460845622,41.2276748427872],[-122.775804867363,41.2274767219159],[-122.77606194743,41.2273147841224],[-122.776130340508,41.2272707155641],[-122.77640560788,41.2270550923088],[-122.776668837249,41.2268303589503],[-122.776908382793,41.2265606197594],[-122.777016985578,41.2262004692933],[-122.777025700942,41.2261146266377],[-122.777041661477,41.2259573093324],[-122.777196586779,41.2257497606683],[-122.777225569567,41.2256978189808],[-122.777308178874,41.2255714804196],[-122.777459564831,41.2253402988473],[-122.777488651668,41.2251926076048],[-122.777509971064,41.2250843975356],[-122.777462391406,41.2249210056989],[-122.777439148704,41.2248410990767],[-122.777308850975,41.2245796469435],[-122.777178595998,41.22427311343],[-122.777187743402,41.2241738290877],[-122.777201841359,41.2240207899875],[-122.777418625889,41.2238592025099],[-122.777655017587,41.2237482988022],[-122.77775413947,41.2234544445145],[-122.777718726188,41.2233373038709],[-122.777788419214,41.2232992456366],[-122.777851917997,41.2232674551994],[-122.777993984345,41.223103555883],[-122.777994677601,41.2228784193216],[-122.77805060235,41.2227066016762],[-122.778103241865,41.222545316206],[-122.778032265874,41.2223379954809],[-122.777749806188,41.2221705245031],[-122.777651336842,41.2221120306991],[-122.777353831337,41.2220115182724],[-122.777222292858,41.221967101299],[-122.777187022733,41.2218229100143],[-122.777306708948,41.2217060289761],[-122.777398320939,41.2215937368081],[-122.777534320832,41.2214271778798],[-122.777603898008,41.2210815981751],[-122.777346216035,41.2207688752346],[-122.777190911801,41.2206463677831],[-122.777072003628,41.2205525354264],[-122.776992559617,41.2205480747768],[-122.776892806859,41.2205425325043],[-122.776737979618,41.2205338818046],[-122.776684164917,41.2205663579084],[-122.776492319207,41.2206822227021],[-122.776248316955,41.2207041271209],[-122.776062209332,41.2206079956733],[-122.77595054795,41.220550424345],[-122.775712539651,41.2203607770857],[-122.775562731428,41.2200291633983],[-122.775519839465,41.2199342774775],[-122.775226568778,41.2194409431847],[-122.775084376143,41.2191704677842],[-122.774894576783,41.2189542370921],[-122.774679531353,41.2189264521645],[-122.77428640202,41.2188033471152],[-122.774132566107,41.2187277753854],[-122.77416756399,41.2186372043159],[-122.774406427562,41.2185566359504],[-122.775039545805,41.2183326433751],[-122.775552849117,41.2182345447642],[-122.776078541486,41.2180193277921],[-122.776365900769,41.2177136418975],[-122.776490856207,41.2174405852806],[-122.776430818712,41.2170722735777],[-122.776415942462,41.2170021003839],[-122.776288028774,41.2168632986331],[-122.776166343297,41.21673139194],[-122.776072489002,41.2165886798212],[-122.776035882719,41.21653296328],[-122.776024493647,41.216352721619],[-122.77610825074,41.216280906231],[-122.776251406836,41.2162469907141],[-122.776634120816,41.2162861141243],[-122.776750314318,41.2163069799897],[-122.77706263757,41.2163628981397],[-122.777467485745,41.216508724174],[-122.778051596259,41.2166448945243],[-122.778242621243,41.2166496759892],[-122.778444440293,41.2166623301957],[-122.778730856739,41.2166802329549],[-122.778922411097,41.2166556098129],[-122.779387696615,41.216647634459],[-122.779566757757,41.2166297788712],[-122.780234052542,41.216663931738],[-122.780294161383,41.2166678267444],[-122.780997714363,41.2167946626728],[-122.781546096305,41.2169037524633],[-122.782074570595,41.2169574744371],[-122.782178208852,41.2169680659863],[-122.782659509011,41.2169580109036],[-122.782758681395,41.2169180333873],[-122.78296606009,41.2168343609481],[-122.78303297808,41.2167956391421],[-122.783291085687,41.2166461977145],[-122.783539747764,41.2165021939042],[-122.783886316271,41.2163316736799],[-122.784017761177,41.2162418419486],[-122.784519896315,41.2159274887634],[-122.784757268752,41.2158703734545],[-122.784854104919,41.2158470348015],[-122.785295693416,41.2157937663977],[-122.785713906975,41.2156144338445],[-122.785989164759,41.2153176514929],[-122.786031070228,41.2152457656061],[-122.786361142384,41.2146787358609],[-122.786609931931,41.2143604507405],[-122.786684533558,41.214265029719],[-122.787162979573,41.2138785271426],[-122.787212961471,41.2137599415363],[-122.787307258942,41.2135365095324],[-122.787295992424,41.2133202956423],[-122.787070195964,41.2130586359816],[-122.786835204654,41.2127014339893],[-122.786678703316,41.2123733191136],[-122.786679164163,41.2122471806657],[-122.786725453358,41.2121777223045],[-122.786786907642,41.2121212702853],[-122.787025862395,41.2120316595839],[-122.787455519755,41.2119603465351],[-122.787968780208,41.2118351502709],[-122.788434503684,41.2116828811415],[-122.788565679023,41.2116569726688],[-122.788647173965,41.2116408250008],[-122.788840325401,41.2116025375581],[-122.788967688096,41.2116532555893],[-122.789052320072,41.2116870736155],[-122.789214216046,41.2117982386873],[-122.789357077739,41.2119317358958],[-122.789468107561,41.2120466479863],[-122.789583112758,41.212177969617],[-122.789758873822,41.2123850211803],[-122.789927401353,41.212586826528],[-122.790376839756,41.2123530497525],[-122.790715101185,41.2120405199786],[-122.790951081825,41.2118225842001],[-122.791065502986,41.2117092345503],[-122.791214357824,41.2115618490173],[-122.791327818463,41.2115095552346],[-122.791584721877,41.2113913176889],[-122.791706565611,41.211361465499],[-122.792203636022,41.2112339987376],[-122.792634875863,41.2112310599542],[-122.792791184958,41.2112047669618],[-122.7931123297,41.2111508180745],[-122.793638077853,41.2108815206994],[-122.793925484185,41.2105307156205],[-122.793965690813,41.2104736531499],[-122.794141097947,41.2102248771979],[-122.794630932015,41.209991537427],[-122.794989686331,41.2096948552673],[-122.795217023765,41.2094881058543],[-122.795134399828,41.2091817046994],[-122.795149087976,41.2090754434508],[-122.79519036906,41.2087769175689],[-122.79540992123,41.2083797506235],[-122.795449480155,41.2083366756717],[-122.795693936812,41.208073915572],[-122.795813049371,41.2078397370706],[-122.795821242806,41.2076678075302],[-122.795767369143,41.2074263097964],[-122.795715533603,41.2072370575272],[-122.795686516975,41.2071256403723],[-122.795630527528,41.2069551424568],[-122.795559633753,41.2067142052685],[-122.795502169862,41.2065609610092],[-122.795464932774,41.2064618088247],[-122.795310323812,41.2063174019999],[-122.794881758044,41.2060824592304],[-122.794520535038,41.205648753842],[-122.794370747477,41.2054689870806],[-122.793895343973,41.2049096240664],[-122.79377011523,41.204647359766],[-122.793716756697,41.2045106114804],[-122.793706079819,41.2044048263892],[-122.793992534138,41.2043422722993],[-122.794290904429,41.2042888277799],[-122.794363087158,41.2042571954398],[-122.794577640816,41.2041631565168],[-122.794578114898,41.204001046179],[-122.794514604554,41.2038851703425],[-122.794459558305,41.2037846124146],[-122.794452119138,41.2037130150954],[-122.794436358351,41.2035593801717],[-122.794509419573,41.2035319661694],[-122.794818454313,41.2034158953574],[-122.795057369174,41.2033262705774],[-122.795114104348,41.2032836227793],[-122.795162502015,41.2032472026322],[-122.795348373486,41.2029525741362],[-122.795376697055,41.2028934311671],[-122.795527408069,41.202562083203],[-122.795692643215,41.2022914465238],[-122.795944394035,41.2019045607835],[-122.796063481292,41.20183203325],[-122.796302253885,41.2018275155618],[-122.796469455529,41.201824415418],[-122.796691304263,41.2017282258929],[-122.796779903794,41.2016898260288],[-122.797078257598,41.2016362842617],[-122.797239853288,41.2015720015151],[-122.79733556344,41.2013920793058],[-122.797374971347,41.2013055505708],[-122.797413577318,41.2012045267412],[-122.797580860891,41.2010966621088],[-122.797903349441,41.2009531462093],[-122.798155966139,41.2008820520554],[-122.798285281987,41.2008457159098],[-122.798655865488,41.2005941084809],[-122.798834856384,41.2004473055314],[-122.799050449732,41.2002704718295],[-122.799492717498,41.1999289994554],[-122.799615087162,41.1998460271412],[-122.800102233127,41.1995156295372],[-122.8005685926,41.1991290773908],[-122.800986996503,41.1988055333734],[-122.801357602438,41.1984908992872],[-122.801710942932,41.1982011735448],[-122.801752162144,41.1981672550456],[-122.801855276593,41.1981772102387],[-122.801942955969,41.1981856177361],[-122.80228292197,41.1982520301927],[-122.802407814182,41.1982764645734],[-122.80251344247,41.198320260567],[-122.802669941566,41.1983850078406],[-122.802800888716,41.1984393268881],[-122.803127496111,41.1986547933276],[-122.803348419314,41.1988005904769],[-122.803788697947,41.1991526210858],[-122.804109538767,41.1995495173979],[-122.804223945195,41.1996958034828],[-122.804335221412,41.1998381919747],[-122.804549268421,41.2000457174682],[-122.804633009325,41.2000904522071],[-122.804841268475,41.2002017299304],[-122.80492791923,41.2002477527644],[-122.80516119902,41.200346660205],[-122.805240091729,41.2003801443031],[-122.805349274039,41.2004598313679],[-122.805549480457,41.2006059086244],[-122.805775585708,41.2007863848526],[-122.806061292618,41.2009580444393],[-122.806499365259,41.2011434185813],[-122.806859542488,41.2012476838795],[-122.807443443299,41.2014287972954],[-122.807644199806,41.2014883092634],[-122.807932019131,41.2015737276038],[-122.808265966609,41.2015832823986],[-122.808645968789,41.2016184897033],[-122.808886135116,41.2016465532982],[-122.809136317167,41.2016838581984],[-122.80993472444,41.2019283085462],[-122.809971871819,41.2019395563914],[-122.81066116993,41.2021457877999],[-122.810665418718,41.2021477663309],[-122.811113849719,41.2023536291483],[-122.811352196678,41.202408144939],[-122.811602859596,41.2023724977763],[-122.811603093313,41.2023724015839],[-122.81160321721,41.2023724898713],[-122.811973206802,41.2022829558524],[-122.812247859666,41.2021843820607],[-122.812374983257,41.2021226573124],[-122.812618128023,41.2020047739914],[-122.813012108984,41.2018432949633],[-122.813382216574,41.2017447383963],[-122.813525902727,41.2017618877513],[-122.813540691955,41.2018897563167],[-122.813444058104,41.202057272896],[-122.813378909731,41.2021889204839],[-122.813278772107,41.2023916773653],[-122.813255133063,41.2024453085566],[-122.813260363446,41.2026454283861],[-122.813394935417,41.2027947700638],[-122.813597734988,41.2029759375603],[-122.813664704452,41.2030333955849],[-122.813769763384,41.2037091900887],[-122.81375713555,41.2039613696261],[-122.813744383621,41.2042225680881],[-122.813862851488,41.2045020061395],[-122.813993650808,41.2046644152599],[-122.814589364135,41.2049175356828],[-122.815232908575,41.2050987172205],[-122.815983569187,41.2053791836197],[-122.817007934848,41.20585823922],[-122.817890120403,41.2060307956571],[-122.81851059787,41.2061128553468],[-122.819094985278,41.2061317140013],[-122.819822783178,41.2060878392791],[-122.820455115382,41.2060257344365],[-122.821123340878,41.2059187311023],[-122.821552786138,41.2059103228231],[-122.822232245987,41.2060554992731],[-122.823114302912,41.2063000580687],[-122.824044048379,41.2065266766039],[-122.824795165047,41.2066449800359],[-122.825462850239,41.2067450544017],[-122.826142591468,41.2067911215297],[-122.826715064282,41.2068189592237],[-122.827084790689,41.206864621429],[-122.827382747718,41.2069460714207],[-122.82774056809,41.2069376368173],[-122.828170149626,41.2068932307511],[-122.828623707067,41.2067677718913],[-122.828885334023,41.2065597335395],[-122.829012637421,41.2064966348806],[-122.829244906926,41.206381308802],[-122.829710498596,41.2062649506128],[-122.830390501969,41.2061938747341],[-122.830726382206,41.2061732143891],[-122.831106253124,41.2061498452022],[-122.83154853712,41.2061888064575],[-122.831832289192,41.2062213408477],[-122.832502753164,41.2062980567599],[-122.834407508753,41.2067156841057],[-122.834563901556,41.2067493807554],[-122.835211802437,41.2069846380576],[-122.83579816132,41.2070108568145],[-122.836034596117,41.2069106604192],[-122.836229857276,41.2068271727888],[-122.836467228198,41.2067506666771],[-122.836632421587,41.2066995041762],[-122.837057435941,41.2064916260443],[-122.837570820115,41.2062761543756],[-122.837725416308,41.2061469748339],[-122.83778598492,41.2060963778358],[-122.837869909649,41.2059342683117],[-122.837858366676,41.2057992036402],[-122.837834902501,41.2056460168579],[-122.837894748991,41.205519974336],[-122.837996367294,41.2054435637002],[-122.838080991717,41.2054045026137],[-122.838181419752,41.2053582300686],[-122.838766303895,41.2051789112333],[-122.839327343529,41.2050085143546],[-122.839583122445,41.2049726958738],[-122.839792786079,41.2049280943769],[-122.839874722061,41.2048663737975],[-122.839995894706,41.2047751822902],[-122.840091860466,41.2045681716403],[-122.840047582827,41.2044222196454]]},"properties":{"OBJECTID":94,"OWNERNAME":"Shasta Trinity National Forest","OWNERTYPE":"USDA Forest Service","DESIGNATIO":" ","MANAGEMENT":" ","REV_DATE":1214438400000}},{"type":"Feature","id":95,"geometry":{"type":"LineString","coordinates":[[-122.37848813716,41.1881686459883],[-122.378661766581,41.1884106281538],[-122.378771928066,41.1885494303838],[-122.378856584556,41.1886699668109],[-122.378902065588,41.1887983693189],[-122.378904557173,41.1888052636676],[-122.378964758851,41.1889356379265],[-122.379013236152,41.1890896747061],[-122.379086290048,41.1892339586563],[-122.379141450752,41.1893775914325],[-122.379154359066,41.1894111503458],[-122.37918410711,41.1895608546173],[-122.379183953307,41.1895993487497],[-122.379183598045,41.1897214991481],[-122.379175340003,41.1898748090525],[-122.379150806236,41.1899648791067],[-122.379140158486,41.1899850918601],[-122.379030001145,41.1901481803126],[-122.379012058263,41.1901747520477],[-122.378892198306,41.1903183731046],[-122.378868709457,41.1903465838668],[-122.378712975835,41.1905185594928],[-122.378734317571,41.1905980210182],[-122.378833344965,41.1905914534457],[-122.378842599478,41.1905866810841],[-122.37891886293,41.1905475520449],[-122.37907120581,41.190460105511],[-122.379240565374,41.1903253690735],[-122.379493921165,41.1901044849328],[-122.379691900979,41.1898988021686],[-122.379839879791,41.1896799181764],[-122.380038287747,41.1894836023978],[-122.380188324942,41.1893303933239],[-122.380223100205,41.1892545527975],[-122.380225708968,41.1891465115413],[-122.380232637479,41.1889819583828],[-122.380256705217,41.1887702049929],[-122.380282831624,41.1886240378368],[-122.380334154077,41.1884868553949],[-122.380428362775,41.1883961837362],[-122.380440821673,41.1882869637791]]},"properties":{"OBJECTID":95,"OWNERNAME":"Shasta Trinity National Forest","OWNERTYPE":"USDA Forest Service","DESIGNATIO":" ","MANAGEMENT":" ","REV_DATE":1213920000000}},{"type":"Feature","id":96,"geometry":{"type":"LineString","coordinates":[[-122.954838552704,41.2563818409888],[-122.954596002347,41.2562847679259],[-122.954416891232,41.2562306522451],[-122.954130522218,41.2560774461483],[-122.953927683557,41.2559512152339],[-122.953880010802,41.2558971570865],[-122.953999378312,41.2558791974593],[-122.954333612847,41.2558973795144],[-122.954655954113,41.255861471546],[-122.955166567172,41.255824100483]]},"properties":{"OBJECTID":96,"OWNERNAME":"Klamath National Forest","OWNERTYPE":"USDA Forest Service","DESIGNATIO":" ","MANAGEMENT":" ","REV_DATE":1214438400000}},{"type":"Feature","id":97,"geometry":{"type":"LineString","coordinates":[[-122.955134721155,41.2555898796462],[-122.954823323659,41.255445741613],[-122.954537658153,41.2553239877522],[-122.954292307805,41.2552022764788],[-122.954013045228,41.255013017682],[-122.953884441122,41.2549138901586],[-122.953737852225,41.254832768989],[-122.953491800925,41.2546795138004],[-122.953311073902,41.2544992933826],[-122.953039211035,41.254310038135],[-122.952947515552,41.2542469194049],[-122.952879634292,41.2541973042976],[-122.952771204798,41.2541477427267],[-122.952551851599,41.2540576028984],[-122.952528923363,41.253987454611],[-122.952528126549,41.2539854889481],[-122.952525134908,41.2539765431338],[-122.952510503065,41.2539630018595],[-122.952405845858,41.2538487028346]]},"properties":{"OBJECTID":97,"OWNERNAME":"Klamath National Forest","OWNERTYPE":"USDA Forest Service","DESIGNATIO":" ","MANAGEMENT":" ","REV_DATE":1214438400000}},{"type":"Feature","id":98,"geometry":{"type":"LineString","coordinates":[[-122.723092765823,41.2621408266707],[-122.723253909047,41.2617267414372],[-122.723775246065,41.2613093397971],[-122.724090151237,41.2606010590754],[-122.723910149815,41.2597189738147],[-122.72387649572,41.2588337110112],[-122.723696503182,41.2579516276402],[-122.723658642305,41.2569556530365],[-122.723963714294,41.2559891938814],[-122.724514228393,41.2550543659585],[-122.724827698033,41.2543092429189],[-122.72469223178,41.2533153932314],[-122.724597092925,41.2520992388544],[-122.72450487693,41.2509567720124],[-122.724610529481,41.2498839350934],[-122.724288435071,41.2491156650184],[-122.724162805485,41.2483800896873],[-122.724521981239,41.2477620044344]]},"properties":{"OBJECTID":98,"OWNERNAME":"Private","OWNERTYPE":"Private","DESIGNATIO":" ","MANAGEMENT":" ","REV_DATE":1060300800000}},{"type":"Feature","id":99,"geometry":{"type":"LineString","coordinates":[[-122.724521981239,41.2477620044344],[-122.725284612917,41.247063562833],[-122.726390263128,41.2466210101537]]},"properties":{"OBJECTID":99,"OWNERNAME":"Shasta Trinity National Forest","OWNERTYPE":"USDA Forest Service","DESIGNATIO":" ","MANAGEMENT":" ","REV_DATE":1060300800000}},{"type":"Feature","id":100,"geometry":{"type":"LineString","coordinates":[[-122.510818052299,41.2472593389959],[-122.51066790225,41.2476636143053],[-122.510437398022,41.248167134149],[-122.510181469376,41.2488777017774],[-122.510118828792,41.2492647186957],[-122.51017619111,41.2495712599997],[-122.510233714678,41.249868784624],[-122.510279810301,41.2500851288284],[-122.51030891623,41.2501773131849],[-122.51031749716,41.2502418709219],[-122.510506899137,41.2508624763392],[-122.510605992169,41.2510870467155],[-122.510658677747,41.2512599859183],[-122.510839280766,41.2515748798682],[-122.511113054932,41.2519009790881],[-122.51115179422,41.2519719650901],[-122.511363457532,41.2521895905694],[-122.511675220779,41.2526773833505],[-122.511687375397,41.2528404077101],[-122.511702007247,41.2530367373225],[-122.511721013741,41.2533033909982],[-122.511698797102,41.2534690855311],[-122.511713882938,41.2535422584381],[-122.511733986526,41.2536394915693],[-122.511740224573,41.25369156489],[-122.511787670285,41.2538203448351],[-122.511824447968,41.2539203995862],[-122.511822143169,41.2540009513644],[-122.511884606744,41.2541635089261],[-122.51193095669,41.2543528934452],[-122.511942508993,41.2544000823616],[-122.511934804543,41.2545408750355],[-122.511914914329,41.25490224818],[-122.511913023156,41.2551544433758],[-122.51194698233,41.2552862885647],[-122.511982614425,41.2554250413762],[-122.512000576306,41.255597235971],[-122.512024570551,41.2556387661281],[-122.512072693347,41.2557732116115],[-122.512167355278,41.2558914893673],[-122.512181928817,41.2559432160886],[-122.512274821214,41.2562729384807],[-122.512379578566,41.2566246916048],[-122.512436873186,41.2569492677848],[-122.512434655531,41.2572465473746],[-122.51242021982,41.2574062290315],[-122.512408621856,41.2575346594951],[-122.512423173011,41.2576299303785],[-122.512454112352,41.2578320661833],[-122.512522963562,41.2582106829767],[-122.512592559364,41.2584812821674],[-122.512590587329,41.2587515119585],[-122.512552289246,41.2588973356053],[-122.51252914073,41.2589854291909],[-122.512410768618,41.2591706324284],[-122.512373566913,41.2592287164019],[-122.512270687804,41.2593489676705],[-122.51213125485,41.2595152105461],[-122.511939097702,41.2596675432138],[-122.51184489516,41.2598210692399],[-122.511777658021,41.2599306900184],[-122.511744606072,41.2599846329559],[-122.511683650904,41.2600489619351],[-122.511477315011,41.2602663981944],[-122.511438917476,41.2603175631017],[-122.511413911351,41.2603595351632],[-122.511305472518,41.2605424646665],[-122.511285716536,41.2605946991841],[-122.511253627194,41.2606795449712],[-122.511214129967,41.2608354914623],[-122.511153356475,41.261034324633],[-122.511104018987,41.2611953356152],[-122.511006492308,41.261465136484],[-122.510930954392,41.261739543852],[-122.510899088434,41.2617797593553],[-122.510783235203,41.2620166604118],[-122.510738218812,41.2622296033682],[-122.510658576472,41.2623835586235],[-122.510619776255,41.2624505072869]]},"properties":{"OBJECTID":100,"OWNERNAME":"Private","OWNERTYPE":"Private","DESIGNATIO":" ","MANAGEMENT":" ","REV_DATE":969580800000}},{"type":"Feature","id":101,"geometry":{"type":"LineString","coordinates":[[-122.726390263128,41.2466210101537],[-122.726595334085,41.2460810113918],[-122.726644577958,41.245729857539],[-122.726753283174,41.2454058101176],[-122.72700533549,41.2450821599228],[-122.727256815987,41.2448845632465],[-122.727460085933,41.244776910294],[-122.727830569562,41.2446607496867],[-122.728141049695,41.2446254129466],[-122.728451944662,41.2444819679443],[-122.728571780979,41.2443471884903],[-122.728680031691,41.2441492798361],[-122.728752308807,41.2439962423959],[-122.728884010561,41.243897537123],[-122.729170902904,41.2437721028181],[-122.729470014705,41.2436106094865],[-122.729661533699,41.2434669656572],[-122.729925310314,41.2431792976858],[-122.730105283431,41.2429454764816],[-122.730249759339,41.2426125337144],[-122.730262849578,41.2423333008691],[-122.730264386797,41.2419729966919],[-122.730276931628,41.2418108909569],[-122.730349765944,41.2415317999832],[-122.73043378896,41.2414149283387],[-122.730649503257,41.2411992610357],[-122.730733567696,41.241055341493],[-122.730830442211,41.240731278549],[-122.730962188157,41.2405964178216],[-122.731069986188,41.2405246484761],[-122.731380696537,41.2404082465681],[-122.732073591109,41.2402206769818],[-122.732408297031,41.2400863490064],[-122.732528086991,41.2399695085423],[-122.732708381886,41.2396726564419],[-122.732757017466,41.2394565707387],[-122.73278281587,41.2389792547826],[-122.732759739621,41.2387899775196],[-122.732700773746,41.2386006701313],[-122.732499082065,41.2383299972808],[-122.732427972446,41.2382037035343],[-122.732452830549,41.2379425171345],[-122.732513141064,41.237807500053],[-122.732681007877,41.2376007162154],[-122.732956077916,41.2374662450613],[-122.733075701488,41.237376455096],[-122.733219456109,41.2372597226917],[-122.733458439494,41.2371701238706],[-122.733697571535,41.237062580535],[-122.733853102496,41.2369638924694],[-122.734200292698,41.2366853969954],[-122.734392349325,41.2364065888772],[-122.734440803669,41.2362265696261],[-122.734465786766,41.2359563647778],[-122.734395056106,41.2357399986108],[-122.73413400426,41.2353791140879],[-122.733908319988,41.2351263671811],[-122.733682489157,41.234891655696],[-122.733099654662,41.2344308621327],[-122.732743091405,41.2340787301285],[-122.732707877692,41.2339525556152],[-122.732744247245,41.2337994896094],[-122.73287649376,41.2335656223127],[-122.733104464169,41.2332688145843],[-122.733547601765,41.2328555200497],[-122.733882896556,41.2325500590597],[-122.734230023739,41.2322986126676],[-122.734433627339,41.2321008743479],[-122.734565660275,41.2319210166241],[-122.734998167643,41.2312014152087],[-122.735238287515,41.2308235582477],[-122.735657726035,41.230374169657],[-122.736124446008,41.230032927165],[-122.736674727281,41.2297008574346],[-122.73724855724,41.2294048756031],[-122.738013522552,41.2291003858472],[-122.738491574123,41.228903317966],[-122.738754730188,41.2287327617145],[-122.739017670516,41.228625230061],[-122.739268370047,41.2285717870729],[-122.73973387668,41.2285457448987],[-122.74042552419,41.2286284440984],[-122.740974438676,41.228638620099],[-122.741523406921,41.22861281864],[-122.741774054322,41.2285954351352],[-122.742048911658,41.2284879059622],[-122.74237131656,41.2283985392581],[-122.742478741081,41.2283988039529],[-122.742669427326,41.2284532333243],[-122.742764575215,41.2285345451122],[-122.742883544186,41.2286339086442],[-122.742978743223,41.2286791580508],[-122.743085996187,41.2287153978106],[-122.743152549411,41.228722415502]]},"properties":{"OBJECTID":101,"OWNERNAME":"Shasta Trinity National Forest","OWNERTYPE":"USDA Forest Service","DESIGNATIO":" ","MANAGEMENT":" ","REV_DATE":969580800000}},{"type":"Feature","id":102,"geometry":{"type":"LineString","coordinates":[[-122.51622698983,41.2327452746646],[-122.516411029379,41.232815685024],[-122.516659871094,41.2330509405822],[-122.516813041195,41.2333218344876],[-122.516809209165,41.2338442470844],[-122.51687594303,41.23450209362],[-122.517000998858,41.2353404235906],[-122.516963395884,41.235583504178],[-122.516926319354,41.2357634706797],[-122.516600383677,41.2362665680895],[-122.515999337639,41.2368495630297],[-122.515519153342,41.2372348611215],[-122.514906939391,41.2377277420329],[-122.514317992652,41.2382927260669],[-122.513789235786,41.23878600189],[-122.513367168289,41.2393877521212],[-122.512849907984,41.2399440806067],[-122.512621252825,41.2401863039928],[-122.512596619173,41.2403032733454],[-122.512472530353,41.2409333072974],[-122.512434908777,41.2411763896105],[-122.512204066648,41.2417339166745],[-122.512129559745,41.2421118837534],[-122.511970136218,41.2426967390375],[-122.511617445695,41.2435780086201],[-122.511531255444,41.243928985074],[-122.511310717952,41.2447027612333],[-122.511234887545,41.2452609689484],[-122.511157035152,41.2460983297827],[-122.511046041075,41.2465752955654],[-122.510875043428,41.247106020128],[-122.510818052299,41.2472593389959]]},"properties":{"OBJECTID":102,"OWNERNAME":"Shasta Trinity National Forest","OWNERTYPE":"USDA Forest Service","DESIGNATIO":" ","MANAGEMENT":" ","REV_DATE":969580800000}},{"type":"Feature","id":103,"geometry":{"type":"LineString","coordinates":[[-122.743152549411,41.228722415502],[-122.743348379805,41.2287430119878],[-122.743718359442,41.2287348243451],[-122.743957109255,41.2286993945217],[-122.744291920994,41.2285199552911],[-122.744854087696,41.2281788430767],[-122.745033451884,41.2280621298822],[-122.745177193469,41.227927352572],[-122.745189858409,41.2277381968848],[-122.7451794707,41.2273237944543],[-122.745228048337,41.2271167225452],[-122.745443909094,41.2268199771848],[-122.745599761117,41.2266311110308],[-122.745731563476,41.2265053411534],[-122.745755993167,41.226343245531],[-122.745720563647,41.2262710846024],[-122.745578117829,41.2260816312439],[-122.745352421585,41.2258289085988],[-122.745376810974,41.2256937698972],[-122.745436607838,41.2256489156266],[-122.745639430322,41.2256313094399],[-122.746009043199,41.2257041720756],[-122.747213410403,41.2259050629001],[-122.748358111254,41.2260606391712],[-122.74901413059,41.2261161235057],[-122.749503119846,41.2261713015139],[-122.75074310222,41.2264081606314],[-122.750993548052,41.2264447680345],[-122.751160425463,41.2264721179802],[-122.751719876745,41.2265583772518],[-122.751779001714,41.2265675381538],[-122.75193437487,41.2266026223612],[-122.752316972962,41.226699794346],[-122.752698546232,41.2267547060017],[-122.753080115502,41.2268095236769],[-122.753402048673,41.2268822408533],[-122.753735955275,41.2269189912501],[-122.754141315665,41.2269413685463],[-122.754235696396,41.2269465979077],[-122.754535271846,41.2269740918775],[-122.754821346637,41.2270474137711],[-122.755071488005,41.2271380221827],[-122.755369418579,41.2272467836109],[-122.755548178326,41.2273102001192],[-122.755726633242,41.2274277179961],[-122.755941315419,41.2274641991161],[-122.756120250468,41.2274825337081],[-122.756276359181,41.227477747836],[-122.756668712672,41.2275647757722],[-122.757002557715,41.2276556132582],[-122.757319263396,41.2276913804216],[-122.757407990511,41.2277014187399],[-122.757508079799,41.2277341078426],[-122.757908547952,41.2278646789591],[-122.758480968411,41.2279559423915],[-122.758969823323,41.2280380444338],[-122.759470741902,41.2281021169111],[-122.759837933726,41.228232153497],[-122.759925838374,41.2282672724911]]},"properties":{"OBJECTID":103,"OWNERNAME":"Private","OWNERTYPE":"Private","DESIGNATIO":" ","MANAGEMENT":" ","REV_DATE":969580800000}},{"type":"Feature","id":104,"geometry":{"type":"LineString","coordinates":[[-122.520557159748,41.2176611275294],[-122.520506443625,41.2177984529241],[-122.520205022873,41.2182295696513],[-122.519676612066,41.2187137522967],[-122.519364560167,41.2189646914578],[-122.51887096939,41.2195751915251],[-122.518702978554,41.2197096453674],[-122.518523386032,41.2197988960864],[-122.518200014049,41.2199687457665],[-122.517935920273,41.2201838305285],[-122.51771877842,41.2205072331081],[-122.517586545779,41.2206417787942],[-122.516747005517,41.2212418204982],[-122.516123381874,41.2216805711202],[-122.51586948344,41.2221389420665],[-122.515748105032,41.222426702901],[-122.515600840046,41.2229755173614],[-122.515296752777,41.2237669179861],[-122.515101923401,41.2242886498411],[-122.515087752035,41.2245948141639],[-122.514941951118,41.2249545544461],[-122.514689466256,41.2252057302546],[-122.514568527521,41.2254213624238],[-122.514519614179,41.2255833528054],[-122.514453291827,41.2264928571919],[-122.514413271478,41.2270511492043],[-122.514095677145,41.2280497162976],[-122.513925200016,41.2285083968212],[-122.513838014864,41.2290034484939],[-122.513847601798,41.2293277983247],[-122.513869564513,41.229580140247],[-122.514174805864,41.2302479857577],[-122.514386307619,41.2306902594324],[-122.514738190318,41.2315115066445],[-122.51500943368,41.2319540237943],[-122.515257781999,41.2322433830755],[-122.515554555418,41.2324518071744],[-122.515839932903,41.2325970829414],[-122.51622698983,41.2327452746646]]},"properties":{"OBJECTID":104,"OWNERNAME":"Private","OWNERTYPE":"Private","DESIGNATIO":" ","MANAGEMENT":" ","REV_DATE":969580800000}},{"type":"Feature","id":105,"geometry":{"type":"LineString","coordinates":[[-122.457074271845,41.1895539217024],[-122.457089083154,41.1895584983344],[-122.457403896824,41.1896568931194],[-122.457689548963,41.1897213325998],[-122.45801111665,41.1897768629702],[-122.458404131766,41.1898417187087],[-122.458713717443,41.1898882874456],[-122.459059216116,41.1899259484365],[-122.459440103154,41.1900087979085],[-122.46001239693,41.1900204572433],[-122.460429203561,41.190094485371],[-122.460691287803,41.1901317062316],[-122.46086962663,41.1901866177623],[-122.461190623312,41.1903052530162],[-122.461475244968,41.1904957273088],[-122.461700697648,41.1906319241132],[-122.461985848233,41.1907683005759],[-122.462235084948,41.1909135842526],[-122.462567740434,41.191059302918],[-122.462864908928,41.1911777710063],[-122.463031454743,41.1912326407225],[-122.463257726598,41.1912607350555],[-122.463579566435,41.1912892025953],[-122.463949006069,41.1913089815294],[-122.464258668685,41.1913644602744],[-122.464628058342,41.1913931623393],[-122.464926163152,41.1914035234289],[-122.465331208384,41.1914504519288],[-122.465652933862,41.1914790069345],[-122.466022542953,41.1914897607441],[-122.46633239637,41.1915091726165],[-122.466690037346,41.1915288146574],[-122.467071608653,41.1915305874035],[-122.467369906322,41.1915049700119],[-122.467739916799,41.1914616231605],[-122.468109926804,41.1914182769293],[-122.468467924151,41.1913929245732],[-122.468849803135,41.1913586260377],[-122.469112299993,41.1913418245037],[-122.469482002732,41.1913345375185],[-122.469828033544,41.1913180707377],[-122.470197829723,41.1912927507975],[-122.470508159963,41.1912671593983],[-122.470902307492,41.1911879014954],[-122.47116485223,41.1911620799685],[-122.471463146666,41.1911364538492],[-122.471856491666,41.1911652921877],[-122.472190084641,41.1912027914411],[-122.472690587812,41.19125015574],[-122.472940906052,41.1912602704102],[-122.473238848996,41.1912797196036],[-122.473608712278,41.1912633127056],[-122.473990070422,41.1912830956585],[-122.474299832686,41.1913205187274],[-122.474621562611,41.1913490515559],[-122.475026870904,41.1913688997025],[-122.475408441516,41.1913706459257],[-122.475623014795,41.1913806491563],[-122.475813963886,41.1913724592455],[-122.47610008033,41.1913737464042],[-122.476434199454,41.1913573160047],[-122.476851517044,41.1913591618999],[-122.477233086463,41.1913609030264],[-122.477555028686,41.1913713938474],[-122.477876756042,41.1913998285124],[-122.478222529909,41.1914103858976],[-122.478580360859,41.1913940226564],[-122.478914309221,41.1913865136166],[-122.479081260569,41.1913872668566],[-122.479271907695,41.1914151349079],[-122.479748720376,41.1914353573054],[-122.479999298434,41.1914184066173],[-122.480381218904,41.1913751493265],[-122.48073930449,41.1913317302075],[-122.481121175586,41.1912973939796],[-122.481443208711,41.1912898442275],[-122.481800688565,41.1913184609201],[-122.482194429508,41.1912931716573],[-122.482934038512,41.1912604864516],[-122.483303856103,41.1912531558284],[-122.483673253421,41.1912818017479],[-122.483899652223,41.1913098562231],[-122.48440025201,41.1913391438239],[-122.484721982155,41.191367560404],[-122.485115379114,41.1913873411389],[-122.485508909349,41.1913800763174],[-122.48583124155,41.1913364507071],[-122.486165745183,41.191265899719],[-122.486475951133,41.1912402705987],[-122.486858028246,41.1911878851924],[-122.487239944094,41.1911446053119],[-122.487550055903,41.1911369148722],[-122.487967465487,41.191120783725],[-122.488313492985,41.1911042653922],[-122.48867148331,41.1910788560748],[-122.489005518667,41.1910532890892],[-122.489410877933,41.1910641652701],[-122.489721540918,41.190993447936],[-122.490151029171,41.1909683247185],[-122.490497191753,41.1909248438686],[-122.490855309245,41.1908722908323],[-122.49111789318,41.190837501533],[-122.491464302378,41.1907668803112],[-122.491882467729,41.1906696791595],[-122.492133513927,41.1905806681071],[-122.492420474457,41.1904828301885],[-122.492731818317,41.1903221258452],[-122.492971241858,41.19019701613],[-122.493294336801,41.1900453619248],[-122.4935817947,41.1898934225997],[-122.493809553954,41.1897413188677],[-122.494085110957,41.1895623924452],[-122.494372698609,41.1893834969267],[-122.494612368919,41.1892313354121],[-122.494863955261,41.1890792963559],[-122.495187289865,41.1889005884629],[-122.495388656569,41.1887776740189]]},"properties":{"OBJECTID":105,"OWNERNAME":"Shasta Trinity National Forest","OWNERTYPE":"USDA Forest Service","DESIGNATIO":" ","MANAGEMENT":" ","REV_DATE":969580800000}},{"type":"Feature","id":106,"geometry":{"type":"LineString","coordinates":[[-122.454753716789,41.1892652447268],[-122.45478360438,41.1892752053116],[-122.455129315751,41.1892948441696],[-122.455236730956,41.1892863386518],[-122.455377395488,41.1892780825286],[-122.455499397974,41.1892641523768],[-122.455721726138,41.1892713342898],[-122.456142101491,41.1892515535052],[-122.456417108883,41.1893009704082],[-122.456690426043,41.1894192905966],[-122.45702332803,41.1895379733387],[-122.457074271845,41.1895539217024]]},"properties":{"OBJECTID":106,"OWNERNAME":"Shasta Trinity National Forest","OWNERTYPE":"USDA Forest Service","DESIGNATIO":" ","MANAGEMENT":" ","REV_DATE":969580800000}},{"type":"Feature","id":107,"geometry":{"type":"LineString","coordinates":[[-122.437489780737,41.1899593025499],[-122.437504623579,41.1899578417524],[-122.437844343244,41.1900045974134],[-122.437978199567,41.1900273228613],[-122.437999170895,41.1900308817878],[-122.438118283973,41.1900510089031],[-122.438510961003,41.1901519910771],[-122.438760898653,41.1902072520749],[-122.439153407347,41.1903172505482],[-122.439439045729,41.1903817313526],[-122.439772517958,41.1904373472745],[-122.440117737917,41.1905021093016],[-122.440535223245,41.1904951493008],[-122.440797777029,41.1904693910988],[-122.4411920025,41.1903812098161],[-122.441502491834,41.1903286455265],[-122.441872683105,41.1902764482382],[-122.442206952841,41.190232972298],[-122.442672101022,41.1902262479332],[-122.442922887894,41.1901734006622],[-122.443281159959,41.1901210714805],[-122.443555998681,41.1900503563953],[-122.443699535988,41.1899969854566],[-122.443843496523,41.1898896074497],[-122.444095733017,41.1896835739991],[-122.444252672552,41.1894501913994],[-122.444295425992,41.1893377585173]]},"properties":{"OBJECTID":107,"OWNERNAME":"Shasta Trinity National Forest","OWNERTYPE":"USDA Forest Service","DESIGNATIO":" ","MANAGEMENT":" ","REV_DATE":969580800000}},{"type":"Feature","id":108,"geometry":{"type":"LineString","coordinates":[[-122.435366349686,41.1894034799685],[-122.435440331561,41.1894524320461],[-122.435748989945,41.1896160830194],[-122.436045732127,41.189779696918],[-122.436199838748,41.1898794645513],[-122.436389970276,41.1899524806065],[-122.436723440752,41.1900081944413],[-122.437057438111,41.18999178157],[-122.437415441945,41.1899665169266],[-122.437489780737,41.1899593025499]]},"properties":{"OBJECTID":108,"OWNERNAME":"Shasta Trinity National Forest","OWNERTYPE":"USDA Forest Service","DESIGNATIO":" ","MANAGEMENT":" ","REV_DATE":969580800000}},{"type":"Feature","id":109,"geometry":{"type":"LineString","coordinates":[[-122.433927365602,41.1894146776746],[-122.433939113275,41.189300956243],[-122.433913712403,41.1891528018088],[-122.433905096924,41.1891025785634],[-122.434097111956,41.1889503795848],[-122.434300131244,41.1889153349223],[-122.434526179787,41.188979542112],[-122.434882452441,41.189156153846],[-122.435179511933,41.1892800070932],[-122.435366349686,41.1894034799685]]},"properties":{"OBJECTID":109,"OWNERNAME":"Private","OWNERTYPE":"Private","DESIGNATIO":" ","MANAGEMENT":" ","REV_DATE":969580800000}},{"type":"Feature","id":110,"geometry":{"type":"LineString","coordinates":[[-122.495388656569,41.1887776740189],[-122.495478129562,41.1887159453132],[-122.495714497939,41.1885786308459],[-122.495834543615,41.1884710388706],[-122.496242125399,41.1881935618987],[-122.496481876658,41.1880234566995],[-122.496685453203,41.1879162725971],[-122.49691315349,41.1877730906994],[-122.497164730203,41.187621047486],[-122.497332776259,41.1874686856023],[-122.497512852627,41.1873162646609],[-122.497678620084,41.1874611605873],[-122.497924673954,41.1880297633207],[-122.498158236855,41.1887116584983]]},"properties":{"OBJECTID":110,"OWNERNAME":"Private","OWNERTYPE":"Private","DESIGNATIO":" ","MANAGEMENT":" ","REV_DATE":969580800000}},{"type":"Feature","id":111,"geometry":{"type":"LineString","coordinates":[[-122.444295425992,41.1893377585173],[-122.444300454671,41.1893244988625],[-122.444338058894,41.1892253269775],[-122.44444723314,41.1890097340733],[-122.444580284373,41.1887851109423],[-122.444654075792,41.1885242337189],[-122.444846608666,41.1883180122409],[-122.445156766483,41.188301501729],[-122.445490655157,41.1883030970275],[-122.445919719651,41.1883321309803],[-122.44618273322,41.1882433410235],[-122.446339561235,41.1880278970265],[-122.446592105201,41.1877858844771],[-122.446664289867,41.1877051474322],[-122.446892143373,41.1875531303711],[-122.447202985673,41.1874555609813],[-122.4474060945,41.1874024653882],[-122.447620819732,41.1874034983271],[-122.447930652169,41.18742295576],[-122.448085360857,41.18745977678],[-122.448251714246,41.1875235935256],[-122.448562135998,41.1874800265307],[-122.448919804988,41.1874907926726],[-122.44931295199,41.1875287214727],[-122.44965806626,41.1876113957847],[-122.449967167313,41.1877210083758],[-122.450324148893,41.1878127344659],[-122.450681083798,41.1879135666386],[-122.451026201789,41.1879962377716],[-122.451323489425,41.1880877777475],[-122.451644727242,41.1881793894058],[-122.451965747527,41.1882889430615],[-122.452322420527,41.1884168175452],[-122.452560128945,41.1885079887244],[-122.45283322375,41.1886444409981],[-122.453177614253,41.1888171753723],[-122.453474491759,41.1889627158566],[-122.453807872348,41.1890364157696],[-122.454236146084,41.1891464773293],[-122.454510142538,41.1891838374883],[-122.45464163105,41.1892277765513],[-122.454753716789,41.1892652447268]]},"properties":{"OBJECTID":111,"OWNERNAME":"Shasta Trinity National Forest","OWNERTYPE":"USDA Forest Service","DESIGNATIO":" ","MANAGEMENT":" ","REV_DATE":969580800000}},{"type":"Feature","id":119,"geometry":{"type":"LineString","coordinates":[[-122.126122179172,41.1119898302682],[-122.126317845583,41.1121633413214],[-122.126417871853,41.1122497894989],[-122.126595202866,41.1123546626687],[-122.126677812043,41.1124678141917],[-122.126726213589,41.1126394106319],[-122.126622228999,41.1128411766827],[-122.126529807484,41.1130838447352],[-122.12638655364,41.1133259350853],[-122.126253817116,41.1136177789289],[-122.126128193373,41.1138404603785],[-122.125991622109,41.1139064125681],[-122.125844691743,41.1139883125436],[-122.125685102444,41.1140727718642],[-122.125539043866,41.1140715569013],[-122.125228395739,41.1140422214792],[-122.124944395243,41.114008468204],[-122.124752501839,41.1140027116614],[-122.124580405833,41.1140104108619],[-122.124493360253,41.1141132847182],[-122.124477037599,41.1143338395658],[-122.12455899115,41.1146138354879],[-122.12474289496,41.114727613317],[-122.124867261538,41.1148322164846],[-122.125123349323,41.1149963221963],[-122.125378840467,41.1151603469342],[-122.125529241886,41.115328229411],[-122.125613283174,41.1154414484967],[-122.125581718601,41.1156173779491],[-122.125563345012,41.1157203492165],[-122.125562197417,41.1158022059842],[-122.125560067718,41.1159633960484],[-122.125618655557,41.116044959329],[-122.125757528247,41.1160685583761],[-122.125935779406,41.116047505786],[-122.125936611726,41.116047492274],[-122.126037242658,41.1159131110567],[-122.126131656163,41.1157736980469]]},"properties":{"OBJECTID":119,"OWNERNAME":"Shasta Trinity National Forest","OWNERTYPE":"USDA Forest Service","DESIGNATIO":" ","MANAGEMENT":" ","REV_DATE":1121385600000}},{"type":"Feature","id":120,"geometry":{"type":"LineString","coordinates":[[-122.167084938459,41.1389667965923],[-122.167505361221,41.1392129752492],[-122.167769767351,41.1393861412482],[-122.167932870411,41.1395044574534],[-122.168182214562,41.1396952775145],[-122.168406667654,41.1397872032612],[-122.168846460129,41.139925511837],[-122.169056852818,41.1399539544427],[-122.169255916019,41.1400093641394],[-122.1694817101,41.1400470940167],[-122.169609719939,41.1400480297266],[-122.169733901744,41.1400128886431],[-122.169872866095,41.1399823589663],[-122.170067289357,41.1400378470129],[-122.170122285358,41.1401596560411],[-122.169908139291,41.1404284510163],[-122.169695433173,41.1405755401596],[-122.169560822734,41.1406871141356],[-122.16944048651,41.1408258422394],[-122.16945454049,41.1409520564351],[-122.169334108928,41.1410640164428],[-122.169326419125,41.1411011041036],[-122.169357344254,41.1411434718627],[-122.169395805373,41.1411673219054],[-122.169474846847,41.1411945246997],[-122.169547917961,41.1412054267603],[-122.169605118494,41.1411874910641],[-122.169755086669,41.1411073769265],[-122.169929867955,41.1410682937744],[-122.170097321822,41.1410152782776],[-122.170205616509,41.1409350752122],[-122.170266527442,41.1408273000314],[-122.170316162769,41.1406655503835],[-122.170497562667,41.1404596063892],[-122.170605450937,41.1403974356563],[-122.170692425936,41.1404114314487],[-122.170712691146,41.1404162167135],[-122.170735219053,41.1405155150928],[-122.170733551964,41.1406414605331],[-122.170695084745,41.1408575469262],[-122.170656071814,41.1411185297866],[-122.170689128556,41.141325806346],[-122.170829028077,41.1415701666909],[-122.170934370512,41.1417150778937],[-122.171121844939,41.1419774520401],[-122.171215483928,41.1421132831464],[-122.171452062686,41.1422593426197],[-122.171713326129,41.1423240350238],[-122.172081772293,41.1423897510579],[-122.172403415939,41.1423921025589],[-122.172773383021,41.1423586429127],[-122.173167019786,41.1423165683246],[-122.173528939135,41.1422021250608],[-122.173933099552,41.1421733878002],[-122.174223682058,41.1420897446822],[-122.174620481481,41.1418181309355],[-122.174986607862,41.1415323554284],[-122.175249151744,41.1412189956098],[-122.175448447794,41.1409950657441],[-122.175710404578,41.1407763554505],[-122.175826823088,41.1405834277291],[-122.17592284458,41.1403499351456],[-122.176223702544,41.140275663843],[-122.176309344142,41.1400375742055],[-122.176457548852,41.1398132699643],[-122.17666823191,41.1395175729764],[-122.17672248377,41.1392926478817],[-122.176851249425,41.1389378054688],[-122.176948507801,41.1385961289448],[-122.177305930209,41.1381302322712],[-122.177573355948,41.137884384457],[-122.177804886873,41.1375933711492],[-122.178093528153,41.1372621574676],[-122.17830907148,41.1370564168989],[-122.178517749951,41.1368598997762],[-122.178699990398,41.1366944893952],[-122.178755947202,41.1364515058792],[-122.17881800936,41.1363665120988],[-122.178979895004,41.1363541411358],[-122.179088067423,41.136399847769],[-122.179077735244,41.1365574919077],[-122.179017572967,41.1366697634399],[-122.179024138554,41.1367958360181],[-122.179140255999,41.1369227956382],[-122.179238502608,41.1371081134763],[-122.179303170639,41.1372932040102],[-122.179350010729,41.1375459345064],[-122.179364152996,41.1377803070137],[-122.179420172449,41.1379471598689],[-122.179527998515,41.138024421052],[-122.179609966672,41.138187218164],[-122.179648692462,41.1384353134406],[-122.179771297243,41.1386973601487],[-122.179920888138,41.1387660525012],[-122.180138047553,41.1388487085858],[-122.180169174065,41.138862228432],[-122.180183958122,41.1387454270324],[-122.180199893506,41.1386507794808],[-122.180261257982,41.1385702130487],[-122.18028697415,41.1384174384161]]},"properties":{"OBJECTID":120,"OWNERNAME":"Shasta Trinity National Forest","OWNERTYPE":"USDA Forest Service","DESIGNATIO":" ","MANAGEMENT":" ","REV_DATE":1121385600000}},{"type":"Feature","id":121,"geometry":{"type":"LineString","coordinates":[[-122.232048036574,41.1508233327797],[-122.232229269346,41.1508770679748],[-122.232407101931,41.1509592563678],[-122.232565604099,41.1510325050397],[-122.232680156896,41.1511053662366],[-122.232814179682,41.1511151452123],[-122.23298138362,41.1510126538181],[-122.233279177998,41.1507713663916],[-122.233492841468,41.1506466836781],[-122.233608395411,41.1505260021254],[-122.233728895865,41.1503959504277],[-122.233879886538,41.1502890589173],[-122.234067367411,41.150245153671],[-122.234362098794,41.1502652234438],[-122.234594807142,41.1503163231007],[-122.234811985489,41.1503312859784],[-122.235168046222,41.1504012761178],[-122.235540280208,41.150466741388],[-122.235866099675,41.1505138328502],[-122.236088983402,41.1505017407759],[-122.236389516204,41.1504633837546],[-122.236597506114,41.1503745810639],[-122.236791211255,41.1501866116806],[-122.236881149789,41.1500160009342],[-122.237013005338,41.1498187713544],[-122.237113575889,41.1496302110222],[-122.237250052255,41.1494781474289],[-122.237381418784,41.1493302311425],[-122.237547572307,41.1492592986396],[-122.237754387747,41.1492742619291],[-122.237964599678,41.1493409008048],[-122.238145192107,41.1493664263496],[-122.238358214008,41.1493436906449],[-122.238602816206,41.1493370647816],[-122.238794846203,41.1492902752316],[-122.238954962815,41.149251087643],[-122.239157479936,41.1492122239064],[-122.239242006766,41.149135539088],[-122.239319260265,41.1490203150431],[-122.239427485798,41.1488521688571],[-122.239622550696,41.1485478953117],[-122.239766117413,41.1483866881165],[-122.239887696172,41.1482344360351],[-122.240068147509,41.1480914976168],[-122.240170970459,41.1480288160924],[-122.240309653395,41.1479896503041],[-122.240437746219,41.1479583345815],[-122.240588216505,41.1479573542003],[-122.240722601073,41.1480169637547],[-122.240965654687,41.1481401567391],[-122.241548367614,41.1482542040415],[-122.241705715243,41.1483094348788],[-122.241856714218,41.148332961347],[-122.241974105604,41.1483516814304],[-122.242124596331,41.1483436686133],[-122.242404850806,41.1483273831597],[-122.242741989081,41.1484243711733],[-122.24285120845,41.1485016443252],[-122.242979471966,41.1485519859724],[-122.243119372827,41.1485708423214],[-122.243240884389,41.1485537926231],[-122.243370012577,41.1485365169847],[-122.243517279422,41.1485510952032],[-122.243648863039,41.1485743359325],[-122.243766743229,41.1486200860421],[-122.243880765108,41.1486795150226],[-122.243996797361,41.1487613528318],[-122.244223573745,41.1489158376724],[-122.244352426486,41.1489887932477],[-122.244469572924,41.1490300496654],[-122.244614814396,41.1490445713271],[-122.244946652938,41.1491279472663],[-122.245392567711,41.1492839099042],[-122.245619705221,41.149289931564],[-122.24562573069,41.1492808099852],[-122.245728722957,41.1491285263322],[-122.245818859079,41.1490029713165],[-122.245878949143,41.1488951725782],[-122.245899860284,41.1486882964758],[-122.24590771123,41.1485397003467],[-122.245885038375,41.1483592939624],[-122.245880989663,41.1481881081667],[-122.245741436472,41.1480205236281],[-122.24573239338,41.1477772280124],[-122.24567448464,41.147623683273],[-122.245637378048,41.1474119880064],[-122.245628568283,41.147217992928],[-122.245653090137,41.147092263602],[-122.245662737165,41.1468830645419],[-122.245410711419,41.1465303761374],[-122.245213050575,41.1463055152836],[-122.245214617848,41.1461615394915],[-122.245240338256,41.1459903617403],[-122.245244518922,41.145926109374]]},"properties":{"OBJECTID":121,"OWNERNAME":"Roseburg Resources Company","OWNERTYPE":"Private","DESIGNATIO":" ","MANAGEMENT":" ","REV_DATE":1121385600000}},{"type":"Feature","id":122,"geometry":{"type":"LineString","coordinates":[[-122.24973542193,41.1457708682856],[-122.249816645555,41.1459842035061],[-122.249849519364,41.1462276114862],[-122.249907167452,41.1463991860095],[-122.250024707935,41.1465441765812],[-122.250190711576,41.146617177959],[-122.250415312333,41.146762767296],[-122.250579995139,41.1469530590606],[-122.25066146442,41.1471247464815],[-122.250706413454,41.1473772215497],[-122.250739072627,41.1476478543523],[-122.250761020128,41.1478009619831],[-122.250889148649,41.1480632086833],[-122.250971602425,41.1481448330461],[-122.251132587142,41.1482360408407],[-122.253028383041,41.1493390144769],[-122.253408415262,41.1493414604726],[-122.254105474506,41.1497439030928],[-122.254484714702,41.1498347833877],[-122.254717585279,41.1499246936913],[-122.255208096586,41.1505022896827],[-122.255381068793,41.1507245149716],[-122.256660726235,41.1513296234644],[-122.257011727647,41.1513097772141],[-122.257626056206,41.1512916719681],[-122.258002867007,41.1515811569314],[-122.258615147428,41.1517400230757],[-122.259229476812,41.1517218210895],[-122.259755769473,41.1517250340107],[-122.260104961172,41.1518820599685],[-122.260456359066,41.1518180289547],[-122.260719055931,41.151863943372],[-122.261330172962,41.1521329644213],[-122.262204526337,41.1523816341533],[-122.262667491767,41.1528044856861],[-122.263016697613,41.152961593777],[-122.263217073817,41.1533607945861],[-122.263185077346,41.1536035721318],[-122.263268770404,41.1539578294845],[-122.263470691169,41.154202057695],[-122.264021580707,41.1546256583663],[-122.265262989123,41.1551197862003],[-122.265767231295,41.1552723706967],[-122.266165391507,41.1553538606586],[-122.26627987546,41.1554269634834],[-122.266381943277,41.1554953336512],[-122.266458875767,41.1555482931952]]},"properties":{"OBJECTID":122,"OWNERNAME":"Roseburg Resources Company","OWNERTYPE":"Private","DESIGNATIO":" ","MANAGEMENT":" ","REV_DATE":1121385600000}},{"type":"Feature","id":123,"geometry":{"type":"LineString","coordinates":[[-122.296933033658,41.1585254698601],[-122.296914618735,41.1584375627883],[-122.296885869849,41.1583356033726],[-122.29688668198,41.1582679836032],[-122.29693959762,41.1582171674669],[-122.29680522663,41.1581824045799],[-122.296670915338,41.158142051828],[-122.296626242889,41.158119254981],[-122.296649383137,41.1580683530556],[-122.296837251657,41.1579849555071],[-122.297010150888,41.1578952509028],[-122.297361599423,41.1579257612454],[-122.297378792465,41.1579532083654]]},"properties":{"OBJECTID":123,"OWNERNAME":"CA State Dept of Transportation","OWNERTYPE":"State","DESIGNATIO":" ","MANAGEMENT":" ","REV_DATE":1121385600000}},{"type":"Feature","id":124,"geometry":{"type":"LineString","coordinates":[[-122.297378792465,41.1579532083654],[-122.297486694685,41.1581245652519],[-122.297873838664,41.1582619530695],[-122.297934471717,41.1582290217807],[-122.298017006268,41.1582069557285],[-122.298275027572,41.1581945583788],[-122.298800214619,41.1580463773111],[-122.29903586701,41.1580828839756],[-122.299132036821,41.1581853182219],[-122.299294607209,41.1583122229528],[-122.299825475774,41.1584044221456],[-122.299968497037,41.158326348628],[-122.300043470279,41.1583210063288],[-122.300087688414,41.1583778833939],[-122.300108767342,41.1585079258312],[-122.300121896415,41.1586834545261],[-122.300142005238,41.1588983360764],[-122.300170139596,41.1590738601219],[-122.300183994889,41.159164284638],[-122.300325194691,41.1592670623466],[-122.300436994503,41.1592960172299],[-122.300729450836,41.1592469269805],[-122.300886957984,41.1592083387963],[-122.301141551647,41.1591929344215],[-122.301275344023,41.1592726812909],[-122.301393072672,41.159538410956],[-122.301517429706,41.1596209457773],[-122.301653013062,41.1597119278932],[-122.301897508104,41.1597305996684],[-122.302153519023,41.1597407669831],[-122.302323524941,41.1598021808369],[-122.302517281966,41.1597687828959],[-122.302608711334,41.1597306853559],[-122.302723984184,41.1595894811781],[-122.303026402652,41.159535426053],[-122.303185066971,41.1595922711118],[-122.303388648713,41.159705346044],[-122.303541410553,41.1598008772812],[-122.303609075013,41.1598571404846],[-122.303751035622,41.1598795888498],[-122.303875880085,41.1599104630831],[-122.303912791283,41.1599214121695],[-122.303955724188,41.1598935805823],[-122.304058085428,41.1599029649097],[-122.304069015166,41.1599503560623],[-122.304048287237,41.1600168997413],[-122.304059593063,41.1600426512061],[-122.304102225354,41.1600277158636],[-122.304419538757,41.1601630352524],[-122.304577725259,41.1602716246888],[-122.304706007214,41.1605132693285],[-122.304765442486,41.1605543607312],[-122.304927202819,41.1605961826218],[-122.305165560245,41.1606535402717],[-122.305416177897,41.1606291875825],[-122.305812929441,41.1606939935406],[-122.305964397666,41.160712027666],[-122.306038122502,41.160738252674],[-122.306128642148,41.1607903981104],[-122.306229142242,41.160786293782],[-122.306345177097,41.1607616226715],[-122.306480883739,41.1608487211534],[-122.306690827809,41.160918678866],[-122.306872069045,41.1609885329652],[-122.307184523805,41.1610465044039],[-122.307366090264,41.1610820090723],[-122.307571240008,41.1610657905226],[-122.307667557823,41.1611093553903],[-122.30786072169,41.1611277905903],[-122.308099566952,41.1611594444564],[-122.308465107359,41.1610239882371],[-122.308555772422,41.1610546773023],[-122.308738035709,41.1610600608342],[-122.308953909968,41.1610958327691],[-122.309146517215,41.1610562249153],[-122.30933609629,41.1610076600996],[-122.30970385595,41.1612075664252],[-122.309961964522,41.1612715820759],[-122.310205420837,41.1614020293099],[-122.310244142141,41.1615097517841],[-122.310200650844,41.1615719394847],[-122.310208291788,41.1616686983828],[-122.310148428144,41.1619436444831],[-122.310112334213,41.1621282845374],[-122.31005932621,41.1623128752472],[-122.310000064796,41.1625362511014],[-122.309962004971,41.1626414241916],[-122.309927199454,41.1626885768133],[-122.309811497134,41.1628642297445],[-122.309757784747,41.1631046294229],[-122.309818611561,41.163281262252],[-122.309765611953,41.1634402535527],[-122.309691149639,41.163491203277],[-122.309599548331,41.1635424697745],[-122.309513634411,41.1635891238433],[-122.309467571548,41.1636491937571],[-122.309461389277,41.1637050139106],[-122.309460888352,41.1637523467732],[-122.309488913295,41.1637868034551],[-122.30958549988,41.1638089992682],[-122.309762775676,41.163710993689],[-122.309876877203,41.1636815775783],[-122.309927474287,41.1637550088306],[-122.310034851802,41.1638200925846],[-122.310131022408,41.1638811457527],[-122.310187520796,41.1639158881152],[-122.310232677323,41.163946063623],[-122.310254954091,41.1639980236683],[-122.310283504163,41.1639895642971],[-122.310341259409,41.1639080041905],[-122.310375870321,41.1638695969678],[-122.310365842723,41.1637320508013],[-122.310360781219,41.1636673338025],[-122.310481622056,41.1635476521661],[-122.310584740807,41.1634879711438],[-122.31073963042,41.1633642366176],[-122.310779692611,41.1633471822876],[-122.310848532626,41.1632918280619],[-122.310946501773,41.1631720298358],[-122.311026955059,41.1631037515554],[-122.311163922692,41.1630744520339],[-122.311341112912,41.1629850091232],[-122.311455617602,41.162912767749],[-122.311582530076,41.1627672848185],[-122.311663259625,41.1626559152683],[-122.311925676959,41.1626057312123],[-122.312051513742,41.1625377866711],[-122.312165870939,41.1624869099138],[-122.312189536845,41.1624008407397],[-122.312235801099,41.1623323816908],[-122.312327486654,41.1622727298773],[-122.312464992263,41.1621788804849],[-122.312556599087,41.1621278827364],[-122.312534448717,41.1620761911191],[-122.312409416254,41.1620582186169],[-122.312273391138,41.1620058359381],[-122.312080907703,41.1619014926382],[-122.311979421656,41.1618233237861],[-122.311923246096,41.1617542318128],[-122.311935767214,41.1616512420859],[-122.312005136785,41.1615310677759],[-122.312121329976,41.1613080823881],[-122.312227230739,41.1612460951281],[-122.312310548808,41.1612372545155],[-122.312363030439,41.1611954530785],[-122.312534601361,41.1611683081923],[-122.312568159422,41.1611601175134],[-122.312607035741,41.1611173935826],[-122.31270659175,41.161087703186],[-122.312807611975,41.1610516744642],[-122.312903756928,41.1610417875286],[-122.313068678593,41.1609857385486],[-122.313177648966,41.1609747118108],[-122.313225249965,41.1609698671799],[-122.313262705268,41.1609643979619],[-122.313262787464,41.1609447455932],[-122.313229955658,41.1608683743581],[-122.313219545531,41.1608151139409],[-122.313234906419,41.1607559683146],[-122.313215191046,41.1606394225531],[-122.313069966622,41.160515910693],[-122.312977565581,41.1604646159264],[-122.312648389218,41.1602574261043],[-122.312624517303,41.1602410108721],[-122.312601680018,41.1602234050534],[-122.312608423458,41.1602035402085],[-122.312651455871,41.1601937318291],[-122.31267202647,41.1601668515276],[-122.312724765392,41.1601219793292],[-122.312807620335,41.1600951201023],[-122.312911669823,41.1600607490736],[-122.312996104424,41.1600386366164],[-122.313121568913,41.1600368606127],[-122.313203960641,41.1600325442877],[-122.313315966714,41.1600381383022],[-122.313549385931,41.1601194577488],[-122.31360495149,41.1601696296909],[-122.313680520984,41.160204921249],[-122.313766015021,41.1602303827883],[-122.313855036485,41.1602433408361],[-122.313941295535,41.1601891064388],[-122.314007782175,41.1601495680593],[-122.314093346979,41.1601550177052],[-122.314162171534,41.1601953908727],[-122.314198114994,41.1602352893803],[-122.314200724491,41.1603050981896],[-122.314219660072,41.1603752373717],[-122.314275382371,41.1604228816939],[-122.314363448541,41.1605206776696],[-122.314415791075,41.1605631575724],[-122.314458596299,41.160568495964],[-122.31453557582,41.1604591768872],[-122.314598351281,41.1604448566274],[-122.314671879738,41.1604315994869],[-122.314713730936,41.1604553434964],[-122.314753544231,41.1604306303858],[-122.314790216236,41.1603860557121],[-122.314830562185,41.1603114853774],[-122.314863790802,41.1602968093456],[-122.314895264503,41.1602756768052],[-122.314951519408,41.1602585914405],[-122.315004407747,41.1602589655637],[-122.315066945265,41.1602668238188],[-122.315106833808,41.1602444535459],[-122.315146687059,41.1602099154643],[-122.315179800464,41.160210113622],[-122.315272181754,41.1601906488608],[-122.315355147986,41.1601488225876],[-122.315467272923,41.1601470199923],[-122.315615838641,41.160137782422],[-122.315655350536,41.1601554404115],[-122.315675087408,41.1601581413819],[-122.315704974123,41.1601358647717],[-122.315725240296,41.1600811351229],[-122.315729184196,41.1600188665987],[-122.31575631825,41.1599518431858],[-122.31581011863,41.1598624222213],[-122.315943808769,41.1596912104085],[-122.316070820324,41.159527150597],[-122.316167391775,41.1594456824527],[-122.316390886358,41.1593707893743],[-122.316602373338,41.1593223482559],[-122.316826244661,41.1593734619749],[-122.317366294372,41.159446578159],[-122.317513617044,41.1592477999353],[-122.317779433997,41.1590600794342],[-122.318018757785,41.1588817712293],[-122.318270368763,41.1588036509456],[-122.318652419137,41.1588557100265],[-122.31896860763,41.1589075438255],[-122.319140000756,41.1589083365138],[-122.319483545056,41.1588706948627],[-122.31974715188,41.1589021385435],[-122.31981335996,41.1588725186632],[-122.319972536632,41.1587937634971],[-122.320304549534,41.1585763262269],[-122.320570589368,41.1582596064827],[-122.320757964589,41.158110198965],[-122.321076616576,41.1579327590129],[-122.321367363567,41.1578645428281],[-122.321632342394,41.1577765227984],[-122.321778284551,41.1576974695361],[-122.322069427599,41.1576194194435],[-122.322216465488,41.157430737083],[-122.322309715958,41.1573315686401],[-122.32244172205,41.1573223593254],[-122.322535089976,41.1572231876687],[-122.322732556287,41.1572643234977],[-122.322904154077,41.1572752031335],[-122.323035141211,41.1573558810608],[-122.323073330123,41.1575055239785],[-122.323296562109,41.1576067556725],[-122.323520533241,41.1576279290379],[-122.323639098997,41.1576486254032],[-122.323730999567,41.1576990198002],[-122.323835815494,41.1577694552707],[-122.324034710689,41.1576708494159],[-122.324496682577,41.1576535315897],[-122.324667299898,41.1577443789494],[-122.324983138881,41.1578258606561],[-122.325420730798,41.1579050808089],[-122.325641156047,41.1579894139022],[-122.32593158163,41.1579812252135],[-122.32611446635,41.158141791578],[-122.326389676304,41.1583327318587],[-122.326508988305,41.1582735474641],[-122.326589290179,41.1581645197773],[-122.326695163403,41.1581352407783],[-122.326800996844,41.15811578653],[-122.326919476985,41.1581264758442],[-122.327079581709,41.1581353987547],[-122.32737946831,41.1583086617987],[-122.327652987584,41.158649261315],[-122.32779462582,41.1589992536612],[-122.327911947863,41.1591393111339],[-122.327949137154,41.159378932137],[-122.327973549004,41.1595587565488],[-122.328091591658,41.1596292146785],[-122.328230340662,41.1602680652779],[-122.328202472135,41.1604074887422],[-122.328147792938,41.1605868011958],[-122.328018400199,41.1608418655588]]},"properties":{"OBJECTID":124,"OWNERNAME":"CA Dept of Parks and Recreation","OWNERTYPE":"State","DESIGNATIO":" ","MANAGEMENT":" ","REV_DATE":1121385600000}},{"type":"Feature","id":125,"geometry":{"type":"LineString","coordinates":[[-122.298348395396,41.1624589313531],[-122.298358100856,41.1624570404945],[-122.29845993138,41.1624497633398],[-122.298497928716,41.1623719071105],[-122.298501295359,41.1622799937006],[-122.298501970026,41.1622081400802],[-122.298443918181,41.1620726463345],[-122.298307385445,41.1618590899773],[-122.298286070616,41.1617811495495],[-122.298227982378,41.1617411121991],[-122.298128315485,41.161719235437],[-122.297852915898,41.1616096308683],[-122.297815897767,41.1615619063421],[-122.297816614374,41.1614801378382],[-122.297862460007,41.1613647305047],[-122.298193140493,41.1609991890454],[-122.29825387583,41.1608913508711],[-122.298315197528,41.1607386128254],[-122.298316069861,41.1606394430714],[-122.298336355383,41.1605328885956],[-122.298263317037,41.1603570168396],[-122.298242696539,41.1601928917233],[-122.298117778984,41.1599774987148],[-122.298022466233,41.1598014949439],[-122.297919885356,41.1595918220499],[-122.297719581667,41.1594320756551],[-122.297660939905,41.1593301238703],[-122.29752799629,41.1591651765544],[-122.297312808746,41.1589942552081],[-122.29709756279,41.1588289231623],[-122.296978486428,41.1587660276233],[-122.296943143177,41.1585734194129],[-122.296933033658,41.1585254698601]]},"properties":{"OBJECTID":125,"OWNERNAME":"CA Dept of Parks and Recreation","OWNERTYPE":"State","DESIGNATIO":" ","MANAGEMENT":" ","REV_DATE":1121385600000}},{"type":"Feature","id":126,"geometry":{"type":"LineString","coordinates":[[-122.336560979883,41.1609180393615],[-122.336623026136,41.1608302588268],[-122.33678328974,41.1606317561635],[-122.33694277983,41.1605228659093],[-122.337154898135,41.1604246206068],[-122.337366937937,41.1603459390588],[-122.337470601919,41.1602928035399],[-122.337557260215,41.1601855436175],[-122.33768041056,41.1601127557352],[-122.337864748862,41.160024584055],[-122.337915357094,41.1600061522953],[-122.338050085532,41.1600109375755],[-122.338104363555,41.1599626002812],[-122.338367957045,41.1598579862854],[-122.33849937515,41.1597977519373],[-122.338606310166,41.1598230677506],[-122.338794039727,41.159970545966],[-122.33889506969,41.1600850290137],[-122.338985443738,41.1602160254476],[-122.339022452779,41.1602772610476],[-122.339032565646,41.1603463891465],[-122.339080235562,41.1604241010876],[-122.339176193671,41.1604268146647],[-122.339333419921,41.1604385702478],[-122.339531878146,41.1605204963106],[-122.339574717092,41.1605450254437],[-122.339676803085,41.1605822387074],[-122.339713371517,41.160608056801],[-122.339800177396,41.1606442034766],[-122.33988093772,41.1606446772777],[-122.339982460505,41.1607267002765],[-122.340024382025,41.1608326430482],[-122.340050782512,41.1608899291009],[-122.340045064117,41.1609263613247],[-122.340044846212,41.1609489003173],[-122.340044500628,41.1609711722281],[-122.340033336438,41.1610159097592],[-122.340054822843,41.1610283973682],[-122.34010910254,41.1609837557994],[-122.340211542441,41.160984365692],[-122.340281572504,41.1609808039265],[-122.340367324595,41.160951798444],[-122.340400422507,41.1609405437656],[-122.340578630979,41.1609090891776],[-122.34079934335,41.1609430037157],[-122.340965615074,41.1609544972642],[-122.340969511994,41.1609571297474]]},"properties":{"OBJECTID":126,"OWNERNAME":"CA Dept of Parks and Recreation","OWNERTYPE":"State","DESIGNATIO":" ","MANAGEMENT":" ","REV_DATE":1121385600000}},{"type":"Feature","id":127,"geometry":{"type":"LineString","coordinates":[[-122.380643772784,41.1897279255138],[-122.380641655247,41.1899548563081],[-122.38062750404,41.1901889568923],[-122.380590284883,41.1903419170591],[-122.380491308083,41.190719696462],[-122.380406719016,41.1908454316122],[-122.380369497265,41.1909983007329],[-122.380438703107,41.1912419056992],[-122.380532449555,41.191413560536],[-122.380471220538,41.1915933880267],[-122.380417383145,41.1916548980855],[-122.380314420341,41.1917726886673],[-122.380121579061,41.1919969332513],[-122.380012031197,41.1922214899986],[-122.37990260349,41.1924461326821],[-122.379793114197,41.1926797013944],[-122.379684568655,41.1928052604212],[-122.37958811577,41.1929218457198],[-122.379336271805,41.1930736523921],[-122.37920483,41.1930909326575],[-122.379073095508,41.1931532892153],[-122.378952867199,41.1932607699675],[-122.378772048624,41.1934669364128],[-122.378638486187,41.1937184497468],[-122.378540438419,41.1939882185065],[-122.378490410221,41.1942401289966],[-122.37843967697,41.194564166994],[-122.378401800831,41.1947801502878],[-122.378351241167,41.1950771414523],[-122.37833743786,41.1952752699401],[-122.378419855467,41.1953927853402],[-122.378573778476,41.1955107454414],[-122.378572776303,41.1956098336618],[-122.378476786549,41.1956723231699],[-122.37822528382,41.1957880639957],[-122.378080209492,41.1959944530363],[-122.377910591954,41.1962727922003],[-122.37782528383,41.1964705645295],[-122.377740088754,41.196650215288],[-122.377607757897,41.1967666688595],[-122.377558256327,41.1969555578607],[-122.377630235592,41.1969199377189],[-122.377846107434,41.1967859437247],[-122.378074723343,41.1965799518818],[-122.378291065409,41.1963919523283],[-122.378566879464,41.1962403220433],[-122.378746289372,41.1961782328369],[-122.378913605885,41.1961431452721],[-122.37925909394,41.1961810258503],[-122.379355256815,41.1961094272949],[-122.379403809687,41.1960106095176],[-122.379371532151,41.1956410909731],[-122.379350466414,41.195343745603],[-122.379412171161,41.1951278506886],[-122.379581018054,41.194930654769],[-122.379821303278,41.1947427377894],[-122.380097340978,41.1945550435538],[-122.380372142581,41.1945024962658],[-122.380438918082,41.1944860850643],[-122.380515619954,41.1944672287743],[-122.380767466511,41.1943154187011],[-122.380983856142,41.1941364279944],[-122.381235877721,41.1939576610718],[-122.381464064322,41.1937967437134],[-122.381596032448,41.1937163507851],[-122.381740093418,41.1936090455184],[-122.381933172521,41.1933668547155],[-122.382078110906,41.1931784030377],[-122.382162235346,41.1931068516265],[-122.382533771674,41.1929106645939],[-122.38269009704,41.1927673383163],[-122.382953032025,41.192705726957],[-122.383033638028,41.1930123956518],[-122.383079258084,41.1932378782255],[-122.38304210039,41.1933818246596],[-122.38290960872,41.1935252393111],[-122.382859768893,41.1937501040601],[-122.382976597704,41.1940029894181],[-122.383105520236,41.1942468997544],[-122.383363833336,41.1946806269391],[-122.383528919074,41.1948796794746],[-122.383741673834,41.1950789973337],[-122.383942748721,41.1952602368156],[-122.384048131408,41.1954589827822],[-122.384094866442,41.1955673468654],[-122.383987434357,41.1955757927813],[-122.383833798232,41.1954308791535],[-122.383621448411,41.1951864819692],[-122.38352657897,41.1951319477564],[-122.383300675095,41.1950496161333],[-122.383040016113,41.1948680671018],[-122.382850983203,41.1946869565037],[-122.382566727197,41.1944692563969],[-122.382435287485,41.1945045677912],[-122.38229104769,41.1946208922768],[-122.382241090901,41.1948637881547],[-122.382179043535,41.1951157479244],[-122.382117168447,41.1953586010289],[-122.382079245022,41.1955836007605],[-122.382052653308,41.1958806802749],[-122.382003340935,41.1960426145197],[-122.381892388316,41.1964293688849],[-122.38189121571,41.1965555020535],[-122.381780200995,41.1969511823916],[-122.381827403923,41.1970055444154],[-122.382031996982,41.1968084759094],[-122.382177294845,41.1965660190443],[-122.382225665694,41.196494156804],[-122.382322002738,41.1963956008949],[-122.38257438405,41.1961987944254],[-122.382597219657,41.1962979697607],[-122.382511924307,41.196495744638],[-122.382365688898,41.1968282721652],[-122.382376900997,41.1969003550206],[-122.38259153552,41.1969015024327],[-122.382650948775,41.1969288578336],[-122.382768073058,41.1971546951485],[-122.382897058501,41.1973895920216],[-122.383050467092,41.1975705688193],[-122.383156670614,41.1976792456354],[-122.383215030871,41.1978147051206],[-122.383236521384,41.1980669701039],[-122.38330738634,41.1981484642998],[-122.383461674693,41.1982303554217],[-122.383746240974,41.1984030676641],[-122.383983192663,41.1985664075314],[-122.384147937736,41.1988015240733],[-122.384264839887,41.1990634235585],[-122.384108324775,41.1992156809262],[-122.384097633559,41.1990804873637],[-122.384062639705,41.1989992117127],[-122.384003520643,41.1989448972659],[-122.383872890498,41.198890141343],[-122.383811603041,41.1990609598343],[-122.383782209168,41.1996463756034],[-122.383840510938,41.1997907599318],[-122.384017176917,41.2000259208922],[-122.384218557674,41.2001801125365],[-122.384491215889,41.2003527785782],[-122.384633239921,41.2004705997832],[-122.384787068897,41.2006065847197],[-122.384927339854,41.2009045463775],[-122.384949950422,41.2010397848997],[-122.384912793608,41.2011837316095],[-122.384720173213,41.2013719239537],[-122.384360923962,41.2015230814317],[-122.384109116785,41.201665884624],[-122.383761142523,41.2018982277345],[-122.383485557393,41.2020319265269],[-122.383173859897,41.2022013773874],[-122.383005770655,41.2023176155255],[-122.382693956664,41.2025050974092],[-122.382453706107,41.2026839155178],[-122.382141653144,41.2028894295227],[-122.381960822302,41.2030956922124],[-122.381839992029,41.2032571851768],[-122.381777404065,41.2035720775782],[-122.381811518124,41.2037524414421],[-122.381893072186,41.203951101628],[-122.382034982817,41.2040869564164],[-122.38208160145,41.2041953277402],[-122.381888962526,41.2043834251755],[-122.381660335357,41.2046074542009],[-122.381455776015,41.2047955081517],[-122.381262488439,41.2050467193119],[-122.381034087489,41.2052345941832],[-122.380829291979,41.2054587107253],[-122.380648624747,41.2056379254477],[-122.380431728464,41.2058709249196],[-122.380250827445,41.2060862009185],[-122.380093464783,41.2063285257473],[-122.379972098094,41.2065531282833],[-122.3798267705,41.2067775560715],[-122.379668639108,41.2071009336869],[-122.379423717732,41.2077752736156],[-122.379313967318,41.2080268780407],[-122.37922799945,41.2082876790195],[-122.379106270693,41.2085482554654],[-122.379044549558,41.2087640638493],[-122.378970852872,41.2089889326598],[-122.378920405372,41.2092859278755],[-122.378846408383,41.2095376662138],[-122.378748517778,41.2097984218908],[-122.378710577034,41.2100234240863],[-122.378552847619,41.2103018124121],[-122.37841943017,41.2105443122471],[-122.378237860064,41.2108226112486],[-122.378104969371,41.2110019982049],[-122.377887695624,41.2112710584065],[-122.377694970045,41.2114682582746],[-122.377477869127,41.2117102710539],[-122.377321135994,41.2118895698199],[-122.377128168133,41.2121047113319],[-122.377054699513,41.2123115460399],[-122.377064610915,41.2125277984023],[-122.377193779856,41.21273565668],[-122.377324253344,41.2128174692245],[-122.377502462164,41.2128904408776],[-122.377788018939,41.212973096336],[-122.378145212773,41.2130380738065],[-122.378467176753,41.2130578350172],[-122.37890851974,41.2130511717182],[-122.379182804237,41.2130706642853],[-122.379540471295,41.2130816320941],[-122.379933606118,41.2131378091495],[-122.380255333178,41.2131755098195],[-122.380612826235,41.213213521834],[-122.380719930323,41.2132410548924],[-122.380933674389,41.2133503070649],[-122.381134851341,41.2135225397439],[-122.381347654089,41.2137218654469],[-122.381333325891,41.2139830201381],[-122.381272021491,41.2141538392369],[-122.381366388098,41.2142714892411],[-122.381470615548,41.2145962870425],[-122.381504734465,41.2147766522248],[-122.381850782404,41.2147605195615],[-122.382064826656,41.214842721709],[-122.382349335464,41.2150333815013],[-122.382514934288,41.2151784325867],[-122.382775137277,41.2154230104472],[-122.382882422572,41.2154235840359],[-122.383038330001,41.2153343500147],[-122.383135802705,41.2151186703992],[-122.383233689172,41.2148579996549],[-122.383390706171,41.2146516433574],[-122.383655417911,41.2144188105137],[-122.383919017015,41.2142851588245],[-122.384062937964,41.2142048051868],[-122.384159532017,41.2140882110842],[-122.384352422092,41.2138640440587],[-122.384520538813,41.2137478926044],[-122.3847120247,41.2136858347511],[-122.38508290288,41.2135706922245],[-122.385238859007,41.2134724399656],[-122.385371154344,41.21336508173],[-122.385540372656,41.2131317186804],[-122.385613412952,41.2129699588343],[-122.385640640637,41.2126098490111],[-122.385560231692,41.2122850512139],[-122.385519439614,41.2115461821585],[-122.385546023209,41.2112490959743],[-122.385809779337,41.2111063323849],[-122.385917587065,41.2110619107873],[-122.386180176986,41.2110452835365],[-122.38650359065,41.2108938999745],[-122.386623723468,41.2108044415321],[-122.386732342365,41.2106698578111],[-122.386960394614,41.2105179460614],[-122.387248104998,41.2103753541103],[-122.387535637998,41.2102417788861],[-122.387810723938,41.2101531532329],[-122.388181055863,41.2101010231821],[-122.388502486221,41.2101658417041],[-122.388738967014,41.2103922865675],[-122.388689487053,41.2105811840823],[-122.38874745821,41.2107616331949],[-122.38893632329,41.2109788897983],[-122.389112625701,41.2112590369511],[-122.389398300863,41.2113236333944],[-122.389576985678,41.2113425819895],[-122.389743517277,41.2113974611531],[-122.390004252641,41.2115789996895],[-122.390301503972,41.2116797034694],[-122.390622305851,41.2118254790238],[-122.390895081664,41.2119891187082],[-122.391155821327,41.21217065463],[-122.391452150304,41.2123793681087],[-122.39165329176,41.2125605987541],[-122.391711737696,41.2126870399486],[-122.39203092798,41.2129950159256],[-122.392207941643,41.2132031201111],[-122.3923493688,41.2133840479529],[-122.392621630754,41.2136106150308],[-122.392690963669,41.2138632331659],[-122.393108816302,41.2138203676682],[-122.393477430363,41.2139484583053],[-122.393703228436,41.2140396997857],[-122.393999865258,41.2142214469578],[-122.394320221624,41.2144032820644],[-122.394618068748,41.2144498761475],[-122.394844328944,41.2144871090888],[-122.394998432705,41.2145870216901],[-122.395235526388,41.2147593571737],[-122.395389863482,41.214841234758],[-122.395591939141,41.2149143566949],[-122.395840726368,41.2151048576669],[-122.396008535461,41.2150156510992],[-122.396175252956,41.2150435643953],[-122.396388970286,41.2151618059879],[-122.396471609436,41.2152522639852],[-122.396579128106,41.2152348831681],[-122.396794447998,41.2151728914188],[-122.39716359286,41.2152379487434],[-122.397520699177,41.2153208132818],[-122.397914034941,41.2153679155442],[-122.398164940843,41.2153151564632],[-122.398452764106,41.215154597384],[-122.398786889462,41.215138285851],[-122.399264123785,41.2151317640211],[-122.399526328499,41.2151601886073],[-122.399812314445,41.2151977123121],[-122.40003886857,41.2152078871732],[-122.400182774343,41.215127515358],[-122.400422675798,41.2149846361281],[-122.40073324584,41.2149411867173],[-122.401067823319,41.2148708622923],[-122.401235348359,41.2148267261726],[-122.401414274115,41.2148276238276],[-122.401735683059,41.2149014253541],[-122.402020985847,41.2150109835457],[-122.402281931476,41.215165451289],[-122.402638426134,41.2153294448805],[-122.402863558543,41.2154928011767],[-122.403112362375,41.2156831973976],[-122.40337354608,41.2158197190979],[-122.40370608348,41.2159835378291],[-122.404038966939,41.2161113815541],[-122.404407170348,41.2163577205879],[-122.404550834706,41.2162311019026],[-122.404707000161,41.2161147908481],[-122.405090857934,41.2158825992103],[-122.405306793445,41.2157396287528],[-122.40561809885,41.2156151110986],[-122.405881777054,41.2154813200028],[-122.406169008157,41.2153746621155],[-122.406432687222,41.2152409588993],[-122.406708336494,41.2150981926655],[-122.406840263892,41.215026876802],[-122.407067607205,41.2149469683889],[-122.407377834253,41.2149395661989],[-122.407652297489,41.2149319493292],[-122.408058117913,41.2149070240352],[-122.408416420221,41.214854795269],[-122.408822467151,41.2148118345909],[-122.40915715702,41.2147414873116],[-122.409456018439,41.2146619118424],[-122.409790422422,41.2146186116063],[-122.410126124086,41.2144401565185],[-122.410366452519,41.2142432512174],[-122.410570905769,41.214064074712],[-122.410751063873,41.2139208810741],[-122.410906538188,41.2138766034077],[-122.411134549574,41.2137246469813],[-122.411206920232,41.213643924997],[-122.411303460271,41.2135093718397],[-122.411472542199,41.2132849889151],[-122.4116295282,41.2130695835499],[-122.411798718042,41.2128272578585],[-122.411860898443,41.2125393062247],[-122.411934497404,41.212314506786],[-122.41200837821,41.2120626583916],[-122.412117680533,41.2118469974316],[-122.412417429492,41.2116773405576],[-122.412621363907,41.2115433337839],[-122.412657850438,41.2114624007345],[-122.412683712228,41.2112463623202],[-122.412709844824,41.21098524759],[-122.412795359492,41.2107604888534],[-122.412928670898,41.2105359813934],[-122.413204789771,41.2103301805141],[-122.41343278485,41.2101782194118],[-122.413673205454,41.2099812165493],[-122.413925148127,41.2098113955831],[-122.414153421232,41.2096323859249],[-122.414309949872,41.2094710732078],[-122.414418341387,41.2093454846028],[-122.414491201645,41.2092017396333],[-122.4145528686,41.2089768088973],[-122.414662388527,41.2087432035275],[-122.41486731356,41.2085009974101],[-122.415155515491,41.2082863045353],[-122.415371969972,41.2080892207585],[-122.415588083874,41.2079281098355],[-122.415876053272,41.207731448806],[-122.416187640706,41.2075708400833],[-122.416511093964,41.2074193785946],[-122.416726870785,41.2072943315272],[-122.417026588514,41.2071246652212],[-122.417361731199,41.2069912741192],[-122.417683894639,41.2069748726543],[-122.417922462235,41.2069850530328],[-122.418411387192,41.206987517046],[-122.418697579617,41.2070070542543],[-122.419055392932,41.2070088017322],[-122.419389141419,41.2070284995588],[-122.4197244518,41.2068860850221],[-122.420012071088,41.2067253896505],[-122.420299417862,41.2066096816988],[-122.42061082301,41.2064581712851],[-122.42085093242,41.2062882040928],[-122.420888845591,41.2060451600094],[-122.420843155083,41.2058107606692],[-122.420857615047,41.2055225560075],[-122.421062458695,41.2052893575893],[-122.421374079685,41.2051198104832],[-122.421554418623,41.2049585714025],[-122.421626595507,41.2048868611279],[-122.421687410898,41.2047610142275],[-122.421797061339,41.2045003568867],[-122.421835022242,41.2042482970912],[-122.421848989151,41.2040232022788],[-122.421921496382,41.2039154302377],[-122.422030094518,41.2037718915561],[-122.42225843398,41.2035748350648],[-122.422414978936,41.2034044085091],[-122.422703137784,41.2031897001625],[-122.422907412007,41.2030105963131],[-122.423207653537,41.2027868185351],[-122.42345959996,41.202607964822],[-122.42379559658,41.2023844845215],[-122.424011398735,41.2022504093298],[-122.424264066645,41.2020084383175],[-122.424336624959,41.2018917376507],[-122.424373703575,41.2017477792325],[-122.424471245749,41.2014960082715],[-122.424711491686,41.201299078807],[-122.424963492839,41.2011291456619],[-122.425215877282,41.2009142215074],[-122.425384435681,41.2007258894334],[-122.425481050286,41.2005912352837],[-122.425553828756,41.2004565018866],[-122.425639672318,41.2001866560864],[-122.425713371821,41.1999348048197],[-122.425704149531,41.1996375032884],[-122.425574795846,41.1994206833712],[-122.4253619648,41.1992124217634],[-122.425112877799,41.1990490313429],[-122.424923395554,41.1989039574818],[-122.424781253141,41.1987951089937],[-122.424603239921,41.198686143079],[-122.424341804566,41.1985768066677],[-122.423984919615,41.1984849131133],[-122.42367553504,41.1984022851495],[-122.423366098027,41.1983286716574],[-122.423044519109,41.1982730507805],[-122.422794456992,41.1982356992951],[-122.422472879007,41.1981800768322],[-122.422330462927,41.198098275252],[-122.422259782431,41.1979988593938],[-122.422368926234,41.197801223894],[-122.422752452341,41.1975779099717],[-122.422944860734,41.1974077821053],[-122.42324468102,41.1972110560418],[-122.423425220655,41.1970317808448],[-122.423689235974,41.1968439499452],[-122.42397702985,41.1966652132333],[-122.424204906022,41.1965222510559],[-122.424528222607,41.1963616672159],[-122.424815854285,41.1962099752088],[-122.425079253762,41.1960851635602],[-122.425366660293,41.1959515048171],[-122.425654394066,41.1957817810014],[-122.425917961132,41.1956479498925],[-122.426228920381,41.1955414171442],[-122.426587719056,41.195426113976],[-122.42685067887,41.1953553950572],[-122.427257091705,41.1952492638031],[-122.42748462733,41.1951423603977],[-122.427568705795,41.1950706887542],[-122.427689248475,41.1949181716242],[-122.427775023564,41.194657342731],[-122.427872059787,41.194468681403],[-122.428029456242,41.1942081779322],[-122.428114020624,41.1940734847007],[-122.428198044501,41.1940108278914],[-122.428414038854,41.1938588040634],[-122.428701478495,41.1937160316199],[-122.429024619706,41.1935825719891],[-122.429264340372,41.1934486565322],[-122.429528049146,41.1932877720858],[-122.42981571073,41.1931270540273],[-122.430091175957,41.1929932556295],[-122.430390253545,41.1928776576577],[-122.430713385486,41.192744104146],[-122.431024772197,41.1926015818456],[-122.431312309162,41.1924408631847],[-122.431588425357,41.1922350224186],[-122.431864091466,41.192065156702],[-122.432092369052,41.1918681774287],[-122.432392209066,41.1916804431741],[-122.432656231933,41.1914835789555],[-122.432872483918,41.1913044985046],[-122.433124534602,41.1911165191915],[-122.433376791812,41.1908925689822],[-122.433629167698,41.1906686150586],[-122.433821736359,41.190462407522],[-122.433882296178,41.1903545910979],[-122.433930992112,41.1902377192406],[-122.433921736671,41.1899404211389],[-122.433900118736,41.1896790604864],[-122.433927365602,41.1894146776746]]},"properties":{"OBJECTID":127,"OWNERNAME":"Shasta Trinity National Forest","OWNERTYPE":"USDA Forest Service","DESIGNATIO":" ","MANAGEMENT":" ","REV_DATE":969580800000}},{"type":"Feature","id":128,"geometry":{"type":"LineString","coordinates":[[-122.328018400199,41.1608418655588],[-122.327986387824,41.1609050180916],[-122.327891354155,41.1611436711759],[-122.327770422552,41.1613622526356],[-122.327676309897,41.1615412161149],[-122.327580534189,41.1618598357996],[-122.327419939821,41.1620783442875],[-122.327299688267,41.1622372409947],[-122.327337651335,41.1623868874835],[-122.327508655627,41.162437793929],[-122.327593409831,41.1625430338559],[-122.327810482298,41.1626189541377],[-122.327889947032,41.162579437754],[-122.327930330034,41.1625100011576],[-122.328062568428,41.1624709459401],[-122.328194582777,41.1624617309921],[-122.328393153495,41.1623932295725],[-122.328617684179,41.1623943728642],[-122.328841673214,41.1624155377235],[-122.328882081975,41.1623359130797],[-122.32901447559,41.1622870298053],[-122.329172748484,41.162297877663],[-122.329319106356,41.1621692309322],[-122.329498985764,41.162005617729],[-122.32965812201,41.1619367642161],[-122.3298562753,41.1619178461619],[-122.330032947551,41.1619489014087],[-122.330355572203,41.1621101977888],[-122.330512613814,41.1622408621597],[-122.330593060785,41.1623452792048],[-122.330775618974,41.1624181396128],[-122.330919756741,41.1624228487111],[-122.331025633667,41.1623935657951],[-122.331330929684,41.1622157163342],[-122.331556305567,41.1621073197724],[-122.331760605554,41.1619550563664],[-122.332159376374,41.1618354974339],[-122.332304536507,41.1619266297676],[-122.33242589239,41.1620035109209],[-122.332597566047,41.1620969442529],[-122.332779393922,41.1622425588223],[-122.333085135411,41.1624630236373],[-122.333240496677,41.1625857834379],[-122.333431197314,41.1626416323691],[-122.333807511461,41.162618845143],[-122.334124735241,41.1625808442227],[-122.334282368858,41.1626415454134],[-122.334360697115,41.1627319375831],[-122.334505994347,41.1627027287165],[-122.334654393377,41.1623844737251],[-122.334735206501,41.1622254922996],[-122.335000577286,41.1620873183655],[-122.335160145486,41.1619586890883],[-122.335425056581,41.1618503588991],[-122.335664294878,41.1616923889315],[-122.335890002648,41.1615541422394],[-122.336088854142,41.161465341547],[-122.336196141386,41.1612965818484],[-122.336315113434,41.1612673209478],[-122.336407910206,41.1612278212562],[-122.336459720578,41.1611584385317],[-122.336531837486,41.1609593265911],[-122.336560979883,41.1609180393615]]},"properties":{"OBJECTID":128,"OWNERNAME":"Shasta Trinity National Forest","OWNERTYPE":"USDA Forest Service","DESIGNATIO":" ","MANAGEMENT":" ","REV_DATE":1121385600000}},{"type":"Feature","id":129,"geometry":{"type":"LineString","coordinates":[[-122.18028697415,41.1384174384161],[-122.180283631392,41.1382956366454],[-122.180228135866,41.137961935704],[-122.180172925385,41.1376102048264],[-122.180140998163,41.1373037648023],[-122.180180798264,41.136979761959],[-122.180387420041,41.1366569106837],[-122.18071274069,41.136361915497],[-122.181048279626,41.1362112263218],[-122.181286829097,41.1361949024148],[-122.181321644833,41.1362672142784],[-122.181236650764,41.1363927185379],[-122.181067397637,41.1365896346768],[-122.180909970363,41.1367957183701],[-122.180835357057,41.1370474094987],[-122.180807380867,41.1373804912394],[-122.18081467846,41.1377499117917],[-122.180953411052,41.138084234494],[-122.181141251553,41.1383107133974],[-122.181519734917,41.138538647803],[-122.181816841944,41.1386037746504],[-122.182031550075,41.1385783102689],[-122.182032906393,41.1384702161825],[-122.181914817367,41.138388269993],[-122.181725532085,41.138278810788],[-122.181584249922,41.1381427375691],[-122.181491418452,41.1379438981802],[-122.181423473471,41.1376551202105],[-122.181438465456,41.1374120401683],[-122.181441631518,41.1371597905501],[-122.181503969189,41.1369350827256],[-122.181792579268,41.1367209435571],[-122.182258642459,41.1366070928571],[-122.182855351122,41.1365302638098],[-122.183260519298,41.1365240991534],[-122.183617897085,41.1365357131561],[-122.183676612515,41.1365991351684],[-122.183544730402,41.1366702974877],[-122.183329091158,41.1367588732733],[-122.183077109173,41.1369011720471],[-122.182861138087,41.1370258072629],[-122.182597164841,41.1371770571208],[-122.182487986971,41.1373293937303],[-122.182558194759,41.137437952397],[-122.182747560158,41.1375383949687],[-122.183103753351,41.1376400749765],[-122.183638470761,41.1377518893645],[-122.184090577991,41.1378091705723],[-122.184221476954,41.1378190556931],[-122.18440020927,41.1378203527999],[-122.184555042866,41.1378304507096],[-122.184769665381,41.1378139974515],[-122.184936938893,41.1377790802179],[-122.185092307876,41.1377441916593],[-122.185223574596,41.137727117803],[-122.18539019598,41.1377372795078],[-122.185496666557,41.1378011284828],[-122.185578784418,41.1379097491015],[-122.185600963782,41.1380359998037],[-122.185658984985,41.1381625262862],[-122.185764635021,41.138289392453],[-122.185953760827,41.1384168756649],[-122.186107576284,41.1384990053304],[-122.186344700433,41.1385997813587],[-122.186723898609,41.1387645932612],[-122.186913924764,41.138819951203],[-122.187114842395,41.1389474972409],[-122.187232403707,41.1390744256687],[-122.18727843996,41.1392099038903],[-122.187335116523,41.1394445236186],[-122.187379433997,41.1397150537493],[-122.187495119789,41.1399951517757],[-122.187648162382,41.1401494010392],[-122.18781462455,41.1401775889493],[-122.18807761531,41.1401073753565],[-122.188460334462,41.1399928858114],[-122.188807045632,41.1398962399455],[-122.189177774931,41.1397907917222],[-122.189441826185,41.1396305125815],[-122.189599072034,41.1394424471537],[-122.189756316991,41.1392543824037],[-122.189925265432,41.1390753953684],[-122.190165249798,41.1389419446307],[-122.190595427737,41.1388459065419],[-122.190941680774,41.1387852283236],[-122.191323780277,41.1387249104496],[-122.191669668343,41.1386912761624],[-122.192110936558,41.1386583130776],[-122.192635032081,41.1386710384703],[-122.192992335938,41.1386915506231]]},"properties":{"OBJECTID":129,"OWNERNAME":"Shasta Trinity National Forest","OWNERTYPE":"USDA Forest Service","DESIGNATIO":" ","MANAGEMENT":" ","REV_DATE":969580800000}},{"type":"Feature","id":130,"geometry":{"type":"LineString","coordinates":[[-122.212806479025,41.1419207322742],[-122.212911688919,41.1418114322299],[-122.212984669682,41.1417843643182],[-122.21311581399,41.1417941245131],[-122.213209413754,41.1419299255176],[-122.213231329885,41.1420923211907],[-122.213193141985,41.1422902117826],[-122.21314324302,41.1424789358199],[-122.213105857886,41.1426139879899],[-122.213150866018,41.1428303268163],[-122.213195768464,41.1430740679069],[-122.213264831668,41.143263573578],[-122.213393841662,41.1434356148244],[-122.213595449378,41.1435179486799],[-122.213774238943,41.1435283083283],[-122.214024952879,41.1434850274862],[-122.21432270531,41.143496076106],[-122.214619500004,41.1435879920428],[-122.21490332926,41.1437612595321],[-122.215163218652,41.1439611785915],[-122.215446805645,41.1441612178138],[-122.215718408292,41.1443702136523],[-122.215990247296,41.1445521620226],[-122.216274872936,41.1446623176148],[-122.216547781262,41.1447631253297],[-122.216986743715,41.1449282334818],[-122.21734199673,41.1451199687959],[-122.217684625651,41.1453654691756],[-122.217991294092,41.1456377439415],[-122.218249425172,41.145972891193],[-122.21838905496,41.1462529923268],[-122.218252011358,41.1466843741201],[-122.21852250309,41.1469339439312],[-122.218764346147,41.1470077171555],[-122.21917557156,41.1470646063868],[-122.219749901481,41.1471901697958],[-122.220306896409,41.1475135257821],[-122.220537687747,41.1477765048727],[-122.220860540607,41.1481208659536],[-122.22106728412,41.1482799845254],[-122.221309945422,41.1483492302323],[-122.221586981593,41.1484096638328],[-122.221813333927,41.1484289929563]]},"properties":{"OBJECTID":130,"OWNERNAME":"Shasta Trinity National Forest","OWNERTYPE":"USDA Forest Service","DESIGNATIO":" ","MANAGEMENT":" ","REV_DATE":1121385600000}},{"type":"Feature","id":131,"geometry":{"type":"LineString","coordinates":[[-122.221813333927,41.1484289929563],[-122.221977172606,41.1484213094503],[-122.222151279028,41.1483683735796],[-122.222314688831,41.1483469060857],[-122.222467625695,41.1483255341041],[-122.222577967201,41.1484974467938],[-122.222738803226,41.1486964960287],[-122.222922472085,41.1488599862358],[-122.223103349652,41.1489333912351],[-122.223347003029,41.1489845887542],[-122.2235609566,41.1490263983391],[-122.22376458375,41.1489962818488],[-122.223959630437,41.1489390073458],[-122.224096581194,41.1488859188081],[-122.224245217429,41.1489140150172],[-122.224431216445,41.1491180228336],[-122.224636810031,41.1492588583972],[-122.224744740496,41.149448749938],[-122.224820224403,41.14967896765],[-122.224902858259,41.1498056723527],[-122.225154179907,41.1499695806439],[-122.225399534338,41.1500793325445],[-122.225714301624,41.1502886224353],[-122.225977560575,41.1505109956399],[-122.22606637709,41.1506871649448],[-122.226109101467,41.1509129168944],[-122.22621638842,41.1511701512474],[-122.22642842253,41.1513877550976],[-122.226614713039,41.1514971127499],[-122.226723628307,41.1516148765541],[-122.226774392334,41.1517235794806],[-122.226864518285,41.1517960682321],[-122.227000260996,41.1518420579322],[-122.227189134105,41.151735312646],[-122.227372692467,41.1515878305579],[-122.227524037132,41.1514536292925],[-122.227680710675,41.1513645822465],[-122.22798585582,41.1513172408421],[-122.228121928083,41.1513316751199],[-122.228323157837,41.1513238577503],[-122.228439683939,41.1513607225842],[-122.228574943967,41.1513796776617],[-122.228705801542,41.1513488656932],[-122.228843421575,41.1512329343863],[-122.229008671261,41.1511708645218],[-122.229141293977,41.1511087436473],[-122.229317572366,41.1510106909034],[-122.229402074824,41.150921305174],[-122.229554314178,41.1508275564088],[-122.229762344381,41.1507436314643],[-122.229938074141,41.1506816430514],[-122.230149529786,41.1506964450079],[-122.23031629239,41.1507022184713],[-122.23050760661,41.1507126021929],[-122.230639113003,41.1506682563629],[-122.230763439035,41.1506151148458],[-122.230918462697,41.1506072147335],[-122.23109784,41.1506127629284],[-122.231213013448,41.1506405458899],[-122.231340349143,41.1506459372414],[-122.231483269801,41.1506469964296],[-122.231674541317,41.1506751357521],[-122.231884314193,41.1507621626683],[-122.23204298803,41.1508218002868],[-122.232048036574,41.1508233327797]]},"properties":{"OBJECTID":131,"OWNERNAME":"Shasta Trinity National Forest","OWNERTYPE":"USDA Forest Service","DESIGNATIO":" ","MANAGEMENT":" ","REV_DATE":1121385600000}},{"type":"Feature","id":132,"geometry":{"type":"LineString","coordinates":[[-122.245244518922,41.145926109374],[-122.245253193231,41.1457923728197],[-122.24520326471,41.1455893810104],[-122.245170576628,41.145404646894],[-122.245177372413,41.1452603079033],[-122.245219503627,41.1451569779653],[-122.245257815688,41.1449887272512],[-122.245203169062,41.14479474344],[-122.24519519912,41.1446656311382],[-122.245082917598,41.1445360469202],[-122.24498956722,41.1444064829156],[-122.244895334044,41.1443628345123],[-122.244897918399,41.1442856314318],[-122.244935204997,41.1441911315601],[-122.245097750069,41.1440701399582],[-122.245286343036,41.1439369620148],[-122.245290914393,41.143763368661],[-122.245217100312,41.1435694586733],[-122.245067194648,41.1434321653393],[-122.244936861552,41.1432164648252],[-122.244816477975,41.1429648004197],[-122.244894472915,41.1427862854523],[-122.24500922857,41.1426867913939],[-122.245162806442,41.1425228751773],[-122.245363471353,41.1423950701684],[-122.245620516099,41.1423036599128],[-122.245697430888,41.1421896099726],[-122.245950541743,41.1420676245216],[-122.246162954476,41.1421136588139],[-122.246427714411,41.1421584836972],[-122.246637083837,41.142088296184],[-122.246808593154,41.1420104966099],[-122.247026353131,41.1420333599846],[-122.247310443319,41.1420567433343],[-122.247623536512,41.1420443635414],[-122.247823511795,41.1419669528104],[-122.24844137429,41.1418133528335],[-122.248698821547,41.1416931756277],[-122.248756647503,41.1415932587314],[-122.248683930755,41.141320553241],[-122.248517252179,41.1409823827366],[-122.24855611423,41.1408965971289],[-122.248510010708,41.1407816914452],[-122.248359703531,41.1406734325255],[-122.248189639317,41.1406147438179],[-122.248132998969,41.1405929570556],[-122.248114507463,41.140549934323],[-122.248219540412,41.1404861250076],[-122.248315316444,41.1404080602671],[-122.248453853187,41.1402280964684],[-122.248564835423,41.1401300180158],[-122.248746303899,41.1400093128426],[-122.249014315202,41.1397819539156],[-122.24928084927,41.1396974869439],[-122.249439679398,41.1395231047741],[-122.2495317781,41.1393050364767],[-122.249581602188,41.1390904289043],[-122.249652051903,41.1387324983968],[-122.249957240241,41.1385481851932],[-122.250261632473,41.1384714175382],[-122.250401561217,41.1383171151406],[-122.250636361762,41.1380295085119],[-122.250968840408,41.137960167035],[-122.251215485873,41.1379402281319],[-122.251263021754,41.1379261236811],[-122.251415011196,41.1378983324888],[-122.251614564195,41.1378496770773],[-122.251852087005,41.1378008775855],[-122.252004639616,41.1377302624806],[-122.252062713853,41.1376233083452],[-122.252055011879,41.1374727405738],[-122.251999383878,41.1373503464722],[-122.251954127856,41.1371638599098],[-122.25200362365,41.1369922520941],[-122.252124775016,41.1369036332793],[-122.252291154431,41.1368298844761],[-122.252353951213,41.1367141037136],[-122.252634392747,41.1363752867087],[-122.252788448089,41.136329971211],[-122.25293215309,41.1363076460751],[-122.253044572416,41.1363391533232],[-122.25317782148,41.1363401798016],[-122.253413342651,41.1363415291802],[-122.253608247766,41.1363118825171],[-122.253681282251,41.1361961866748],[-122.253723602029,41.1360805012918],[-122.253828705675,41.135848765064],[-122.253938361949,41.1356557937148],[-122.254226332424,41.1355570489102],[-122.254461963148,41.1355429824621],[-122.254615452541,41.1355517551197],[-122.254923344283,41.1355149337975],[-122.255097878018,41.1354697862947],[-122.255426580429,41.1353943706921],[-122.255539114529,41.1354106410289],[-122.255599990163,41.1354498346864],[-122.255702054079,41.1354814360437],[-122.255783867219,41.1354974479247],[-122.255886054322,41.1355291370999],[-122.256018717516,41.135560817403],[-122.256192571099,41.1355774253155],[-122.256357321283,41.1355088369649],[-122.256480758353,41.1354553246086],[-122.256758149748,41.1353950729034],[-122.257034634255,41.135396848269],[-122.257270950138,41.1353365243257],[-122.257507151598,41.1352762911062],[-122.25768178325,41.1352229365688],[-122.257814576412,41.1352625445879],[-122.257993556628,41.1352868991534],[-122.258116678749,41.1352801709272],[-122.258234552218,41.1352769636258],[-122.258275061761,41.1353120165006],[-122.258325365295,41.1353860116159],[-122.258345626343,41.1354132281659],[-122.258396382105,41.1354599028965],[-122.25846772999,41.1354876394891],[-122.258518698635,41.135495734134],[-122.258590379498,41.1354961523653],[-122.258646366623,41.1355275018207],[-122.258682105591,41.135554799037],[-122.258809314853,41.1356136158524],[-122.258947222437,41.1356454693057],[-122.259070222612,41.1356424388129],[-122.259244758677,41.1356125184022],[-122.259424288383,41.1355748465051],[-122.259552742349,41.1355371059144],[-122.259604729417,41.1354792016409],[-122.259625320124,41.1354639581922],[-122.259722714895,41.1354567914985],[-122.259845256191,41.1354808094968],[-122.259926751171,41.1355396384176],[-122.26003336973,41.1356061266477],[-122.260083792389,41.135683814701],[-122.260149236443,41.1357772750976],[-122.260194427395,41.1358702910371],[-122.260183414085,41.1359439502014],[-122.260208566639,41.1359865806006],[-122.260243282467,41.1360758189015],[-122.260328090767,41.1362700616069],[-122.26039956061,41.1363053656781],[-122.26053167934,41.13639149341],[-122.260633184312,41.1364656443645],[-122.260704194231,41.1365241225858],[-122.260724467568,41.1365592696431],[-122.260744164901,41.1366290397174],[-122.260748610887,41.1366870057499],[-122.260773439366,41.1367609202129],[-122.260803485511,41.1368152697507],[-122.260807930374,41.1368732366813],[-122.260806823123,41.1369741181868],[-122.260816275134,41.1370398364036],[-122.260840869596,41.1371289865142],[-122.26094661552,41.1372923862243],[-122.261021643573,41.13745949405],[-122.261030874809,41.1375446857659],[-122.261075945104,41.1376300407999],[-122.261050235036,41.1376415021008],[-122.261004304421,41.1375817609241],[-122.260987465656,41.1375423142719],[-122.260936564055,41.1374570650846],[-122.260825724796,41.1373058357698],[-122.260671719332,41.1371674648247],[-122.260604508388,41.1369839009374],[-122.260572517455,41.1368602717547],[-122.260503291894,41.1367412802274],[-122.260367228418,41.1365375072624],[-122.260177811426,41.1364578224913],[-122.260014207784,41.1363850622026],[-122.259945697519,41.1363189675838],[-122.259912465038,41.1362012196366],[-122.259879419588,41.1361083456626],[-122.259802158111,41.135991123244],[-122.259785252326,41.1358134093598],[-122.259610842178,41.1358548660742],[-122.259470089869,41.1359104061938],[-122.259296556367,41.1359419294392],[-122.259140203406,41.1359935147145],[-122.258923497743,41.1360377143058],[-122.258706493371,41.1360951708408],[-122.258598810621,41.1361196470818],[-122.25851621911,41.1360940969211],[-122.258325972091,41.1360862614587],[-122.25804126787,41.1360125282076],[-122.257816980995,41.1359520354305],[-122.257687560086,41.1359250759515],[-122.25757510348,41.1359113308093],[-122.257540573147,41.1359111418873],[-122.25742774004,41.1359497721896],[-122.257358040245,41.1359820353302],[-122.257262313953,41.1360271166931],[-122.257131879854,41.1360852606056],[-122.257010683655,41.1361040307826],[-122.256898311602,41.1360967731055],[-122.256803020385,41.136102726953],[-122.256716390444,41.1361152849264],[-122.256637806145,41.1361603269001],[-122.256541740192,41.1362513822037],[-122.256437139838,41.136309602323],[-122.256289503384,41.1363545365644],[-122.256090463404,41.1363662349316],[-122.255822707936,41.1363316714056],[-122.255624388022,41.1362716087631],[-122.255452059259,41.1362051289654],[-122.255356612573,41.1362174838233],[-122.255304421179,41.1362500619557],[-122.255174007376,41.1363013541917],[-122.255052728419,41.1363137242448],[-122.2548615456,41.1363973887613],[-122.254735578818,41.1364424714833],[-122.254749813938,41.1367174877122],[-122.254738981328,41.1369069673951],[-122.254650526653,41.137069902562],[-122.254554218435,41.1371609603217],[-122.254475843198,41.1372127570159],[-122.254285471962,41.1372049187923],[-122.254130095787,41.1371778817126],[-122.253896216772,41.1372023726482],[-122.253636322078,41.1372400407428],[-122.253518713331,41.1376840900761],[-122.253577618143,41.1378349086509],[-122.253662083256,41.1380187062269],[-122.253694449648,41.1385944492292],[-122.253545963591,41.1387111439649],[-122.253362451384,41.1388801159763],[-122.253257666048,41.1389515866433],[-122.253126870478,41.1390553421108],[-122.253004993208,41.1391133293456],[-122.252805245512,41.1391710045382],[-122.252614338121,41.1392220313332],[-122.252457807376,41.1392797396015],[-122.252370889744,41.1393250192104],[-122.252274325661,41.1394422196853],[-122.252212557501,41.1395529353096],[-122.252088909285,41.1397745494989],[-122.251992653548,41.1398788552975],[-122.25185338224,41.1399365243097],[-122.251723555014,41.1399422842438],[-122.251611177026,41.1399350205475],[-122.251481415708,41.1399277098098],[-122.251385898167,41.1399531326839],[-122.251324350777,41.1400443752294],[-122.251279698555,41.1401618143811],[-122.251224886667,41.1404297806903],[-122.251132559454,41.1407543057169],[-122.250827493466,41.1408022448654],[-122.250588407963,41.1408547647498],[-122.250412071485,41.1409075088044],[-122.250349556128,41.1409792988041],[-122.250485487234,41.1411377482819],[-122.250770249278,41.1412433155247],[-122.250961469405,41.1413310948022],[-122.251099601972,41.1415178972852],[-122.251132574012,41.1415556119739],[-122.251231356246,41.1416569512612],[-122.251447638468,41.1417617647112],[-122.251613067024,41.1418774089324],[-122.251676260922,41.1419410794879],[-122.251743137408,41.1420082909873],[-122.251898563915,41.1421238439525],[-122.252074357315,41.1422358745813],[-122.25219347116,41.1423514493764],[-122.25218030757,41.1424593089218],[-122.252143750207,41.1425311739596],[-122.251796125845,41.1427180577354],[-122.251664452213,41.1427713532098],[-122.251352855355,41.1429226145176],[-122.251140936503,41.1430405376806],[-122.250857114669,41.1430904380993],[-122.250541518519,41.1432053551973],[-122.250294697242,41.1433075894133],[-122.250178242203,41.1434552507376],[-122.250009873753,41.1435306566948],[-122.249772133877,41.1435428598561],[-122.249488916519,41.1435589453354],[-122.249255323314,41.1435439417055],[-122.249043087655,41.1435379303064],[-122.248783918133,41.1435273527317],[-122.248687809008,41.1435986627497],[-122.248698656354,41.143697888316],[-122.248756647132,41.1438425064193],[-122.248872796394,41.1440953248718],[-122.248965676944,41.1443122360509],[-122.249035575908,41.1444569103641],[-122.249151354821,41.1447548024417],[-122.249161516637,41.1449081213242],[-122.249195416488,41.1450703881301],[-122.249265613159,41.1451789136135],[-122.249430440025,41.1453511764308],[-122.249595190929,41.1455324543389],[-122.249723874562,41.1457405202172],[-122.24973542193,41.1457708682856]]},"properties":{"OBJECTID":132,"OWNERNAME":"Shasta Trinity National Forest","OWNERTYPE":"USDA Forest Service","DESIGNATIO":" ","MANAGEMENT":" ","REV_DATE":1121385600000}},{"type":"Feature","id":136,"geometry":{"type":"LineString","coordinates":[[-122.61128040497,42.0705937201246],[-122.611237546381,42.0705534499859],[-122.611201586613,42.0705040114231],[-122.61119007279,42.0704500996252],[-122.611172174648,42.07040958631],[-122.611106224977,42.0703646470442],[-122.611015828734,42.0703732788799],[-122.610924974888,42.070444823671],[-122.610779805783,42.070574435383],[-122.610749390525,42.0706100793202],[-122.610749125273,42.0706683850016],[-122.610748876938,42.0707042188437],[-122.61070645551,42.0707446232738],[-122.610633856922,42.0708205740318],[-122.61056709997,42.0709011889669],[-122.610512511171,42.0709682862708],[-122.610409778985,42.071035021303],[-122.610319127533,42.0710662201851],[-122.610222500791,42.0711153217125],[-122.610119882085,42.0711687869169],[-122.610065677208,42.0711774850049],[-122.609963292937,42.0711815799764],[-122.609890890516,42.0712039195054],[-122.609806431754,42.0712395022623],[-122.60972775913,42.0712749658387],[-122.609601051602,42.0713196326693],[-122.609510465794,42.0713821459013],[-122.609455890813,42.0714266799589],[-122.609383714332,42.0714354762634],[-122.609196998614,42.0714393224579],[-122.608998193376,42.0714654371384],[-122.608889705643,42.0714741691103],[-122.608787319625,42.0714782630636],[-122.608703006055,42.0714915516702],[-122.608630654343,42.0714955665466],[-122.608510355865,42.071481709315],[-122.608414113232,42.0714724103617],[-122.608335583421,42.0714855787624],[-122.608245302072,42.0714809397858],[-122.608167293056,42.0714492429275],[-122.608106838091,42.0714552709244],[-122.607949616869,42.0714607630274],[-122.607834469984,42.0713802851513],[-122.607760706011,42.0712999470854],[-122.607612404014,42.0712133821213],[-122.607488742113,42.0711637636028],[-122.607373369793,42.0711263376853],[-122.607208478575,42.0710643010649],[-122.607084634765,42.0710392324647],[-122.606878293329,42.0710014222305],[-122.606680015224,42.0709761710643],[-122.606564497263,42.0709512020983],[-122.606383390479,42.070858180188],[-122.606259705697,42.0708210156873],[-122.606135899497,42.0707772649049],[-122.606029105921,42.0706909259896],[-122.605889108951,42.0706103257928],[-122.605724243821,42.070535830858],[-122.605625572718,42.0704801016129],[-122.605535356693,42.0703688745013],[-122.605412260845,42.070239371443],[-122.605321874716,42.0701464695477],[-122.605215137097,42.0700353110107],[-122.605116604392,42.0699242550863],[-122.605009849465,42.0698192349217],[-122.604927949549,42.069714334362],[-122.604796374309,42.0695969171497],[-122.604540803965,42.0695158942056],[-122.604359420731,42.0694414678437],[-122.604244053249,42.0694040388206],[-122.604063004445,42.0692926929772],[-122.604031818758,42.0692547970996]]},"properties":{"OBJECTID":136,"OWNERNAME":"Brian V Callahan","OWNERTYPE":"Private","DESIGNATIO":" ","MANAGEMENT":" ","REV_DATE":1127347200000}},{"type":"Feature","id":137,"geometry":{"type":"LineString","coordinates":[[-122.614773957265,42.073112551262],[-122.614756543425,42.0730819535237],[-122.614648996072,42.0729559293245],[-122.614547079043,42.0728615545902],[-122.61445703186,42.0728208156688],[-122.614300715831,42.0727887533077],[-122.614126338239,42.0727478586575],[-122.613915735795,42.0727157425745],[-122.613837433128,42.0727154626414],[-122.61372333154,42.0726700749376],[-122.613621486766,42.0726071061504],[-122.613447063213,42.072561608003],[-122.613356941132,42.0725253822397],[-122.613134998277,42.0724081225245],[-122.612948819598,42.0723087169341],[-122.612786883383,42.0721961759182],[-122.612673167756,42.0720924773142],[-122.612583294086,42.0720204171293],[-122.612469462293,42.0719528215197],[-122.612361338525,42.071889619669],[-122.612277391608,42.0718310638199],[-122.61221746761,42.0717860011091],[-122.612175336034,42.0717589830195],[-122.612127407592,42.0717317232262],[-122.612115989413,42.0716510048404],[-122.612080411181,42.0715431675832],[-122.612026864202,42.0714354310241],[-122.611943650574,42.0712690115997],[-122.611866298254,42.0711208825227],[-122.611782687884,42.0709993257016],[-122.611650807894,42.0709002431671],[-122.611452988312,42.0707695776656],[-122.611363253246,42.0706749504193],[-122.611285402409,42.0705983995064],[-122.61128040497,42.0705937201246]]},"properties":{"OBJECTID":137,"OWNERNAME":"Mountcrest LTD Partnership","OWNERTYPE":"Private","DESIGNATIO":" ","MANAGEMENT":" ","REV_DATE":1127347200000}},{"type":"Feature","id":138,"geometry":{"type":"LineString","coordinates":[[-122.621067823635,42.0773425760074],[-122.62100857542,42.0773487662578],[-122.620912367546,42.0773733194317],[-122.620871395696,42.0774170351718],[-122.620823205099,42.0774416786618],[-122.620723351394,42.0774524976729],[-122.620612567004,42.0774547899732],[-122.620560931332,42.0774547743608],[-122.620494306919,42.0774572350335],[-122.620435095276,42.0774872494836],[-122.620361153977,42.0775006014841],[-122.620287135481,42.0775086300646],[-122.620206096065,42.0775029972844],[-122.620128601033,42.0774724696454],[-122.620036600786,42.0774117384099],[-122.619985257139,42.0773674032781],[-122.619948659369,42.0773041735253],[-122.619934190155,42.0772488776099],[-122.619930848992,42.077191096999],[-122.619927448818,42.0771251932947],[-122.619913237759,42.0770507604641],[-122.619902424725,42.0770095585992],[-122.619899762223,42.0770027545189],[-122.619899757743,42.0770026645226],[-122.619876915358,42.0769460084112],[-122.61982186575,42.0768797296551],[-122.619759450644,42.0768328268773],[-122.619696778685,42.0768050618684],[-122.61966369076,42.0767911255677],[-122.61964162327,42.0767554822902],[-122.619664099702,42.0767140428954],[-122.619712534446,42.0766372319957],[-122.61975007787,42.0765464758519],[-122.619743153374,42.0764668374343],[-122.619695426388,42.0764060031374],[-122.619629443218,42.0763343545759],[-122.619566956726,42.0762789694754],[-122.619552449497,42.0762487649639],[-122.619530524695,42.0761908265468],[-122.619519958003,42.076113790862],[-122.619513250253,42.075984510628],[-122.619491642366,42.0758992197402],[-122.619473556914,42.0758439985887],[-122.619466624235,42.0757640910091],[-122.619448476631,42.075700658549],[-122.61942691418,42.0756263768491],[-122.61939391548,42.0755658699258],[-122.619357259796,42.0755271887069],[-122.619335394012,42.0754610355919],[-122.619317202623,42.0754225136823],[-122.619276961995,42.0753782205589],[-122.619236566411,42.0753231906441],[-122.619225954983,42.0752351456801],[-122.619219111927,42.0751413366901],[-122.619208808566,42.075009333292],[-122.619205619315,42.0749295274804],[-122.619191302128,42.0748717937628],[-122.619173051477,42.0748219016948],[-122.619162317289,42.0747696880432],[-122.619136745802,42.074717510189],[-122.619099951769,42.0746816292281],[-122.619040941818,42.074664800017],[-122.618926679497,42.0746479374848],[-122.618852757887,42.0746421555998],[-122.61878267416,42.0746390909871],[-122.618708700431,42.0746417036592],[-122.618645904195,42.0746497703202],[-122.618516687294,42.0746493724094],[-122.618424222744,42.0746543515516],[-122.618320773038,42.0746624463571],[-122.618228339784,42.0746813233814],[-122.618176626079,42.0746922292807],[-122.618069395988,42.0747057269356],[-122.6180287145,42.0747246180862],[-122.617987726602,42.0747547957495],[-122.617932294499,42.0747793150108],[-122.617799374909,42.0747733977296],[-122.61771441001,42.0747593597845],[-122.617670306285,42.0747345496338],[-122.617670706994,42.0746767816446],[-122.617645181378,42.0745996937717],[-122.617623406344,42.0745555596518],[-122.617553483178,42.0744947311749],[-122.61748007618,42.0744505827647],[-122.617372984004,42.0744253587225],[-122.617328504289,42.0744099431109],[-122.617274862816,42.0744045524952]]},"properties":{"OBJECTID":138,"OWNERNAME":"Mountcrest LTD Partnership","OWNERTYPE":"Private","DESIGNATIO":" ","MANAGEMENT":" ","REV_DATE":1127347200000}},{"type":"Feature","id":139,"geometry":{"type":"LineString","coordinates":[[-122.584447807777,42.0549930231551],[-122.584397973139,42.0549426890671],[-122.584373119229,42.0548927493182],[-122.584356586719,42.0548428195164],[-122.584348747799,42.0547865747521],[-122.584323929328,42.0547177709466],[-122.584290741882,42.0546741371414],[-122.584283632894,42.0546180588798],[-122.584282797823,42.0546116679491],[-122.584299957324,42.054543093015],[-122.584342309139,42.0544807699478],[-122.584367932825,42.0543995662149],[-122.584427082973,42.0543249896982],[-122.584477612053,42.0542752252454],[-122.584503170347,42.0542253391557],[-122.584503249823,42.0541877955596],[-122.584528808046,42.0541379076616],[-122.584579210292,42.0540946441964],[-122.584604802907,42.0540258058141],[-122.584646968261,42.0539948036065],[-122.584688869871,42.0539764398252],[-122.584714386191,42.0539452350213],[-122.584748163386,42.0538892252818],[-122.584798838827,42.0538270046587],[-122.584891349174,42.0537709682821],[-122.58506762044,42.0536968880507],[-122.585135176163,42.0536345931737],[-122.585236005809,42.0535851559544],[-122.585328541505,42.0535166647048],[-122.585387481563,42.0534793636619],[-122.585454793081,42.053423571117],[-122.585496901551,42.0533612541996],[-122.585497674865,42.053286514086],[-122.585497937992,42.053217650375],[-122.585431792599,42.0530737941495],[-122.585432642508,42.0529615104147],[-122.585408123268,42.0528677937837],[-122.585358566897,42.0527489581297],[-122.585317456982,42.05263021993],[-122.585301504675,42.0525366901639],[-122.585302241023,42.0524179110511],[-122.585319792613,42.0522807388527],[-122.58538761096,42.0521561695609],[-122.585421724568,42.052056472512],[-122.585464272176,42.0519566029175],[-122.585515127521,42.0518695604271],[-122.585557526887,42.0517821495304],[-122.585608349105,42.0517074706384],[-122.585633767228,42.0516703120902],[-122.585700879641,42.0516454776516],[-122.585776258186,42.0516456530322],[-122.585952247178,42.0516400751422],[-122.586077792135,42.0516468067783],[-122.586236733233,42.0516598973811],[-122.586387672113,42.0516354259096],[-122.586572170138,42.0515986294762],[-122.586672785676,42.0515864661155],[-122.586773381852,42.0515869390139],[-122.586840025142,42.0516121102323],[-122.586923812786,42.0516312454368],[-122.586973983693,42.0516313037328],[-122.586999571639,42.0515690524797],[-122.586983224711,42.0514878946346],[-122.586975600049,42.0513879661639],[-122.586976135751,42.0513067348214],[-122.586976532161,42.0512316418043],[-122.586922135595,42.0511554117085]]},"properties":{"OBJECTID":139,"OWNERNAME":"Marshall Cole","OWNERTYPE":"Private","DESIGNATIO":" ","MANAGEMENT":" ","REV_DATE":1127347200000}},{"type":"Feature","id":140,"geometry":{"type":"LineString","coordinates":[[-122.586922135595,42.0511554117085],[-122.586918581657,42.0511505206038],[-122.586801960437,42.0510313414656],[-122.586677108886,42.0509311905152],[-122.586568573586,42.0508683401615],[-122.586493513356,42.0508306150284],[-122.586451930475,42.0507617943263],[-122.586419135426,42.0506428879719],[-122.586361200274,42.0505555387433],[-122.586236358019,42.0504489804614],[-122.586175638945,42.0503613281421],[-122.586075870633,42.0502279957236],[-122.58599134031,42.0501124015317],[-122.585929834217,42.0500429048456],[-122.585895599285,42.0500035346059],[-122.585820726137,42.0499179753978],[-122.585740664247,42.0498256643034],[-122.585698024686,42.0497774408931],[-122.585660673158,42.049745263489],[-122.585596934109,42.0496210332133],[-122.585527836582,42.0495284972072],[-122.585421096964,42.0494122732092],[-122.58528754392,42.0493114870915],[-122.58509492459,42.0491947594913],[-122.584971808194,42.0491221885964],[-122.584827316307,42.0490255964472],[-122.584704420578,42.0489491388592],[-122.584570783164,42.0488525950274],[-122.584399235577,42.0487878702225],[-122.584358965342,42.0487715452199]]},"properties":{"OBJECTID":140,"OWNERNAME":"Marshall Cole","OWNERTYPE":"Private","DESIGNATIO":" ","MANAGEMENT":" ","REV_DATE":1127347200000}},{"type":"Feature","id":141,"geometry":{"type":"LineString","coordinates":[[-122.584358965342,42.0487715452199],[-122.584260068005,42.0487315074492],[-122.584104612134,42.0486748473513],[-122.583949463082,42.0486100566149],[-122.583852968922,42.0485697914131],[-122.583777900585,42.0485416311062],[-122.583713793927,42.0484933038023],[-122.583681895244,42.0484452216522],[-122.583682182822,42.0483769895993],[-122.583752925698,42.0482731176258],[-122.583839355407,42.0481695565901],[-122.583862086435,42.0481381388419]]},"properties":{"OBJECTID":141,"OWNERNAME":"Marshall Cole","OWNERTYPE":"Private","DESIGNATIO":" ","MANAGEMENT":" ","REV_DATE":1127347200000}},{"type":"Feature","id":142,"geometry":{"type":"LineString","coordinates":[[-122.583862086435,42.0481381388419],[-122.583882748937,42.0481094707063],[-122.583899169117,42.0480735787343],[-122.583926171476,42.0480335913472],[-122.583964223212,42.0479857055231],[-122.583985989373,42.0479178492705],[-122.583986380398,42.0478656791594],[-122.58396552237,42.0477896653675],[-122.58394996036,42.04769351093],[-122.583951285396,42.0475014414496],[-122.583941617263,42.0473916294109],[-122.583945294027,42.047317100603],[-122.5839570825,42.0472534177624],[-122.583991594561,42.0472110200781],[-122.584008722201,42.0471813405215],[-122.584026134096,42.0471561678118],[-122.584083244508,42.0471349694492],[-122.584128908556,42.0471140025751],[-122.584157493283,42.0470843596881],[-122.584197764606,42.0470378733631],[-122.584220641931,42.0470038360792],[-122.584249433764,42.046969947638],[-122.584272441455,42.0469361779579],[-122.584335443137,42.046881376774],[-122.584352743404,42.0468432109021],[-122.584381448673,42.0468135664558],[-122.584393096067,42.0467625196325],[-122.584399396741,42.0466905559463],[-122.584405411086,42.0466139944954],[-122.584406227363,42.0465205744979],[-122.584406394988,42.0464656120953],[-122.58438422604,42.0463933254144],[-122.584327479571,42.0463549550674],[-122.584259441368,42.0463078826454],[-122.584185702419,42.0462565940107],[-122.584106210035,42.046239353848],[-122.583992395566,42.0462134296491],[-122.583929969111,42.046187989171],[-122.583856005453,42.0461536713511],[-122.583782356693,42.0460982302331],[-122.583731188924,42.0460938581265],[-122.583668922769,42.0460595721246],[-122.583600749458,42.0459955345817],[-122.583538603199,42.045944640792],[-122.58347623892,42.0458977215892],[-122.583391220295,42.0458379985289],[-122.583294919084,42.0457697514616],[-122.5832268778,42.0457225875275],[-122.583192613924,42.0457055076384],[-122.583141827806,42.0456586235368],[-122.583107809337,42.0456119389087],[-122.583056794817,42.0455819348913],[-122.582983029974,42.0455563664989],[-122.582926289138,42.0455346907842],[-122.582880859926,42.0455090844399],[-122.582829824253,42.0454752005109],[-122.58278456735,42.0454112370062],[-122.582711546614,42.0452835851146],[-122.582672071924,42.0452028984501],[-122.582638478283,42.0451347261889],[-122.582610193267,42.0450964065755],[-122.582622001988,42.0450200000849],[-122.582639358309,42.0449734396644],[-122.582662649503,42.0449143053547],[-122.582662786378,42.0448717065929],[-122.582668999017,42.0448038960533],[-122.582680843018,42.0447317284729],[-122.58269842705,42.0446681987885],[-122.582709934113,42.0446298808872],[-122.582710508066,42.0445661555479],[-122.582705196691,42.0444898266866],[-122.582677556357,42.0443665741552],[-122.582649588028,42.0443071303605],[-122.582621355709,42.0442603277623],[-122.582587424887,42.0442093998132],[-122.582570627956,42.0441752686448],[-122.582496895959,42.0441240688964],[-122.582377909205,42.0440387771714],[-122.582275971908,42.0439746144051],[-122.58223634731,42.0439361654051],[-122.582179591503,42.0438809195298],[-122.582168436682,42.0438427940157],[-122.582169032593,42.0437664340476],[-122.58216377739,42.043698225681],[-122.582135620725,42.0436303035663],[-122.582096292331,42.0435834558531],[-122.582050821547,42.043536733062],[-122.58202832984,42.0434985664382],[-122.582017219127,42.0434516852052],[-122.581989140128,42.0434091207849],[-122.581977898906,42.043375237479],[-122.581955539062,42.0433240728987],[-122.581950314048,42.0432435008209],[-122.581956419209,42.0431925680037],[-122.581974067766,42.0431076489738],[-122.581974661888,42.0430311989645],[-122.581969332032,42.0429675946272],[-122.581952557223,42.0429208287375],[-122.581930031633,42.0428784222431],[-122.58185059598,42.0428228257464],[-122.581782568461,42.0427759309171],[-122.581708926469,42.0427204874919],[-122.581657955912,42.0426651235855],[-122.581624506932,42.0425843148302],[-122.581602153364,42.0425035492895],[-122.581580008422,42.0424185390992],[-122.581568994474,42.0423676846745],[-122.581563578458,42.0423083234342],[-122.581569782344,42.0422402428414],[-122.581575842191,42.0421681939133],[-122.581559412813,42.0420745835849],[-122.581554030973,42.0420194639761],[-122.581548861441,42.0419304070304],[-122.581560772023,42.0418667218453],[-122.581572475229,42.0418072821941],[-122.581578440279,42.0417690781842],[-122.581539209403,42.0416883870953],[-122.581448596315,42.0416072993062],[-122.581357941801,42.0415349644367],[-122.581329918974,42.0414839159199],[-122.581307373311,42.0414243620872],[-122.581262284023,42.0413649080237],[-122.581217152247,42.0413009413748],[-122.581195082359,42.0411948125507],[-122.581184187139,42.0411140847424],[-122.581156335388,42.0410246789728],[-122.581173779541,42.0409738764204],[-122.581196863269,42.0409189887112],[-122.581225706497,42.0408766161125],[-122.581277235959,42.0408214202874],[-122.581300439074,42.0407665292615],[-122.581317796431,42.0407199707227],[-122.581357932242,42.0406731275844],[-122.581397994251,42.0406308884959],[-122.581415503147,42.0405884773804],[-122.581432860374,42.0405419188201],[-122.581472974738,42.0404911958157],[-122.581519079934,42.0404361086224],[-122.581553390282,42.0403981388424],[-122.581588039355,42.0403430146742],[-122.581599503498,42.0403134515966],[-122.581611292994,42.0402497687482],[-122.581600431562,42.0401732825826],[-122.581589464004,42.0401137632971],[-122.581584131552,42.0400500697358],[-122.581572943589,42.0400077024395],[-122.581545020963,42.0399395052343],[-122.581494191799,42.0398714132387],[-122.581426333932,42.0397992473559],[-122.581347145372,42.0397139565151],[-122.581279222451,42.0396499135095],[-122.581270858506,42.0396420509776]]},"properties":{"OBJECTID":142,"OWNERNAME":"Marshall Cole","OWNERTYPE":"Private","DESIGNATIO":" ","MANAGEMENT":" ","REV_DATE":1127347200000}},{"type":"Feature","id":143,"geometry":{"type":"LineString","coordinates":[[-122.626960333127,42.0762942106244],[-122.626640194476,42.0762334311264],[-122.626350454502,42.0762278854221],[-122.626153905711,42.076227175693],[-122.62591288719,42.0762504919053],[-122.625888093275,42.0762553382018],[-122.625831445161,42.0762665293734],[-122.625728206993,42.076260817775],[-122.625613657399,42.0762493824662],[-122.625466056346,42.0762380021918],[-122.625344007813,42.0762455845287],[-122.625240539742,42.0762564833257],[-122.625155498491,42.0762697965474],[-122.625074370095,42.0762779766728],[-122.624985671335,42.0762804464898],[-122.624911608592,42.0762774669787],[-122.62480850496,42.0762330344331],[-122.624778376996,42.0762143451824],[-122.624705538532,42.0761694646043],[-122.62461356932,42.0761031410805],[-122.624532546295,42.0760587917687],[-122.624451604154,42.0760198548775],[-122.624307610225,42.0759918822066],[-122.624215378266,42.0759641000534],[-122.624078973944,42.0759390385794],[-122.624001329417,42.0759305385681],[-122.623868403631,42.0759245354465],[-122.623779760081,42.0759187006133],[-122.623706138346,42.0759047931712],[-122.623662003755,42.0758825122939],[-122.623591832245,42.0758575221187],[-122.623462653022,42.0758517129223],[-122.623318566254,42.0758537945328],[-122.62324099695,42.0758701112524],[-122.623129563103,42.0759330657976],[-122.622948447469,42.0759875376609],[-122.622800385353,42.0760419548432],[-122.622622669888,42.0760938264183],[-122.622543154285,42.0761358140901]]},"properties":{"OBJECTID":143,"OWNERNAME":"Medford District Office","OWNERTYPE":"Bureau of Land Management","DESIGNATIO":" ","MANAGEMENT":" ","REV_DATE":1127347200000}},{"type":"Feature","id":144,"geometry":{"type":"LineString","coordinates":[[-122.617274862816,42.0744045524952],[-122.617265539821,42.074403661617],[-122.617172141167,42.0743931369184],[-122.617114319134,42.0743855770786],[-122.617092616609,42.0743826851822],[-122.616999161525,42.0743803740756],[-122.616886768152,42.0743716861865],[-122.616793324851,42.0743795714301],[-122.616672400066,42.074391366239],[-122.616581797539,42.0744075857819],[-122.61651027651,42.0744113202674],[-122.616342708106,42.0744210070089],[-122.616276877853,42.0744350917449],[-122.616197206723,42.0744370071309],[-122.616131195044,42.0744428838044],[-122.616059769358,42.0744426440297],[-122.615983754506,42.0744357298534],[-122.615910014437,42.0744446526506],[-122.615801216003,42.0744680172516],[-122.615724167687,42.0744854020369],[-122.615623430779,42.0744950628207],[-122.615551794181,42.0745087247411],[-122.615474750852,42.0745458741428],[-122.615392258583,42.0745988388239],[-122.615341715948,42.0746284003076],[-122.615307212053,42.074647975652],[-122.615238101051,42.0746418215519],[-122.615185379857,42.0746318989608],[-122.615145487661,42.0746394910649],[-122.615100248193,42.0746689436877],[-122.615060370742,42.0746965714506],[-122.615012596599,42.0747063120984],[-122.614965006036,42.0746883408917],[-122.614922483725,42.0746801940618],[-122.614943931534,42.0746468105056],[-122.614973493758,42.0745815813265],[-122.614971172573,42.074538219095],[-122.615005911961,42.0744988751097],[-122.615051010195,42.0744852190806],[-122.61509333852,42.0744913837367],[-122.615120106881,42.0744321689637],[-122.615147043729,42.0743709647576],[-122.615152510895,42.0743392652979],[-122.615163335566,42.0742959018191],[-122.615206418666,42.0742112610287],[-122.615256980441,42.0741560662746],[-122.615294418821,42.0741146817221],[-122.615334232542,42.0740853402194],[-122.615387664981,42.0740360447051],[-122.615433091468,42.0739888093098],[-122.615507807037,42.0739179550738],[-122.615574252062,42.073874796452],[-122.61561948469,42.0738157423537],[-122.615649028319,42.0737827330648],[-122.615659233268,42.0737585164459],[-122.615687536677,42.0737376249444],[-122.615724497961,42.07370617646],[-122.615758439188,42.0736811991179],[-122.615792395624,42.0736664191648],[-122.61582911042,42.0736413840694],[-122.615868850527,42.0736100587173],[-122.615869113395,42.073561589607],[-122.615829894475,42.0735383933442],[-122.615787567005,42.0735257285952],[-122.615742493725,42.0735170922041],[-122.615683288453,42.0735211127914],[-122.615621147924,42.0735272695877],[-122.615547830393,42.0735313099647],[-122.615511105909,42.0735331522401],[-122.615446271692,42.073535030882],[-122.615339041672,42.0735451872166],[-122.615226350427,42.0735447154401],[-122.615102120615,42.0735486329718],[-122.615020307467,42.0735545637649],[-122.614952617545,42.073560743826],[-122.614904757692,42.0735648901384],[-122.614842552573,42.073556246653],[-122.614772266957,42.0735410919098],[-122.614701954413,42.0735284632299],[-122.614671017616,42.0735073522697],[-122.61469369237,42.0734843218387],[-122.614755926444,42.0734381826072],[-122.614792800269,42.0734108892977],[-122.614812752337,42.0733860186603],[-122.6148100236,42.0733479895201],[-122.614784947564,42.0733059101685],[-122.614779042809,42.0732831974496],[-122.614773754369,42.0731986529813],[-122.614774473122,42.0731134424654],[-122.614773957265,42.073112551262]]},"properties":{"OBJECTID":144,"OWNERNAME":"Southern Pacific Transportation Company","OWNERTYPE":"Private","DESIGNATIO":" ","MANAGEMENT":" ","REV_DATE":1127347200000}},{"type":"Feature","id":145,"geometry":{"type":"LineString","coordinates":[[-122.49888016587,42.0584402238042],[-122.498839512947,42.058453661646],[-122.498792231975,42.0584535102492],[-122.498718158454,42.0584631847465],[-122.498623445501,42.0584929383896],[-122.498576130457,42.0585226593219],[-122.498542165933,42.0585376782583],[-122.498440893538,42.0585524001015],[-122.498366631176,42.0585772381624],[-122.498305881312,42.0585919726678],[-122.498211173509,42.0586218168736],[-122.49813001307,42.0586665541472],[-122.498055428485,42.0587164873749],[-122.497994556894,42.0587414215093],[-122.497933548894,42.058776195385],[-122.497859228242,42.05879598144],[-122.497811925136,42.0588157754921],[-122.497791450277,42.0588508322783],[-122.497737279086,42.0588708525199],[-122.497676404127,42.0588956964805],[-122.497608629014,42.0589506381175],[-122.497547815685,42.058970428022],[-122.497480115893,42.0590103872223],[-122.497439577345,42.0590202115838],[-122.497365258152,42.0590400864359],[-122.497324457165,42.0590698594149],[-122.497277074869,42.0591148330954],[-122.497216076657,42.0591498775075],[-122.497134727823,42.0592098696718],[-122.497046639374,42.0592496897662],[-122.496958650644,42.0593094515148],[-122.496911045429,42.0593343947199],[-122.496870503255,42.0593544163692],[-122.496829956747,42.0593743480024],[-122.496802722679,42.0594092675259],[-122.496768405443,42.05947934189],[-122.496747464081,42.0595697294684],[-122.496726518607,42.0596702236052],[-122.49671903077,42.0597555627228],[-122.496691515695,42.0598407541844],[-122.496663965987,42.0599112374099],[-122.496643091942,42.0599863716705],[-122.496602020658,42.0600564897924],[-122.496561138373,42.0601114423273],[-122.496540723292,42.0601516423572],[-122.496499982088,42.0601865585183],[-122.496438968543,42.0602315299718],[-122.496391287593,42.0602817427854],[-122.496370742279,42.0603216759717],[-122.496357085627,42.060362013971],[-122.496336552982,42.0603920187904],[-122.496315963794,42.0604169710218],[-122.496275413025,42.0604470999317],[-122.496248179421,42.0604820193011],[-122.49622068494,42.0605369782142],[-122.496213669435,42.0605672581378],[-122.496213381741,42.0606276384582],[-122.496199475262,42.0606677101266],[-122.496165476344,42.060712600728],[-122.496111036878,42.060762767214],[-122.496063531734,42.0608077426736],[-122.496036031607,42.0608728098991],[-122.496029068692,42.0609079614645],[-122.496028599232,42.0609632014988],[-122.496028070998,42.0610235855201],[-122.495993808583,42.0610987121781],[-122.495993475757,42.0611441133486],[-122.495966041596,42.061204215666],[-122.495945566211,42.0612392729798],[-122.495925033102,42.0612692777127],[-122.495924624346,42.0613296594188],[-122.495904085824,42.0613697725092],[-122.495890242088,42.0614047901389],[-122.495889894493,42.0614600269425],[-122.495862599072,42.0615000920009],[-122.495875451464,42.0615705909289],[-122.495895378564,42.061615862537],[-122.495915190287,42.0616510289897],[-122.495935179305,42.0616912448088],[-122.495954915668,42.0617619703436],[-122.49598134418,42.061817220226],[-122.496021403648,42.0618725638353],[-122.496061418394,42.0619231248597],[-122.496094994767,42.0619484543436],[-122.496162149137,42.0619888239984],[-122.496185059128,42.0620297944132],[-122.496210086251,42.0620657606835],[-122.496218311717,42.0621075627273],[-122.496235370348,42.0621433249651],[-122.496243851532,42.0621787147083],[-122.496247875735,42.062214191675],[-122.496234478638,42.0622722129311],[-122.496221135945,42.0623043325275],[-122.496220819802,42.062343325082],[-122.49622032085,42.0624045200148],[-122.496219978868,42.0624496502327],[-122.496215393885,42.0625044295832],[-122.496219292479,42.0625432477128],[-122.496218963926,42.0625818793348],[-122.496214141674,42.0626367542034],[-122.496140179476,42.062697682985],[-122.496100770271,42.0627362715434],[-122.496066217141,42.0627586117179],[-122.496013797263,42.0627873502453],[-122.495979136744,42.0628031941119],[-122.495935946088,42.0628063010243],[-122.49586223199,42.0628126270223],[-122.495827451841,42.0628284731485],[-122.495801350351,42.0628476683194],[-122.495740515449,42.0628669163007],[-122.495684114062,42.0628922129004],[-122.495632090145,42.0629082189753],[-122.49555401375,42.0629207673352],[-122.495484636249,42.0629269163846],[-122.495411014392,42.0629427163008],[-122.495376248262,42.0629521537184],[-122.495341466162,42.0629714303642],[-122.495289566545,42.0629840942253],[-122.495237406231,42.0630065083123],[-122.495167847994,42.0630383820107],[-122.495107276515,42.0630479685204],[-122.495020498436,42.0630669139652],[-122.494968461233,42.0630859876763],[-122.494929209591,42.0631085102233],[-122.494885726426,42.0631307553006],[-122.494820771596,42.0631528809708],[-122.494781533437,42.0631689048774],[-122.494725157395,42.0631880633503],[-122.494655728804,42.0632202053547],[-122.494608030055,42.0632391931384],[-122.494525600777,42.0632583242672],[-122.494434458758,42.0632834917957],[-122.494369261437,42.0633090515897],[-122.494334612049,42.0633218270411],[-122.494282599874,42.0633313339307],[-122.494213392914,42.0633149189365],[-122.494174738277,42.063285807838],[-122.494131610605,42.0632564247591],[-122.494088606863,42.0632271302629],[-122.494015024026,42.0632302930501],[-122.493958650877,42.0632426843499],[-122.493872039674,42.0632424036041],[-122.493815822706,42.0632420662738],[-122.493763810519,42.0632515729343],[-122.493724813618,42.0632675918723],[-122.493663830839,42.0632929778442],[-122.49360294693,42.0633314486526],[-122.493559426883,42.0633731853838],[-122.493524380005,42.0634021235243],[-122.493498404584,42.0634214949841],[-122.493472277829,42.0634502561412],[-122.493428635629,42.0634919960339],[-122.493380680901,42.0635208262564],[-122.493319929907,42.0635527951224],[-122.49325460853,42.0635816954477],[-122.49319846278,42.0636005803551],[-122.493133274627,42.063622980622],[-122.493063592546,42.0636581933124],[-122.493024714283,42.0636707799601],[-122.492968216517,42.0636899416925],[-122.492915873331,42.0637380786637],[-122.492859328503,42.0637764642706],[-122.492815552336,42.0638247039173],[-122.492785082598,42.063856889464],[-122.492754492041,42.0638890773088],[-122.492723879583,42.0639274919065],[-122.492710613587,42.063979013613],[-122.49270596987,42.0640081634771],[-122.492705771386,42.0640402941749],[-122.492687785462,42.0640982252568],[-122.492661772483,42.0641336625117],[-122.492631001312,42.06419157333],[-122.492609085436,42.0642269294928],[-122.492574145869,42.0642623618107],[-122.492534998994,42.0642912880063],[-122.492495683185,42.0643361006864],[-122.492469150258,42.0643910419557],[-122.492468818978,42.0644262437765],[-122.492433838313,42.0644810790822],[-122.492381192806,42.0645549438061],[-122.49234605239,42.0646224167249],[-122.49234585422,42.0646579771621],[-122.49232795906,42.0647288112196],[-122.492301656901,42.064783475111],[-122.492257720508,42.0648477819153],[-122.492226824042,42.0649090355599],[-122.492174440971,42.0649732381536],[-122.492122044425,42.0650473672548],[-122.492065344986,42.065101998055],[-122.49202573816,42.0651693797205],[-122.491947086611,42.0652755197783],[-122.491851110834,42.0653589005356],[-122.491737693894,42.0654745704017],[-122.491641851021,42.0655514491971],[-122.491571623486,42.0656673524025],[-122.491501686865,42.0657572584517],[-122.491414239109,42.0658602337763],[-122.491379074233,42.0659373637655],[-122.491317693002,42.0660338701912],[-122.491221663195,42.066143242001],[-122.491142889163,42.0662459558163],[-122.491046725205,42.0663618265482],[-122.4909763877,42.0664712339784],[-122.490923803992,42.0665675675048],[-122.490871152403,42.0666447694077],[-122.490783757393,42.0667733734784],[-122.490696197928,42.0668698537498],[-122.490609148157,42.0669533275863],[-122.490539238725,42.0670303276595],[-122.490382504002,42.0671456744669],[-122.490243381293,42.067209595941],[-122.490104367476,42.0672800126092],[-122.489956997226,42.0673116978776],[-122.489852535942,42.0673562570744],[-122.489731073621,42.067400967996],[-122.489592565581,42.0674068495838],[-122.489436875779,42.067380218121],[-122.489298753294,42.0673214744788],[-122.489186536684,42.0672825262487],[-122.48908310966,42.0672431362676],[-122.48900552978,42.0671978225498],[-122.488953846309,42.0671652667128],[-122.488832769744,42.0671453545232],[-122.488737440265,42.0671579664178],[-122.488633384029,42.06718311372],[-122.488512145331,42.0671826974229],[-122.488339187519,42.0671623610963],[-122.488183327783,42.0671618118643],[-122.488105390527,42.0671613567122],[-122.487949527714,42.0671607180637],[-122.487819603091,42.0671602011637],[-122.487724701141,42.0671403142826],[-122.487568797913,42.0671591699446],[-122.487386687448,42.0671839528873],[-122.487282517917,42.0672093722205],[-122.487135320985,42.0672150591693],[-122.487031315827,42.0672210720717],[-122.486892943075,42.0672204487048],[-122.486719713816,42.0672198785274],[-122.486615989748,42.0672063916527],[-122.486434326934,42.0671992188074],[-122.48626965674,42.0671985702535],[-122.486122580539,42.0672042536349],[-122.485975274771,42.0672034446671],[-122.485741733748,42.0671959342102],[-122.485611616345,42.0672278155207],[-122.4855074235,42.0672594609297],[-122.485351363873,42.0672910403625],[-122.485203839555,42.0673356282094],[-122.485073378399,42.0674058712846],[-122.484951765226,42.0674635767046],[-122.484830044223,42.0675079289364],[-122.484682818452,42.0675266099564],[-122.484526793822,42.0675454620745],[-122.484388286209,42.0675513366269],[-122.484206477998,42.0675503902919],[-122.484067859905,42.0675496790897],[-122.483859926477,42.0675811000691],[-122.483703580854,42.0676321758179],[-122.483556019618,42.0676894868988],[-122.483477852958,42.0677341573271],[-122.483338682913,42.0678175645081],[-122.483129918529,42.0679389756459],[-122.48286775091,42.0681440078935],[-122.482655203457,42.0682401346036],[-122.482279319799,42.0684082272463],[-122.482115572976,42.0685166628284],[-122.481935657763,42.0686250528105],[-122.481788135498,42.0687456226713],[-122.481738329632,42.0688424392334],[-122.481672425702,42.0689514833379],[-122.4816228036,42.0690604805225],[-122.481491210668,42.0692054655338],[-122.481360095345,42.0693261656773],[-122.481195928981,42.0694709766896],[-122.481097148272,42.0696161321216],[-122.480981722959,42.0697853466157],[-122.480932037776,42.0698822504979],[-122.480865891597,42.0700154850905],[-122.480816148948,42.0701244832549],[-122.480733056717,42.070318154957],[-122.48055213192,42.0705357601567],[-122.480420540723,42.0707050211534],[-122.480272547738,42.0708986082915],[-122.480108078276,42.0710797920999],[-122.479992882516,42.0712247272053],[-122.479828426355,42.0714304588075],[-122.479647844269,42.0716235100831],[-122.479499366145,42.0718412917067],[-122.47931861057,42.072046709986],[-122.479153426844,42.0723249216453],[-122.479038240285,42.0724702157379],[-122.478890107301,42.0726634441077],[-122.478758279175,42.0728572549327],[-122.478675064186,42.0730752026447],[-122.478624897186,42.0732205781835],[-122.478623714547,42.0733903548109],[-122.478605709554,42.0735965595536],[-122.478668016698,42.0739365615754],[-122.478698940297,42.0741551653111],[-122.478777649824,42.074470841138],[-122.478841325598,42.0746532470524],[-122.478904990623,42.0748352919821],[-122.479017407317,42.0750178269577],[-122.47913011886,42.0751638974459],[-122.479226315991,42.0753586625564],[-122.479402695832,42.0756867773911],[-122.479595792043,42.075978916916],[-122.479740615775,42.076197999039],[-122.479885851285,42.0763564271062],[-122.480064016297,42.076490567554],[-122.480176734588,42.0766367260312],[-122.480289633843,42.0767707886863],[-122.48036900501,42.077025806378],[-122.480350828385,42.0772441993729],[-122.480267317683,42.077498525588],[-122.480184461943,42.0776681861203],[-122.480182753809,42.0778987102518],[-122.480148751417,42.078068227972],[-122.48022842339,42.0782869612869],[-122.480421170134,42.0786032940149],[-122.480630686273,42.0788712869732],[-122.480759758832,42.0790295817633],[-122.480775216157,42.0791265653422],[-122.480888182235,42.0792727192351],[-122.480968203591,42.0794186161486],[-122.481048245555,42.0796133364937],[-122.481143907242,42.079844120174],[-122.481174660445,42.080074821828],[-122.481224394502,42.0801756475051],[-122.481315803838,42.0802849516429],[-122.481376489885,42.0803712132774],[-122.481475857892,42.080463124562],[-122.481514026917,42.0804919769083],[-122.48156755883,42.0805152049759],[-122.481644424912,42.0805329228336],[-122.481682547153,42.0805673735923],[-122.481697668326,42.080596135722],[-122.481751114831,42.0806478847452],[-122.481835329986,42.0806997516554],[-122.481858013876,42.0807343232085],[-122.481865452104,42.0807745176824],[-122.481834149112,42.0808486819605],[-122.481779966854,42.0808827744123],[-122.481733224796,42.0809398244909],[-122.481686728359,42.0810142867965],[-122.481608724821,42.0811399043937],[-122.481553606045,42.0812885378854],[-122.481514176739,42.0814029314487],[-122.481459552371,42.0815002052887],[-122.481428203507,42.0815800561046],[-122.4813815907,42.0816373728449],[-122.481319227683,42.0817514046782],[-122.481248795697,42.0818831005743],[-122.48122553653,42.081928680454],[-122.481194155973,42.0819972501557],[-122.481162741934,42.0820717783295],[-122.481108390186,42.0821458529989],[-122.481046487777,42.0821972422696],[-122.480999941751,42.0822427363909],[-122.480914827592,42.0822996342371],[-122.480891086174,42.0823796977173],[-122.4808750344,42.0824657466098],[-122.480858973344,42.0825515254772],[-122.480888765739,42.0826547272627],[-122.48093444873,42.0827293704152],[-122.480979648785,42.0828384963203],[-122.48104801503,42.0829477111014],[-122.481093127,42.0830681211654],[-122.481105199728,42.0831062397499],[-122.481125298157,42.0831565653586],[-122.48114509026,42.0832050027213],[-122.481168760027,42.0832539049178],[-122.481220915622,42.0833273377131],[-122.481225715162,42.0833438482241],[-122.48123080897,42.0834032226668],[-122.481236933395,42.0835196116738],[-122.48123603662,42.0836146607466],[-122.481249168788,42.0837520305448],[-122.481283986557,42.083836813575],[-122.481375004812,42.083969229576],[-122.481416714126,42.0840750856461],[-122.481486397706,42.0842287666651],[-122.481513922638,42.08432921571],[-122.481555697052,42.0844403942515],[-122.48161125581,42.0845834324684],[-122.481645839241,42.0846890673475],[-122.481666247181,42.0847895643776],[-122.481715250921,42.0848797559817],[-122.481726133494,42.084904540371]]},"properties":{"OBJECTID":145,"OWNERNAME":"Medford District Office","OWNERTYPE":"Bureau of Land Management","DESIGNATIO":" ","MANAGEMENT":" ","REV_DATE":1127347200000}},{"type":"Feature","id":146,"geometry":{"type":"LineString","coordinates":[[-122.481183165749,42.0860858694246],[-122.481180346745,42.0860983782422],[-122.481119517789,42.0862426136416],[-122.480968838313,42.0864085517173],[-122.480833599034,42.086519226161],[-122.480548595675,42.0867289467786],[-122.480398571187,42.0868170765277],[-122.480293447141,42.0869057726164],[-122.480232308754,42.0870722136262],[-122.480021914833,42.0872488858228],[-122.479857169055,42.0873370344108],[-122.479662474662,42.0874141245786],[-122.479482550505,42.0875133095813],[-122.479317331186,42.0876569665578],[-122.479091351343,42.0879228368662],[-122.478865949489,42.0881328325506],[-122.478684398719,42.088409925569],[-122.47854797287,42.0886870390404],[-122.478426274871,42.0889644065738],[-122.478364055728,42.0892865458119],[-122.478362360237,42.0894865691967],[-122.478375041802,42.0897423563257],[-122.478433301019,42.0899316405946],[-122.478490581739,42.0902206691933],[-122.478473672158,42.0904652117423],[-122.47836746915,42.0906647535224],[-122.478306345014,42.0908422041368],[-122.478229886822,42.0910642671248],[-122.478123920685,42.0912637122289],[-122.478092135208,42.0914969952253],[-122.478119900897,42.0917528486155],[-122.478118588151,42.0919085532435],[-122.478117360739,42.092052975516],[-122.47810110723,42.0922197113683],[-122.478039674104,42.0924194604679],[-122.477963892008,42.0925746349435],[-122.477798471711,42.0927405885582],[-122.477603282639,42.0928730094483],[-122.477393436236,42.0929831532495],[-122.477183906692,42.0930712715154],[-122.476989188314,42.0931481787902],[-122.476735225681,42.093180217685],[-122.476331631851,42.093267342803],[-122.476151971646,42.0933332144849],[-122.475867641794,42.0934320869127],[-122.475612850793,42.0935752353173],[-122.47531317351,42.0937184483878],[-122.47516287403,42.0938511617505],[-122.47502786388,42.0939172429169],[-122.474848794315,42.0939275086469],[-122.474520367338,42.0939592824474],[-122.474265340062,42.0941027033795],[-122.474040259581,42.0942571815385],[-122.473932151984,42.0943334763065],[-122.473816807816,42.0944237205254],[-122.47370175934,42.0945224422456],[-122.473574975281,42.0946410672918],[-122.47345195111,42.0947740583604],[-122.473351734004,42.0949209544486],[-122.473274396477,42.0950457435658],[-122.473254849543,42.0950734703664]]},"properties":{"OBJECTID":146,"OWNERNAME":"Medford District Office","OWNERTYPE":"Bureau of Land Management","DESIGNATIO":" ","MANAGEMENT":" ","REV_DATE":1127347200000}},{"type":"Feature","id":147,"geometry":{"type":"LineString","coordinates":[[-122.481726133494,42.084904540371],[-122.481757065101,42.0849747795038],[-122.481777531338,42.0850700416744],[-122.481762635416,42.0851546248238],[-122.481726486563,42.0852179641797],[-122.481690970769,42.0852477203635],[-122.481603760403,42.0853999614544],[-122.481317522868,42.0857431850083],[-122.481226675942,42.0858983842605],[-122.481183165749,42.0860858694246]]},"properties":{"OBJECTID":147,"OWNERNAME":"Medford District Office","OWNERTYPE":"Bureau of Land Management","DESIGNATIO":" ","MANAGEMENT":" ","REV_DATE":1127347200000}},{"type":"Feature","id":148,"geometry":{"type":"LineString","coordinates":[[-122.480998649394,42.1127205536023],[-122.481081730927,42.1129010560032],[-122.481094403502,42.1130458410813],[-122.481065673928,42.1131698681862],[-122.481008941922,42.113314568773],[-122.48089618511,42.1135000762423],[-122.480797322197,42.113727368627],[-122.480670808877,42.1138922973859],[-122.480558411079,42.1140363725756],[-122.480460024607,42.1141807145043],[-122.480281718568,42.1143556823097],[-122.480136840773,42.1144718726521],[-122.479978375424,42.1146757832519],[-122.479806157024,42.1149282473291],[-122.479529349025,42.1151996322459],[-122.479384278993,42.11534488801],[-122.479174039895,42.1154801352857],[-122.479015449412,42.1156840467599],[-122.478869676829,42.1159266059919],[-122.478697450844,42.1161790691675],[-122.478652703824,42.1162663147951]]},"properties":{"OBJECTID":148,"OWNERNAME":"Meriwether Southern Oregon","OWNERTYPE":"Private","DESIGNATIO":" ","MANAGEMENT":" ","REV_DATE":1127347200000}},{"type":"Feature","id":149,"geometry":{"type":"LineString","coordinates":[[-122.478652703824,42.1162663147951],[-122.478577905788,42.1164123611398],[-122.478540634092,42.1165269883126],[-122.478524298638,42.1165775768147],[-122.478352537297,42.1167812041375],[-122.478154723828,42.1169751422752],[-122.478075592651,42.1170525003323],[-122.477996609467,42.1171203798369],[-122.477957074639,42.117149581697],[-122.477930827708,42.1171687772994],[-122.477917462396,42.117207665823],[-122.477956391548,42.117237049523],[-122.478021828714,42.1172374849885],[-122.478178600023,42.1172575250406],[-122.478282985092,42.1172775059368],[-122.47850540176,42.1172590782305],[-122.47859686739,42.1172789502453],[-122.478622446851,42.1173373851984],[-122.478647968321,42.1174251524284],[-122.478633645492,42.1175712786012],[-122.478632571671,42.1177269853997],[-122.478636376883,42.1178219459704],[-122.478635825304,42.1178924441306],[-122.478635183149,42.1179810837822],[-122.478604910846,42.1180473792856],[-122.478604573055,42.1180825845052],[-122.478622025646,42.1181225863959],[-122.478633493765,42.1181847261944],[-122.47858504879,42.1182905464313],[-122.47855463786,42.1183701109756],[-122.478530399592,42.1184363792082],[-122.478512096512,42.1184894439174],[-122.478511461831,42.1185644558384],[-122.478528756098,42.1186309944771],[-122.478563912785,42.118697455079],[-122.478610956155,42.1187551986974],[-122.478604279636,42.1188438673451],[-122.478597612591,42.1189189974001],[-122.478597013527,42.1189985217084],[-122.478614569715,42.1190517871557],[-122.478619921601,42.119104751164],[-122.478631247186,42.1191800699881],[-122.478636627549,42.1192510840717],[-122.47861789435,42.1193435986404],[-122.478605682148,42.1193878808199],[-122.478587380071,42.1194409455071],[-122.478581012065,42.1195074047899],[-122.478574568727,42.1195647510634],[-122.478586102027,42.1196045978625],[-122.478621454379,42.1196490322791],[-122.478632918478,42.1197110820244],[-122.47862631113,42.1197775467736],[-122.478601388524,42.1199277639099],[-122.478600727101,42.1199986243],[-122.478587978769,42.1201000459621],[-122.478575422161,42.1201931609794],[-122.478574768803,42.1202814413925],[-122.478574280182,42.1203124073855],[-122.478550237529,42.1203566494216],[-122.478520327503,42.1203918911152],[-122.478490156898,42.1204404050471],[-122.478477720579,42.1205024718282],[-122.478447577365,42.120555226329],[-122.478411478541,42.1206171228367],[-122.478393082557,42.1206744330314],[-122.478369093925,42.1207099179609],[-122.478339229908,42.1207361343233],[-122.478267292431,42.1207846522961],[-122.478219268349,42.1208507532716],[-122.478195268462,42.12088587904],[-122.478182860451,42.1209521872515],[-122.478206257726,42.1209964947983],[-122.478235337626,42.1210720997085],[-122.478270438607,42.1211473155737],[-122.478287808832,42.1211918312253],[-122.478287369073,42.1212448178191],[-122.478286912389,42.1213111629771],[-122.478298338548,42.1213687012072],[-122.478315756325,42.1214041906695],[-122.47831535517,42.12146177966],[-122.478320881539,42.1215058951473],[-122.478350351611,42.1215546869153],[-122.478355469423,42.121638884044],[-122.478366825697,42.1217185342694],[-122.478383838227,42.1218115235947],[-122.478401059791,42.1218690382437],[-122.478412545937,42.1219179120848],[-122.478412189241,42.1219663839777],[-122.478411760689,42.1220197314708],[-122.478411385225,42.1220814719117],[-122.47841678557,42.1221392182331],[-122.478434085934,42.1221921290885],[-122.478451558681,42.1222499100471],[-122.478457051569,42.1222896040208],[-122.478462633999,42.1223560119075],[-122.47843840301,42.1223915041011],[-122.478402805989,42.1223780292564],[-122.478331724989,42.1223509890582],[-122.478260567226,42.1223286435036],[-122.478213344241,42.1223107042008],[-122.478142354967,42.1222793310078],[-122.478094948197,42.1222526391725],[-122.478065354895,42.1222348964471],[-122.478011763539,42.122252279408],[-122.477951804296,42.1223050764972],[-122.477915851029,42.1223401652],[-122.477855929513,42.1223974737244],[-122.477802010827,42.1224504226402],[-122.477777581059,42.1225388966666],[-122.477734944532,42.1226624737039],[-122.477728088726,42.1227598996554],[-122.477733177731,42.1228881402595],[-122.477732318075,42.1229809366047],[-122.477737674568,42.1230651273193],[-122.477736675105,42.1231711935884],[-122.477717774169,42.1233038730396],[-122.477693224275,42.1233923492916],[-122.477668794013,42.123480824148],[-122.477644215823,42.1235822980074],[-122.477631439749,42.1236795687927],[-122.477618633135,42.1238035557499],[-122.477605866678,42.123918335627],[-122.477605085663,42.1239891999318],[-122.477622293133,42.1240912099255],[-122.477663101957,42.1241708279042],[-122.477757696335,42.1242419937378],[-122.47785815118,42.1243046516297],[-122.477929028327,42.1243534463475],[-122.478005778171,42.1244114231766],[-122.478100396403,42.124469411992],[-122.478248062084,42.124580695606],[-122.478301422478,42.1246118720927],[-122.478395897297,42.1246830405873],[-122.478514280475,42.1247543728579],[-122.478644465592,42.1248214127308],[-122.478727113788,42.1248615841052],[-122.478767646003,42.1248745994834],[-122.478811279899,42.1248864725215],[-122.478856615577,42.1249021922325],[-122.47892284543,42.124928514589],[-122.47897165585,42.1249365849057],[-122.479055482638,42.1249552534777],[-122.479128588344,42.1249814415137],[-122.479226368026,42.1250055225777],[-122.479316867978,42.1250423804616],[-122.479397220254,42.1250583183315],[-122.479484393126,42.125079447527],[-122.479599400639,42.1251163682866],[-122.479662256069,42.1251428462014],[-122.47972456628,42.1251951484767],[-122.479814680631,42.125286527021],[-122.47989806502,42.1253649507336],[-122.479953377462,42.1254380563499],[-122.479985867267,42.1254971683059],[-122.480028520621,42.1255327966749],[-122.48007154304,42.1255651676216],[-122.480109989738,42.1255909508966],[-122.480152517938,42.1256747755249],[-122.480177960823,42.1257325821209],[-122.480216340672,42.1257840869776],[-122.480233278414,42.1258161565031],[-122.48024596858,42.1258579669496],[-122.480296749478,42.1259671722295],[-122.480377573649,42.1260896898511],[-122.48043283791,42.1261958279003],[-122.480462636604,42.1262504804629],[-122.480496495031,42.1263245474235],[-122.480556314062,42.1263987388293],[-122.480624398222,42.1264952412684],[-122.480675639083,42.1265692389915],[-122.480700978737,42.1266206393907],[-122.480700279526,42.126707566742],[-122.48071247454,42.1267973102584],[-122.48073774555,42.1268777736687],[-122.480771420692,42.1269741365739],[-122.480792537325,42.1270256190029],[-122.480826865963,42.1270578892368],[-122.480895597001,42.127093548464],[-122.480964218991,42.1271260521163],[-122.481011360897,42.1271519336744],[-122.481015366,42.1271904830942],[-122.481023513316,42.127261083977],[-122.481036082146,42.127302895703],[-122.481059947194,42.1273362735209]]},"properties":{"OBJECTID":149,"OWNERNAME":"Fay Weisler","OWNERTYPE":"Private","DESIGNATIO":" ","MANAGEMENT":" ","REV_DATE":1127347200000}},{"type":"Feature","id":151,"geometry":{"type":"LineString","coordinates":[[-122.481059947194,42.1273362735209],[-122.481065910536,42.127344549574],[-122.481091663896,42.1273801475766],[-122.481108484755,42.1274088796153],[-122.481116657149,42.1274699116241],[-122.481146137252,42.1275567902957],[-122.481167416292,42.1275956345593],[-122.481175496533,42.1276436721502],[-122.481192380401,42.1276983061677],[-122.481221863876,42.1277818442833],[-122.481234458426,42.1278139989005],[-122.481234361317,42.1278526298818],[-122.48123373134,42.1279104932666],[-122.481250456508,42.1279778562499],[-122.48129282827,42.1280743211203],[-122.481314093933,42.128116234064],[-122.481348171043,42.1281516683371],[-122.481373939875,42.1281773373813],[-122.48141239666,42.1282033893089],[-122.481442479944,42.1282419706606],[-122.481455091487,42.1282677178035],[-122.48148942419,42.1283000778251],[-122.481519294354,42.128325667048],[-122.481549310271,42.1283451156423],[-122.481591737326,42.1284224444584],[-122.481630116803,42.1284738605714],[-122.481655695394,42.1285285939479],[-122.4816813057,42.1285704224261],[-122.481719605327,42.1286092041211],[-122.481762485577,42.1286478059264],[-122.481796684119,42.1286832377638],[-122.4818310036,42.1287186663951],[-122.481882476415,42.1287509633357],[-122.481968319105,42.1287994638213],[-122.482045172553,42.1288738627846],[-122.482117881714,42.1289575476636],[-122.482169138595,42.1290284768211],[-122.482211350628,42.129141008101],[-122.48221502376,42.1292148542468],[-122.482231458316,42.1293014466479],[-122.482239281241,42.1294076123893],[-122.482243249499,42.1294588892951],[-122.482264195183,42.1295295086876],[-122.482293862407,42.1295906622198],[-122.482357959995,42.1296455445433],[-122.482426451298,42.129729403112],[-122.482490546715,42.1297842853688],[-122.482563450633,42.1298389964551],[-122.482610353187,42.1299130785113],[-122.482657138036,42.1299838232205],[-122.482678267624,42.1300321474042],[-122.482696344043,42.1301001157794],[-122.482696305149,42.1301265609565],[-122.482652145862,42.130434017474],[-122.482548844846,42.1307040031152]]},"properties":{"OBJECTID":151,"OWNERNAME":"Kari Lee Cameron","OWNERTYPE":"Private","DESIGNATIO":" ","MANAGEMENT":" ","REV_DATE":1127347200000}},{"type":"Feature","id":160,"geometry":{"type":"LineString","coordinates":[[-122.581270858506,42.0396420509776],[-122.581188712008,42.0395649423083],[-122.581058429799,42.0394538894504],[-122.58087693401,42.0393470396869],[-122.58070691753,42.0392275911233],[-122.58058802991,42.0391380542082],[-122.580395001757,42.0390356789113],[-122.580213378694,42.0389584305359],[-122.580065667778,42.0388985390326],[-122.579934794335,42.0388640241767],[-122.579775617989,42.0388336961515],[-122.579587911346,42.0388245250324],[-122.579451049153,42.0388242446698],[-122.579286123637,42.0388148788436],[-122.579098407587,42.0387888315436],[-122.578899211484,42.0387753804905],[-122.578751374016,42.0387451806803],[-122.578660365399,42.0387193280413],[-122.578541146926,42.0386637297169],[-122.578410621991,42.0386122396806],[-122.578274281174,42.0385566281163],[-122.578092531836,42.0384923735012],[-122.577922007479,42.0384450378869],[-122.577785701308,42.0383936656012],[-122.577620973962,42.0383167010533],[-122.57743949605,42.0382267204206],[-122.577314603402,42.0381542696713],[-122.577235388345,42.0380647343325],[-122.577178994461,42.038009209569],[-122.57710544503,42.0379495208889],[-122.576923949704,42.0378257886322],[-122.576833459497,42.0377278193132],[-122.576743007403,42.0376342724962],[-122.576692395444,42.0375321527319],[-122.576585469646,42.0373534784317],[-122.576506598643,42.0372301854698],[-122.576438933462,42.0371066646516],[-122.576360693049,42.036911072094],[-122.576350534041,42.0367242936525],[-122.576350896441,42.0366479399976],[-122.576317410094,42.0365459241929],[-122.576289730822,42.036431154437],[-122.576279639664,42.0362528565528],[-122.576268934602,42.036134042596],[-122.576207586103,42.0359387397117],[-122.576140500919,42.0357813649375],[-122.576089966342,42.0356580371276],[-122.576028004953,42.0355388216686],[-122.575992286967,42.0354715947454],[-122.575858709039,42.0352859727079],[-122.575785176581,42.0352166273198],[-122.575720836623,42.0351680309787],[-122.575619878566,42.0350572783848],[-122.575546442179,42.034960678287],[-122.575500659429,42.0348984372744],[-122.575426928362,42.0348634782326],[-122.575269779458,42.034842219167],[-122.575131303804,42.0348072230233],[-122.574956107886,42.0347238810227],[-122.574855234816,42.0345855113641],[-122.574726850103,42.034426585538],[-122.574496669723,42.034253305378],[-122.574321795621,42.0341355725259],[-122.574035967658,42.0340102586925],[-122.573722188692,42.0338987783172],[-122.573518747396,42.0338842316428],[-122.573361785286,42.0338214537705],[-122.573233019236,42.0337383390849],[-122.573178453496,42.0336001120697],[-122.573124384009,42.0333725323568],[-122.573134376633,42.0332690908791],[-122.573181588425,42.0331314126367],[-122.573293656024,42.0329802343352],[-122.573442400953,42.0328496963181],[-122.573647444417,42.0326227183969],[-122.573796408751,42.0324716916543],[-122.573852384889,42.0324028721178],[-122.573952285276,42.0322753121445],[-122.574017523161,42.032152698832],[-122.574077114635,42.0320406690195],[-122.57412407852,42.0318995652708],[-122.574170950049,42.0317093730032],[-122.574231702178,42.0314365942964],[-122.574245940715,42.0312707988853],[-122.574233481355,42.0311633015698],[-122.574175069941,42.0310852552689],[-122.574051548895,42.030987054185],[-122.573927780504,42.0309086229925],[-122.573751558925,42.0308299031132],[-122.573457964208,42.0307360604026],[-122.573235932754,42.0306474420931],[-122.573027009132,42.0305978118737],[-122.572778588907,42.0305727175123],[-122.572556073174,42.0305671311172],[-122.572412351864,42.030556785498],[-122.572176818557,42.0305313390301],[-122.572026543236,42.0305065052085],[-122.571937672629,42.030486021124],[-122.57185910502,42.0304704713561],[-122.571729209718,42.0304623693916],[-122.571585738392,42.030448949998],[-122.571438732069,42.0304510331914],[-122.571336060233,42.0304556436551],[-122.571250427723,42.0304580142841],[-122.571175152552,42.0304600851546],[-122.57108955048,42.0304699444432],[-122.57101446727,42.0304673178335],[-122.570963180874,42.0304593353939],[-122.570905227291,42.0304337095115],[-122.57081291981,42.030428183114],[-122.570737748347,42.0304331384038],[-122.570665722821,42.0304583351058],[-122.57059028619,42.0304759297677],[-122.570538844554,42.0304935789412],[-122.570494024293,42.030534285676],[-122.570452908347,42.0305441446031],[-122.570357085273,42.030551414424],[-122.570271540266,42.0305562190073],[-122.57018629151,42.0305458560972],[-122.570114414211,42.0305352230126],[-122.570071778124,42.0305230932228],[-122.570033962731,42.0304975996868],[-122.569967734506,42.0304831509907],[-122.569858485974,42.0304792318721],[-122.569749260286,42.0304859603348],[-122.569601792572,42.030538587176],[-122.569478053167,42.03058396462],[-122.569425557677,42.0306191411762],[-122.569325964493,42.0306189052895],[-122.569230845116,42.0306256180473],[-122.569107287827,42.030642744438],[-122.569002988729,42.0306389950042],[-122.56891279392,42.0306385683301],[-122.568827204092,42.0306487886963],[-122.568770192286,42.030655809957],[-122.568727332508,42.0306874521172],[-122.568708129508,42.030729804925],[-122.568674651815,42.0307507889825],[-122.568608049132,42.0307859812133],[-122.568560450482,42.0307966018162],[-122.568517561406,42.0308140772917],[-122.568484201912,42.0308350580211],[-122.568365355449,42.030852449811],[-122.568284687972,42.0308554397217],[-122.568204033224,42.0308554515911],[-122.568170657483,42.0308693025747],[-122.56809451841,42.0309008083041],[-122.568051720422,42.0309042028429],[-122.568004240331,42.0309147308236],[-122.567951836358,42.0309391666561],[-122.567908668916,42.0309922928207],[-122.56787512282,42.0310380951103],[-122.567794384961,42.0310591335109],[-122.567737366307,42.0310659760565],[-122.567670803983,42.0310656107077],[-122.567604602606,42.0310619001653],[-122.567556986363,42.0310687305221],[-122.567518821113,42.0310935096975],[-122.567471156345,42.0311322881188],[-122.567413937063,42.0311602506081],[-122.567332735209,42.0312484400456],[-122.567299161727,42.0312835026849],[-122.567237788561,42.0313366372455],[-122.567166107496,42.0314247247928],[-122.567140519266,42.0314672062587],[-122.567058316391,42.0315044281426],[-122.566988703147,42.0315230762386],[-122.566900084937,42.0315462603431],[-122.566823915659,42.0315836303005],[-122.566767031141,42.0315975078318],[-122.566691191569,42.0316207030713],[-122.566671725516,42.0316724469647],[-122.566646045941,42.0317524714658],[-122.566614227881,42.031799410117],[-122.566613375846,42.031912502359],[-122.566587379099,42.0319970465609],[-122.566555216021,42.0320910997761],[-122.566548539286,42.0321664982328],[-122.566510044149,42.0322321638615],[-122.566452930371,42.0322930607331],[-122.56641463257,42.0323542098799],[-122.566388596855,42.0324577064946],[-122.566375472658,42.0325281811957],[-122.566299061538,42.0326222296771],[-122.566203728185,42.0327064632631],[-122.566165536921,42.0327438748535],[-122.566114939143,42.0327816306582],[-122.565981997687,42.0328094115886],[-122.565868288965,42.032832291708],[-122.565767103234,42.0328413804126],[-122.565678607933,42.0328646511986],[-122.565602593513,42.0328830672961],[-122.565514306782,42.0328687924695],[-122.565413765119,42.0328023341908],[-122.565338547269,42.0327127129413],[-122.565301076069,42.0326466920508],[-122.565238470782,42.032575766108],[-122.565169429281,42.0325001863452],[-122.565112936807,42.0324482678467],[-122.56506884028,42.0324291260757],[-122.564999411018,42.0324195232514],[-122.564885639727,42.0324472765075],[-122.564733626957,42.0325078400066],[-122.564613375643,42.032549802565],[-122.564480323203,42.032601229256],[-122.56431586544,42.0326476960505],[-122.564056276761,42.0327406680415],[-122.563872709391,42.032815496356],[-122.563726948596,42.0328855888497],[-122.563650469545,42.0329744920529],[-122.563586807029,42.0330544738029],[-122.563497748144,42.0331623129797],[-122.563421307314,42.0332422811756],[-122.563370427224,42.0332889735913],[-122.56332585172,42.0333499789309],[-122.563287710539,42.0333921721785],[-122.563230686434,42.0334156170532],[-122.563104154006,42.0334339711258],[-122.562927196971,42.0334615570523],[-122.562825729759,42.0335129736825],[-122.562762294697,42.0335692160364],[-122.562698622142,42.0336489263543],[-122.562640808203,42.03380405129],[-122.562620877858,42.0339265528214],[-122.562613813264,42.0340347180141],[-122.562600764145,42.034100679065],[-122.562562542595,42.0341473861285],[-122.562480225008,42.0341848789428],[-122.562296667243,42.0342501389579],[-122.562201448789,42.0343109936056],[-122.56208750612,42.034357518946],[-122.561954467917,42.0343994660495],[-122.561872214001,42.0344320843513],[-122.561783876536,42.0344364873701],[-122.561688952537,42.0344454471889],[-122.561613014689,42.0344593475235],[-122.561562039315,42.0345535088995],[-122.561555133092,42.0346193459378],[-122.561548507055,42.0346662257719],[-122.561485138082,42.0346943100984],[-122.561421647115,42.0347223967732],[-122.561383413159,42.0347787601146],[-122.561345058809,42.0348584990403],[-122.561306846699,42.03490547659],[-122.561249755346,42.0349571686902],[-122.561236690324,42.0349993945171],[-122.561235924133,42.0350984084845],[-122.561191024603,42.0352206030955],[-122.561113869287,42.0354179018808],[-122.561062621368,42.0355212734974],[-122.561005342164,42.0355777519042],[-122.560923086283,42.0356103686208],[-122.560834274253,42.035661799572],[-122.560758286064,42.0356710058508],[-122.56064457174,42.0356938808752],[-122.560587613507,42.0357125403616],[-122.560517975016,42.0357406603472],[-122.560454663743,42.035740315896],[-122.560372825571,42.0357210345743],[-122.560309847946,42.0356831422415],[-122.560246758017,42.0356688945861],[-122.560183642792,42.0356639444494],[-122.560101903447,42.0356072998983],[-122.560064362555,42.0355693438303],[-122.559988861733,42.0355218678807],[-122.559970407154,42.0354748627948],[-122.559932987258,42.0354135319926],[-122.559870143679,42.035342608048],[-122.559750773378,42.0352621769323],[-122.559618497308,42.0352050192183],[-122.559517821447,42.0351481250299],[-122.559354012842,42.0350958459557],[-122.559284838081,42.0350532951321],[-122.559221886851,42.0350294796665],[-122.559101949323,42.0350101545698],[-122.558994769026,42.0350002281525],[-122.558989092695,42.0349999814828]]},"properties":{"OBJECTID":160,"OWNERNAME":"Medford District Office","OWNERTYPE":"Bureau of Land Management","DESIGNATIO":" ","MANAGEMENT":" ","REV_DATE":1127347200000}},{"type":"Feature","id":161,"geometry":{"type":"LineString","coordinates":[[-122.554223083657,42.0359416015414],[-122.554176820685,42.0359291788471],[-122.5540114142,42.0359228586003],[-122.553891024259,42.0358943328251],[-122.553763231876,42.0358711908834],[-122.553650446427,42.0358596575123],[-122.553477049996,42.0358758786388],[-122.553401762178,42.0358810970036],[-122.553311166953,42.0359032277129],[-122.55325068463,42.0359647297742],[-122.553205150611,42.0360094156388],[-122.553204800893,42.0360432644862],[-122.553226443398,42.0361722373111],[-122.553241165506,42.036239622956],[-122.553331133551,42.0362905108279],[-122.553413320707,42.036386498244],[-122.553450586557,42.0364370048991],[-122.553472582262,42.0365155234279],[-122.553479594495,42.0365830641646],[-122.553494045678,42.0366730167341],[-122.553501055727,42.0367572537644],[-122.553500666806,42.0368133930107],[-122.553500387689,42.0368525635841],[-122.553537616325,42.0369087570344],[-122.553559776001,42.0369649845314],[-122.553603899577,42.0371222909407],[-122.553603194144,42.0372232875767],[-122.553602015475,42.0373747398774],[-122.553601196634,42.037492705182],[-122.553585224172,42.0376384999699],[-122.553569363891,42.0377338461865],[-122.553538675811,42.0378292208154],[-122.553469846471,42.0379637174143],[-122.553461706039,42.0380758747619],[-122.553460966264,42.0381658618827],[-122.553452776546,42.0382666488413],[-122.553391821958,42.0383786983453],[-122.553316063824,42.0384513367986],[-122.553307875239,42.0385186438567],[-122.553269783704,42.0385859215267],[-122.553209303251,42.038647514378],[-122.553103584387,42.038675003011],[-122.55298271884,42.0387138082817],[-122.552862059423,42.0387582937084],[-122.552809089413,42.0387974446915],[-122.552740765159,42.0388589238452],[-122.552672756319,42.0389090272693],[-122.552582125311,42.038953718691],[-122.552404899553,42.0389843640953],[-122.552321998975,42.0389993011204],[-122.552205710075,42.0390112099885],[-122.552093716652,42.0390385543387],[-122.552002668814,42.0390381339458],[-122.551861637457,42.0390593849562],[-122.55176190549,42.0390991168781],[-122.551703754981,42.0391082299274],[-122.551658097289,42.0391327941017],[-122.551637151026,42.0391572215842],[-122.551574849367,42.0391850082814],[-122.551533332337,42.0391939657735],[-122.551434117394,42.0391844145824],[-122.551384493443,42.0391657401816],[-122.551322425215,42.0391530934462],[-122.551243684875,42.0391496260277],[-122.551173241666,42.0391555574926],[-122.551119446744,42.0391583555333],[-122.551028294301,42.0391517089967],[-122.550928948395,42.0391452268224],[-122.550875043084,42.0391449591404],[-122.550767346786,42.0391476702378],[-122.550692834686,42.039144386987],[-122.550609867764,42.03914407349],[-122.550551948168,42.0391562492143],[-122.550464858603,42.0391619737536],[-122.5503984386,42.0391926408905],[-122.550315341704,42.0391953975228],[-122.550219993124,42.0392196077263],[-122.550153591743,42.0392440469576],[-122.550062432409,42.039243897447],[-122.549884259324,42.0392616533104],[-122.549796199588,42.0392538606822],[-122.549722070426,42.0392612182509],[-122.549631706458,42.0392966087222],[-122.549568075979,42.0393277601597],[-122.549509307559,42.0393867891524],[-122.549492549783,42.0395210488236],[-122.549486758814,42.039588036476],[-122.549470518818,42.039639441664],[-122.549475012548,42.0397577501129],[-122.549484712521,42.0398565526996],[-122.54947358351,42.0399394405542],[-122.549457173218,42.0400263140292],[-122.549435530411,42.0401051712511],[-122.549429680589,42.0401839825541],[-122.549439745214,42.0402392797161],[-122.549439363685,42.0403024575582],[-122.549396394205,42.040385083713],[-122.549364017262,42.0404638866501],[-122.549326472862,42.0405230305659],[-122.549294116317,42.0406057132997],[-122.549283076546,42.0406810190904],[-122.54925093082,42.0407360822876],[-122.5492080184,42.0408068855893],[-122.549181260873,42.0408541700547],[-122.549181015569,42.0408976721858],[-122.54917517914,42.0409567201061],[-122.549148536717,42.0409803590332],[-122.549105836247,42.0410235427695],[-122.549078904585,42.0410827423343],[-122.549062764554,42.0411301752156],[-122.549035911635,42.0411613984894],[-122.549014543338,42.0412244573671],[-122.548987371242,42.041283663428],[-122.548950102648,42.0413270089746],[-122.548843949469,42.0413660544655],[-122.548722024311,42.0413654399026],[-122.548579255751,42.0413452114337],[-122.548468206552,42.0413251552721],[-122.548383586536,42.0413090806812],[-122.548309823909,42.0413065936055],[-122.548280206199,42.0413212674874],[-122.548204585393,42.041347606617],[-122.548155874771,42.0413342378664],[-122.548098612756,42.0413010070697],[-122.548036519209,42.0412742803012],[-122.547987930392,42.0412575702241],[-122.5478995418,42.0412406675538],[-122.547748930326,42.0412135564999],[-122.547633769529,42.0412099169823],[-122.547496301158,42.0411828118891],[-122.547385856088,42.0411594040017],[-122.547306289894,42.0411161528895],[-122.547240108196,42.0410729033276],[-122.547182709412,42.0410526708902],[-122.547107473578,42.0410259363904],[-122.546997042032,42.0409726581189],[-122.546913017239,42.0409294968023],[-122.546851412469,42.0408827256972],[-122.546784985704,42.0408528379731],[-122.546692155645,42.0408129204124],[-122.546559531419,42.0407561161818],[-122.546404583454,42.0407324308746],[-122.546333936273,42.040692428818],[-122.546267892093,42.0406361807927],[-122.546206025709,42.0406224447693],[-122.546121998972,42.0405959773387],[-122.54603783875,42.0405658132942],[-122.545958518487,42.0405025231841],[-122.54585701618,42.040456102493],[-122.545768522031,42.0404059907592],[-122.545671347745,42.0403759976008],[-122.545454702312,42.0402760307308],[-122.545322082418,42.0402259937782],[-122.545216386921,42.0401198259468],[-122.545110537857,42.0400530970591],[-122.545013371804,42.039999821108],[-122.544907146031,42.0399796645012],[-122.544832929525,42.0399846752276]]},"properties":{"OBJECTID":161,"OWNERNAME":"Medford District Office","OWNERTYPE":"Bureau of Land Management","DESIGNATIO":" ","MANAGEMENT":" ","REV_DATE":1127347200000}},{"type":"Feature","id":162,"geometry":{"type":"LineString","coordinates":[[-122.558989092695,42.0349999814828],[-122.558881010329,42.0349951274701],[-122.558779942987,42.0350042977863],[-122.558609390244,42.0350223638341],[-122.558345935064,42.0351089057398],[-122.558134446471,42.0351921413561],[-122.558043983028,42.0352312396818],[-122.557975553177,42.0353095988916],[-122.557831564996,42.0354492262014],[-122.557733225559,42.0355273779216],[-122.55759726666,42.0356054766722],[-122.557370476762,42.035722501054],[-122.557294804592,42.0357672549174],[-122.55724962748,42.035778275303],[-122.557083858759,42.0357886610013],[-122.55698599109,42.0357996627419],[-122.556910431114,42.0358274485551],[-122.556767340481,42.0358548835646],[-122.556631295095,42.035927298523],[-122.556570770487,42.0359775228039],[-122.556525400193,42.0359999162484],[-122.556465152764,42.0360109689751],[-122.556314219918,42.036038291119],[-122.556208788913,42.0360434892072],[-122.556110997325,42.036043205652],[-122.556058069557,42.0360767613362],[-122.555959799349,42.036110058862],[-122.555839455023,42.0361095999858],[-122.555719297541,42.0360641068173],[-122.555606586927,42.0360412934653],[-122.555471207429,42.036018396292],[-122.555358534376,42.0359898967629],[-122.555200394194,42.0359778364882],[-122.555034682499,42.0359998606102],[-122.554929130711,42.0360050590211],[-122.554771035642,42.0360042767572],[-122.554628343638,42.0359758416943],[-122.554545454439,42.0359809427228],[-122.554492725551,42.0359865189617],[-122.55437230018,42.0359804650272],[-122.554282010528,42.0359574690375],[-122.554223083657,42.0359416015414]]},"properties":{"OBJECTID":162,"OWNERNAME":"Medford District Office","OWNERTYPE":"Bureau of Land Management","DESIGNATIO":" ","MANAGEMENT":" ","REV_DATE":1127347200000}},{"type":"Feature","id":163,"geometry":{"type":"LineString","coordinates":[[-121.799273629373,41.0861772105713],[-121.799274125646,41.0861780147121],[-121.799305050929,41.086220647583],[-121.799193063546,41.0862613712362],[-121.799121556386,41.0862606870894],[-121.799088934397,41.086302340753],[-121.799095623504,41.0863746115856],[-121.799196770017,41.086490044257],[-121.799289972624,41.0866111787877],[-121.799147357313,41.087024722728],[-121.799223151471,41.0872297401839],[-121.799285118995,41.0873148251144],[-121.799395729509,41.0873520766244],[-121.79958197197,41.0873694057473],[-121.799626464847,41.0873363222073],[-121.799800702409,41.0873682414443],[-121.799895280868,41.0874113119571],[-121.799990968338,41.0873941634988],[-121.800133552751,41.0874256376307],[-121.800196452551,41.0874624935381],[-121.80029927036,41.0874877805927],[-121.800370896698,41.0874884615136],[-121.800544461467,41.0875504015202],[-121.800663077062,41.0875937559433],[-121.800832319568,41.0878961102081],[-121.801070510155,41.0883435585038],[-121.80113194789,41.0884643388411],[-121.80113002761,41.0885727819553],[-121.801247242498,41.0886882529588],[-121.801325206012,41.0887612096468],[-121.801506134436,41.0888653087023],[-121.801543484651,41.0889979706413],[-121.80159730181,41.0890947076934],[-121.801643297748,41.0891974144973],[-121.801665984124,41.0892576498144],[-121.801679036789,41.0894080548079],[-121.801678394479,41.0894441121492],[-121.80170853945,41.0895409202658],[-121.801738990151,41.0896071709417],[-121.801713909807,41.0896790881893],[-121.801549720642,41.0899720950466],[-121.801441529526,41.090069450467],[-121.801427025346,41.0901220206112],[-121.801359165875,41.0901578744247],[-121.801239588154,41.0902280877253],[-121.80115217824,41.0903002715795],[-121.801073014659,41.0903644970702],[-121.801044299723,41.0904196137891],[-121.801036181056,41.0904658730745],[-121.801032461097,41.0905309935739],[-121.801047590245,41.0905840378226],[-121.801083598859,41.0906679640495],[-121.80110010942,41.0907049468706]]},"properties":{"OBJECTID":163,"OWNERNAME":"Sierra Pacific Industries","OWNERTYPE":"Private","DESIGNATIO":" ","MANAGEMENT":" ","REV_DATE":1121385600000}},{"type":"Feature","id":164,"geometry":{"type":"LineString","coordinates":[[-121.78677988404,41.1048947494952],[-121.786772723728,41.1049273870058],[-121.786731103005,41.1049761058659],[-121.786683570128,41.1050598779463],[-121.786641740288,41.1050906667409],[-121.786544809663,41.1051258458704],[-121.786482951748,41.1051407888138],[-121.786366184742,41.1051342544821],[-121.786297087073,41.1051594833908],[-121.786214842105,41.1051536276517],[-121.78610443533,41.1051732275059],[-121.785993609287,41.1052238363943],[-121.785890346426,41.1052436041337],[-121.785655866955,41.1052930916574],[-121.785490084102,41.1053537672024],[-121.785365453969,41.1054043012979],[-121.785226921239,41.1054651287117],[-121.785074814406,41.1055208301476],[-121.78498490738,41.1055561794955],[-121.784881411815,41.105580996102],[-121.784825032933,41.1056584058175],[-121.784699675275,41.1057610400773],[-121.784602114091,41.1058379543867],[-121.784516088109,41.1060342964567],[-121.784457226224,41.1062416070799],[-121.784466167475,41.1064960769483],[-121.784518909414,41.106626543639],[-121.784514907857,41.1068341535089],[-121.784520091746,41.1069278979759],[-121.78451646106,41.107002030417],[-121.784475684553,41.1071039995137],[-121.784426531658,41.107165803584],[-121.784410991008,41.10725389555],[-121.784450180542,41.1073704967126],[-121.784489280731,41.1074834937538],[-121.784645170202,41.1075941945524],[-121.784747268863,41.107647083567],[-121.784821876781,41.107699822373],[-121.784869308225,41.1077315003029],[-121.784867476001,41.107830121603],[-121.784817343534,41.1079387139623],[-121.784784153348,41.1080730183043]]},"properties":{"OBJECTID":164,"OWNERNAME":"Roseburg Resources Company","OWNERTYPE":"Private","DESIGNATIO":" ","MANAGEMENT":" ","REV_DATE":1121385600000}},{"type":"Feature","id":165,"geometry":{"type":"LineString","coordinates":[[-121.79925781488,41.0952513274309],[-121.799244938159,41.0952549369774],[-121.799168904909,41.0952735147177],[-121.799138159147,41.0952999110666],[-121.799067326531,41.0953028221166],[-121.799032503833,41.0952757456],[-121.799007372506,41.0952603352336],[-121.798971552047,41.0952788754553],[-121.798949449861,41.0952989289667],[-121.798829172941,41.0953606797531],[-121.798777438705,41.0953993642955],[-121.798681030551,41.0954213886918],[-121.798563867441,41.0954697554345],[-121.798491293282,41.0955646160021],[-121.798369274994,41.0956091774374],[-121.798226506848,41.0956802630264],[-121.798169687766,41.0957486705543],[-121.798168268447,41.09582502368],[-121.798121414612,41.0958971632599],[-121.797947925757,41.0959909506121],[-121.797857765207,41.096138964881],[-121.797708180503,41.0961374186617],[-121.797557592805,41.0961813070674],[-121.797538391907,41.0962840526407],[-121.797524715046,41.0963507584885],[-121.797523126913,41.0964299083671],[-121.797566261751,41.0965323882674],[-121.797595163314,41.0965891113356],[-121.797594276079,41.096634455397],[-121.797547757381,41.0967247051051],[-121.797380438086,41.0968702228827],[-121.797286114633,41.0971182411608],[-121.797279284274,41.0974918058792],[-121.797097273696,41.0976256382683],[-121.796796199966,41.0977130523389],[-121.796500188784,41.0977460515161],[-121.796347181195,41.0977980857402],[-121.796240740769,41.0978091669562],[-121.795911770615,41.097794511507],[-121.79571757927,41.0977696304739],[-121.795612976049,41.0977686084449],[-121.795548269524,41.0977929690224],[-121.795484848922,41.0978307381168],[-121.795459740727,41.0978733665904],[-121.795449982658,41.097920819323],[-121.795459931741,41.0979761928514],[-121.795458232214,41.0980651682269],[-121.795465736402,41.0980988552265],[-121.795463042277,41.0981386379571],[-121.795368335489,41.0982098417728],[-121.795282707096,41.0982397287489],[-121.795198978033,41.0982694082943],[-121.795095564533,41.0982683689919],[-121.795036762465,41.0982767822266],[-121.794904238917,41.0983153634574],[-121.794631105015,41.0983831770694],[-121.794492547443,41.0984184196496],[-121.794265062987,41.0984467339186],[-121.794012779113,41.0984872113092],[-121.793858662544,41.098485454852],[-121.793736580799,41.0985086541621],[-121.79365699842,41.0984281440751],[-121.793538547025,41.0982489658538],[-121.793475231404,41.0981623645853],[-121.793394986375,41.0981125055797],[-121.79331365329,41.0981237648686],[-121.79318414276,41.0981163384148],[-121.793045503656,41.0981577982241],[-121.792907035728,41.0981870892279],[-121.79284990335,41.0982051211642],[-121.792784868372,41.0982164173331],[-121.792679056055,41.0982337037969],[-121.792541251585,41.0982323431002],[-121.792345760163,41.0982793033686],[-121.792215388348,41.0983088376963],[-121.792036878137,41.0983068882654],[-121.791866496842,41.0983112199977],[-121.791728233049,41.0983343782086],[-121.79158249911,41.0983204234242],[-121.791371911132,41.0983059536256],[-121.790990993673,41.0982835585846],[-121.790633843395,41.0982982226945],[-121.790381467629,41.0983446409567],[-121.789971376884,41.0985980726313],[-121.789725546607,41.0987305538654],[-121.789586193468,41.0988150988918],[-121.78942177534,41.0989298318837],[-121.789363747878,41.0990027598548],[-121.789296307002,41.0991371943965],[-121.789229981713,41.0992160984693],[-121.789275852942,41.0993763107416],[-121.789774778176,41.0995840272057],[-121.789990941621,41.0997456791877],[-121.790037323508,41.0998690241201],[-121.790100637458,41.0999556272323],[-121.790189106029,41.0999870766285],[-121.79027980542,41.1003560913365],[-121.78962862602,41.1004842760973],[-121.789399432445,41.1005923651746],[-121.789301912218,41.1006035841104],[-121.789178995053,41.1006698686295],[-121.789112096343,41.1007735651122],[-121.788972647759,41.1008640572302],[-121.788735524507,41.1009929878476],[-121.788636832683,41.1010383776135],[-121.788531135022,41.1010556595946],[-121.788382526946,41.101189272634],[-121.788299641907,41.1012865267169],[-121.78808476263,41.101601691374],[-121.788014939072,41.1017744619303],[-121.787955072929,41.1019456486129],[-121.787847706652,41.102048930751],[-121.787651994667,41.1021018352139],[-121.787440103665,41.1021549690131],[-121.78719583692,41.1022074837195],[-121.786999759527,41.102279317464],[-121.786844759654,41.1024095955719],[-121.786839884064,41.1024145305393],[-121.78679893216,41.1026144676772],[-121.786716257043,41.1027155032339],[-121.786699400397,41.1027362007176],[-121.786618132081,41.1028173000405],[-121.786639851638,41.1029346896987],[-121.786621299714,41.1030115585355],[-121.786676601067,41.1030918800671],[-121.786728850261,41.1031451168576],[-121.786857395379,41.1032760328127],[-121.786898190501,41.1033948623396],[-121.78699269599,41.103549244691],[-121.786989590645,41.1037208827693],[-121.787081052528,41.1040350062437],[-121.78708633536,41.1041946285733],[-121.787011907088,41.1042733759115],[-121.786978208598,41.1043344206462],[-121.786960013245,41.1044448098757],[-121.786865973522,41.1047012893313],[-121.786790262577,41.1048480092282],[-121.78677988404,41.1048947494952]]},"properties":{"OBJECTID":165,"OWNERNAME":"Hearst Corporation","OWNERTYPE":"Private","DESIGNATIO":" ","MANAGEMENT":" ","REV_DATE":1121385600000}},{"type":"Feature","id":166,"geometry":{"type":"LineString","coordinates":[[-121.784784153348,41.1080730183043],[-121.78478014848,41.108089027764],[-121.784779084462,41.1081563641255],[-121.784845389073,41.108281861442],[-121.785028554935,41.108403168412],[-121.785287529138,41.1085152833803],[-121.785486005355,41.1085535491357],[-121.785630044001,41.1085655524177],[-121.785762888416,41.1085436504278],[-121.785980307203,41.1085589327157],[-121.786347285844,41.1084015681794],[-121.786497692561,41.108444753211],[-121.786728646984,41.1084254145969],[-121.78682858443,41.1084152468953],[-121.787073385245,41.1085027760245],[-121.787186313601,41.1086368884228],[-121.787302139382,41.1087583418171],[-121.787318802432,41.108858862985],[-121.787303490374,41.1089320806957],[-121.787301072523,41.1090262027555],[-121.787288332439,41.1091071355537],[-121.787287412129,41.1091657279967],[-121.787304900843,41.1092134244596],[-121.787344875556,41.1092657558198],[-121.787410321729,41.1093040252467],[-121.787442420133,41.1093601639833],[-121.787492364507,41.1093875696976],[-121.787509265874,41.109445096176],[-121.787530817781,41.1094647961565],[-121.787520475104,41.1094843205704],[-121.787491866626,41.1095157309436],[-121.787417498521,41.1095587904046],[-121.787344960013,41.1095941635188],[-121.787300007563,41.1096525742611],[-121.787257122882,41.1097032955232],[-121.787236642714,41.1097362129424],[-121.787202163333,41.1097659951018],[-121.787175653199,41.109800530499],[-121.78714936628,41.1098152347479],[-121.787133376631,41.109813479947],[-121.787101302093,41.1098299809216],[-121.787081003687,41.1098463126177],[-121.787068678124,41.109867396672],[-121.787052129348,41.1098814217836],[-121.787009160762,41.109909613247],[-121.786987994025,41.1099197386534],[-121.786948147945,41.1099299503775],[-121.786919285732,41.1099416285476],[-121.786896104486,41.1099472763809],[-121.786801168711,41.1099816164638],[-121.786703245193,41.1100249211834],[-121.786639151341,41.1100506205592],[-121.786611913914,41.1100749829591],[-121.786592791006,41.1100859792716],[-121.786582477619,41.1101114516777],[-121.786550333308,41.1101299353455],[-121.786522178,41.1101461083815],[-121.786513892597,41.1101670458288],[-121.786499230211,41.1102089818727],[-121.786476928696,41.1102357064304],[-121.786462049214,41.110288099965],[-121.786441743132,41.1103089378036],[-121.786287827938,41.1103688132219],[-121.786213759258,41.1103952855291],[-121.786137986716,41.1104154725215],[-121.785884207137,41.110498222073],[-121.785823018532,41.1104827827892],[-121.785783657463,41.1104551356786],[-121.785744284895,41.110441367556],[-121.785714526579,41.1104409820217],[-121.785668464721,41.1104644403634],[-121.785614335196,41.1104984677284],[-121.785542585113,41.1105081426427],[-121.785476828046,41.1105195342206],[-121.785435124827,41.1105221126649],[-121.785369588834,41.1105185413262],[-121.785343714233,41.1105211634694],[-121.78527966265,41.1105581269439],[-121.785197398214,41.110594808969],[-121.785145295569,41.1106242111301],[-121.785106574675,41.1106749618229],[-121.784961278451,41.1108040178389],[-121.784864558602,41.110876684227],[-121.784787708605,41.1109493379165],[-121.784727244806,41.1110013898817],[-121.784689376334,41.1110098610698],[-121.784635546529,41.1110272106523],[-121.784587435808,41.1110448401031],[-121.784579115078,41.1110643346884],[-121.784576700846,41.1110869011691],[-121.784576435067,41.1111049284534],[-121.784546340026,41.1111150007886],[-121.784516314669,41.1111373286049],[-121.784485962495,41.1111609237564],[-121.784479579122,41.1111818330737],[-121.784467412773,41.1111997607725],[-121.784425547897,41.1112054048692],[-121.784383963285,41.1112079795541],[-121.784346192973,41.1112059947193],[-121.784318162075,41.1112176593783],[-121.784280557133,41.1112127886205],[-121.784264653783,41.1112096809842],[-121.784226789309,41.1112183321352],[-121.784183064924,41.1112209378835],[-121.784165208003,41.1112206515676],[-121.784141319165,41.1112218029687],[-121.784128115074,41.1112219917925],[-121.784107984409,41.1112738295073],[-121.784088853431,41.1113276349454],[-121.784062746792,41.1113688334189],[-121.784037045373,41.1113784815546],[-121.783986343583,41.1114259793182],[-121.783972265427,41.111453215815],[-121.783935824208,41.1114664424328],[-121.783886037884,41.1114694059824],[-121.783853668723,41.1114979852586],[-121.783802799813,41.1115626981248],[-121.78377758084,41.1115726100587],[-121.783750053985,41.1115997691962],[-121.783705066192,41.1117000874749],[-121.783720467446,41.1117260930108],[-121.783712950837,41.1117636005985],[-121.783672730654,41.1118642105287],[-121.783618849119,41.1119561840292],[-121.783595184691,41.11201906639],[-121.783557650865,41.1120889073705],[-121.783550030725,41.1121318242539],[-121.783515231684,41.1121776522074],[-121.783469413316,41.1122061531088],[-121.783418423224,41.1122708664701],[-121.783380740217,41.1123490901737],[-121.783265912963,41.1124403083523],[-121.783173806611,41.1125216495679],[-121.783054063502,41.1126401561933],[-121.782966659341,41.1127144008399],[-121.782862118288,41.1127406743252],[-121.782776485366,41.1127089077906],[-121.782568270284,41.1127101624868],[-121.782467697142,41.1127572859015],[-121.782404404571,41.1127530507091],[-121.782304895816,41.1127519443298],[-121.782154835874,41.1127949067683],[-121.782032269932,41.1128141358619],[-121.781876763907,41.1129014263404],[-121.781821454069,41.1129455635838],[-121.781505408697,41.1131475212794],[-121.780915990662,41.1134392570277],[-121.780675670033,41.1134607014986],[-121.780461172073,41.1135541460885],[-121.780360118077,41.1136251578964],[-121.780087583386,41.1136768907348],[-121.779839715666,41.1136195819495],[-121.779387843656,41.1135702205883],[-121.779230369988,41.1135206380575],[-121.779069465442,41.1134094595153],[-121.778871451508,41.1133421577372],[-121.778640977274,41.1133192069941],[-121.778468827009,41.1133208411151],[-121.778237051187,41.1133798301846],[-121.777664067213,41.1135141424718],[-121.777454489904,41.1135805659493],[-121.77732265509,41.1136100158208],[-121.777235656229,41.1136673079872],[-121.77715302452,41.1137278720194],[-121.777056795459,41.1137920551853],[-121.776869842722,41.1138687899144],[-121.776632709943,41.113951824094],[-121.776582154129,41.1139958914526],[-121.776496128913,41.1139915245463],[-121.77613820474,41.114011834848],[-121.776020119952,41.1140343288722],[-121.775901957328,41.1140537599131],[-121.775797411361,41.1140800270146],[-121.775701365034,41.1141371753431],[-121.775636703197,41.1144481185224],[-121.775621404234,41.1145368355077],[-121.775670001263,41.1146059932772],[-121.775636422068,41.1147013694257],[-121.77548488053,41.1148195067349],[-121.775446719615,41.1149220683016],[-121.775263648887,41.1150260535684],[-121.775165401851,41.1151964292573],[-121.775109153004,41.1153087083711],[-121.775128536754,41.115476604382],[-121.775267117573,41.1155706214145],[-121.775346568772,41.1156844019986],[-121.775521270283,41.1157856560909],[-121.775637301119,41.1158724211164],[-121.775752718606,41.1159969567715],[-121.775878460463,41.1160528520801],[-121.776074874592,41.1162092238877],[-121.776146253687,41.1162612045706],[-121.776289500091,41.1163416340315],[-121.776383959114,41.1163837325579],[-121.776525164743,41.1165836061986],[-121.776604191583,41.1169542447908],[-121.776695068731,41.1171881783294],[-121.776729339669,41.1172843041434],[-121.776750793918,41.1173529444223],[-121.776745542459,41.1173907809686],[-121.776730602544,41.1174555211542],[-121.776724767074,41.1175274336093],[-121.776741287028,41.1178631802008],[-121.776861265918,41.1179842248988],[-121.776863999327,41.1180802583927],[-121.776902199548,41.1182244548907],[-121.776946034496,41.1182934074661],[-121.777003487263,41.1183691978567],[-121.777029497724,41.1184344392195],[-121.777014207126,41.1185234282716],[-121.776994799525,41.1185951723156],[-121.776897818568,41.1187542644879],[-121.776819715548,41.1188393683223],[-121.77665825996,41.1188745561825],[-121.776510829873,41.1188994498765],[-121.776335677192,41.1189293328501],[-121.776173567148,41.1189910250246],[-121.77607520622,41.1190270282479],[-121.775864830564,41.1190619178299],[-121.775673811326,41.1191865644872],[-121.775525760627,41.1192537329905],[-121.775487461044,41.1194277648883],[-121.775464808392,41.1195175787477],[-121.775471074679,41.1195544406471],[-121.77555372628,41.1196241974687],[-121.775740816203,41.1197159024508],[-121.775878666159,41.1198232666954],[-121.775925983309,41.119903077769],[-121.775973441181,41.1199934289151],[-121.77602193549,41.1200150012441],[-121.776084884643,41.1200050963908],[-121.776112550221,41.1200266032139],[-121.776097012854,41.1201056821854],[-121.776195297186,41.1204609084064],[-121.776435552867,41.1208157421266],[-121.776526289739,41.1210149814136],[-121.776582670328,41.1211147591405],[-121.776639049008,41.1212144467802],[-121.776694528015,41.1213691244957],[-121.777342906713,41.1217393432533],[-121.777948328636,41.1220760113882],[-121.778193146744,41.12221087553],[-121.778364447577,41.1223999545995],[-121.778464231784,41.1225220980159],[-121.778482669807,41.1225553628557]]},"properties":{"OBJECTID":166,"OWNERNAME":"Hearst Corporation","OWNERTYPE":"Private","DESIGNATIO":" ","MANAGEMENT":" ","REV_DATE":1121385600000}},{"type":"Feature","id":167,"geometry":{"type":"LineString","coordinates":[[-121.80110010942,41.0907049468706],[-121.801139429776,41.0907927897999],[-121.8011344927,41.0908331452223],[-121.80114503721,41.0908456114596],[-121.801191970622,41.0909192848714],[-121.801217759349,41.0909846127124],[-121.801144381831,41.0911751944996],[-121.801113898019,41.0912215045325],[-121.801086484384,41.0912478549118],[-121.80107543546,41.0912721666593],[-121.801082472256,41.0913250574106],[-121.801081830744,41.0913658911843],[-121.801045857971,41.0914162459899],[-121.801007443027,41.0914545600031],[-121.800979662715,41.0915090326122],[-121.800935811858,41.0915535527698],[-121.800918926371,41.0915918281094],[-121.800907305854,41.0916407514467],[-121.800906526137,41.0916855536475],[-121.800895117937,41.0917240185053],[-121.800861526593,41.0917886679725],[-121.800861305454,41.0919553975969],[-121.800814679405,41.0920078880918],[-121.800797767294,41.0920403053681],[-121.800730115976,41.0920702966593],[-121.800711139817,41.0920821060756],[-121.800657251671,41.0920774737295],[-121.800630480247,41.0920773186837],[-121.800584260995,41.0921033078701],[-121.800529693745,41.0921475320511],[-121.80051257429,41.0922001389758],[-121.800487518145,41.0922446589082],[-121.800411005311,41.0923150634708],[-121.800369121463,41.0924002001294],[-121.800371061148,41.0924347796035],[-121.800337686736,41.0925033907462],[-121.800323202346,41.0925520848439],[-121.800327801633,41.0927497462967],[-121.800306021793,41.092763577921],[-121.800240774326,41.0927993932393],[-121.800202425993,41.0928357232057],[-121.800193741151,41.0928783864841],[-121.800171384994,41.0929167387171],[-121.800159845532,41.0929594420937],[-121.800156074596,41.0930225821565],[-121.800173959456,41.093071621149],[-121.800192396999,41.0931000144758],[-121.800229763235,41.093114708158],[-121.800258972789,41.0931315013225],[-121.800250112605,41.0931719129566],[-121.800217443579,41.0932022128168],[-121.80019023382,41.0932130587765],[-121.80016531959,41.0932584776098],[-121.800150903059,41.0933050978572],[-121.80012875513,41.0933375005886],[-121.80010412363,41.0933562387816],[-121.800071873065,41.0933653550867],[-121.799983274599,41.0933523001213],[-121.79997011246,41.0933397824378],[-121.79995369802,41.0933541671848],[-121.799918553678,41.0933617025091],[-121.799875429107,41.0933735880372],[-121.799839999855,41.0933934746125],[-121.799801583071,41.0934317873062],[-121.799766052772,41.0934618578582],[-121.799739107408,41.0934737812109],[-121.799701839605,41.0934867538429],[-121.799663804585,41.0934881118095],[-121.799597142295,41.0934722181746],[-121.799541999205,41.0934555276514],[-121.799517075717,41.0934341660974],[-121.799486632066,41.0934346041894],[-121.79946617485,41.0934490467069],[-121.799454655453,41.0934640837422],[-121.799411390505,41.0934703837232],[-121.799378567199,41.0934708554881],[-121.799334305217,41.0934942918351],[-121.799317247471,41.093516256999],[-121.799299996184,41.0935541766406],[-121.799299382323,41.0935914055814],[-121.79929137072,41.0936182862383],[-121.799290374167,41.0936686794666],[-121.799306836219,41.0937369353821],[-121.799322311383,41.0937800609985],[-121.799331626803,41.0938289537861],[-121.799338579799,41.0938690478348],[-121.799332921169,41.0938995905506],[-121.799320071026,41.0939090572451],[-121.79931474521,41.0939291416996],[-121.79931844451,41.0940625581623],[-121.799280622552,41.0941388950809],[-121.799264475011,41.0941923896099],[-121.799268763604,41.0942306293385],[-121.799290464131,41.0943037662298],[-121.799279751753,41.0944602825933],[-121.799292858091,41.0945749994832],[-121.799296747832,41.0946400114765],[-121.799371205718,41.0947059012775],[-121.799446131888,41.0947524086856],[-121.799470726122,41.0947985569526],[-121.799570199913,41.0948799494453],[-121.799599859415,41.0949146696312],[-121.799619358806,41.0949569268352],[-121.799598679846,41.0949910205009],[-121.799542990294,41.0949904693617],[-121.79947607435,41.0950547869363],[-121.799478717662,41.0951887607604],[-121.79925781488,41.0952513274309]]},"properties":{"OBJECTID":167,"OWNERNAME":"Sierra Pacific Industries","OWNERTYPE":"Private","DESIGNATIO":" ","MANAGEMENT":" ","REV_DATE":1121385600000}},{"type":"Feature","id":168,"geometry":{"type":"LineString","coordinates":[[-121.894697518922,41.1747933723571],[-121.894710993914,41.1747894727509],[-121.894752082753,41.1749336934625],[-121.89473805949,41.17511524996],[-121.894943709803,41.1749107851965],[-121.89499541059,41.1747623675559],[-121.895100835546,41.1746683878632],[-121.895179801552,41.1745286604573],[-121.895252871427,41.174413719775],[-121.895363071796,41.1743652742425],[-121.895479031678,41.1742959211108],[-121.895596761614,41.1741809340001],[-121.89581681759,41.174053041593]]},"properties":{"OBJECTID":168,"OWNERNAME":"Craig McArthur","OWNERTYPE":"Private","DESIGNATIO":" ","MANAGEMENT":" ","REV_DATE":1121385600000}},{"type":"Feature","id":169,"geometry":{"type":"LineString","coordinates":[[-121.880853238532,41.1768286069271],[-121.880889825067,41.1768021000101],[-121.881055574189,41.1767731132341],[-121.881142447311,41.1767566670348],[-121.881232651888,41.1767400791993],[-121.881469420857,41.1766759552807],[-121.881687987985,41.1766081382058],[-121.88217345807,41.1765988618741],[-121.882354714249,41.1765344897227],[-121.882640371243,41.1765859887846],[-121.88276969576,41.176594139581],[-121.882953683987,41.1766519422194],[-121.883170869836,41.1766540847215],[-121.883518064592,41.1766223666095],[-121.883758999104,41.1765899925829],[-121.88397178923,41.1765744430513],[-121.884179746329,41.1765833931352],[-121.884561955513,41.1766604756472],[-121.884735539534,41.1767845880746],[-121.884794387487,41.1768620269557],[-121.884964109696,41.1769298655807],[-121.88513955406,41.1769525532703],[-121.885255371771,41.1769362091999],[-121.885371166496,41.1769234706553],[-121.885509636967,41.1769351763664],[-121.885638303818,41.1769817303014],[-121.885804397161,41.1769975269235],[-121.886007758162,41.1769992425636],[-121.886127255206,41.1770458445741],[-121.886237596842,41.1770749170498],[-121.886352816837,41.1770901271626],[-121.886486102957,41.1771402156022],[-121.886619588133,41.1771660559016],[-121.887002267331,41.1772290629592],[-121.887162623283,41.1773074964017],[-121.887301011676,41.1773295657249],[-121.887443452003,41.1773834819418],[-121.887531230568,41.1773878373478],[-121.887614842333,41.1773606192799],[-121.887896671639,41.1773705230679],[-121.888173527018,41.1773905053463],[-121.888261304447,41.1773948610991],[-121.888315939762,41.1774478460239],[-121.88834728102,41.1775073120199],[-121.888343809695,41.1776242649128],[-121.888381818886,41.1776473961187],[-121.888428732672,41.1776061292199],[-121.88846740733,41.1775052294538],[-121.888582787193,41.1774134490687]]},"properties":{"OBJECTID":169,"OWNERNAME":"Shasta Trinity National Forest","OWNERTYPE":"USDA Forest Service","DESIGNATIO":" ","MANAGEMENT":" ","REV_DATE":1121385600000}},{"type":"Feature","id":170,"geometry":{"type":"LineString","coordinates":[[-121.889707432728,41.1770032442984],[-121.889925848083,41.176970655943],[-121.890110229181,41.1769210962342],[-121.890420276476,41.1768763998591],[-121.890772922528,41.1767849114748],[-121.890856476384,41.1768052823583],[-121.890829364986,41.1768567059929],[-121.890728187937,41.1769585490583],[-121.890621659867,41.1770606544391],[-121.890330921842,41.1771963630972],[-121.890251339691,41.1772589438741],[-121.890076925956,41.1774201177272],[-121.890022251679,41.1774787164576],[-121.88998989082,41.1775298584506],[-121.889973556824,41.1775653466733],[-121.889967750999,41.1775891390841],[-121.889993645962,41.1776090272177],[-121.890008298384,41.1776724391962],[-121.889986558521,41.1777198162983],[-121.890022598808,41.1777676741482],[-121.890048553427,41.1777717888991],[-121.890096195013,41.177744570057],[-121.890133472045,41.1777173296698],[-121.890254842532,41.1776630417568],[-121.890449837284,41.1776094455441],[-121.890586900648,41.177563121855],[-121.890713339224,41.1775248908287],[-121.890839963212,41.1774666476858],[-121.890967093488,41.1774004641353],[-121.891110172972,41.1773068206963],[-121.891295794164,41.1771778348113],[-121.891459386319,41.1771122720248],[-121.891612456083,41.1770541698489],[-121.89177324083,41.1769951390349],[-121.891965516923,41.1769468984983],[-121.892091856051,41.1769004648771],[-121.892249676994,41.1768780726187],[-121.892433789336,41.1768364443093],[-121.892580887029,41.1768139425965],[-121.892671070225,41.1767514708853],[-121.892772348392,41.1766535893846],[-121.892878700071,41.1765674398938],[-121.892994523768,41.1765288255548],[-121.893214827503,41.1765272077805],[-121.893362795604,41.1764609777402],[-121.89341615173,41.1764022168192],[-121.893438366177,41.1763232863289],[-121.893471063894,41.1762444681219],[-121.893486608775,41.1762602765443],[-121.893485542598,41.1763236556559],[-121.893484029464,41.1764107458321],[-121.893487745596,41.1765019021344],[-121.893460874742,41.1765533239058],[-121.893364858723,41.1766474295835],[-121.893195763404,41.1767210090862],[-121.89320563648,41.1767566425725],[-121.89325746152,41.1767887576434],[-121.893372762532,41.1767980102501],[-121.89350334077,41.1768310071568],[-121.89365553468,41.1768165395583],[-121.893735568987,41.1767260994082],[-121.893794592042,41.176647423206],[-121.893844051211,41.1765131899156],[-121.89389951255,41.1763356941171],[-121.893917565269,41.1761893174087],[-121.893888360273,41.1760621333752],[-121.894094943883,41.1759333656692],[-121.894207157654,41.1758077380871],[-121.894313834623,41.1756979670312],[-121.894305616011,41.1755671299066],[-121.894297001517,41.1754483773382],[-121.894406382071,41.1751838991237],[-121.894480971429,41.1751174260968],[-121.894608490759,41.1750076106772],[-121.894680144854,41.1747984120759],[-121.894697518922,41.1747933723571]]},"properties":{"OBJECTID":170,"OWNERNAME":"Craig McArthur","OWNERTYPE":"Private","DESIGNATIO":" ","MANAGEMENT":" ","REV_DATE":1121385600000}},{"type":"Feature","id":171,"geometry":{"type":"LineString","coordinates":[[-121.888582787193,41.1774134490687],[-121.888701668313,41.1773189118473],[-121.888874539785,41.1772121126013],[-121.88924667365,41.1770690506995],[-121.889594367177,41.1770200925184],[-121.889707432728,41.1770032442984]]},"properties":{"OBJECTID":171,"OWNERNAME":"Shasta Trinity National Forest","OWNERTYPE":"USDA Forest Service","DESIGNATIO":" ","MANAGEMENT":" ","REV_DATE":1121385600000}},{"type":"Feature","id":172,"geometry":{"type":"LineString","coordinates":[[-122.604031818758,42.0692547970996],[-122.603956189018,42.0691629444799],[-122.603858097532,42.0690211036707],[-122.603800733396,42.0689470153693],[-122.603784339694,42.0688914886191],[-122.603751826839,42.0688174311297],[-122.603785650569,42.068700494875],[-122.603868858524,42.0686209893162],[-122.603926858398,42.068584239559],[-122.603985004764,42.0685351229326],[-122.604009959209,42.0684920118763],[-122.604010464196,42.0684367692304],[-122.603977483007,42.0684058591176],[-122.603911523492,42.0683933177591],[-122.603837042293,42.0684115440472],[-122.603779479263,42.0683681446537],[-122.603771549802,42.0683065781747],[-122.603821525189,42.0682451734914],[-122.603921217899,42.0681776945602],[-122.604037213104,42.0681041940651],[-122.604037955979,42.0679995803442],[-122.604022040323,42.0679011753647],[-122.603972894931,42.0678209613174],[-122.603890655562,42.0677527080596],[-122.603775357531,42.067690821479],[-122.603684748824,42.067647559279],[-122.60361901669,42.0675919634643],[-122.603553299585,42.0675301399278],[-122.603479375959,42.0674682144348],[-122.603413311242,42.0674495366492],[-122.603314680361,42.0673816200445],[-122.603281875417,42.06732588931],[-122.603265919383,42.0672395786392],[-122.603283089219,42.0671289410652],[-122.603324862042,42.067067526419],[-122.603325285592,42.0669936040284],[-122.603325828725,42.0669196792208],[-122.603301388207,42.0668519535604],[-122.603260571847,42.066771839579],[-122.6032115741,42.0666791673957],[-122.603162342384,42.0666359571848],[-122.603104874095,42.0665556431858],[-122.603031184252,42.066450845779],[-122.603013850198,42.0664254805032],[-122.602987806757,42.0663896455026],[-122.602966490255,42.0663576841412],[-122.602961672134,42.066341448463],[-122.602954767611,42.06631108668],[-122.602940676494,42.0662755468627],[-122.60294085708,42.0662541543905],[-122.602941164386,42.0661935006728],[-122.602941323842,42.0661649795926],[-122.602931890858,42.0661347594988],[-122.602918174403,42.0660633833328],[-122.60291355824,42.0660296349452],[-122.602906564411,42.0659902499667],[-122.602887745883,42.0659474976341],[-122.602878346881,42.0659280167934],[-122.602878552618,42.0658941689643],[-122.602876497229,42.0658513432882],[-122.602881589951,42.0657961877761],[-122.602886477673,42.0657552043275],[-122.602889152187,42.0657195911403],[-122.602886842884,42.0656928354075],[-122.602870322164,42.0656732290389],[-122.602856042091,42.0656588125609],[-122.60285624912,42.0656447296047],[-122.602856395819,42.0656125987624],[-122.60284700718,42.065576962797],[-122.602842525431,42.0655271468626],[-122.602835714209,42.0654894722217],[-122.602828554076,42.0654718415176],[-122.602826483895,42.0654253151667],[-122.602826671787,42.0653844287219],[-122.602819739185,42.065343418542],[-122.602817534041,42.0653096208697],[-122.6028204909,42.065245573271],[-122.602815935315,42.0651937745548],[-122.602806825841,42.065129614168],[-122.602804697213,42.0650814650389],[-122.602804854885,42.065049604192],[-122.602805047718,42.0650351603219],[-122.602798084925,42.0650031748386],[-122.602800828472,42.0649497822444],[-122.602805765498,42.0649068126758],[-122.602801179707,42.0648640386558],[-122.602787373747,42.0648000652683],[-122.602778072149,42.0647536884939],[-122.602774411536,42.0647394147086],[-122.602770877575,42.0647219787549],[-122.60276322848,42.0646877516716],[-122.602758498613,42.0646607733757],[-122.602752092327,42.0646341007398],[-122.602744999083,42.0646018485544],[-122.60274240769,42.0645674263045],[-122.602738501411,42.0645201261625],[-122.602732972317,42.0644680758545],[-122.602729642407,42.0644332189875],[-122.602725678905,42.064390972885],[-122.602721566606,42.0643479191601],[-122.602717470964,42.0643119040508],[-122.602710364573,42.0642694535038],[-122.602701056417,42.064245909542],[-122.602705699509,42.0642277646188],[-122.602700924236,42.06418643818],[-122.602696726701,42.0641476275525],[-122.602693195444,42.0641138573576],[-122.602687705409,42.0640628897826],[-122.602680529602,42.0639987788503],[-122.602673395066,42.0639325936314],[-122.602661918294,42.0638400546542],[-122.602655282334,42.0637939828576],[-122.602642391671,42.0637714150642],[-122.60265163299,42.0637241168333],[-122.602642813188,42.0636382914604]]},"properties":{"OBJECTID":172,"OWNERNAME":"OR State Dept of Transportation","OWNERTYPE":"State","DESIGNATIO":" ","MANAGEMENT":" ","REV_DATE":1127347200000}},{"type":"Feature","id":173,"geometry":{"type":"LineString","coordinates":[[-122.599798650157,42.0597195569786],[-122.599785957403,42.0597187341208],[-122.599703525269,42.0596843273706],[-122.59963449997,42.0596702211756],[-122.599593251994,42.0596702559807],[-122.599556459384,42.0596667680486],[-122.599501425022,42.0596526462472],[-122.599464837228,42.0596251496221],[-122.599382411937,42.0595975103678],[-122.599345708344,42.0595734449845],[-122.599304534316,42.0595458618608],[-122.599263234653,42.0595148522746],[-122.599244992015,42.0594909502294],[-122.599217682043,42.0594599242412],[-122.599176519512,42.0594359499432],[-122.599135226961,42.0594150486998],[-122.599098650431,42.0593944096788],[-122.599043828982,42.0593498685803],[-122.599002763397,42.0593120863501],[-122.598952194568,42.0592947133991],[-122.598920190706,42.0592705510236],[-122.598860574923,42.0592498447373],[-122.598787200611,42.0592256292638],[-122.598722990477,42.0592013166692],[-122.598667966402,42.0591874635865],[-122.598608471542,42.0591667538559],[-122.598470469885,42.0591628166771],[-122.59838326099,42.0591626204778],[-122.598281955852,42.0591759792423],[-122.598245291212,42.059182596875],[-122.598185466003,42.0591858089155],[-122.598098258286,42.0591856124987],[-122.598033932879,42.0591680696727],[-122.597942212207,42.0591335819987],[-122.597882501405,42.059130023746],[-122.597818201418,42.0591296269179],[-122.59777225438,42.0591297569939],[-122.597726501837,42.059105606577],[-122.597689693546,42.0590950803222],[-122.597639144943,42.0590881752129],[-122.597588827821,42.0590776554741],[-122.597529184156,42.059039711489],[-122.597451326322,42.0589984410376],[-122.597382537424,42.0589775591615],[-122.597332413302,42.0589294924915],[-122.597309552368,42.0588881765911],[-122.597282434921,42.0588162644594],[-122.597282848997,42.0587649955531],[-122.59726459635,42.0587408213838],[-122.597237064911,42.0587201790449],[-122.59719133489,42.0587064950126],[-122.597113144276,42.0586923060588],[-122.597058240209,42.0586751109441],[-122.597012490992,42.0586542990983],[-122.596966635525,42.0586371894265],[-122.596902342021,42.058640222757],[-122.596842512478,42.0586400052498],[-122.596796657065,42.0586228955116],[-122.59676014952,42.0585712108606],[-122.596728261319,42.0585402777387],[-122.596673329238,42.0585058463161],[-122.59662289042,42.0584919888123],[-122.596507945135,42.0584918185369],[-122.596388412145,42.058498149311],[-122.596314723862,42.0585081426648],[-122.596209065422,42.0585178893927],[-122.596149261408,42.0585315697044],[-122.596052657355,42.0585448298033],[-122.595997322684,42.0585718644606],[-122.595932952398,42.0585991753399],[-122.595873011826,42.0586091572504],[-122.595826962138,42.0586295048426],[-122.595790178544,42.0586328752674],[-122.595693700059,42.0586429747059],[-122.595620302874,42.0586016111264],[-122.595560803609,42.0585774709877],[-122.595510337034,42.0585463768806],[-122.595455200789,42.0585392942227],[-122.595400301994,42.0585255289984],[-122.595363608061,42.0585115689463],[-122.595331492253,42.0584908386495],[-122.595290446653,42.0584634326068],[-122.59523511029,42.0584871280452],[-122.59518885639,42.0585349138385],[-122.595165539317,42.0585931501449],[-122.595133136697,42.0586305449246],[-122.595096160487,42.0586648751317],[-122.595003917636,42.058695191923],[-122.594930345022,42.0587017522311],[-122.594852088448,42.0587220364419],[-122.594792195218,42.0587629729812],[-122.594755094125,42.0588004634358],[-122.594695091923,42.0588515998203],[-122.594630509797,42.0589028286499],[-122.594588822868,42.0589369853679],[-122.594528936527,42.0589846885874],[-122.594487243619,42.0590154137086],[-122.594459311776,42.0590563262004],[-122.594436009203,42.0591281895998],[-122.594398718408,42.0592034076604],[-122.594356940813,42.0592614796416],[-122.594306096165,42.0593090884209],[-122.594278187081,42.0593638099185],[-122.594213610149,42.0594218071286],[-122.594181206844,42.0594492750481],[-122.594130678803,42.0594626733908],[-122.594066141399,42.0594623693305],[-122.594001971605,42.0594622398183],[-122.593978640851,42.0595168669933],[-122.593978343565,42.0595647936966],[-122.593959401515,42.0596503757036],[-122.593931192072,42.0597496831535],[-122.593907538717,42.0598350008744],[-122.59386109773,42.0599206038184],[-122.593824023283,42.0599820095988],[-122.593791504733,42.0600162475344],[-122.593736184776,42.0600503206343],[-122.593680765134,42.0601047919862],[-122.593648246448,42.0601390298799],[-122.593602078957,42.0601661467209],[-122.593546973572,42.0601797290491],[-122.59346882503,42.0601898115289],[-122.593358341979,42.0601996547381],[-122.593275711485,42.0601960216584],[-122.5932114117,42.0601956241055],[-122.593133461741,42.0601715884428],[-122.593050894946,42.0601301408189],[-122.592968451563,42.0600920286788],[-122.592922603374,42.0600850258235],[-122.592844436741,42.0600847313022],[-122.592798702132,42.0600676167089],[-122.592720820069,42.0600091070291],[-122.592679855952,42.0599608500089],[-122.592657018936,42.0599300025199],[-122.592620435887,42.0599025928797],[-122.592569994834,42.0598886445377],[-122.592510261115,42.0598746142716],[-122.592464511213,42.0598504627112],[-122.592432612745,42.0598059921012],[-122.592400697567,42.0597544819516],[-122.592382759154,42.0596860810197],[-122.592355550555,42.0596412428788],[-122.592332827534,42.0596036233952],[-122.59232406579,42.0595454124688],[-122.592305896795,42.0594904626659],[-122.592297139617,42.0594356805981],[-122.592288390791,42.0593910069058],[-122.592260957572,42.0593532139849],[-122.592210616632,42.059315618355],[-122.592178595229,42.0592809875431],[-122.59215139534,42.0592330795978],[-122.592124084329,42.0591986230932],[-122.59208750193,42.0591712150764],[-122.592050708729,42.0591643868347],[-122.591958889096,42.0591535407372],[-122.591894698332,42.0591396019115],[-122.591812161868,42.0591187292769],[-122.591747730831,42.0591047960814],[-122.591697308122,42.0591013148742],[-122.591665308255,42.0590771514157],[-122.5916057104,42.0590634800875],[-122.591559632975,42.0590666789972],[-122.591518160188,42.0590835909783],[-122.591485651167,42.0591313664496],[-122.591448657347,42.0591619939279],[-122.591388974979,42.0591790082597],[-122.591329034397,42.0591889887447],[-122.591241805596,42.0591783188458],[-122.591136259148,42.0591779511187],[-122.59106727147,42.0591780080656],[-122.591012021308,42.0591776952533],[-122.59095252444,42.0591568907504],[-122.590897277519,42.0591566669884],[-122.590856025424,42.0591566087301],[-122.590745458931,42.0591904575259],[-122.590680978797,42.0592346431313],[-122.590616276812,42.059289301917],[-122.590547190018,42.0593130065812],[-122.590496543783,42.0593298346407],[-122.590427445623,42.0593433408513],[-122.590349188085,42.0593669618181],[-122.590261639958,42.0593805749654],[-122.590183476553,42.0593869563947],[-122.590100852857,42.0593900888063],[-122.590022692327,42.0593899733241],[-122.589939944647,42.0593896791589],[-122.589852725818,42.0593858668533],[-122.589793012819,42.0593823054053],[-122.589714843797,42.0593819169986],[-122.589659727113,42.0593853000284],[-122.589595428148,42.059384900498],[-122.589558547384,42.0594054183876],[-122.589525949099,42.0594772004518],[-122.589502305305,42.059569555036],[-122.589492840835,42.0596241675914],[-122.589483148923,42.059679145868],[-122.589464318549,42.0597612949697],[-122.58945025453,42.0598055331923],[-122.589449955948,42.0598535507872],[-122.589449655344,42.0599014783703],[-122.589462891277,42.0599699762174],[-122.589471878646,42.060011305535],[-122.589480758647,42.0600728549179],[-122.589475768487,42.0601310746558],[-122.589461384846,42.0601995966298],[-122.58945182581,42.0602714476806],[-122.589405448005,42.0603225742101],[-122.589382443564,42.0603531857977],[-122.589359098785,42.0603942747822],[-122.589303778216,42.0604284358001],[-122.589248459942,42.0604659365433],[-122.589179469074,42.0604758307414],[-122.589124006885,42.0604961877255],[-122.589068776353,42.0605063405896],[-122.589041070982,42.0605370494737],[-122.589045343323,42.0605781152644],[-122.589045162072,42.0606227015642],[-122.589044839284,42.0606568209797],[-122.58906290381,42.0607221520346],[-122.589085504557,42.0607597745325],[-122.589144742264,42.0608626188085],[-122.589171637454,42.0609551143095],[-122.589184892879,42.0610340814411],[-122.589202946812,42.0610958017909],[-122.589216301164,42.0611609583647],[-122.589215794169,42.0612362351886],[-122.589219885532,42.0613218872401],[-122.589219479429,42.0613834444216],[-122.589219073063,42.061438412999],[-122.589205128169,42.06147931079],[-122.58917697781,42.0615408026386],[-122.589130949006,42.0615783827809],[-122.589084684177,42.0616193992698],[-122.589047780042,42.061629449497],[-122.588992762751,42.0616190216534],[-122.588960642994,42.0615981987534],[-122.588896647898,42.0615434636178],[-122.588828396231,42.0614678776009],[-122.588782616045,42.0614230569675],[-122.588727684616,42.0613852830315],[-122.588649929737,42.0613301962532],[-122.588590497896,42.0612715762198],[-122.588526611393,42.0612131377875],[-122.588453660837,42.0611409868404],[-122.588371302461,42.0610688469131],[-122.588353041531,42.0610344748181],[-122.58831676884,42.0609692455741],[-122.588262052494,42.0609108898386],[-122.588198265563,42.0608320529627],[-122.58816175158,42.0607668284728],[-122.588125606614,42.0607083653691],[-122.588098163118,42.0606603722347],[-122.588066360949,42.0605953221889],[-122.588039055818,42.0605642927232],[-122.58799342235,42.0605367072717],[-122.587874186702,42.060491763857],[-122.587791533316,42.0604743187821],[-122.587713565718,42.0604398138343],[-122.587626763897,42.0603879790125],[-122.587580888114,42.0603570593482],[-122.587525862519,42.0603364333276],[-122.587452404791,42.0603363097368],[-122.58738829139,42.060298090422],[-122.587351915661,42.060236563022],[-122.587306370151,42.0601816304085],[-122.587265373551,42.0601025981497],[-122.587261283636,42.0600169477791],[-122.5872526473,42.0599553943195],[-122.587253047582,42.0598936561934],[-122.587271909838,42.0598354230807],[-122.587290549925,42.0597843234053],[-122.587290830438,42.0597259274362],[-122.587291353817,42.0596575991784],[-122.587296449417,42.0595889978234],[-122.587315070159,42.0595274306357],[-122.587342880579,42.0594797527314],[-122.58736177149,42.0594421854815],[-122.587380391956,42.0593839562442],[-122.587389864521,42.0593394513362],[-122.587394751806,42.0592981983728],[-122.587395052707,42.0592502707851],[-122.587349598742,42.0591713319013],[-122.58732676877,42.0591439104282],[-122.587294978559,42.0590957362369],[-122.587244624651,42.0590477600758],[-122.58722211816,42.0589928977728],[-122.58716135547,42.0588976650058],[-122.587086653886,42.0588038899203],[-122.587045218652,42.0587227010253],[-122.586979139559,42.058597434096],[-122.586921215098,42.0584973601107],[-122.586896551141,42.0584163700984],[-122.586896906605,42.0583599577697],[-122.586897284647,42.0582975904588],[-122.586897513712,42.0582476782504],[-122.58687280559,42.058185281315],[-122.586814472113,42.0581599390704],[-122.586756460162,42.0580475028785],[-122.58674018713,42.0579849332854],[-122.586715358483,42.057922538711],[-122.58668232769,42.0578535424287],[-122.586657623139,42.057791234539],[-122.586649569773,42.0577225403139],[-122.586608408791,42.0576223941939],[-122.586608790329,42.0575601168633],[-122.586609261161,42.0575101998292],[-122.586609488435,42.0574601984893],[-122.586601406928,42.057403959656],[-122.586559682928,42.057397500877],[-122.586484134577,42.0574160106133],[-122.586391595808,42.0574779149038],[-122.586299253611,42.0575088591155],[-122.586198401281,42.0575710225543],[-122.586114172799,42.0576392541516],[-122.586013351669,42.0576890529266],[-122.58588760782,42.057713550358],[-122.585770034417,42.0577504244048],[-122.585652786489,42.057749930021],[-122.585568953945,42.0577496552975],[-122.585501716849,42.0577744919674],[-122.585426255649,42.0578053640242],[-122.585333942214,42.0578238520618],[-122.585258545663,42.0578234063903],[-122.58518339157,42.0577733184543],[-122.585125577109,42.0576794688403],[-122.585067522467,42.0575856230896],[-122.58506790425,42.0575233439683],[-122.585127076475,42.0574360409002],[-122.585219986346,42.0573114993499],[-122.585262521283,42.0572243555268],[-122.585287972399,42.0571682449506],[-122.585296622264,42.0571308847017],[-122.585313582925,42.05709326793],[-122.585355658827,42.0570498125064],[-122.585381397263,42.0569751039906],[-122.585382285977,42.0568439573584],[-122.585391364506,42.0567191407097],[-122.585425450819,42.0566318984277],[-122.585425831456,42.0565695301561],[-122.585468367766,42.0564758876139],[-122.585485708606,42.0563824893453],[-122.585494569756,42.0563013572158],[-122.585470232203,42.0561763198312],[-122.585454173472,42.0560765649552],[-122.585437781408,42.0560139975159],[-122.585438403573,42.0559516244196],[-122.585430575449,42.0558328377603],[-122.585405974967,42.0557766648473],[-122.585364309094,42.0557452984018],[-122.585272305687,42.0557325548695],[-122.585222073663,42.0557010923822],[-122.585172056722,42.0556821686994],[-122.585163806527,42.0556510211557],[-122.585147365474,42.0556135436038],[-122.58509727523,42.0555694423362],[-122.585064026546,42.0555506278046],[-122.585014084342,42.0555006573078],[-122.584989196763,42.0554630813259],[-122.58497275585,42.0554256028455],[-122.584939589716,42.0553693338098],[-122.584923152265,42.0553253585017],[-122.584873179764,42.0552877533498],[-122.584848185853,42.0552439511237],[-122.584848522969,42.0552002650457],[-122.584790132575,42.0551501060167],[-122.584756917222,42.0551189277703],[-122.584757101816,42.0550876086087],[-122.584740524859,42.0550563602068],[-122.58467379113,42.0550188257225],[-122.584623605936,42.0550184055195],[-122.584573177781,42.055024577828],[-122.584506276027,42.0550056378851],[-122.584447807777,42.0549930231551]]},"properties":{"OBJECTID":173,"OWNERNAME":"JH Baxter and Co","OWNERTYPE":"Private","DESIGNATIO":" ","MANAGEMENT":" ","REV_DATE":1127347200000}},{"type":"Feature","id":174,"geometry":{"type":"LineString","coordinates":[[-122.602600861769,42.0586331919845],[-122.602600858515,42.0586331010802],[-122.602586784489,42.0585880863058],[-122.602566676689,42.0585594403207],[-122.602538753111,42.058528156266],[-122.602516361731,42.0585029859731],[-122.602514284638,42.0584759543755],[-122.602505595368,42.0584100703837],[-122.602503496432,42.058362734709],[-122.602490234698,42.0583103016427],[-122.602465702224,42.0582563869689],[-122.602406914671,42.0582714029739],[-122.602377026709,42.0583016176393],[-122.602343103168,42.05833029201],[-122.602322560051,42.0583555319503],[-122.602293020615,42.0583722029812],[-122.602261026358,42.0584041757077],[-122.60225400058,42.0584395169436],[-122.602219799869,42.0584935560489],[-122.60218551274,42.0585320742034],[-122.60213521314,42.0585976346692],[-122.602087385699,42.058655021169],[-122.60202587889,42.0587307383994],[-122.601993884429,42.0587725494152],[-122.601950626717,42.0588197347094],[-122.601909590321,42.0588583908512],[-122.601879895289,42.0588905875476],[-122.601850144205,42.0589376757552],[-122.601802305964,42.0589914541494],[-122.601766179561,42.0590226088833],[-122.601747232279,42.0590354527893]]},"properties":{"OBJECTID":174,"OWNERNAME":"OR State Dept of Transportation","OWNERTYPE":"State","DESIGNATIO":" ","MANAGEMENT":" ","REV_DATE":1127347200000}},{"type":"Feature","id":175,"geometry":{"type":"LineString","coordinates":[[-122.601747232279,42.0590354527893],[-122.601709696767,42.0590610424323],[-122.601669024134,42.0590931926235],[-122.601632971465,42.0591263318941],[-122.601570772151,42.0591634380107],[-122.601534732068,42.0591805129849],[-122.601495679249,42.0591943104012],[-122.601448193722,42.0591952860763],[-122.601404889701,42.0591984314494],[-122.601352449677,42.0591958081922],[-122.601255247801,42.059186251762],[-122.601144894598,42.0591995287329],[-122.601029661474,42.0592540582378],[-122.600932644402,42.0593152532865],[-122.600826605425,42.0593935991903],[-122.600734189205,42.0594651670512],[-122.600637300852,42.0595266303503],[-122.600549777937,42.0595606452295],[-122.60041619007,42.0596113087514],[-122.600333164634,42.0596659881587],[-122.600273118714,42.0596895128564],[-122.600236466969,42.0596964920249],[-122.600135354488,42.0596822321455],[-122.600048028222,42.0596853784446],[-122.60001124426,42.0596887510881],[-122.599951528379,42.059685102989],[-122.599900770852,42.0597053672633],[-122.599841088991,42.0597223867864],[-122.599798650157,42.0597195569786]]},"properties":{"OBJECTID":175,"OWNERNAME":"JH Baxter and Co","OWNERTYPE":"Private","DESIGNATIO":" ","MANAGEMENT":" ","REV_DATE":1127347200000}},{"type":"Feature","id":176,"geometry":{"type":"LineString","coordinates":[[-122.602375341982,42.0610496949994],[-122.602370452877,42.0610018740702],[-122.602331363421,42.0606038724217],[-122.602298447315,42.0603247797871],[-122.60228653758,42.0600198965987],[-122.602295708838,42.059658447084],[-122.602367051271,42.0593281187526],[-122.602465944643,42.0590288116338],[-122.602550084154,42.0588533558335],[-122.602582947374,42.0587596351429],[-122.602594854488,42.0586995572757],[-122.602600861769,42.0586331919845]]},"properties":{"OBJECTID":176,"OWNERNAME":"OR State Dept of Transportation","OWNERTYPE":"State","DESIGNATIO":" ","MANAGEMENT":" ","REV_DATE":1127347200000}},{"type":"Feature","id":177,"geometry":{"type":"LineString","coordinates":[[-122.602642813188,42.0636382914604],[-122.60263866262,42.0635974938258],[-122.602623738828,42.063447176613],[-122.602608876819,42.0632985721604],[-122.602587439751,42.0630956829901],[-122.602561810746,42.0628541649474],[-122.602529509414,42.0625754197421],[-122.602499594665,42.0622795691487],[-122.602475884288,42.0620804282507],[-122.602448544903,42.0617560962517],[-122.602412007975,42.0614079477419],[-122.602375341982,42.0610496949994]]},"properties":{"OBJECTID":177,"OWNERNAME":"OR State Dept of Transportation","OWNERTYPE":"State","DESIGNATIO":" ","MANAGEMENT":" ","REV_DATE":1127347200000}},{"type":"Feature","id":178,"geometry":{"type":"LineString","coordinates":[[-122.289364578041,41.1604813352897],[-122.289533538184,41.1604505739427],[-122.2897131254,41.1603796872703],[-122.289809000611,41.1603351184783],[-122.289905350388,41.1602457419541],[-122.290038691786,41.1600393208759],[-122.289951206289,41.159898952596],[-122.289831238911,41.1598192094756],[-122.289787899267,41.1597597895694],[-122.289715419418,41.1596604312826],[-122.28965392922,41.1596032359451],[-122.289556232492,41.159575727625],[-122.28951439191,41.1595334057218],[-122.289560173605,41.1595238250852],[-122.289693524169,41.1595788958142],[-122.289816501166,41.1596783224159],[-122.289919896933,41.1597612534238],[-122.290046269437,41.1598626011108],[-122.290244506371,41.1599133286325],[-122.290365177318,41.1599778254935],[-122.290510000448,41.1600154675255],[-122.290714256238,41.1600942989234],[-122.290908566759,41.1601265302882],[-122.29104186419,41.1601350884361],[-122.29133191508,41.1601148186192],[-122.291539168583,41.1601234659029],[-122.291720597385,41.1601848647504],[-122.291833734983,41.160211007712],[-122.291993333359,41.1602674883848],[-122.292051717485,41.1602833652587],[-122.292144749206,41.1602914886464]]},"properties":{"OBJECTID":178,"OWNERNAME":"Eagle Creek Mining and Drilling Company","OWNERTYPE":"Private","DESIGNATIO":" ","MANAGEMENT":" ","REV_DATE":1121385600000}},{"type":"Feature","id":179,"geometry":{"type":"LineString","coordinates":[[-122.340969511994,41.1609571297474],[-122.341055453279,41.1610142035385],[-122.341158617434,41.1610917783843],[-122.341309746429,41.1610844463826],[-122.341477354166,41.1610201074094],[-122.341650609826,41.160935472613],[-122.341807326936,41.1608877421245],[-122.341895874023,41.1609188076377],[-122.34193783891,41.1610369165949],[-122.342044737622,41.161123075158],[-122.342151096418,41.1612582778367],[-122.342092694238,41.1613553683258],[-122.342160980003,41.1613896065299],[-122.342397339665,41.1614102458334],[-122.342762277437,41.1613566363108],[-122.343052790087,41.1614855995898],[-122.343230542934,41.1616225315484],[-122.343598275372,41.1614903564814],[-122.343787527245,41.1614870849093],[-122.344006576073,41.1615902513969],[-122.344067217928,41.1616857459946],[-122.344247420111,41.1617626887241],[-122.344296420403,41.1617059749188],[-122.344410193766,41.1616415583227],[-122.344572577315,41.1615813692137],[-122.344749326055,41.1615927532618],[-122.344849590716,41.1617344679776],[-122.344944541222,41.1618775446979],[-122.345036391222,41.1619585744504],[-122.345176605286,41.1620035426989],[-122.345265552293,41.162043070288],[-122.345444290906,41.1620788443904],[-122.345628891194,41.1620643892441],[-122.345834290035,41.1620267399708],[-122.346065186122,41.1619931188294],[-122.346203665093,41.1619522160005],[-122.346376448095,41.1619442012852],[-122.346541985623,41.1619804913124],[-122.346587679743,41.1620193862118],[-122.346638509761,41.1620660282688],[-122.346705219264,41.1620664897986],[-122.346787269725,41.1620553984921],[-122.346971493845,41.1620513154861],[-122.347162006139,41.162152036335],[-122.347255265295,41.1622141977061],[-122.347293473053,41.1622171774754],[-122.347343934186,41.1622342605772],[-122.347384650434,41.1622447638968],[-122.347412633613,41.1622701099945],[-122.347448290614,41.1622861171537],[-122.347471692563,41.1622879327254],[-122.347502646337,41.1622912277358],[-122.347537216523,41.1622885972467],[-122.347584594925,41.1622806773874],[-122.347662349417,41.1622583976044],[-122.347708159641,41.1622352752217],[-122.347745239632,41.1622365634352],[-122.347820915621,41.162219909959],[-122.34787273447,41.1622093840478],[-122.347937898049,41.1622244785447],[-122.347990002304,41.1622226886236],[-122.348050320934,41.1622280494091],[-122.348076873826,41.1622315168698],[-122.348129207022,41.1622476619664],[-122.348155648986,41.1622477068444],[-122.348184619523,41.1622559073875],[-122.348220276707,41.1622719152099],[-122.348245502381,41.1622894699371],[-122.348265956108,41.1622921515037],[-122.348273380072,41.16228245756],[-122.348258157988,41.1622612896014],[-122.348235989843,41.1622462012387],[-122.348222344354,41.1622332062127],[-122.348188913015,41.1622051696904],[-122.348150142994,41.1621813780568],[-122.348101605212,41.1621648001287],[-122.348051740878,41.1621477074598],[-122.348016760244,41.1621196088993],[-122.347934905151,41.1620930197978],[-122.347791668958,41.1620649668103],[-122.347632676999,41.1620794864057],[-122.347581047347,41.1621103806308],[-122.347509437281,41.162102077207],[-122.347472602504,41.1620791512556],[-122.347455668437,41.1620493621874],[-122.347449630041,41.1620249571281],[-122.347462629361,41.1619782016072],[-122.347460225535,41.1619520152228],[-122.347439041928,41.1618651572687],[-122.347410122537,41.1618366738473],[-122.347383515172,41.1617841700751],[-122.347379615041,41.1617487280655],[-122.347375790888,41.1616973303141],[-122.347360034313,41.1616634628228],[-122.347360736169,41.1615939518447],[-122.347363488126,41.1615797486137],[-122.347357530944,41.1615469594092],[-122.347325681987,41.1615162775529],[-122.347249695332,41.1614869643071],[-122.347183083922,41.1614639644411],[-122.34708018498,41.1614530033327],[-122.346985371139,41.1614525261719],[-122.346906129008,41.1614402198663],[-122.346846084947,41.1614359373957],[-122.346793528968,41.1614239411075],[-122.346697993289,41.1613795796511],[-122.346662194875,41.1613737612299],[-122.34663503937,41.1613773337562],[-122.346585787602,41.1613534693729],[-122.346512290049,41.1613529533196],[-122.346450938121,41.1613523901224],[-122.346427807555,41.1613406542437],[-122.346429135436,41.1613302627121],[-122.346472522209,41.1613204362096],[-122.346524397265,41.161318924091],[-122.346536692041,41.1613234710211],[-122.346561381875,41.161324630946],[-122.34661461158,41.1613062361844],[-122.346681506321,41.1612905597507],[-122.346716195253,41.1612770201804],[-122.346764188674,41.1612806282442],[-122.346803442922,41.1613119815108],[-122.34683926673,41.1613149172295],[-122.346854208524,41.161309318089],[-122.346882949906,41.1612704698749],[-122.346944063379,41.1612237136301],[-122.34697584373,41.1611976986961],[-122.3470567736,41.1611705829886],[-122.347123239755,41.1611527526236],[-122.347201197242,41.1611475951291],[-122.347257430592,41.161155554869],[-122.347349735566,41.1611485055234],[-122.347413749771,41.1611030479015],[-122.347466117897,41.1610547434626],[-122.34750124418,41.1609963048285],[-122.347562258711,41.1609210658165],[-122.347644998922,41.1608401018257],[-122.34770205236,41.1607748524398],[-122.347748535081,41.1607286412291],[-122.347810844043,41.1607184593941],[-122.347910781092,41.1607954580024],[-122.347957764391,41.1608263968623],[-122.347988092617,41.1609488692154],[-122.34816099483,41.1610501888202],[-122.34822636168,41.1611261229726],[-122.348251478021,41.1611766705959],[-122.348235370545,41.1612594511819],[-122.348229683897,41.1613003908552],[-122.348239063935,41.1614050479044],[-122.348228444547,41.1614553651574],[-122.348262720067,41.1614910491036],[-122.348386320642,41.1615377662742],[-122.348499264221,41.161542679621],[-122.348548520844,41.1615485173544],[-122.348586086517,41.1615427653289],[-122.348622951357,41.1615265692996],[-122.348793342628,41.1615183258333],[-122.348877327596,41.1615263057624],[-122.348933909057,41.1615776158531],[-122.349041202994,41.1616536637949],[-122.34915742885,41.1618170708544],[-122.349248729761,41.1619066701434],[-122.349293559335,41.1620463579211],[-122.349414376384,41.1622917059128],[-122.349428086592,41.1623139832218],[-122.349436081199,41.1623180700276],[-122.349448817061,41.1623142251226],[-122.349498455163,41.1622698470955],[-122.349583323073,41.1621992980194],[-122.349623182743,41.1621508664355],[-122.349653403714,41.1621027052451],[-122.34970849395,41.1620284780683],[-122.349798486154,41.1619980353946],[-122.3499298659,41.1619513114177],[-122.350013108652,41.1619075629663],[-122.350062706704,41.1618947338298],[-122.350246911139,41.1619118287435],[-122.350410719193,41.1619352553685],[-122.350450261608,41.1619317201638],[-122.350460480072,41.1618982653648],[-122.350596073924,41.1616748789547],[-122.350621177106,41.1616341145881],[-122.350621724341,41.1615817329486],[-122.350642484142,41.1614847141544],[-122.350719434294,41.1614016033205],[-122.350799957925,41.1613657475235],[-122.350900511709,41.1613669246141],[-122.351028693914,41.1613935433811],[-122.351137440429,41.1613867249076],[-122.351335051668,41.1613804907895],[-122.351593021298,41.1614026884311],[-122.351755280867,41.1614660759884],[-122.351838039206,41.1614765996798],[-122.351902841794,41.1614044428931],[-122.351996104803,41.1614229726833],[-122.352260314721,41.1614647939687],[-122.35232662877,41.161507716863],[-122.352419976373,41.1615324641869],[-122.352431077891,41.1614860137353],[-122.352449932127,41.1614617728005],[-122.352466240958,41.1614397422866],[-122.352501112228,41.1614317854903],[-122.353000991395,41.1614004005256],[-122.352764801576,41.1612433976524],[-122.352507086296,41.1610764323831],[-122.352358631615,41.1609727657145],[-122.352313714937,41.160932234452],[-122.352311565189,41.1608775601415],[-122.352333190309,41.1608433518837]]},"properties":{"OBJECTID":179,"OWNERNAME":"Shasta Trinity National Forest","OWNERTYPE":"USDA Forest Service","DESIGNATIO":" ","MANAGEMENT":" ","REV_DATE":1121385600000}},{"type":"Feature","id":180,"geometry":{"type":"LineString","coordinates":[[-122.352333190309,41.1608433518837],[-122.352402143382,41.1608941580308],[-122.352455496171,41.1609086591242],[-122.352532156435,41.1609838388164],[-122.35264662371,41.1610389262036],[-122.35269451062,41.1610574070264],[-122.352934254311,41.1611194270548],[-122.353207323951,41.1611844248699],[-122.353576006055,41.1611907476075],[-122.353948741562,41.1612879432905],[-122.354018124784,41.1613263910449],[-122.353979508543,41.1614634087106],[-122.353882487068,41.1615517664085],[-122.353955646515,41.1617016472609],[-122.353986455819,41.1618348355416],[-122.354013584543,41.1619357322839],[-122.353981414699,41.1619715822794],[-122.353997016167,41.1620078852745],[-122.354048963713,41.1620049269269],[-122.354114110361,41.1618960741302],[-122.354157596154,41.1617986259798],[-122.35419633172,41.1616906327542],[-122.354374843111,41.1614616553719],[-122.354637463502,41.1613823535521],[-122.35490001315,41.1613190951227],[-122.354899538214,41.1613554310018],[-122.354663192412,41.1614913888903],[-122.354603284784,41.1616001431405],[-122.354787965647,41.1618313051178],[-122.354879902932,41.1620126508314],[-122.355006880681,41.1620314460225],[-122.355118044579,41.1620619864407],[-122.355364535108,41.162075378498],[-122.355467612882,41.1620881336635],[-122.355641786868,41.1621732845927],[-122.355849543901,41.1620842839544],[-122.356086238735,41.1621294084567],[-122.356208094131,41.1621663276408],[-122.35637926744,41.1622616293055],[-122.356586057881,41.162429636806],[-122.35663185431,41.1626056298033],[-122.356621852955,41.1628160242907],[-122.356613135675,41.1629059685988],[-122.356683680886,41.1630086618869],[-122.35689760763,41.1630820673411],[-122.35693698156,41.163124142072],[-122.357066377077,41.1631439721772],[-122.357268628314,41.1631809992439],[-122.357411452513,41.1632180623708],[-122.357599670857,41.1633463040382],[-122.357766981026,41.1634470862467],[-122.357816482185,41.1634421886283],[-122.357889295244,41.1634254032393],[-122.357993941357,41.1635256526981],[-122.358095376662,41.1636259615058],[-122.358157570572,41.1636738268618],[-122.358212656189,41.1637663549999],[-122.358268249344,41.1638416571888],[-122.358312640807,41.1639855869981],[-122.358310621013,41.1642357646317],[-122.358446448769,41.1645236390375],[-122.358653630768,41.1641707128138],[-122.358737074098,41.1641621113114],[-122.358856741895,41.1641178529996],[-122.359060758048,41.1639838463676],[-122.359145407704,41.1638670525893],[-122.359242161949,41.1637055011382],[-122.359338730144,41.163589024187],[-122.359446899911,41.1634993693655],[-122.359590635125,41.1634192307674],[-122.359769799585,41.1633843055247],[-122.359960201035,41.1634302960825],[-122.36006704012,41.1634848901226],[-122.360161430747,41.1635664907761],[-122.360303645831,41.163657377559],[-122.360469561711,41.1637482661311],[-122.360552217948,41.1638388316552],[-122.360740694783,41.1640651364661],[-122.360847475048,41.1641287478294],[-122.360906252846,41.1641921798237],[-122.36094150405,41.1642464096118],[-122.361012551427,41.1643098826026],[-122.361143157967,41.1643555548796],[-122.361250183744,41.1643831927105],[-122.361464061262,41.1644475774347],[-122.361997863064,41.1647116275156],[-122.362230503117,41.1648429918699],[-122.362394131171,41.1649185083504],[-122.362615380343,41.1651379744171],[-122.362700655841,41.1652392149326],[-122.362783928695,41.1653483367439],[-122.362839084848,41.1654644796237],[-122.362850141397,41.1656084948624],[-122.362873614956,41.1657787791824],[-122.362897280429,41.1659042590561],[-122.363003063366,41.1659591427479],[-122.36308879395,41.1658318678461],[-122.363171573428,41.1656765273408],[-122.363254221844,41.1655208269689],[-122.363362053231,41.165370330099],[-122.363500064202,41.165333382125],[-122.363655851555,41.1653696530908],[-122.363717486218,41.1654762981093],[-122.363706927578,41.1655968350345],[-122.363633819552,41.1657167504515],[-122.363570420989,41.1658132244175],[-122.363493634167,41.1659805333104],[-122.36350219575,41.1660705121702],[-122.363510371734,41.1661957441966],[-122.363515585264,41.1662925460193],[-122.36356786058,41.1663826021417],[-122.363615481577,41.1663168918841],[-122.363645888792,41.1660830336865],[-122.363756913256,41.1659066075396],[-122.36395521473,41.1657800017873],[-122.364115534386,41.1656862949898],[-122.364226170835,41.1655523311613],[-122.364261877166,41.1654178885189],[-122.364257133359,41.1652667205045],[-122.36424928704,41.1651009205855],[-122.36421718123,41.1649795666575],[-122.3641946636,41.1648673157322],[-122.364187971653,41.164704017428],[-122.364159504654,41.1645051636107],[-122.364102315972,41.1643960914296],[-122.36409285366,41.1642390649555],[-122.364099739541,41.1640865978315],[-122.364182012674,41.1638798849092],[-122.36445140801,41.1638038589657],[-122.364682131428,41.1636963815914],[-122.364830074951,41.1635778482365],[-122.364927783711,41.1634926229639],[-122.365044248529,41.1634850161266],[-122.365156904854,41.163571405458],[-122.365322398178,41.1636203815642],[-122.365463439845,41.1636357458313],[-122.365690429236,41.1636390302939],[-122.365945427369,41.1636176271508],[-122.366095517053,41.1635389832018],[-122.366245888221,41.1634580805479],[-122.366392691858,41.1634567495437],[-122.366354995834,41.1636281874225],[-122.366272512977,41.1638536551376],[-122.366185575154,41.164128243423],[-122.366205615743,41.164320585578],[-122.366298857307,41.1648942816578],[-122.366501563203,41.1651000271904],[-122.366615473483,41.1654734014123],[-122.366612297413,41.1658104079051],[-122.366845337392,41.1659715925425],[-122.367076824431,41.1663275094284],[-122.367356536489,41.166542257098],[-122.367849703682,41.1665447424072],[-122.368178113446,41.1665821615468],[-122.36843498735,41.1667254954297],[-122.3686225964,41.1667442127364],[-122.368950377401,41.1668526732306],[-122.36927396859,41.1669532791526],[-122.369581324973,41.1671753402301],[-122.369694384901,41.1676197591212],[-122.36979370085,41.1676913448675],[-122.369792347883,41.1678342436053],[-122.369559061787,41.1682104900584],[-122.369545630072,41.1684349229713],[-122.369658573209,41.1690992907999],[-122.369913501865,41.1692843947882],[-122.369793955928,41.169664077976],[-122.369569460227,41.1699460500103],[-122.369459895699,41.1701087538094],[-122.369537918752,41.1704154705755],[-122.369440734892,41.1707006242038],[-122.369343040901,41.1710064274715],[-122.369910073108,41.1712140234919],[-122.370109668279,41.1713679931369],[-122.370202170007,41.1715828529135],[-122.370213819527,41.1717767967294],[-122.369817012731,41.1723054133317],[-122.369505106107,41.1724366999017],[-122.368976035509,41.1726323087108],[-122.368813244174,41.1727235462334],[-122.368772165709,41.1727745321521],[-122.369026784936,41.1730003876237],[-122.369133191732,41.173174692042],[-122.368870449615,41.1737957790449],[-122.368710292301,41.1739849498443],[-122.368933959303,41.174214818439],[-122.368905255446,41.1743880723043],[-122.368904642448,41.1744596559595],[-122.368913300082,41.1744693180504],[-122.369163875269,41.1746663161235],[-122.369981657105,41.1746930319447],[-122.369863465756,41.1755863192017],[-122.370255944241,41.1765231281767],[-122.371281397725,41.1761758733792],[-122.372004367757,41.1768650213527],[-122.372008484978,41.1779297007531],[-122.372456836572,41.1782279628684],[-122.372655663414,41.1788368932754],[-122.372773030069,41.1789206663158],[-122.372996432091,41.178922022845],[-122.373032197084,41.1789949005625],[-122.373232308039,41.1805317310048],[-122.373234799919,41.1809959168655],[-122.37350172989,41.181704066341],[-122.373246956496,41.1818565469904],[-122.373895242757,41.1822521581042],[-122.374146786544,41.1820057188255],[-122.374001228716,41.182459731525],[-122.374279196551,41.1824897083352],[-122.375172272693,41.1816000188073],[-122.375112403243,41.1821879812357],[-122.375085007348,41.1823211912598],[-122.375041713454,41.1824923817523],[-122.374987289769,41.1826368302936],[-122.374938022777,41.1827895640413],[-122.3749945272,41.1831144480277],[-122.37501675323,41.1832855679987],[-122.375090805376,41.1834856333221],[-122.375038153398,41.183662049126],[-122.374965387987,41.1837958488139],[-122.374821439265,41.1838918756106],[-122.37465688606,41.1839916276008],[-122.374497213213,41.1840948927382],[-122.374356360466,41.1841657105649],[-122.374267892703,41.1841347560884],[-122.374323157134,41.184012015007],[-122.374354239073,41.1839145233185],[-122.374385446825,41.1838099972408],[-122.37431078423,41.1837390276949],[-122.374190206684,41.1836953398471],[-122.37401070463,41.1836962177882],[-122.373825090904,41.1837031603492],[-122.373599050294,41.1837305206826],[-122.373391865155,41.1837516639113],[-122.373176788519,41.1837503290347],[-122.373037208251,41.1837335924951],[-122.372943217901,41.1837229336082],[-122.372907786038,41.1837754362552],[-122.373009423824,41.1838228199479],[-122.373146006956,41.1838821590162],[-122.373263706076,41.1839396946184],[-122.37341622738,41.1840054937438],[-122.373603611188,41.1840879390771],[-122.37362502274,41.184187772124],[-122.373612681615,41.1844052508099],[-122.373633687433,41.1845611597005],[-122.373677072907,41.1846986159474],[-122.373730617113,41.1848154184101],[-122.3738308807,41.1849867733237],[-122.373902448576,41.1851081913111],[-122.373999446045,41.1851736904572],[-122.374209969756,41.1851705115931],[-122.374422847495,41.1851160878071],[-122.374619480623,41.1850388032407],[-122.374766578366,41.1849154942806],[-122.374944383622,41.1848453273725],[-122.375105494944,41.1848070268869],[-122.37524563033,41.1848080657648],[-122.37538504752,41.1848054236665],[-122.375633224696,41.1846838008774],[-122.375920864668,41.1845487210416],[-122.376137801757,41.1844587004376]]},"properties":{"OBJECTID":180,"OWNERNAME":"Shasta Trinity National Forest","OWNERTYPE":"USDA Forest Service","DESIGNATIO":" ","MANAGEMENT":" ","REV_DATE":1121385600000}},{"type":"Feature","id":184,"geometry":{"type":"LineString","coordinates":[[-122.840047582827,41.2044222196454],[-122.839985334731,41.2042167201417],[-122.839916835736,41.2039557361786],[-122.839892734022,41.2039039003369],[-122.839933433346,41.2032253596141],[-122.839937145404,41.2031626166716],[-122.839965196559,41.2026943376361],[-122.840026018293,41.2021989002174],[-122.840110923564,41.201640528069],[-122.840124077792,41.2011181336346],[-122.840113018882,41.2007848057599],[-122.839958826048,41.2003972015781],[-122.839816427648,41.2001358202627],[-122.839626112746,41.1999283566025],[-122.839590729354,41.1997661552064],[-122.839481327678,41.1995946320085],[-122.839402734356,41.1994908404231],[-122.839263029672,41.1993184718192],[-122.839150886773,41.1991800093267],[-122.839067839584,41.198963712435],[-122.839106691142,41.1987259913696],[-122.839307303285,41.1985946852474],[-122.839449556552,41.1985215002554],[-122.839538508138,41.1984836025776],[-122.839892260414,41.1984066141587],[-122.839977424301,41.198396479625],[-122.840392213575,41.1983471367864],[-122.840512947712,41.1983384489154],[-122.841132664331,41.1983450430071],[-122.841860124634,41.1983820074126],[-122.842489690529,41.1984446280098],[-122.84304089734,41.1984936066726],[-122.843486600567,41.198508646242],[-122.843588988314,41.198512092008],[-122.844114027797,41.1984661846805],[-122.844494162267,41.1984475476602],[-122.844649147826,41.1984310460129],[-122.844983559928,41.1983893736768],[-122.845354677825,41.19834172791],[-122.845784073409,41.1983061899517],[-122.846261146975,41.1982798457488],[-122.846797805939,41.1983075912418],[-122.847227088508,41.1983622083709],[-122.847692001581,41.1984078102022],[-122.848252620443,41.1984176042115],[-122.848741607303,41.19840919174],[-122.849170890737,41.1984097974045],[-122.849516863112,41.1983921909606],[-122.849982133985,41.1983387842559],[-122.850483035694,41.1983213481672],[-122.851246374507,41.1983133539579],[-122.851878495001,41.1982871564279],[-122.85419535104,41.1982429592978],[-122.854538047006,41.1982328987092],[-122.854717043923,41.1982269268871],[-122.855218067484,41.1982095585948],[-122.855993341541,41.1981571775958],[-122.856637494893,41.1981309517736],[-122.857305348738,41.1981073371362],[-122.857376992112,41.1981048921878],[-122.857937704872,41.1979974380744],[-122.858236218307,41.1978446630142],[-122.858317487806,41.1977847486391],[-122.858857407169,41.1973860177825],[-122.859227638239,41.1971162045827],[-122.859401175855,41.1969674517412],[-122.859661587381,41.1967499100233],[-122.860096507228,41.1964439067149],[-122.860491706787,41.1962595297157],[-122.860908563193,41.1961311842546],[-122.861317045669,41.1960557700487],[-122.86172413789,41.1959724533605],[-122.86184198483,41.1959483039775],[-122.862072319093,41.195938894561],[-122.862271368038,41.1959308312241],[-122.862664887245,41.1959672785745],[-122.86308180798,41.1961569976198],[-122.863403504089,41.1963375322765],[-122.863615737761,41.1964925290096],[-122.863736894388,41.1965810888682],[-122.864105838678,41.1969508624155],[-122.864427220227,41.1972665471495],[-122.864664701082,41.1975462831043],[-122.864993927803,41.1978911784677],[-122.865411981187,41.1984308537584],[-122.865443654643,41.1984719627731],[-122.865711906779,41.1988624277518],[-122.866068751869,41.1993583339005],[-122.866437511312,41.1998361154639],[-122.867008274035,41.200656558746],[-122.867341294955,41.2011433605212],[-122.867721879468,41.2016392604707],[-122.86798360435,41.2020178815656],[-122.868269045703,41.2023785584568],[-122.868982996485,41.2032170865081],[-122.869256743579,41.2035146495533],[-122.869542306749,41.2038482742568],[-122.869642620256,41.2039813030167],[-122.869827890591,41.2042269770353],[-122.870101638706,41.2045065062969],[-122.870351753236,41.2046689206895],[-122.870637844934,41.2047863341428],[-122.870912000832,41.2048407275971],[-122.871401042189,41.2048682893759],[-122.871925826589,41.2048508527507],[-122.872403152304,41.2047793250297],[-122.873199177736,41.2046959791531],[-122.873571852385,41.2046837358872]]},"properties":{"OBJECTID":184,"OWNERNAME":"Shasta Trinity National Forest","OWNERTYPE":"USDA Forest Service","DESIGNATIO":" ","MANAGEMENT":" ","REV_DATE":969580800000}},{"type":"Feature","id":185,"geometry":{"type":"LineString","coordinates":[[-122.638270899801,42.076688154219],[-122.638371283216,42.0766884114899],[-122.638507067987,42.0766771897673],[-122.638634953887,42.0766773245089],[-122.638739021273,42.0766599049126],[-122.638803047117,42.0766362788742],[-122.638827591173,42.0765469608099],[-122.638859968138,42.0764638871956],[-122.638940737098,42.0763034538246],[-122.639021288313,42.0762084563208],[-122.639109772065,42.0761191607373],[-122.63918208363,42.0760361589634],[-122.639246509338,42.0759293131479],[-122.639351583756,42.0757153059461],[-122.639448533495,42.0755488491544],[-122.639561726079,42.0753228500919],[-122.639706619757,42.0751091858733],[-122.639867437534,42.0749667596403],[-122.640025968191,42.0749055141648]]},"properties":{"OBJECTID":185,"OWNERNAME":"Medford District Office","OWNERTYPE":"Bureau of Land Management","DESIGNATIO":" ","MANAGEMENT":" ","REV_DATE":1127347200000}},{"type":"Feature","id":186,"geometry":{"type":"LineString","coordinates":[[-122.633143894823,42.0765159340049],[-122.633154152084,42.0764932495334],[-122.633250967547,42.0763389847595],[-122.633315556565,42.0762200453825],[-122.633379928958,42.0761309839063],[-122.633460462817,42.0760418569498],[-122.633596762564,42.0759470580241],[-122.633733025332,42.0758641732981],[-122.633893311732,42.0757753742363],[-122.634109623228,42.0757104991231],[-122.634301563976,42.0756814192303],[-122.634461271101,42.0756938924772],[-122.634621013611,42.0757300100099],[-122.634708607562,42.075766004493],[-122.634812008437,42.075837768619],[-122.634947300588,42.0759334192708],[-122.635042723044,42.0760112162028],[-122.635178176635,42.076094948846],[-122.635361573998,42.0761670347941],[-122.635544950352,42.0762449880814],[-122.635751976401,42.0763588203985],[-122.635935333249,42.0764427298115],[-122.636062846444,42.0765204892157],[-122.636150326236,42.0765923148458],[-122.636163514265,42.0766160466334]]},"properties":{"OBJECTID":186,"OWNERNAME":"Medford District Office","OWNERTYPE":"Bureau of Land Management","DESIGNATIO":" ","MANAGEMENT":" ","REV_DATE":1127347200000}},{"type":"Feature","id":187,"geometry":{"type":"LineString","coordinates":[[-122.636163514265,42.0766160466334],[-122.636213525221,42.0767054370541],[-122.636269006902,42.0767829809142],[-122.636332876037,42.0768070137229],[-122.636452634704,42.0768254589902],[-122.636572236923,42.0768494142132],[-122.636684026178,42.0768676647253],[-122.636755917395,42.0768738397982],[-122.63689974369,42.0768744572537],[-122.637003711322,42.0768867328734],[-122.637107587899,42.0768868273729],[-122.637227264494,42.0768933608357],[-122.637292807377,42.0769040016658],[-122.637339174825,42.07691160917],[-122.637357330429,42.0769067190143],[-122.637427090354,42.0768880290686],[-122.637499259354,42.0768465446321],[-122.637587477105,42.0768051792963],[-122.637699640152,42.0767458960877],[-122.63781986641,42.0766925814868],[-122.637947803771,42.0766811644134],[-122.638067471384,42.0766874261086],[-122.638227343991,42.0766880692098],[-122.638270899801,42.076688154219]]},"properties":{"OBJECTID":187,"OWNERNAME":"Mountcrest LTD Partnership","OWNERTYPE":"Private","DESIGNATIO":" ","MANAGEMENT":" ","REV_DATE":1127347200000}},{"type":"Feature","id":188,"geometry":{"type":"LineString","coordinates":[[-122.622543154285,42.0761358140901],[-122.622492981906,42.0761623033885],[-122.622374138483,42.0762662960435],[-122.622362335349,42.0762766477917],[-122.622251659664,42.0763731596385],[-122.622158760703,42.0764610902514],[-122.622028888929,42.0765540279011],[-122.621910163904,42.0766416825989],[-122.621809928316,42.0767433023464],[-122.621735680197,42.0768201074448],[-122.621698185445,42.0769023795802],[-122.621682909007,42.076965600355],[-122.621682485593,42.0770454809338],[-122.621689408469,42.0771446139614],[-122.621662723887,42.0772712456871],[-122.621643677582,42.0773728105732],[-122.621628675417,42.0774140947074],[-122.621613787811,42.0774388604687],[-122.621569326657,42.0774469091777],[-122.621447498492,42.0774246113598],[-122.62137004651,42.0774050055303],[-122.621300293826,42.0773717929689],[-122.621200657436,42.0773493056495],[-122.621086089855,42.0773406647481],[-122.621067823635,42.0773425760074]]},"properties":{"OBJECTID":188,"OWNERNAME":"Mountcrest LTD Partnership","OWNERTYPE":"Private","DESIGNATIO":" ","MANAGEMENT":" ","REV_DATE":1127347200000}},{"type":"Feature","id":189,"geometry":{"type":"LineString","coordinates":[[-122.633143894823,42.0765159340049],[-122.633081338198,42.0766538745692],[-122.633057968392,42.0767262891951],[-122.633048656767,42.0767549125915],[-122.63302430292,42.0768203082356],[-122.632984255247,42.076856158225],[-122.632920236783,42.0768735534513],[-122.632800284031,42.076879114893],[-122.632680452049,42.0768846719618],[-122.632576230879,42.0769500137008],[-122.632519921269,42.0770093057977],[-122.632423398862,42.0771162726798],[-122.632382869483,42.07721720325],[-122.632342472448,42.0772826615852],[-122.632294225329,42.0773479226525],[-122.63221411027,42.0773834305353],[-122.632102135908,42.0773829584375],[-122.631998314584,42.0773648092958],[-122.631831103705,42.0772867870979],[-122.631583883174,42.077178835972],[-122.631400575986,42.0771189279118],[-122.631264838353,42.0770827573047],[-122.631113271809,42.0770523319406],[-122.630953444486,42.077039947508],[-122.630761680465,42.0770512392757],[-122.630617456896,42.0770984567009],[-122.630521068934,42.0771636330712],[-122.630369001534,42.0772108328231],[-122.630209150309,42.0772400538716],[-122.62998498558,42.0773048143396],[-122.629800515178,42.0774053914467],[-122.629696062343,42.0775003367218],[-122.629607935105,42.0775475622111],[-122.629527680017,42.0776248580948],[-122.629423123106,42.077713848845],[-122.629359029824,42.0777552508529],[-122.629238971092,42.0777905032171],[-122.62915089637,42.0777903451404],[-122.629023235921,42.0777540063249],[-122.628911416053,42.0777479329157],[-122.628767912643,42.0777235638793],[-122.628672033599,42.0777113835844],[-122.628592724309,42.0776157390218],[-122.628529372381,42.0775144377888],[-122.628410312277,42.0773651069264],[-122.628299321894,42.0772219253036],[-122.628156464092,42.0770488992885],[-122.62802130094,42.0769175004791],[-122.62787038797,42.0767680168411],[-122.627679565941,42.0766125913227],[-122.627556885242,42.0765119797167],[-122.627520621624,42.0764937794062],[-122.627427813361,42.0764472390618],[-122.627212512643,42.0763637100507],[-122.626960333127,42.0762942106244]]},"properties":{"OBJECTID":189,"OWNERNAME":"Mountcrest LTD Partnership","OWNERTYPE":"Private","DESIGNATIO":" ","MANAGEMENT":" ","REV_DATE":1127347200000}},{"type":"Feature","id":190,"geometry":{"type":"LineString","coordinates":[[-123.224063887936,41.7626244591334],[-123.224231326744,41.762326845071],[-123.224326929821,41.7621646060099],[-123.224626503153,41.7618217489908],[-123.22486610541,41.761542050452],[-123.224986180498,41.7614427066181],[-123.225070168709,41.7613794749768],[-123.225214246383,41.7612981948446],[-123.22534625936,41.7612078395749],[-123.225490191502,41.7610994943069],[-123.225586095392,41.7610181824272],[-123.225706123033,41.7609099071445],[-123.22578996902,41.7608197001766],[-123.225873789975,41.7607024234906],[-123.225945576445,41.7606032314817],[-123.226005370241,41.760485938973],[-123.226076897828,41.7603147501143],[-123.226232213084,41.759999126384],[-123.226303401051,41.7597197620308],[-123.226315201253,41.7596567501295],[-123.226326926924,41.7595576505677],[-123.226314554482,41.7594675582271],[-123.226290222859,41.7593866133168],[-123.226241770733,41.7592876068141],[-123.226157187156,41.7591706681437],[-123.226084543606,41.7590627155586],[-123.226023961828,41.7589187254876],[-123.22599962668,41.7588376904983],[-123.225986877877,41.7586305801985],[-123.226022552621,41.7585404319059],[-123.226046484611,41.7584773820314],[-123.226106160163,41.7583601815153],[-123.226165860212,41.7582249364739],[-123.226260518274,41.7577743487578],[-123.226248339749,41.7577203427778],[-123.226223983732,41.7576573549472],[-123.226163593695,41.757594474576],[-123.22607906079,41.7574865573699],[-123.22595820544,41.7573246187173],[-123.22590961328,41.757198638958],[-123.225897241839,41.7571085455759],[-123.225884732419,41.7569464531585],[-123.225896385183,41.7568563782038],[-123.225908208838,41.7567753217731],[-123.225895885802,41.756694249988],[-123.22589548143,41.7565951900752],[-123.225883065888,41.7564961650499],[-123.225870791272,41.7564241157677],[-123.225834350702,41.756325074097],[-123.225785856118,41.7562171365617],[-123.225628709852,41.7559832215015],[-123.225229607051,41.7553535239648],[-123.225193123887,41.7552455495234],[-123.22515659147,41.7551285561573],[-123.225107976806,41.7549755071265],[-123.225059432139,41.7548584585032],[-123.224998831514,41.7547325148432],[-123.224926361993,41.7546335816979],[-123.224841764143,41.7545346890228],[-123.22480547069,41.7544627118189],[-123.22475692574,41.7543456630554],[-123.224696229839,41.7542016750585],[-123.224599221137,41.753958734499],[-123.224538736927,41.7538777208192],[-123.224490385396,41.7537967584222],[-123.224454070013,41.753742828286],[-123.224453834945,41.7536527868167],[-123.224417208482,41.7535177489783],[-123.224344100135,41.7532296220662],[-123.224307427252,41.7530855634251],[-123.224295159088,41.7530136038643],[-123.224234751118,41.7529236562148],[-123.22416216578,41.7528247264607],[-123.224089694358,41.7527257036256],[-123.224005031057,41.7525908106842],[-123.223932469316,41.7524738344619],[-123.223920153647,41.7523928541089],[-123.223943959926,41.7523297166594],[-123.223991812672,41.7522485517093],[-123.224063782145,41.7521853578971],[-123.224123767571,41.7521492675854],[-123.224171784172,41.7521221445195],[-123.224231813488,41.752094985787],[-123.224328015647,41.7520947823601],[-123.224472332928,41.7520855007078],[-123.224652800122,41.75207610524],[-123.224797025064,41.7520488699175],[-123.224977350447,41.7520125008581],[-123.225157579178,41.7519580873515],[-123.225505977206,41.7518402754206],[-123.225565961524,41.751804184364],[-123.225649889772,41.751731931281],[-123.225721879456,41.7516506892161],[-123.22586565161,41.7515153707804],[-123.225901681569,41.751470238242],[-123.225925582271,41.7514251445356],[-123.225961254385,41.751334995953],[-123.225973076982,41.7512539402121],[-123.225984774044,41.7511727957408],[-123.2259603505,41.7510738098688],[-123.225923794237,41.7509297476453],[-123.225899296563,41.7507946712471],[-123.225789249713,41.7502904939865],[-123.225607239287,41.7498495122819],[-123.225546617623,41.749696501529],[-123.225558153692,41.7495614059177],[-123.225606003641,41.7494802410931],[-123.22567787605,41.7493990938182],[-123.225821899072,41.7492906562885],[-123.225905801485,41.7492364492773],[-123.22596561632,41.749146315952],[-123.225904633162,41.7489031767364],[-123.225892506112,41.7488581930356],[-123.225904229307,41.7487590939416],[-123.226131823228,41.7484884557262],[-123.22617955149,41.7484072927875],[-123.226166827682,41.7481821387656],[-123.226226612473,41.7481099625376],[-123.226490588289,41.7479292520136],[-123.226586546376,41.7478390059265],[-123.226646310616,41.7477398523455],[-123.226657699964,41.7475326680823],[-123.226681046769,41.7473614506715],[-123.226716837048,41.7472713004193],[-123.226716669535,41.7472172574518],[-123.226571313525,41.7469383830879],[-123.226474589541,41.7467944166998],[-123.226401912177,41.746632422162],[-123.226341170272,41.7464794155708],[-123.226328422877,41.7462723086446],[-123.226351772688,41.7460560694907],[-123.226398997233,41.7458127809707],[-123.226482107826,41.7454973845713],[-123.226421655425,41.7453984178838],[-123.226385343102,41.7453444881412],[-123.226264697598,41.7452185491719],[-123.22624027463,41.7451195622033],[-123.226275561499,41.7449123091451],[-123.226335490888,41.7448221742066],[-123.226443380181,41.744740826971],[-123.226527397636,41.7446866163291],[-123.226707487142,41.744587181574],[-123.226863585764,41.7445148863526],[-123.227079701083,41.7444153415339],[-123.227247661131,41.7443159457979],[-123.227391767442,41.7442255494163],[-123.227463633107,41.7441444017389],[-123.227487482753,41.7440902867857],[-123.227499273768,41.7440271870315],[-123.227497979119,41.7436488968218],[-123.22753374436,41.7435767925525],[-123.227617590028,41.7434685407545],[-123.227785473917,41.7433330544554],[-123.228109545903,41.7431433152419],[-123.22828960419,41.7430618334592],[-123.228457680294,41.74296243195],[-123.228757636267,41.7427547223533],[-123.229153344423,41.7424206786447],[-123.22952510371,41.7421227056244],[-123.229788855112,41.7419059931748],[-123.229896855496,41.7418246395835],[-123.230100783999,41.7416711766552],[-123.23026860925,41.741526665008],[-123.230484324799,41.7413101003658],[-123.230628039026,41.7411477109396],[-123.230687884899,41.7410665074482],[-123.230723518146,41.7409492924959],[-123.230831256371,41.7407960342191],[-123.230866866505,41.7406518420084],[-123.230926344707,41.7404805112371],[-123.23093801633,41.7403724813578],[-123.230925740415,41.7403004338668],[-123.230876975194,41.740120326577],[-123.23084039331,41.7399943142901],[-123.230792143437,41.7399313991378],[-123.230816037795,41.7398863050845],[-123.231008265784,41.7398589149533],[-123.231116337239,41.7398136499526],[-123.231224360703,41.739759363157],[-123.231404382924,41.7396509001439],[-123.231644396278,41.7394882978444],[-123.231836159263,41.7393078039498],[-123.231980058253,41.7391814094525],[-123.232183776956,41.7389918550727],[-123.232327477825,41.7388293742905],[-123.232530975404,41.7385767579954],[-123.232626770354,41.7384595341884],[-123.232770173317,41.738197990854],[-123.232818008482,41.738116823538],[-123.232877361348,41.7379005627681],[-123.232913188466,41.7378194337118],[-123.232948988562,41.7377562593005],[-123.233164856856,41.7375937316295],[-123.23336871356,41.7374311518981],[-123.233584723729,41.7372955976019],[-123.233884299515,41.7370248169512],[-123.233980111117,41.7368895464019],[-123.234207883856,41.7367089376212],[-123.234291806973,41.7366186340672],[-123.234423123576,41.736366151682],[-123.234554270564,41.7360597176789],[-123.234625913238,41.7358973675046],[-123.234684915678,41.7356180464228],[-123.234648004604,41.735365907494],[-123.234623473695,41.7352488811394],[-123.234562650703,41.7350598826521],[-123.234550371837,41.7349878371695],[-123.234574287064,41.7349247857784],[-123.234657964003,41.7347894669875],[-123.23475360229,41.7346451779242],[-123.234921326677,41.7344646637574],[-123.235041250286,41.734392384082],[-123.235233454027,41.7343198749797],[-123.235377315809,41.734211522482],[-123.235401111042,41.7341484757575],[-123.235508695162,41.7339500147192],[-123.235568310617,41.7338058379575],[-123.235639733014,41.7336255384577],[-123.235687436137,41.7334993509182],[-123.235698901321,41.7333552360898],[-123.235674414824,41.7332471406569],[-123.235590169312,41.7332113167682],[-123.235422028514,41.7332926837603],[-123.235349914924,41.7333018427164],[-123.235289732861,41.7332749640881],[-123.235289558376,41.7332209234925],[-123.235313079613,41.7330857918452],[-123.235168305746,41.732959941549],[-123.235132062508,41.7328969903545],[-123.235167834544,41.7328068396173],[-123.235335507607,41.7326173938978],[-123.235491069662,41.7324098539831],[-123.235586509452,41.7322295699303],[-123.235706174987,41.7320671607652],[-123.235861611675,41.7318146004635],[-123.235897235995,41.7316974752343],[-123.235920407839,41.7314542620734],[-123.235908004017,41.7313371958767],[-123.235967810763,41.7312739467134],[-123.236075617421,41.7311386390584],[-123.2362553162,41.7309761323445],[-123.236362947616,41.7307867837408],[-123.236422233675,41.7305615014314],[-123.236577839597,41.7303629815722],[-123.236685523374,41.7302276772712],[-123.236781027055,41.7300383672775],[-123.236756786096,41.7299752904939],[-123.236624249609,41.7299125555338],[-123.236576026674,41.7298766207124],[-123.236647717199,41.7297684052987],[-123.236707792482,41.7297322159884],[-123.23675564587,41.7296781158859],[-123.236779483835,41.7296240004742],[-123.236827356415,41.7295518538399],[-123.236790789608,41.7294077999024],[-123.236718259973,41.7293179004225],[-123.236609612611,41.7292100735354],[-123.236561066557,41.729093031923],[-123.236536754272,41.7289940469156],[-123.236536206649,41.7288498804002],[-123.236535487612,41.7286517622699],[-123.236546919779,41.7284805815123]]},"properties":{"OBJECTID":190,"OWNERNAME":"Klamath National Forest","OWNERTYPE":"USDA Forest Service","DESIGNATIO":" ","MANAGEMENT":" ","REV_DATE":969580800000}},{"type":"Feature","id":191,"geometry":{"type":"LineString","coordinates":[[-123.211469926944,41.8443593652947],[-123.211459110371,41.8443408709353],[-123.211362735961,41.8443320415252],[-123.211278360064,41.8443412251009],[-123.21119419848,41.8443684507571],[-123.211061872843,41.8444317334463],[-123.21094157182,41.844494980853],[-123.210713054668,41.8445854336833],[-123.21062866384,41.8445676354957],[-123.210580422995,41.8445407085638],[-123.210556138114,41.8444956653443],[-123.210519861427,41.8444326980481],[-123.210471483481,41.8443787910411],[-123.210423196532,41.8443428400922],[-123.210374834361,41.844315915229],[-123.210326593789,41.8442889872891],[-123.210240244709,41.8442704257275]]},"properties":{"OBJECTID":191,"OWNERNAME":"Klamath National Forest","OWNERTYPE":"USDA Forest Service","DESIGNATIO":" ","MANAGEMENT":" ","REV_DATE":969580800000}},{"type":"Feature","id":199,"geometry":{"type":"LineString","coordinates":[[-122.524539765153,42.0427288514119],[-122.524525722097,42.0427205583217],[-122.524404084737,42.0426636937016],[-122.524288233038,42.0426373049798],[-122.524137332945,42.0426323705016],[-122.523991685166,42.042666588673],[-122.523910157667,42.0427136054614],[-122.523817217559,42.0427177141105],[-122.523706745297,42.0427171179781],[-122.523590750893,42.0427036364221],[-122.523503917092,42.0426862350055],[-122.523364465108,42.0426810721099],[-122.523260018009,42.0426938915731],[-122.523131880489,42.0427322716206],[-122.523020929552,42.0428097450085],[-122.522886762749,42.0428956214955],[-122.522735306853,42.0429598238295],[-122.522537392123,42.0430196270167],[-122.522368575737,42.0430839042397],[-122.522251678953,42.0431569823702],[-122.522065610957,42.0432210612295],[-122.521919795797,42.0432811792965],[-122.521733405741,42.0433497763058],[-122.521653642581,42.0434193177234],[-122.521589814282,42.0434962115106],[-122.521549081108,42.0435647055611],[-122.521519944548,42.0436202445403],[-122.521433419892,42.0436454300519],[-122.521301395353,42.0436491411326],[-122.521174630349,42.0436787376823],[-122.520968512276,42.0436943922673],[-122.520774811898,42.0437473402775],[-122.520593877823,42.0438304460647],[-122.520446834361,42.0439137796156],[-122.52019837555,42.043996874045],[-122.519994765013,42.0440967637199],[-122.519870468805,42.0441550988169],[-122.519825033521,42.0442134874752],[-122.519700166352,42.0443304915524],[-122.519598420489,42.0443889174995],[-122.519473044413,42.0445730719736],[-122.519416086564,42.044656778445],[-122.519336650456,42.0447322671599],[-122.519223497711,42.0447988630441],[-122.519053790574,42.0448654087709],[-122.518907054797,42.0449235556258],[-122.518759887176,42.045006889345],[-122.518703124893,42.0450655039609],[-122.518646412016,42.045132330034],[-122.518544422453,42.0451907597097],[-122.518375393721,42.0452153274085],[-122.518216810482,42.0453236141408],[-122.518092402801,42.0453653443437],[-122.517888969415,42.0454568350374],[-122.517730130838,42.0456156626268],[-122.517650364717,42.0457158857311],[-122.517537093213,42.0457996267345],[-122.517457583361,42.0458833288432],[-122.517457376278,42.0459250256068],[-122.517400614809,42.0459667633462],[-122.517332697776,42.0460169355902],[-122.5172414054,42.0461594396829],[-122.517150165569,42.0463101551597],[-122.517160039185,42.0465034422211],[-122.517181569926,42.0466378394834],[-122.517254483844,42.0467590305605],[-122.517324857596,42.0468800023104],[-122.517375659745,42.0470203146929],[-122.517375180846,42.0470781704566],[-122.517361889072,42.0471215721575],[-122.517361559228,42.0471700398953],[-122.517328755673,42.0472277255334],[-122.517341097111,42.0473002171626],[-122.517353476583,42.0473874171132],[-122.51733974676,42.0474694504411],[-122.51731331533,42.0475367573482],[-122.517274075925,42.0475897874988],[-122.517176437582,42.0476520118207],[-122.51709794996,42.0477339788937],[-122.517052016792,42.047815841443],[-122.517031643641,42.0479315770891],[-122.517005180022,42.0480183771386],[-122.516991521659,42.0480956254791],[-122.51699741037,42.0481970340362],[-122.517003126284,42.0482697465425],[-122.517015706668,42.0483422344123],[-122.517041196168,42.048380893333],[-122.517053849849,42.0484485962715],[-122.517059918224,42.048487099346],[-122.517052827604,42.0485693617472],[-122.517038972568,42.0486852397176],[-122.51704428162,42.0488348505693],[-122.517050367087,42.0488976294406],[-122.517062922208,42.048955768095],[-122.517062309551,42.0490234627436],[-122.517048842641,42.0490959256066],[-122.5170288098,42.0491634662043],[-122.516976693539,42.04919689952],[-122.516944267802,42.0492210065091],[-122.51684029665,42.0492543878014],[-122.516749014673,42.0493021363375],[-122.516696856036,42.0493648993446],[-122.51661219393,42.0494224417302],[-122.51637784072,42.0495469427522],[-122.516143526768,42.0496861515954],[-122.515961219837,42.0498059177171],[-122.515765632535,42.0499694450236],[-122.515615532538,42.0500894734781],[-122.515485433413,42.0501614537511],[-122.515380896637,42.0502673109015],[-122.515295582394,42.050411951896],[-122.515223231427,42.0505515533655],[-122.515066085532,42.0507586258479],[-122.514980361097,42.0509563390967],[-122.514914136579,42.05113949605],[-122.514867974208,42.0512456380204],[-122.51484117335,42.051346882682],[-122.514808446345,42.0513999643801],[-122.514782033133,42.0514577030912],[-122.514768173469,42.051573582411],[-122.514708645064,42.0517279077923],[-122.514630027985,42.0518677243599],[-122.514583869028,42.0519399338209],[-122.514557295894,42.0520510103207],[-122.514479144697,42.0521086945052],[-122.514368403471,42.0521757789319],[-122.514257828273,42.0522236359447],[-122.514147086632,42.052290721059],[-122.514075581848,42.0523386149758],[-122.513861392875,42.0523620897639],[-122.513731641732,42.052375944724],[-122.513478549339,42.0524280748849],[-122.513193060614,42.0524848172307],[-122.512985187712,42.0525368614554],[-122.512822941038,42.0525797888737],[-122.512673446859,42.0526321171098],[-122.512497640001,42.0527281054596],[-122.51243242105,42.0528002413763],[-122.512360554576,42.0528481430068],[-122.512250225341,42.0528622438575],[-122.512139942508,42.0528810353686],[-122.512023317875,42.0528808213684],[-122.511984437816,42.0528999120875],[-122.511874426957,42.0528752915973],[-122.511693394576,42.0528066855599],[-122.511395858974,42.0527378631929],[-122.511175659959,42.0527176812856],[-122.510949240382,42.0526682945549],[-122.510806878941,42.0526291529216],[-122.510651753464,42.0525803371437],[-122.510509820732,42.0525022009214],[-122.510341431912,42.0524772914482],[-122.510205541345,42.0524574240874],[-122.510095654581,42.0524328896145],[-122.509972734087,42.0523842464792],[-122.509823881423,42.0523593109364],[-122.509707568194,42.0523201027243],[-122.509655863196,42.0523005520762],[-122.509532579376,42.0523097626146],[-122.509461368108,42.0523046753885],[-122.509351290941,42.0522849283342],[-122.509176399788,42.052284151047],[-122.509046489867,42.0523174072345],[-122.508974898968,42.0523458989935],[-122.508896339232,42.0524569210299],[-122.508863129982,42.0525579308982],[-122.508706913343,42.0526589401297],[-122.508589862586,42.0527114342443],[-122.508478981936,42.0527883520086],[-122.508394033745,42.0528893028128],[-122.508276553979,42.0530047056417],[-122.508152174577,42.0531637431597],[-122.508060526133,42.0532696098654],[-122.508021380937,42.0532982704803],[-122.50793680223,42.0533414568246],[-122.507923393902,42.053409045365],[-122.50792311907,42.0534490291179]]},"properties":{"OBJECTID":199,"OWNERNAME":"Medford District Office","OWNERTYPE":"Bureau of Land Management","DESIGNATIO":" ","MANAGEMENT":" ","REV_DATE":1127347200000}},{"type":"Feature","id":200,"geometry":{"type":"LineString","coordinates":[[-122.543985561619,42.039198892313],[-122.543972920217,42.0391893104312],[-122.543867341441,42.0390964045485],[-122.543787535108,42.039069851998],[-122.543637441782,42.0390031986066],[-122.543557741311,42.0389762817238],[-122.543522424885,42.0389564152838],[-122.543514012601,42.0389101102944],[-122.54348762044,42.0388835662043],[-122.543398989177,42.0388765924252],[-122.543345811739,42.0388697202622],[-122.54323066019,42.0388427032618],[-122.543124699585,42.0387828336009],[-122.543071914511,42.0387297470419],[-122.543036868689,42.0386703490284],[-122.543010476825,42.0386438057279],[-122.542966354123,42.0386238456686],[-122.542931300164,42.0385641766943],[-122.542896363887,42.0384977366578],[-122.542798953579,42.0384577300272],[-122.542577299254,42.038470031267],[-122.542408574625,42.0385024767904],[-122.542257301741,42.0385811377434],[-122.54211497701,42.0386336285316],[-122.541955030362,42.0386923389508],[-122.541821752833,42.0387314726078],[-122.541706458679,42.0387509318919],[-122.541582118939,42.0387636253267],[-122.541475357069,42.0388159424675],[-122.541386184384,42.0389082469921],[-122.541305692681,42.0389871117923],[-122.541269575626,42.0390795229609],[-122.54126878775,42.0391820554697]]},"properties":{"OBJECTID":200,"OWNERNAME":"Medford District Office","OWNERTYPE":"Bureau of Land Management","DESIGNATIO":" ","MANAGEMENT":" ","REV_DATE":1127347200000}},{"type":"Feature","id":201,"geometry":{"type":"LineString","coordinates":[[-122.502792589042,42.0570009187124],[-122.502760288455,42.0570186125736],[-122.502721412044,42.0570242538307],[-122.502654226715,42.057010329583],[-122.502618235148,42.0569985881746],[-122.50253834505,42.0569868993596],[-122.502496899031,42.0569846504521],[-122.502445403778,42.056971047916],[-122.502414463621,42.0569555058107],[-122.502386033788,42.056980342336],[-122.502328932547,42.0569992483924],[-122.502287415849,42.0570223593037],[-122.502261345479,42.0570491364558],[-122.5022198859,42.0570738701626],[-122.502155040279,42.0570988846749],[-122.502134212807,42.0571238435028],[-122.502110739075,42.0571524621457],[-122.502071534358,42.0571966449334],[-122.502035154464,42.0572388766105],[-122.502003958568,42.0572673787683],[-122.501975208175,42.0572865371839],[-122.501949266457,42.0573135810726],[-122.501897578545,42.057328680256],[-122.501876503461,42.0573671800267],[-122.501855604979,42.057390154159],[-122.501852989885,42.0574014853584],[-122.501819452633,42.0574148722672],[-122.501762195434,42.0574396480226],[-122.501707758374,42.0574760090152],[-122.501671354073,42.0574970328233],[-122.50160918569,42.0575295747924],[-122.501559825496,42.0575525694654],[-122.501536446549,42.0575736078827],[-122.501510587279,42.0575927088381],[-122.501461086174,42.0576425093741],[-122.501416959555,42.0576634139012],[-122.501373033077,42.0576729453109],[-122.501326349357,42.0576863215186],[-122.501290021572,42.0577129378315],[-122.501246081647,42.0577186785016],[-122.501209623977,42.057741599115],[-122.501173374843,42.057756753689],[-122.501149758972,42.057764260306],[-122.501080938006,42.0577757260183],[-122.501026482009,42.0577842003233],[-122.500987548272,42.0577985074866],[-122.500948352135,42.0578156153816],[-122.500909245133,42.0578386768164],[-122.500870157036,42.0578588521112],[-122.500839026408,42.0578789592899],[-122.500815463627,42.0579050538732],[-122.500795819372,42.0579396449668],[-122.500775906221,42.0579802865552],[-122.500744698614,42.0580119472201],[-122.500709396611,42.058043688326],[-122.500681990007,42.0580667916756],[-122.500631191763,42.0580866548705],[-122.500599962211,42.0581039663784],[-122.500588197411,42.058132897627],[-122.500572102647,42.0581792391977],[-122.500556179917,42.0582373105558],[-122.500536326203,42.0582865253599],[-122.500501121473,42.0583210611082],[-122.500477397855,42.0583528446725],[-122.500461562245,42.0583962936725],[-122.500449689271,42.0584221583771],[-122.500429858666,42.0584685743339],[-122.500406394249,42.0584974653315],[-122.500367191954,42.0585349680071],[-122.500327836483,42.0585783406318],[-122.50024574471,42.0586444865172],[-122.500186877595,42.0587023219133],[-122.500127999852,42.0587598872626],[-122.500096683718,42.0587918200613],[-122.500057601855,42.0588293212137],[-122.500014420015,42.0588668136815],[-122.49996735957,42.0589071789624],[-122.499920573022,42.0589416728485],[-122.49989701381,42.0589678581345],[-122.499869335257,42.0590140678922],[-122.499826425247,42.0590455980006],[-122.499795115289,42.0590572266564],[-122.499763992638,42.0590570285693],[-122.499725240113,42.0590422715458],[-122.49972173804,42.0590045275045],[-122.499706286418,42.0589699075329],[-122.499687206253,42.0589349978109],[-122.499664162815,42.0588970982562],[-122.499656597585,42.0588535687813],[-122.499649239096,42.0588159023355],[-122.49963777446,42.0587780444902],[-122.499626439944,42.0587404561504],[-122.499607326554,42.0586909272882],[-122.499584238752,42.0586620533174],[-122.499537913639,42.0586240717108],[-122.499503156942,42.0585892015472],[-122.499483906699,42.0585631387843],[-122.49944142541,42.0585281501817],[-122.499383367352,42.0584959949396],[-122.499344712069,42.058466887269],[-122.499309718962,42.0584492578018],[-122.499267066255,42.0584401722499],[-122.499204883524,42.0584312920292],[-122.499154321178,42.0584339129257],[-122.499088226926,42.0584338640178],[-122.499045453489,42.0584247815987],[-122.498967650461,42.0584244204371],[-122.4989130815,42.058433076977],[-122.49888016587,42.0584402238042]]},"properties":{"OBJECTID":201,"OWNERNAME":"Medford District Office","OWNERTYPE":"Bureau of Land Management","DESIGNATIO":" ","MANAGEMENT":" ","REV_DATE":1127347200000}},{"type":"Feature","id":202,"geometry":{"type":"LineString","coordinates":[[-122.473254849543,42.0950734703664],[-122.4732165647,42.0951278251816],[-122.473135386751,42.0952636100487],[-122.47306549743,42.0954220970349],[-122.472979991921,42.0956205985809],[-122.472944399788,42.0957245388353],[-122.472915045972,42.0959484769157],[-122.472845796318,42.0961737365433],[-122.472658755545,42.096398496283],[-122.472471335084,42.0966608064454],[-122.472351598039,42.0968986017914],[-122.472282207427,42.0971614089385],[-122.472296772459,42.0974371962742],[-122.472395719663,42.0976758715396],[-122.472613431111,42.0978148491538],[-122.472915569348,42.0979040770597],[-122.473201249685,42.0979678142767],[-122.473403003369,42.0979813848325],[-122.473622059422,42.0979824359049],[-122.473857437671,42.0980086150671],[-122.474125639093,42.0981350549503],[-122.474476995235,42.0984001160486],[-122.474844325282,42.0987527683886],[-122.475077970501,42.0989918796639],[-122.475278704086,42.0991558233991],[-122.475411754284,42.0993443730324],[-122.4756441094,42.099746860945],[-122.475726706673,42.0999350425048],[-122.475690121908,42.100311105134],[-122.475587831563,42.1004609321179],[-122.475283755425,42.1005722832854],[-122.474743746877,42.1007456395652],[-122.474473036381,42.1009071469476],[-122.474185302521,42.1011065306848],[-122.473830043127,42.1013178807548],[-122.473727216363,42.1015181667563],[-122.473691452743,42.1017935851809],[-122.473706914907,42.1019565451504],[-122.473956840157,42.1022712418432],[-122.47413979511,42.1025479872041],[-122.474269816158,42.1027084401465],[-122.47435910843,42.1028533535422],[-122.474480818676,42.1029934822215],[-122.474583614241,42.1030757687476],[-122.474725089376,42.103163256987],[-122.474905295501,42.1032505293261],[-122.475027679199,42.1033234987759],[-122.475130788948,42.103376718623],[-122.475311135823,42.1034403430113],[-122.475472232117,42.1035229333314],[-122.475620020397,42.1036390881166],[-122.475702850569,42.1037889091148],[-122.475779717521,42.1038612327131],[-122.475856716595,42.1039339139952],[-122.475881729333,42.1040592344925],[-122.475919617705,42.1041557836562],[-122.475970614836,42.1042475655515],[-122.476040699345,42.1043779615988],[-122.47603970701,42.1044981032011],[-122.476032327123,42.1045943646455],[-122.476051123158,42.1046763955144],[-122.476076291698,42.1047681396045],[-122.476139900655,42.1049030851442],[-122.476190454866,42.1050236644461],[-122.476260714615,42.1051348345341],[-122.476311198504,42.1052844753473],[-122.476310373317,42.1054093979521],[-122.476277040925,42.1055296316857],[-122.47623702214,42.1056692183443],[-122.476177071097,42.1058807637961],[-122.476143449496,42.1060204055215],[-122.476123154685,42.1061407457421],[-122.476122776706,42.1061886762354],[-122.47612240795,42.1062368767427],[-122.476096258831,42.1062656360424],[-122.476024851395,42.1062943767941],[-122.475979043389,42.1063615153718],[-122.475946123337,42.10643833],[-122.475919779216,42.1064960631001],[-122.475893306744,42.1065778061964],[-122.475853699439,42.1066496968676],[-122.475762755156,42.1067169044436],[-122.475678056817,42.106793557444],[-122.475606316191,42.106850824038],[-122.475560683399,42.1068988257904],[-122.475508674885,42.1069370251725],[-122.475495568511,42.1069660700847],[-122.475501888989,42.1069950076883],[-122.475553520366,42.1070047396751],[-122.475598841657,42.1069858031517],[-122.47565069293,42.1069810908925],[-122.475715422087,42.1069718841833],[-122.475799598868,42.1069528219987],[-122.475974415411,42.1069200759588],[-122.476136357548,42.1068918223185],[-122.476259431201,42.1068634260178],[-122.476375819612,42.1068543834207],[-122.476453610662,42.1068356265717],[-122.476531568187,42.1067974621119],[-122.476596557399,42.106754224525],[-122.476655395997,42.1066870122333],[-122.476746518313,42.1066249441443],[-122.476856933422,42.1065486002286],[-122.476947922182,42.1064861742486],[-122.47699351122,42.1064576663256],[-122.477051925993,42.1064336009654],[-122.47719401901,42.1064728818973],[-122.47729729189,42.1064926134792],[-122.477361597397,42.1065265548021],[-122.477386750537,42.1066039479877],[-122.477379120501,42.1067482284939],[-122.477378341393,42.1068398479283],[-122.477319567202,42.1069261926481],[-122.477227979613,42.10705090447],[-122.477188574984,42.1071182794741],[-122.477123232764,42.1071996988502],[-122.477077499072,42.10726205399],[-122.477070371021,42.1073343939745],[-122.477024245392,42.1074546058424],[-122.47695238708,42.1075360632233],[-122.476893369956,42.1076224122768],[-122.476853762181,42.1077184900514],[-122.47683330051,42.1078582378323],[-122.476825972737,42.1079593715831],[-122.476792638784,42.1080796052945],[-122.476733567348,42.108185089476],[-122.476694135919,42.1082620314332],[-122.47667433231,42.1083100702696],[-122.476615635693,42.1083676248533],[-122.47655038912,42.1084346019552],[-122.476530514729,42.1085117031889],[-122.476510416161,42.1085789718155],[-122.476464779751,42.1086268838666],[-122.476380422129,42.1086649931277],[-122.476289621404,42.1086983556802],[-122.476179603754,42.1087171104781],[-122.476075591317,42.1087695929222],[-122.475965326746,42.1088123597724],[-122.475894103227,42.1088360433679],[-122.475803181136,42.1088694069308],[-122.475763995017,42.1089223371958],[-122.475724753848,42.1089702131892],[-122.475653528861,42.1089938966418],[-122.475575670317,42.1090177094799],[-122.475536361847,42.1090706428585],[-122.475574171144,42.1091959851648],[-122.475618701919,42.1092683988439],[-122.47565692513,42.1093503213351],[-122.47574059226,42.1094133067694],[-122.475849701597,42.1095101816405],[-122.475965422888,42.1095924855502],[-122.476100684569,42.1096606009589],[-122.476229765849,42.1096900274364],[-122.476365319103,42.1097147259641],[-122.476526750614,42.1097442425974],[-122.476745052528,42.1097986407786],[-122.476883148562,42.1098822222945],[-122.477007470285,42.1099861088949],[-122.477145318656,42.110110939771],[-122.47735232369,42.1102771977238],[-122.477462294091,42.1104124104778],[-122.477627907764,42.1105477087503],[-122.477710827413,42.1105996065491],[-122.477835157227,42.1106725370391],[-122.478029386684,42.1107149493399],[-122.478251370948,42.1107571774126],[-122.478542413683,42.1108414675264],[-122.478750399264,42.1108940783745],[-122.478958382768,42.1109466897635],[-122.479193895592,42.1110202401464],[-122.479429283439,42.1111247502346],[-122.479581621251,42.1111874738157],[-122.479678190246,42.1112603129394],[-122.479774880176,42.1113227706886],[-122.479844046913,42.1113540883663],[-122.479912972869,42.1114060785674],[-122.479968265732,42.111458244955],[-122.480009421601,42.1115099657834],[-122.480161766809,42.11159353659],[-122.480272337647,42.1116559930952],[-122.480355028385,42.1117392105758],[-122.480451233352,42.1118636808706],[-122.480616856907,42.1119989748254],[-122.48067178385,42.1120717257223],[-122.480727067121,42.1121132427299],[-122.480768228647,42.1121547651941],[-122.48078151344,42.1122377158779],[-122.48078102743,42.1122997289826],[-122.480849595888,42.1124241975011],[-122.480890517814,42.1125071495534],[-122.480986242192,42.1126937215525],[-122.480998649394,42.1127205536023]]},"properties":{"OBJECTID":202,"OWNERNAME":"Medford District Office","OWNERTYPE":"Bureau of Land Management","DESIGNATIO":" ","MANAGEMENT":" ","REV_DATE":1127347200000}},{"type":"Feature","id":203,"geometry":{"type":"LineString","coordinates":[[-122.50792311907,42.0534490291179],[-122.507922954659,42.0534716843644],[-122.507870500124,42.0535536719975],[-122.507844176069,42.0535970594142],[-122.507805019604,42.053635647449],[-122.507759427971,42.0536593810894],[-122.507662310309,42.0536446995523],[-122.507571639217,42.0536247446159],[-122.507448294577,42.0536630144974],[-122.507311828848,42.0537156208003],[-122.507214210786,42.0537584334763],[-122.507064767988,42.0538158089389],[-122.506986489699,42.0538734894974],[-122.506882461314,42.053925996823],[-122.506791203574,42.0539884457704],[-122.506706623166,42.0540316321136],[-122.506641411968,42.0540701033823],[-122.50651168335,42.0540983904107],[-122.506355994167,42.0541121202848],[-122.506219458114,42.0541696002046],[-122.506115437967,42.0542223750635],[-122.505991840457,42.054260377124],[-122.505848961024,42.0543226756892],[-122.505770419291,42.0544139314383],[-122.505718005699,42.0544766958333],[-122.505640231475,42.0544906882254],[-122.505510318484,42.0545240313725],[-122.505392851377,42.0546297755461],[-122.505301547926,42.0547114473413],[-122.505229352839,42.054798066387],[-122.505177109462,42.0548656089717],[-122.505092522531,42.0549087041312],[-122.505026992573,42.0550099020046],[-122.504948663319,42.0550867142907],[-122.504876863676,42.0551299173062],[-122.504805230649,42.0551778105192],[-122.504707645144,42.0552353311412],[-122.504557801425,42.0553361182567],[-122.5044600959,42.0553936409817],[-122.504401259307,42.0554658268226],[-122.504361775979,42.0555430445651],[-122.50429612468,42.0556442434092],[-122.504185283005,42.0557259404674],[-122.504087527374,42.0558025959901],[-122.503982856947,42.0559327215978],[-122.503917105751,42.0560481816419],[-122.503864378542,42.0561397385631],[-122.503779011426,42.0562940308904],[-122.503700404726,42.0564143457475],[-122.503556953871,42.0565152778558],[-122.503459294653,42.056577582277],[-122.503364954808,42.0566279978357],[-122.503305744434,42.0566418020537],[-122.503256399081,42.0566549599819],[-122.503209792186,42.0566739295775],[-122.503178587897,42.0566987331641],[-122.503175815268,42.0567295607516],[-122.50316771769,42.0567700603937],[-122.503157219903,42.0568006797847],[-122.50313099779,42.0568334162221],[-122.503099888375,42.0568506360765],[-122.503048097615,42.0568697079041],[-122.502996215455,42.056896363402],[-122.502959811886,42.0569173867155],[-122.502907946938,42.0569480119911],[-122.502861239871,42.0569709544642],[-122.50280939089,42.0569917422187],[-122.502792589042,42.0570009187124]]},"properties":{"OBJECTID":203,"OWNERNAME":"Pollyanna B Morse","OWNERTYPE":"Private","DESIGNATIO":" ","MANAGEMENT":" ","REV_DATE":1127347200000}},{"type":"Feature","id":204,"geometry":{"type":"LineString","coordinates":[[-122.544832929525,42.0399846752276],[-122.544720821364,42.0399921633522],[-122.544517683549,42.0398921942649],[-122.54440291251,42.0398321406367],[-122.544287895664,42.0397921267764],[-122.544181821692,42.0397257644755],[-122.544182467896,42.0396530143631],[-122.544183256742,42.039547232966],[-122.544183796274,42.03945472186],[-122.54414900611,42.0393621087434],[-122.544113940799,42.0393089379309],[-122.544043560835,42.0392426686201],[-122.543985561619,42.039198892313]]},"properties":{"OBJECTID":204,"OWNERNAME":"Meriwether Southern Oregon","OWNERTYPE":"Private","DESIGNATIO":" ","MANAGEMENT":" ","REV_DATE":1127347200000}},{"type":"Feature","id":205,"geometry":{"type":"LineString","coordinates":[[-122.54126878775,42.0391820554697],[-122.541268783806,42.0391920721597],[-122.54124145224,42.0392974842402],[-122.541240934406,42.0393638233271],[-122.541275983549,42.0394166340734],[-122.541337686251,42.0394763104152],[-122.541372478066,42.0395690143537],[-122.541398204203,42.0396880705567],[-122.541441790254,42.0397940454073],[-122.541450316161,42.0398469368506],[-122.541476710845,42.0398802482704],[-122.541467256026,42.0399529038898],[-122.541431656327,42.0399789777968],[-122.541280803491,42.0399718965105],[-122.541139113639,42.039958045558],[-122.541033015411,42.0399178488325],[-122.540882412043,42.0399042663511],[-122.540757925304,42.0399566679565],[-122.54069567773,42.0399827345965],[-122.54059785048,42.0400287353121],[-122.540508695323,42.0400744728156],[-122.54045550562,42.0400942204919],[-122.540357928732,42.0401135942632],[-122.540251463947,42.0400934399561],[-122.540154292728,42.0400466568662],[-122.540048331451,42.0399934631563],[-122.539862537297,42.0399332065773],[-122.53975631203,42.039913047121],[-122.539570251917,42.0398857345854],[-122.539339533897,42.0399177940495],[-122.539082293638,42.0399432573103],[-122.538895966295,42.0399624247134],[-122.538771626111,42.0399751142556],[-122.538585542716,42.0399808299709],[-122.538487985606,42.0399805288527],[-122.538310337733,42.0399996123539],[-122.538221571534,42.0400191699542],[-122.538115326352,42.0400186814538],[-122.538035624833,42.0400118860032],[-122.537849427409,42.0400111060408],[-122.537715885426,42.0400766808433],[-122.53760031407,42.0401356692678],[-122.537484620414,42.0401878921384],[-122.53741333488,42.0402141378889],[-122.537342289562,42.0402403779964],[-122.537244723818,42.0402398067207],[-122.537147151444,42.0402660365172],[-122.537075973902,42.0402986865784],[-122.537031189556,42.0403579721275],[-122.537039472986,42.040417636363],[-122.537136496213,42.0404906854796],[-122.537251503086,42.0405439718809],[-122.537366385032,42.0405971696191],[-122.537498881696,42.040650646785],[-122.537525144621,42.0406904592043],[-122.537578039406,42.0407500436134],[-122.537613219555,42.0407964461925],[-122.537630280915,42.0408891440206],[-122.537673742116,42.0409951225463],[-122.537702193575,42.041092737425],[-122.537672475418,42.0411855609873],[-122.537637337881,42.0412246189612],[-122.537584857186,42.0412676352538],[-122.537451137247,42.0412844820426],[-122.537364030038,42.0412797292673],[-122.537305884745,42.0412924449907],[-122.537276609443,42.041326873274],[-122.537252901983,42.0413786979013],[-122.537183109043,42.0414130340723],[-122.537119040419,42.0414388649497],[-122.537043186991,42.0414689005099],[-122.536955921772,42.0414900517472],[-122.536926707622,42.0415160860848],[-122.5368336898,42.0415415926245],[-122.536728964978,42.0415499170914],[-122.536618479232,42.0415927395705],[-122.536589173425,42.0416229269168],[-122.536525184408,42.0416442416406],[-122.536432046715,42.0416697511069],[-122.536327213202,42.0416953138625],[-122.536251826198,42.0417081050239],[-122.536118012298,42.0417291033912],[-122.536013455551,42.0417286709936],[-122.53590920578,42.0417064825904],[-122.535787048085,42.0417061302335],[-122.535734954608,42.0417060003771],[-122.535590078018,42.0416705476817],[-122.535503157326,42.0416271654978],[-122.53543956538,42.0415920705612],[-122.535381774952,42.0415574010728],[-122.535294979084,42.0415309826533],[-122.535219668025,42.0414918810084],[-122.535074780208,42.0414391913757],[-122.534982128006,42.0414041357453],[-122.534895423351,42.0413734739176],[-122.534808504731,42.0413300921076],[-122.534710129368,42.0413035440954],[-122.534605622412,42.0412943547631],[-122.534483813492,42.0412767577143],[-122.534379100601,42.0413023172888],[-122.534291537047,42.0413623669495],[-122.534242580943,42.0414129797057],[-122.53415743687,42.0414226262204],[-122.533994813592,42.0414303921434],[-122.533867072493,42.0414256377173],[-122.533698912325,42.0414032829919],[-122.533542243784,42.041385299507],[-122.533408607955,42.0413978103905],[-122.533292425572,42.0414060901648],[-122.53321086579,42.0414317254934],[-122.533181152073,42.041518051927],[-122.533169017682,42.0416003259818],[-122.533162844621,42.0416435857359],[-122.533133189508,42.0417214282886],[-122.533103913008,42.0417558537188],[-122.533057215799,42.0417988417328],[-122.533027948688,42.0418335389635],[-122.532952280156,42.0418418210224],[-122.532888697613,42.0418069947359],[-122.532802197856,42.0417415840857],[-122.532657284831,42.0416847407263],[-122.532582107245,42.0416628713437],[-122.532483342613,42.0416625905067],[-122.532396245796,42.0416749794295],[-122.532337858912,42.0416876991822],[-122.532239336944,42.0416874134402],[-122.532111454999,42.0416956549946],[-122.532029923378,42.0417254411433],[-122.531954307577,42.0417554705269],[-122.531861309189,42.0417680676011],[-122.531733474598,42.041767464853],[-122.53151854639,42.0417624657824],[-122.531385084045,42.0417663072394],[-122.531239550863,42.0418002593505],[-122.531053689996,42.0418123671075],[-122.530856345136,42.0418202810368],[-122.530646922679,42.0418411608857],[-122.530472708426,42.041862058821],[-122.530310004338,42.0418743345612],[-122.530199394295,42.041917153339],[-122.530082758843,42.0419600928044],[-122.529925819262,42.0419852483421],[-122.529821381679,42.0419848071974],[-122.529693479124,42.0420059525347],[-122.529582716952,42.0420445332184],[-122.529478351435,42.0420528441956],[-122.52935031724,42.0420737205875],[-122.529164077071,42.0421293306534],[-122.529018131899,42.0422498326314],[-122.528947747028,42.0423319155209],[-122.528871589722,42.0424313506919],[-122.528806472779,42.0425868759836],[-122.528770788802,42.0426818034834],[-122.528729560432,42.042776751404],[-122.52865898477,42.0428805867389],[-122.528588967181,42.042949396825],[-122.528489649449,42.0430181594559],[-122.528407945457,42.0430872038093],[-122.528279790895,42.0431385831839],[-122.528122687697,42.0431727634271],[-122.527954144751,42.0432107820232],[-122.527802902713,42.0432233655722],[-122.527651915244,42.0432227696048],[-122.527425536122,42.0432044553121],[-122.52722838534,42.0431603805084],[-122.527037330579,42.04309452446],[-122.526799857382,42.0430287816088],[-122.526591162126,42.0429584947339],[-122.526388421333,42.0428928709204],[-122.526185581317,42.0428312198295],[-122.526023296162,42.0428045851467],[-122.525767951529,42.042782063666],[-122.525587814062,42.0427856571761],[-122.525390395196,42.0427848094939],[-122.525279748711,42.0428233846722],[-122.525169194728,42.0428746820044],[-122.525041168168,42.0428958237091],[-122.524901754281,42.0428951734191],[-122.524768490629,42.0428471138381],[-122.524629666163,42.0427816571525],[-122.524539765153,42.0427288514119]]},"properties":{"OBJECTID":205,"OWNERNAME":"Meriwether Southern Oregon","OWNERTYPE":"Private","DESIGNATIO":" ","MANAGEMENT":" ","REV_DATE":1127347200000}},{"type":"Feature","id":206,"geometry":{"type":"LineString","coordinates":[[-122.640025968191,42.0749055141648],[-122.640035601615,42.0749017943156],[-122.640155448239,42.0748902721049],[-122.640267407268,42.074890465636],[-122.640371030084,42.0748967907186],[-122.640546665807,42.0749450231333],[-122.640658411878,42.0749750942687],[-122.640857896161,42.0750352851236],[-122.641025112079,42.0751132963858],[-122.641152848195,42.07516135506],[-122.641288415547,42.0751735104363],[-122.641376272843,42.0752035383052],[-122.641511888056,42.0752396088375],[-122.641679569379,42.0752880062758],[-122.641814983356,42.0753478167905],[-122.641886655174,42.0753837767154],[-122.641974415467,42.0754079380485],[-122.642070240699,42.075438069539],[-122.642189783825,42.0754798893022],[-122.642317423941,42.0755220824173],[-122.642501005711,42.0755762854688],[-122.642612453655,42.0756242298908],[-122.642756137476,42.0756663582731],[-122.642812162833,42.0756547212323],[-122.64284437139,42.0756190322142],[-122.642908588105,42.0755714844974],[-122.642940618754,42.0755181092495],[-122.642981005288,42.0754526481041],[-122.643069335608,42.0753755354467],[-122.64318159879,42.0753223821545],[-122.643293873806,42.0752630911079],[-122.643374043036,42.0752097953946],[-122.64347835514,42.0751148411944],[-122.643526826533,42.0750494814407],[-122.643582734931,42.0750379364858],[-122.643646514818,42.0750498725191],[-122.643702437484,42.0750678378688],[-122.643782099202,42.0750980348315],[-122.643909697929,42.0751520488152],[-122.644053180792,42.0752179168632],[-122.64418856391,42.0752898199477],[-122.644315922298,42.0753793973024],[-122.644427325897,42.0754811318524],[-122.644538660379,42.0755648167145],[-122.644626083659,42.0756543263077],[-122.644721709945,42.0757081950674],[-122.644809430241,42.0757441795653],[-122.644880923364,42.0757979203441],[-122.64496048719,42.0758578102119],[-122.645096225349,42.075893875042],[-122.64523992982,42.0759300436444],[-122.645367271343,42.0759900194876],[-122.645486684965,42.0760735348796],[-122.645534381831,42.0761394154506],[-122.645566054912,42.0761929044529],[-122.645653522988,42.0762705888633],[-122.645709288425,42.0763004700934],[-122.645797089388,42.0763127159791],[-122.645861172237,42.0763068647562],[-122.645973065352,42.0762955045386],[-122.646093053868,42.0762780161774],[-122.646212739905,42.0762783146485],[-122.646308620115,42.0762904806541],[-122.646372764881,42.0762668489194],[-122.646396893511,42.0762313284649],[-122.646437160712,42.076165956818],[-122.646533117776,42.0761542965666],[-122.646581097629,42.0761662899578],[-122.646676826934,42.0761905543103],[-122.646804540366,42.076208733767],[-122.646884193759,42.0762386568097],[-122.646963737155,42.0763044129508],[-122.647035473079,42.0763581483801],[-122.647115199354,42.0764061208174],[-122.647186867427,42.0764418974939],[-122.647282695607,42.0764364649416],[-122.647322958528,42.0764065627835],[-122.647371029309,42.0763531232584],[-122.647435416416,42.0762940171418],[-122.647611732149,42.0762051362757],[-122.647691897803,42.0761518376538],[-122.647795703308,42.0761403717027],[-122.647875688858,42.0761404154333],[-122.648011549866,42.0761409155364],[-122.648211473945,42.0761415188242],[-122.648323415446,42.0761121034409],[-122.648499359276,42.0760650160729],[-122.648643516524,42.0760357387153],[-122.648739236471,42.076059731385],[-122.64879479139,42.0761194891411],[-122.648858291183,42.0761852181908],[-122.648985899555,42.0762393175367],[-122.649105665619,42.0762514340794],[-122.649193839025,42.0762219735029],[-122.649313917267,42.0761746081377],[-122.649458163841,42.0761154560716],[-122.649674279275,42.0760327788506],[-122.649874181439,42.076003778972],[-122.649978047347,42.076010089757],[-122.650081693384,42.0760460084268],[-122.650225481991,42.0760585239666],[-122.650401604124,42.0760291181371],[-122.650577568711,42.0759761600132],[-122.6508174825,42.0759589566994],[-122.650969185697,42.0759831283677],[-122.65110788276,42.0759949382454],[-122.651140190483,42.0760007592341],[-122.651219871492,42.0760184967584],[-122.651360200036,42.0760223287117],[-122.651481814898,42.0760225823298],[-122.651589553052,42.0760195144371],[-122.651655350204,42.0759885357999],[-122.651706902572,42.0759573128858],[-122.651763450975,42.0759016181574],[-122.651824633867,42.0758634237621],[-122.651913637318,42.0758497388853],[-122.652035149866,42.07585369233],[-122.652100621469,42.0758849939726],[-122.652166007576,42.0759236966194],[-122.65223602303,42.075937753912],[-122.652301449891,42.0759484770557],[-122.652339055971,42.0759346952213],[-122.652325323929,42.0758997832049],[-122.652288028405,42.0758509263033],[-122.652250831739,42.0757950274542],[-122.652190297958,42.0757119098427],[-122.652092725799,42.0756384127828],[-122.651978816651,42.0755409788894],[-122.651962925178,42.0754676662352],[-122.651979841253,42.0753522429556],[-122.652021444221,42.0752002002761],[-122.652079782615,42.0750117100755],[-122.652145771862,42.0749085247731],[-122.65217059519,42.0748174836983],[-122.652171187252,42.0747139534316],[-122.652212722321,42.074592327976],[-122.652246041775,42.0744768316349],[-122.652271360377,42.0743248610927],[-122.65227234031,42.0741607638456],[-122.652273497208,42.0739111057375],[-122.65231558868,42.0737043619276],[-122.652414369291,42.0735587047265],[-122.652537557334,42.0734495395088],[-122.652611549314,42.0733281370202],[-122.652718537361,42.0731825798154],[-122.652841603386,42.0730734167273],[-122.653005416626,42.0729763960682],[-122.653242885209,42.0728554518403],[-122.653512997196,42.0727590012356],[-122.653668366296,42.0727168490012],[-122.6537910819,42.0726564283989],[-122.65395497471,42.072577726902],[-122.65413505787,42.0724932692319],[-122.654241664732,42.072402139943],[-122.654266979082,42.0722501678896],[-122.654276049374,42.0720799463168],[-122.654285248062,42.0719034927942],[-122.654351485146,42.0717393841883],[-122.654466383746,42.0716119788603],[-122.654638415751,42.0715090992522],[-122.654826703293,42.0714183329545],[-122.654998639664,42.0713580519479],[-122.655121540404,42.0712672118231],[-122.655236539936,42.0711457608928],[-122.655334771529,42.0710790826566],[-122.65549834143,42.071037027171],[-122.655653490243,42.0710374756953],[-122.655808648116,42.0710381040056],[-122.655980051024,42.0710505755227],[-122.656134978985,42.071099852689],[-122.656281667222,42.0711610358399],[-122.656485592364,42.0712044119221],[-122.656607858942,42.0712351510116],[-122.656795686481,42.0712416819039],[-122.656959033471,42.0712483645565],[-122.657097944446,42.0712243325775],[-122.65723733211,42.0710970423958],[-122.657344046995,42.0710121354056],[-122.657499815215,42.0708971374611],[-122.657696554275,42.0707455409634],[-122.657917744156,42.0706122939597],[-122.65810612621,42.0705338843255],[-122.658245275442,42.0704550649051],[-122.658417383489,42.0703158073034],[-122.658483517513,42.0701942962893],[-122.658549714473,42.0700422777893],[-122.658623878715,42.0698904549719],[-122.658738916727,42.0697509493215],[-122.658919339684,42.069611516509],[-122.659132176536,42.0695452280527],[-122.659393792342,42.0694607678022],[-122.65969151408,42.0694063234613]]},"properties":{"OBJECTID":206,"OWNERNAME":"Private","OWNERTYPE":"Private","DESIGNATIO":" ","MANAGEMENT":" ","REV_DATE":1127347200000}},{"type":"Feature","id":207,"geometry":{"type":"LineString","coordinates":[[-122.65969151408,42.0694063234613],[-122.659720866718,42.0694009240989],[-122.659941384528,42.0693528841712],[-122.660162114863,42.0693169324095],[-122.660382854945,42.0692812511388],[-122.660586828001,42.0692938445015],[-122.660823643924,42.0693007842067],[-122.661011427391,42.0693255395784],[-122.661256029807,42.0693567726358],[-122.661403135161,42.0693390611015],[-122.661517562121,42.069308770077],[-122.661713904879,42.0692851512802],[-122.661926334657,42.0692370063931],[-122.662073346245,42.0692071138455],[-122.66218260661,42.0691645652324]]},"properties":{"OBJECTID":207,"OWNERNAME":"Trimac Inc","OWNERTYPE":"Private","DESIGNATIO":" ","MANAGEMENT":" ","REV_DATE":1127347200000}},{"type":"Feature","id":208,"geometry":{"type":"LineString","coordinates":[[-122.66218260661,42.0691645652324],[-122.662201865908,42.0691570318784],[-122.662326838221,42.0691120766212],[-122.662458517256,42.0690433368895],[-122.662644282388,42.0689404282672],[-122.66279145071,42.0688087286081],[-122.662954203509,42.0686712848945],[-122.663170976541,42.0685107754765],[-122.663310610157,42.0683905142405],[-122.663458225788,42.0681840768462],[-122.663628974654,42.0679833798474],[-122.663722359332,42.0678457700996],[-122.663792534374,42.067690868657],[-122.663879062225,42.067409274107],[-122.663964581925,42.0672486352859],[-122.664035001722,42.0670649391035],[-122.664074831,42.066840731602],[-122.664145581694,42.0665823917668],[-122.664246428744,42.0664733236501],[-122.664308598681,42.0663814959799],[-122.664378985633,42.0662322758646],[-122.664394793889,42.0661232820207],[-122.664403388221,42.0659796042786],[-122.664442692774,42.0658185833236],[-122.664489602542,42.0657155225186],[-122.664567433864,42.065600712956],[-122.664636898558,42.0655778619494],[-122.66480685707,42.0655554249328],[-122.66495354792,42.0655268888981],[-122.665099977716,42.065533104021],[-122.665246500483,42.065545002355],[-122.665470278327,42.0655456203197],[-122.66563217486,42.0655461839599],[-122.665832776045,42.0655527027634],[-122.666040910968,42.0655703438463],[-122.666226131729,42.0655881053826],[-122.666419011855,42.065565724311],[-122.666604410918,42.0655144418095],[-122.666758838799,42.0654863718765],[-122.666921270877,42.0654177919445],[-122.667176285338,42.0653091763591],[-122.66748545112,42.0652068216705],[-122.667640065269,42.0651324490464],[-122.667840976727,42.0650927495109],[-122.667987495669,42.0651045544305],[-122.668180031318,42.0651628626767],[-122.668326303915,42.0652322522656],[-122.668518645247,42.0653302746951],[-122.668664661903,42.0654056256016],[-122.668826129624,42.0655037555611],[-122.668918455242,42.06557879487],[-122.668979745914,42.065659269687],[-122.669094947926,42.0657460092567],[-122.669179504594,42.0658037023193],[-122.669364230014,42.0659075694385],[-122.669375064891,42.0659133879293]]},"properties":{"OBJECTID":208,"OWNERNAME":"Alford R Smith Jr","OWNERTYPE":"Private","DESIGNATIO":" ","MANAGEMENT":" ","REV_DATE":1127347200000}},{"type":"Feature","id":209,"geometry":{"type":"LineString","coordinates":[[-122.669375064891,42.0659133879293],[-122.669602665524,42.0660347618273],[-122.669779588848,42.0661331967435],[-122.669917698769,42.0662484235594],[-122.670009584306,42.0663981980433],[-122.670155143691,42.0666055031925],[-122.670277863572,42.0667380229589],[-122.67041609978,42.0668533366637],[-122.670592715994,42.0670204571011],[-122.670746308262,42.0671303031904],[-122.670915406677,42.0672514644513],[-122.671053666598,42.0673897919812],[-122.671192008158,42.0674821794391],[-122.671376601047,42.0675920025821],[-122.671468738964,42.0676842807976],[-122.671614914929,42.0677765032881],[-122.671799538804,42.067851849404],[-122.672023051906,42.0679156348749],[-122.672207968929,42.0679507231601],[-122.672323514496,42.0679566791526],[-122.672476201046,42.0679303545271],[-122.672677962776,42.0679226686712],[-122.67284169988,42.0679110914854],[-122.672967303608,42.0678830811478],[-122.673038397139,42.0678586576224],[-122.673120140195,42.0678671315263],[-122.673098168567,42.0678954824228],[-122.673048883344,42.0679320816161],[-122.673010398025,42.0679927292598],[-122.672966415237,42.0680739799083],[-122.672889354017,42.0681672998628],[-122.672867134522,42.068285095914],[-122.672861075805,42.0683867550774],[-122.672860717862,42.0684476823095],[-122.672893245631,42.0684881504876],[-122.672920559123,42.0684639280345],[-122.67297008151,42.0684112606369],[-122.673052287914,42.0683423797535],[-122.67317795338,42.0682776340529],[-122.673320104648,42.0682213872117],[-122.673434581524,42.0682054344646],[-122.673576561754,42.0681894411016],[-122.673729265295,42.0681859485387],[-122.673887537113,42.0681701531294],[-122.674073150694,42.0681341054349],[-122.674263479548,42.0681047279601],[-122.674578318277,42.0680695624353],[-122.674860618249,42.0680703714881],[-122.675078292828,42.0681072000237],[-122.675247404007,42.0681677070374],[-122.675368196359,42.0682040533576],[-122.675520937482,42.0683006461218],[-122.675609485246,42.0683551815803],[-122.67577027943,42.0684637878416],[-122.675890746893,42.0685362410449],[-122.676019550063,42.068602652619],[-122.676075894239,42.068650830128],[-122.676099788742,42.0686990609434],[-122.676155820684,42.0687773881797],[-122.676220112415,42.0688316242317],[-122.676340594371,42.0689523622461],[-122.676420717505,42.0690425451636],[-122.676506539621,42.069066362509]]},"properties":{"OBJECTID":209,"OWNERNAME":"Gerald B Shanafelt","OWNERTYPE":"Private","DESIGNATIO":" ","MANAGEMENT":" ","REV_DATE":1127347200000}},{"type":"Feature","id":210,"geometry":{"type":"LineString","coordinates":[[-122.676506539621,42.069066362509],[-122.676573832119,42.069085066992],[-122.676726998494,42.0691097173928],[-122.676880178168,42.0691220049607],[-122.676984770937,42.0691764731245],[-122.677153882095,42.0692368873662],[-122.677419839059,42.0693159215655],[-122.677605029323,42.0693644435089],[-122.677822631134,42.0693832200214],[-122.678121176712,42.0694019984176],[-122.678363198894,42.0693966110605],[-122.678597085137,42.0694154029307],[-122.678822926211,42.0694159521488],[-122.679081161417,42.0693927122212],[-122.679209365622,42.0693728523134]]},"properties":{"OBJECTID":210,"OWNERNAME":"Private","OWNERTYPE":"Private","DESIGNATIO":" ","MANAGEMENT":" ","REV_DATE":1127347200000}},{"type":"Feature","id":211,"geometry":{"type":"LineString","coordinates":[[-122.682034124603,42.0690018971652],[-122.682188734112,42.0690646883335],[-122.682438657792,42.0691374631601],[-122.682607688971,42.0691860494155],[-122.682760628014,42.0692524854695],[-122.682953990499,42.0693192375011],[-122.683090758349,42.0693918812527],[-122.68335620321,42.0695368885146],[-122.683589953842,42.0696156899454],[-122.683783223299,42.0696640309911],[-122.684025078739,42.0696829142753],[-122.684170288695,42.0697012278015],[-122.684371900356,42.0696958732311],[-122.684464675624,42.0696961632827],[-122.684500952053,42.0697111881654],[-122.684561331008,42.0697383380754],[-122.684638065896,42.0697386979565],[-122.684750880005,42.0697329684536],[-122.684884039244,42.0697484678994],[-122.68500915552,42.0697426565999],[-122.68511404021,42.0697218422331],[-122.68521480629,42.0697101393741],[-122.68534816248,42.0696926021978],[-122.685541829766,42.0696781187944],[-122.68565474513,42.0696782508908],[-122.685792024133,42.0696846367846],[-122.685908731907,42.0697179921216],[-122.685948959375,42.0697481863333],[-122.686025389512,42.0697755362373],[-122.686101973003,42.0697878112061],[-122.686170502722,42.0697849141926],[-122.686279295905,42.0697972279581],[-122.686323643178,42.0698183085947],[-122.686359897184,42.0698455182586],[-122.686408051285,42.0698907067326],[-122.686456204819,42.0699390522204],[-122.686536687431,42.0699841860594],[-122.686621028009,42.0700356455875],[-122.68666924824,42.070107997353],[-122.686733606171,42.0701350608017],[-122.686818279902,42.0701412080541],[-122.686963529469,42.0701446248587],[-122.687148943154,42.0701542297965],[-122.687241699326,42.0701635441621],[-122.687374725214,42.0701818421201],[-122.68748757776,42.0702152778383],[-122.687624537607,42.0702577681216],[-122.687713064581,42.0702669006969],[-122.687882500451,42.070300490345],[-122.688003166717,42.0703459444564],[-122.688135808943,42.0704304919314],[-122.688224222315,42.0704907089082],[-122.688252244628,42.070529824602],[-122.68827226041,42.0705900493199],[-122.688263780522,42.0706590918077],[-122.688251298654,42.0707371534935],[-122.688226737522,42.0708243149524],[-122.688201867363,42.070941537958],[-122.688217632388,42.0710137657152],[-122.688257620993,42.0710980252168],[-122.688317571556,42.0712092956345],[-122.688373385741,42.0713387060112],[-122.688397155711,42.071447043722],[-122.688392077977,42.0716662830401],[-122.688375245418,42.0718046345641],[-122.688334382929,42.0718945803287],[-122.688200640636,42.0720325240674],[-122.688119327035,42.0721405665653],[-122.688070618984,42.0722304068883],[-122.688029752314,42.0723266702015],[-122.688029355175,42.0723957211289],[-122.68807680784,42.0725941705645],[-122.688104756274,42.0726663206885],[-122.688188927497,42.0727959414211],[-122.68829676264,42.072967387647],[-122.688375111129,42.0730579616197],[-122.688427351967,42.0731090189432],[-122.688509824008,42.0731619607364],[-122.688600385414,42.0731800747105],[-122.688777720058,42.0731895785859],[-122.688939199958,42.0731977041341],[-122.689106749421,42.0731845814187],[-122.689268036122,42.073165364759],[-122.689366962789,42.0731432285703],[-122.689455949321,42.0731134511],[-122.689601494857,42.0730640621975],[-122.689742924765,42.0729984251053],[-122.689827837149,42.0729534820474],[-122.689900746278,42.0729133066216],[-122.690015902575,42.0728578840318],[-122.690068446047,42.0728310466297],[-122.690145343227,42.0727814899924],[-122.690198019156,42.0727199928708],[-122.690238677561,42.0726692193096],[-122.690285406647,42.0725940405861],[-122.690327923384,42.0725477418158],[-122.690384697187,42.0724893172601],[-122.690463793095,42.0724277999402],[-122.690506155158,42.0723964859622],[-122.690552715311,42.0723709491556],[-122.690629606582,42.0723244601259],[-122.690666146902,42.0722796420534],[-122.690718807222,42.0722272602704],[-122.690787805784,42.072147637633],[-122.690814139963,42.0721072769721],[-122.690850725047,42.0720636297427],[-122.690911394556,42.0720474494813],[-122.690969775681,42.0720504516571],[-122.691026288365,42.072055117564],[-122.691104869034,42.0720659030051],[-122.691157242887,42.0720600085284],[-122.691227460058,42.0720475042531],[-122.691367595264,42.0720145647037],[-122.691470657154,42.0719870155633],[-122.69159594042,42.0719378738014],[-122.691772842514,42.0718883580658],[-122.691986682574,42.0718553847937],[-122.692133854358,42.071855325324],[-122.692281324086,42.071866271659],[-122.692428663765,42.0718992403617],[-122.692546720591,42.0719266055903],[-122.692679327236,42.0719432814551],[-122.692782381694,42.0719377511905],[-122.692966681888,42.071921108878],[-122.693106605414,42.071904868253],[-122.693305579165,42.0719156195775],[-122.693519241289,42.0719542174024],[-122.693814034349,42.0720198807952],[-122.694020484033,42.0720749661606],[-122.694248902074,42.072146281861],[-122.694462629982,42.0722119513405],[-122.694661568361,42.0722725216929],[-122.694860406986,42.0723273174645],[-122.695059582307,42.0723655884943],[-122.695280463367,42.0723876945615],[-122.695479487291,42.0724536768766],[-122.695663703401,42.0725141066452],[-122.695862679269,42.072585142363],[-122.69601025591,42.072640124268],[-122.696135337952,42.0726840324531],[-122.696297546758,42.0727335585457],[-122.696444940757,42.0727995550287],[-122.696562928045,42.0728599488684],[-122.696651311568,42.0729476889243],[-122.696747139778,42.0730629752719],[-122.696805911671,42.0731619046729],[-122.696842899768,42.073271675586],[-122.696865060019,42.0733594702556],[-122.696857817216,42.073419642535],[-122.696901887731,42.073474570418],[-122.696945994745,42.0735240824187],[-122.696990341998,42.0735513875604],[-122.697027251864,42.073573435443],[-122.697100936369,42.0735568840972],[-122.697152409815,42.0735242003208],[-122.697226203811,42.073447088585],[-122.69729241196,42.0733704097649],[-122.697344086888,42.0733207539912],[-122.697357478059,42.0733144217459]]},"properties":{"OBJECTID":211,"OWNERNAME":"Rogue River National Forest","OWNERTYPE":"USDA Forest Service","DESIGNATIO":" ","MANAGEMENT":" ","REV_DATE":1127347200000}},{"type":"Feature","id":212,"geometry":{"type":"LineString","coordinates":[[-122.679209365622,42.0693728523134],[-122.679234678555,42.069369159293],[-122.679323422979,42.0693393944235],[-122.679404565262,42.0692552792264],[-122.679509853732,42.0691653288319],[-122.679639305197,42.0691178257487],[-122.67976072909,42.0690398977711],[-122.679906114903,42.0689863726089],[-122.680027522955,42.0689144011177],[-122.680180959326,42.0688727982272],[-122.680294207869,42.0688370998369],[-122.680423158049,42.0688433970354],[-122.680576186884,42.0688740026074],[-122.680769729689,42.0689105200789],[-122.681003496507,42.068929309654],[-122.681140778572,42.0689294724078],[-122.681350532994,42.0689002140113],[-122.681520032145,42.068900598351],[-122.681681455203,42.0689011525898],[-122.681890909786,42.0689437397111],[-122.682034124603,42.0690018971652]]},"properties":{"OBJECTID":212,"OWNERNAME":"Klamath National Forest","OWNERTYPE":"USDA Forest Service","DESIGNATIO":" ","MANAGEMENT":" ","REV_DATE":1127347200000}},{"type":"Feature","id":213,"geometry":{"type":"LineString","coordinates":[[-122.697357478059,42.0733144217459],[-122.697425021943,42.073282387924],[-122.697513499283,42.0732551441436],[-122.697616746332,42.0732768614016],[-122.69773455123,42.0733482691838],[-122.697808249262,42.0733923678996],[-122.697896895024,42.0734361474145],[-122.697963067959,42.0735075723782],[-122.698051528489,42.0735623669141],[-122.698140007869,42.0735954095559],[-122.69824299032,42.0736228189474],[-122.698353719501,42.0736667604708],[-122.698442209623,42.0737381606635],[-122.69855260858,42.0738368014666],[-122.698648585327,42.073908401888],[-122.698759090482,42.0739685940023],[-122.698906326655,42.0739796261611],[-122.699083210039,42.0739961649208],[-122.699186376413,42.0740125592553],[-122.699378067791,42.0740124466202],[-122.699569590939,42.0740015960985],[-122.699724545053,42.0739903525018],[-122.69990123098,42.0739795474046],[-122.700063423118,42.0739904413991],[-122.700218282537,42.0740179165405],[-122.700380310316,42.0740561602817],[-122.700505674292,42.0740947329106],[-122.700594082432,42.0741385163082],[-122.700711983604,42.0742155153184],[-122.700800499931,42.0743033396634],[-122.700874107668,42.0744241526644],[-122.700940453653,42.0745285134938],[-122.701051068806,42.074632743638],[-122.701161564709,42.0747369752855],[-122.701235346242,42.0748085060599],[-122.701382696984,42.0749237757349],[-122.701441680943,42.0750280226284],[-122.701559674589,42.0751707236276],[-122.701692408435,42.0753298049441],[-122.701825001431,42.0754724653666],[-122.701928246557,42.0755605151001],[-122.702046044111,42.075653671168],[-122.702149353834,42.0757307089868],[-122.702259914927,42.075823927842],[-122.702348372765,42.0759227644476],[-122.702421921226,42.0760545880813],[-122.702525202054,42.0761973300132],[-122.702613669041,42.0763565441034],[-122.702687524058,42.0764773507875],[-122.702798179509,42.0766362719133],[-122.702938051478,42.0767957429757],[-122.703063438598,42.0769549808761],[-122.703144445037,42.077070310848],[-122.703203544312,42.0771964859953],[-122.703269963914,42.077372235794],[-122.70330669889,42.0775256939086],[-122.703306848856,42.0776467194047],[-122.703314140832,42.0777398840224],[-122.703314113016,42.0778499028501],[-122.703343672722,42.0779322155468],[-122.70336577828,42.07803102047],[-122.703417506433,42.078201127259],[-122.703439490197,42.078299936484],[-122.703468989843,42.0783711481546],[-122.70352806504,42.0784206995053],[-122.703631215018,42.0784427757455],[-122.703756432582,42.0784645632205],[-122.703889132741,42.0785085723672],[-122.703948170365,42.0785634502468],[-122.703999825229,42.0786018778199],[-122.704051278548,42.0786128746134],[-122.704139888894,42.0786016875268],[-122.704220730908,42.0786019470888],[-122.70427247286,42.0786236770087],[-122.704316713817,42.0786511618276],[-122.704375611934,42.0786897060975],[-122.704456743912,42.0787007005127],[-122.704522996369,42.0787169763865],[-122.704596841145,42.0786950920387],[-122.70468514873,42.0786949221709],[-122.704773587298,42.0786950206133],[-122.704869421277,42.0786676129983],[-122.704920920454,42.0786292391627],[-122.704965026314,42.0785741459883],[-122.70501683007,42.0785468671173],[-122.705075649307,42.0785137524438],[-122.705127331334,42.0784643625001],[-122.705142060828,42.0784203666604],[-122.70514205023,42.0783599872249],[-122.705134600617,42.078250128465],[-122.705164100386,42.0781790108837],[-122.705201004532,42.0780964540908],[-122.705274673993,42.0780415409005],[-122.705348252692,42.0779810352265],[-122.705414433053,42.0778879252052],[-122.705480848061,42.0777946300913],[-122.70559135111,42.0776901041397],[-122.705723997776,42.0775967481987],[-122.705841925746,42.0775034345228],[-122.70597466479,42.0774156716124],[-122.7060555149,42.0773276637266],[-122.706180753904,42.0772014329645],[-122.706284088923,42.0770861387737],[-122.706387002454,42.0769598437894],[-122.706482891387,42.0768391127669],[-122.706563901037,42.0767236634369],[-122.706608025597,42.0766248878285],[-122.706637608099,42.0765370713668],[-122.706652224305,42.0764490342446],[-122.706674385719,42.0763722061671],[-122.706792111807,42.0762294388985],[-122.706910012789,42.0761418117268],[-122.706998466339,42.0760539104477],[-122.707087019139,42.0759275606539],[-122.707101699953,42.0758286008395],[-122.707108941034,42.075724384427],[-122.707123689319,42.0756145937988],[-122.707160501209,42.0755486447295],[-122.707167804122,42.0754334165881],[-122.707182480103,42.0753343667434],[-122.707204651907,42.0752578094125],[-122.707248887634,42.0751809627583],[-122.707351893182,42.0751203678627],[-122.70744784586,42.0750709346623],[-122.707550921362,42.0750216205676],[-122.707683561077,42.0750325945363],[-122.707801472436,42.0750653637013],[-122.707897214634,42.07511467067],[-122.707956262735,42.0751698166422],[-122.708059571291,42.0752245574949],[-122.708236417533,42.07526843014],[-122.708442773751,42.075301564431],[-122.708597543084,42.0753233460915],[-122.70873014837,42.0753396447182],[-122.708870180974,42.0753451346477],[-122.709024909873,42.0753342456572],[-122.709164866562,42.0752903683086],[-122.709371219466,42.0751750351467],[-122.709555554384,42.0750707323655],[-122.709695464659,42.0749498706821],[-122.70979107909,42.0748727354976],[-122.709850192133,42.0747906038412],[-122.709923804829,42.0746807275376],[-122.709997330851,42.0745874569405],[-122.710026812293,42.0745160698018],[-122.710078498691,42.074422725744],[-122.710152070955,42.0743401951382],[-122.710270142853,42.0742414602583],[-122.710424701741,42.0741535873188],[-122.710594329966,42.0740875945055],[-122.710749024324,42.0740379845663],[-122.710911022576,42.0739995909779],[-122.711065602899,42.0739722767689],[-122.71123531624,42.0739337172565],[-122.711367905205,42.0738897242448],[-122.711529959329,42.0738402271865],[-122.711662669923,42.0737962322018],[-122.711824738392,42.0737470947286],[-122.711949997346,42.0736975731251],[-122.712038464317,42.0736260038812],[-122.712134211089,42.0735272041826],[-122.712215264949,42.0734447835569],[-122.712274037591,42.0733349505257],[-122.712318169982,42.0731924907386],[-122.712340411025,42.0730769429376],[-122.712354889562,42.0729508214769],[-122.712369689457,42.0728300164941],[-122.712384477633,42.0727529860429],[-122.712406504327,42.0726980928928],[-122.71248768101,42.0726157595097],[-122.712598075871,42.0725498578902],[-122.712760253585,42.0724784265258],[-122.712900167748,42.0724399605277],[-122.713069663797,42.0724179193643],[-122.7132466458,42.0723960792127],[-122.713393946424,42.0723740614623],[-122.713511686311,42.0723740673582],[-122.71366663113,42.0724068490479],[-122.713843374622,42.0724890736541],[-122.7139908784,42.0725606423943],[-122.714108719576,42.0726703925032],[-122.714211986336,42.0727965184866],[-122.714359471277,42.0729558140638],[-122.714506925631,42.0730764807571],[-122.714661622894,42.0731972625848],[-122.714823892829,42.0732795259418],[-122.715044919622,42.0733618828534],[-122.715244025892,42.0734168217662],[-122.715450390344,42.0734660088627],[-122.715656608667,42.0735207948869],[-122.715870435536,42.0735757772937],[-122.716106161058,42.0736198216656],[-122.716275740392,42.0736471428647],[-122.716437811253,42.0736800395442],[-122.716541009485,42.0736908236882],[-122.716658872635,42.0737128448098],[-122.716717829434,42.0737623030998],[-122.716769448894,42.0738500946662],[-122.716799056096,42.0739269865087],[-122.716821239782,42.0740147774061],[-122.716813750356,42.074080642726],[-122.716806526988,42.0741629271304]]},"properties":{"OBJECTID":213,"OWNERNAME":"Klamath National Forest","OWNERTYPE":"USDA Forest Service","DESIGNATIO":" ","MANAGEMENT":" ","REV_DATE":1127347200000}},{"type":"Feature","id":214,"geometry":{"type":"LineString","coordinates":[[-122.716806526988,42.0741629271304],[-122.716806603311,42.0742782686168],[-122.716791969851,42.0743276802419],[-122.716806741163,42.0743825974676],[-122.71685821352,42.0744539664582],[-122.716917259586,42.0745088379437],[-122.716983607356,42.0745528119698],[-122.717057190696,42.0745746993347],[-122.717182624532,42.0745801315392],[-122.717315183526,42.0745857722112],[-122.717514141192,42.0745800620276],[-122.717727889503,42.074585675892],[-122.717919435071,42.0745911323343],[-122.718184769198,42.0746237977077],[-122.718369104106,42.074645746064],[-122.718501833464,42.0746621220487],[-122.71856812168,42.0746950850959],[-122.718656601131,42.0747498658963],[-122.718722770717,42.0748048531856],[-122.718833490485,42.0748324412654],[-122.718914436276,42.0748323290825],[-122.719010221872,42.0748102375472],[-122.719106082185,42.0747774942069],[-122.719194542784,42.0747059205234],[-122.719268235857,42.0746456743911],[-122.719349281897,42.0745852707099],[-122.719415477955,42.0745465754238],[-122.719496545336,42.0745245285054],[-122.719621839004,42.0744916937879],[-122.719806094674,42.0744643638438],[-122.719953474803,42.0744695930574],[-122.720100871029,42.0744751838718],[-122.720292345428,42.0745134017898],[-122.720432435067,42.0745518189467],[-122.72052083176,42.0746012750288],[-122.720601982842,42.0746725460905],[-122.720660948123,42.0747220932702],[-122.720727287182,42.0747657942864],[-122.720874706553,42.0748097409915],[-122.720970588956,42.0748372847773],[-122.721051559929,42.0748315743707],[-122.721154733147,42.0748479503269],[-122.721287437257,42.0748699208262],[-122.721435014629,42.0749085375251],[-122.721552846791,42.0749579013849],[-122.721626523738,42.075007311909],[-122.721707582685,42.0750509670628],[-122.721818122645,42.0750895674972],[-122.721913994414,42.0751168405172],[-122.722039347356,42.0751389660182],[-122.722179437424,42.0751553610861],[-122.722289906616,42.0751606591889],[-122.722378337008,42.0751606543944],[-122.722643686314,42.0751496270004],[-122.722864824365,42.075149657953],[-122.723063723988,42.0751549501023],[-122.723203733522,42.0751440888232],[-122.723358384321,42.0751218117992],[-122.723520472471,42.0750889950822],[-122.723697425172,42.0750505341852],[-122.723830030759,42.0750008421922],[-122.723881521738,42.0749625508626],[-122.723999481084,42.0749021634155],[-122.72410268934,42.0748252136997],[-122.724183463977,42.0747264558276],[-122.724257201052,42.0746329030315],[-122.724323465505,42.0745615323509],[-122.724389852103,42.0745121799961],[-122.724537125577,42.0744517932703],[-122.724706745936,42.0744298237231],[-122.724831816091,42.074413234493],[-122.724964603868,42.0743965705502],[-122.725060426011,42.0743911700241],[-122.725170903947,42.0744186672271],[-122.725281373526,42.0744679161375],[-122.725406655084,42.0745447334178],[-122.725524790736,42.0746050992104],[-122.725657341395,42.0746764350142],[-122.725812300305,42.0747751769833],[-122.725959667001,42.0748961044554],[-122.726040670791,42.0749727910598],[-122.726129288831,42.0750498563947],[-122.726203139828,42.0750879779748],[-122.72629884296,42.0751265334948],[-122.726409373279,42.0751647678054],[-122.726512589001,42.075219858602],[-122.726637924106,42.0753074128199],[-122.726792801464,42.0754227628414],[-122.726947526993,42.0755655528635],[-122.727109700115,42.0757137771036],[-122.727220382516,42.0758123876188],[-122.727294187999,42.0758838138153],[-122.727382742447,42.075993640776],[-122.727419686628,42.0761417639881],[-122.727434317956,42.0762680735971],[-122.727441826204,42.0763942670156],[-122.727471473427,42.0765095137862],[-122.727515659185,42.0766137978944],[-122.727559998559,42.0767126626759],[-122.727626266337,42.0768170135771],[-122.727655887867,42.0769159252555],[-122.727685500425,42.0770145660144],[-122.727678060314,42.0770971278394],[-122.727633987305,42.0771902245847],[-122.727597110999,42.0772948102541],[-122.727538362775,42.0774047398066],[-122.727508803504,42.0775144932771],[-122.727501679617,42.0776460550321],[-122.727472304573,42.0777888359665],[-122.727450112152,42.0778987913885],[-122.72734710754,42.0781127425652],[-122.727310282249,42.0782280681473],[-122.7272735477,42.0784147805109],[-122.727266312711,42.0785466165326],[-122.727244383739,42.0786508800254],[-122.727258991656,42.0787828771365],[-122.727303419293,42.0789090878551],[-122.727362533127,42.079062690156],[-122.727443605554,42.0792162709343],[-122.727509961736,42.0793479668159],[-122.727598400622,42.0794798195156],[-122.727701771797,42.0795951941884],[-122.727797619887,42.0796937643422],[-122.727923101789,42.0798256306153],[-122.728004150885,42.0799409442067],[-122.728055784593,42.0800286423333],[-122.728107370281,42.0801276230227],[-122.728173726599,42.0802153649819],[-122.728262339988,42.0802701358542],[-122.72837295452,42.0803416717974],[-122.728461362663,42.0803911226673],[-122.728623565272,42.0804456634299],[-122.728756189957,42.0804840529831],[-122.728903660227,42.0805225745396],[-122.729065849985,42.0805391170492],[-122.729206039257,42.0805609170092],[-122.729331063769,42.0805773582842],[-122.729463690347,42.0806157470293],[-122.729626024223,42.0806705538588],[-122.729751501888,42.0807144211733],[-122.729839850114,42.0807528618512],[-122.729957814209,42.0807801937613],[-122.730075717908,42.0808185390559],[-122.730149470628,42.0808570214839],[-122.730237991404,42.0809281301881],[-122.730304397619,42.0810327467911],[-122.730378052472,42.0811532736004],[-122.730429908583,42.0812466522735],[-122.730444479256,42.081318000369],[-122.73043728377,42.0814005570696],[-122.730378288075,42.0814883820669],[-122.730311987333,42.081565081727],[-122.730245787347,42.0816694881668],[-122.730231106638,42.0817738663944],[-122.730260581113,42.0818781973363],[-122.730319729983,42.0819604077993],[-122.730489197603,42.0820593746457],[-122.730636632325,42.0821469923808],[-122.730762025792,42.0822512413417],[-122.730857980142,42.0823774247654],[-122.73095385731,42.0825423291375],[-122.731012864719,42.08263022761],[-122.731064657487,42.0826905750835],[-122.731145609074,42.0827342279124],[-122.731248831918,42.0827452700095],[-122.731359406149,42.082734132048],[-122.731477379184,42.0827177798897],[-122.731624789883,42.0827013354339],[-122.73174999197,42.0826628046753],[-122.731867949872,42.0826022278039],[-122.732022682795,42.082547266987],[-122.732169884142,42.0825034784905],[-122.732295265276,42.0824539329084],[-122.732398479904,42.0823989988502],[-122.732501480754,42.08231663135],[-122.732597328241,42.0821957893879],[-122.732663308786,42.0820857918213],[-122.732707517598,42.0819649815259],[-122.732751823566,42.0818717862287],[-122.732788520077,42.0818002351673],[-122.73287695323,42.0817343373134],[-122.732987500606,42.0816630884865],[-122.733075932175,42.0815971913856],[-122.733193859352,42.0815421198838],[-122.733333692317,42.0814982191818],[-122.733444236399,42.0814707424765],[-122.733547625674,42.081470498327],[-122.733643156159,42.0814760185161],[-122.733724357458,42.0814980036722],[-122.733857099972,42.0815142731736],[-122.734033945649,42.0815197537896],[-122.734151884892,42.0815088147738],[-122.734314124922,42.08147029581],[-122.734439324279,42.081431763055],[-122.734579093894,42.0813768508303],[-122.734697058344,42.0813165410688],[-122.734807617966,42.0812394255741],[-122.73494750277,42.0811187142615],[-122.735050645613,42.0810307469639],[-122.735183442544,42.0809483663491],[-122.735293797759,42.0808878604715],[-122.73544119634,42.0808274577502],[-122.735617935252,42.0807832983242],[-122.735794869926,42.0807504161006],[-122.735979161178,42.0807393977197],[-122.736163359878,42.0807447147882],[-122.736354923899,42.0807501456955],[-122.736502420976,42.0807611310478],[-122.736649739257,42.0807830377487],[-122.736841371637,42.0808434313872],[-122.736981478858,42.0809035822386],[-122.737188144543,42.0809970438474],[-122.73732807233,42.0810682103437],[-122.737482815348,42.0811449226795],[-122.737586105494,42.0811889918929],[-122.737718789126,42.0812162696436],[-122.737881031927,42.0812434491332],[-122.73797668916,42.0812710758947],[-122.738079971485,42.0812930320375],[-122.738183189071,42.0813258197875],[-122.738323151644,42.0813915692345],[-122.738441246309,42.0814409136011],[-122.738537027707,42.0814904681704],[-122.738633070673,42.0815123999674],[-122.738795106962,42.0815342592722],[-122.738957300553,42.0815507899409],[-122.739097334074,42.0815558847732],[-122.739185534958,42.0815559642602],[-122.739274153609,42.0815450234215],[-122.739325794766,42.0815450805241],[-122.739384664798,42.0815229587717],[-122.739436274539,42.0815065899448],[-122.739465824721,42.0814844706265],[-122.739561449116,42.0813800548288],[-122.739657232345,42.0812922422684],[-122.739730966178,42.0811989501035],[-122.739848631437,42.0810342192715],[-122.73992971394,42.0809188346615],[-122.740010771403,42.0808090476339],[-122.740098885524,42.0807101194535],[-122.740120977576,42.0806386119875],[-122.74012823668,42.0805673355839],[-122.740165105069,42.0804630161744],[-122.740201855884,42.0804024727868],[-122.740246038557,42.0803312997705],[-122.740319690035,42.0802047054057],[-122.740371169731,42.0801007017339],[-122.740407963908,42.0799851030791],[-122.740430032843,42.079897440536],[-122.740429883337,42.0797874243575],[-122.740415150826,42.0796778132466],[-122.740385445456,42.0795678948871],[-122.740378005641,42.0794253640498],[-122.740377975813,42.0793153443889],[-122.740385263857,42.0792167203042],[-122.740377699888,42.0791396272665],[-122.740348338171,42.0790573178951],[-122.740333401652,42.079008002175],[-122.740348109946,42.0789640010279],[-122.740385013379,42.078898039111],[-122.740465988823,42.0788486336278],[-122.74056913112,42.0788046148962],[-122.740672453831,42.0787496718054],[-122.740775418463,42.0786729863376],[-122.740885932247,42.0785575073403],[-122.741011071212,42.0784146345568],[-122.74109213211,42.0783268701871],[-122.741195300978,42.0782555032737],[-122.74130575967,42.0781729673384],[-122.741423741812,42.0781289893285],[-122.74152694576,42.0780959788952],[-122.741703952154,42.0780464810615],[-122.741843773105,42.0780025692497],[-122.742028015626,42.077974845449],[-122.742227016375,42.0779637694139],[-122.74239656159,42.0779584755713],[-122.742632446255,42.0779527374234],[-122.742809344834,42.0779472840291],[-122.742986230817,42.0779414694641],[-122.743163039905,42.0779306013444],[-122.743325200757,42.0779028124821],[-122.743472710466,42.077864328802],[-122.743597876497,42.0778314738765],[-122.743723206431,42.0777872436354],[-122.743811659101,42.077716012448],[-122.743892623626,42.0776445836945],[-122.743966234593,42.0775733139225],[-122.744039907037,42.0775348032347],[-122.744135934439,42.0775346197151],[-122.744231567921,42.0774961752053],[-122.744312683934,42.0774411695139],[-122.744393647559,42.0773697395045],[-122.744482031547,42.0772874077381],[-122.744666275252,42.0771226750532],[-122.744769512344,42.0770126764867],[-122.744857803282,42.0769030002305],[-122.744924064649,42.0768040003869],[-122.744931371758,42.0767434626996],[-122.744909261272,42.076683381395],[-122.744857574091,42.0766010163598],[-122.744783845022,42.0765351945091],[-122.744739487012,42.0764582670842],[-122.744717331328,42.0763814898253],[-122.744687837449,42.0762771630811],[-122.744680415891,42.0761727190765],[-122.74468778543,42.0760795087583],[-122.744702534668,42.0759587007713],[-122.744672915313,42.0758324456702],[-122.744628487855,42.0757225763172],[-122.744569347143,42.0755910041931],[-122.744525060175,42.0754317636521],[-122.744480745763,42.0752998698539],[-122.744473336215,42.0751956984701],[-122.744465814926,42.075041888367],[-122.744480494369,42.0748881393667],[-122.744532020839,42.074701462334],[-122.74457610849,42.0745532137493],[-122.744620258902,42.0744378152396],[-122.744715945179,42.07425126447],[-122.744782236538,42.0741468495847],[-122.744855859751,42.0740479614273],[-122.744958958397,42.0739656727559],[-122.74507698378,42.0739105874342],[-122.745209673138,42.0738665572929],[-122.745327375057,42.0738062453358],[-122.745437979854,42.0737620605201],[-122.745555862836,42.073712664946],[-122.745651546566,42.0736632083535],[-122.745725425687,42.0736083572419],[-122.745769523261,42.073525902703],[-122.745776856335,42.0734380180515],[-122.745784078506,42.0733721568774],[-122.745806297059,42.0733228482165],[-122.74587989073,42.0732513070779],[-122.745953495782,42.0731800358808],[-122.745975625502,42.0730754934466],[-122.745968122608,42.0729876596528],[-122.745968021278,42.0729382935743],[-122.745960676354,42.0728888141025],[-122.745946042762,42.0728505020784],[-122.745931068836,42.0728065127729],[-122.745945836145,42.0727735208605],[-122.745990053353,42.0727627250153],[-122.746049086908,42.0728011568805],[-122.746108117814,42.0728613405547],[-122.746174553931,42.0729600810029],[-122.746204045222,42.0730643157666],[-122.74624853653,42.0731851929772],[-122.746344297795,42.0733277936966],[-122.746381220481,42.0734432401846],[-122.746477074701,42.0735695022486],[-122.746521398245,42.0736517550126],[-122.746573085191,42.0737341194515],[-122.746617336881,42.0737833402667],[-122.746654237035,42.0738109702526],[-122.746720553783,42.0738163015602],[-122.746801558198,42.073805249337],[-122.746926965458,42.0737944065779],[-122.747111242161,42.0738270552365],[-122.747324816856,42.0738873159729],[-122.747487095056,42.0739531109862],[-122.747663971328,42.0740189516048],[-122.747759899668,42.0740848313468],[-122.747826185245,42.0741671492182],[-122.747951603851,42.0743153330546],[-122.748054911946,42.0744471178025],[-122.748150670713,42.0745676960353],[-122.748231842128,42.0746885902428],[-122.748276233222,42.0747818523669],[-122.74832050605,42.074875116123],[-122.748357323319,42.0749628558923],[-122.748372218349,42.0750452042469],[-122.748409061808,42.0751055981149],[-122.748475350438,42.0751879146659],[-122.748534385243,42.0752263461474],[-122.748630245389,42.0752592850656],[-122.748740743243,42.0753087837217],[-122.74888094514,42.0753745147861],[-122.74905770533,42.0754621067265],[-122.749212573579,42.0755171403992],[-122.749345282188,42.0755607410464],[-122.749470586868,42.0755938526571],[-122.749573801163,42.075626630515],[-122.74969917373,42.0756210215783],[-122.749824267233,42.0755989035183],[-122.749956967172,42.0755551380596],[-122.75005273439,42.0755110012485],[-122.750133764406,42.0754725981762],[-122.750222210127,42.0754449565772],[-122.750354721254,42.075411935886],[-122.750494749651,42.0753953580421],[-122.750620004352,42.0753680888922],[-122.750752667901,42.075351399307],[-122.750848388929,42.0753402971817],[-122.750936782947,42.0753020049717],[-122.751010479469,42.0752580758026],[-122.751084035429,42.0751918564524],[-122.751205104983,42.0750940107279],[-122.751273752269,42.0750318699537],[-122.751443732577,42.0748700539743],[-122.751710746028,42.0746004428821],[-122.752050318428,42.0742949600412],[-122.752463019594,42.0738905935102],[-122.752681485377,42.0736478486783],[-122.753009078404,42.0733603123303],[-122.753372541526,42.0731359859057],[-122.753493625251,42.0730821804747],[-122.75377227907,42.0729386689595],[-122.75402685057,42.0727591253206],[-122.754293662114,42.0725344604493],[-122.754657827509,42.0721389948873],[-122.754925022146,42.0718062869244],[-122.755095419974,42.0715004131365],[-122.755181027843,42.0712664200727],[-122.755206420492,42.0709512452482],[-122.755171369106,42.0706359399924],[-122.755135973537,42.0704017812749],[-122.755148757984,42.0702216275671],[-122.755233845558,42.0701047050818],[-122.755391455036,42.0699789834281],[-122.755694218242,42.069835484975],[-122.755984595591,42.0697550695516],[-122.756395999249,42.0696568600744],[-122.75668650469,42.0695674147238],[-122.756964995439,42.0694419491769],[-122.757134649128,42.069325170434],[-122.75731635826,42.0692175148956],[-122.757546285026,42.0691368789905],[-122.757776146261,42.0691103945773],[-122.757969546035,42.0691017619334],[-122.758199282724,42.0690751892724],[-122.75838094258,42.0690035445767],[-122.758659437584,42.0688690511583],[-122.758901926047,42.0686803759256],[-122.759071567916,42.0685727099602],[-122.759241183704,42.0684830041043],[-122.759434617892,42.0684473830572],[-122.759809506374,42.0684031149429],[-122.760003035501,42.0683854516403],[-122.760099848238,42.0683406523495],[-122.760172663893,42.0682868096999],[-122.760293766884,42.068205922022],[-122.76045117507,42.0681342607138],[-122.76062075186,42.0680715397439],[-122.760898907027,42.0680090702553],[-122.761116908458,42.0679104559947],[-122.761334777709,42.0678208695405],[-122.761661635569,42.0676863969151],[-122.761867736876,42.0675517587444],[-122.761940461359,42.0674708406543],[-122.76209785188,42.0674081136496],[-122.762303620507,42.0673455040352],[-122.762485337975,42.0672197900119],[-122.762618601551,42.0671570458894],[-122.762920998698,42.0670945853746],[-122.763271607304,42.0670682546199],[-122.763537628557,42.0670598354453],[-122.76380371314,42.0669973509576],[-122.763973470248,42.0668805604988],[-122.764119199972,42.0666827047692],[-122.764192379437,42.0665207285539],[-122.764241511106,42.0662957394503],[-122.764254270864,42.0661155870374],[-122.764230907404,42.0658813493775],[-122.764207479808,42.0657011737419],[-122.764207687829,42.0656291478152],[-122.764292919977,42.0654762051043],[-122.764353696737,42.0653952748276],[-122.764486812372,42.0653504932879],[-122.764740628767,42.0653510007201],[-122.764982220439,42.0653875148078],[-122.76525999402,42.0654331669054],[-122.765477294998,42.0655056802086],[-122.765730560714,42.0656682921292],[-122.766056121914,42.0659030611764],[-122.766586973684,42.0661744119449],[-122.766912766671,42.0663191022616],[-122.767190185582,42.0664637642977],[-122.767636324667,42.0667618718617],[-122.768022349508,42.0669878254649],[-122.768468667777,42.0672408899185],[-122.768709751211,42.0674125168211],[-122.768782033213,42.0675027249246],[-122.768830118223,42.0675478841021],[-122.76891479621,42.0675570428908],[-122.769011588475,42.0675211736802],[-122.769204963981,42.0675305747151],[-122.76938611441,42.0675759821654],[-122.769700201176,42.0676306692449],[-122.76994048486,42.0676643145445]]},"properties":{"OBJECTID":214,"OWNERNAME":"Klamath National Forest","OWNERTYPE":"USDA Forest Service","DESIGNATIO":" ","MANAGEMENT":" ","REV_DATE":1127347200000}},{"type":"Feature","id":225,"geometry":{"type":"LineString","coordinates":[[-122.76994048486,42.0676643145445],[-122.7701105828,42.0676676351974],[-122.770212655739,42.067649608719],[-122.770301907027,42.0676183249275],[-122.770402617884,42.0675870605155],[-122.770483625402,42.0675917870496],[-122.77062954325,42.0674208150579],[-122.770731717857,42.0673221001153],[-122.770915555209,42.0674392898078],[-122.770940212806,42.0674529194809],[-122.771180763753,42.0674625490121],[-122.771297509533,42.0673816568359],[-122.771406212025,42.0672647465061],[-122.771517102655,42.0672964358415],[-122.771652880225,42.0671346203507],[-122.771756589358,42.0671214303514],[-122.771768569213,42.0670359697337],[-122.771954244099,42.0669687290798],[-122.772030688614,42.0670635377266],[-122.772301306522,42.0670863159808],[-122.772342414353,42.0670053613302],[-122.772419952215,42.0669830874953],[-122.772530043899,42.066920297925],[-122.77284321345,42.0668127211787],[-122.773193977236,42.0667503501837],[-122.773378025399,42.0665983948817],[-122.773388777439,42.0665895857568],[-122.77351308742,42.0665664670408],[-122.773707442355,42.0665084207213],[-122.773771166078,42.0664229101622],[-122.773920034671,42.0663060211741],[-122.774069607687,42.066324406673],[-122.774219313039,42.0662751901594],[-122.774278070986,42.0662076569445],[-122.774327360755,42.0661941225948],[-122.774356478304,42.0661582858324],[-122.774447630946,42.0660369744361],[-122.774632668304,42.0659381567325],[-122.775233745278,42.0655926780937],[-122.775239781068,42.065583519992],[-122.775259469376,42.0655656702972],[-122.775453247537,42.0654714432604],[-122.775533663072,42.0653994644093],[-122.775644373987,42.0653772729962],[-122.775838066366,42.0652469444149],[-122.775961097853,42.0652067030502],[-122.776278778755,42.0651622870329],[-122.77633187944,42.0651444254252],[-122.776507722499,42.0650635860385],[-122.776771957522,42.0650281916005],[-122.776863155493,42.0649697833968],[-122.776956496795,42.0649384053275],[-122.777036947571,42.0649566784051],[-122.777173922152,42.0649028628447],[-122.777406901383,42.0649257340484],[-122.777486249341,42.0648943013311],[-122.777763882326,42.0647914616961],[-122.777821296818,42.0647913754032],[-122.777973352456,42.0647468862347],[-122.778034607918,42.0647062825804],[-122.778057217515,42.064695317752]]},"properties":{"OBJECTID":225,"OWNERNAME":"Klamath National Forest","OWNERTYPE":"USDA Forest Service","DESIGNATIO":" ","MANAGEMENT":" ","REV_DATE":1034899200000}},{"type":"Feature","id":231,"geometry":{"type":"LineString","coordinates":[[-123.210240244709,41.8442704257275],[-123.209911159856,41.844485616845],[-123.209512502826,41.844632999654],[-123.209037883747,41.8447415242195],[-123.208635042957,41.8447962449077],[-123.207415215814,41.8448912054184],[-123.205436147782,41.8449414429948],[-123.20373815864,41.8449491472915],[-123.203169509743,41.8448928223023],[-123.191157338401,41.8400293058782],[-123.190527253689,41.8396559394856],[-123.184350095232,41.835493803595],[-123.182718017912,41.8348624089],[-123.18134061947,41.8346494117975],[-123.180205098451,41.8345718020054],[-123.179027235863,41.8346014544675],[-123.177811768097,41.8348444605278],[-123.176781474893,41.8350119608068],[-123.175803119804,41.8352843542764],[-123.174727306413,41.8354883557118],[-123.173689230081,41.8354790729112],[-123.172933791317,41.835462680324],[-123.172313302655,41.8353013136289],[-123.17262421982,41.8348687613535],[-123.173145678495,41.8349264058251],[-123.174040913584,41.834903910149],[-123.174890517644,41.8349179286921],[-123.175589395959,41.8347234041655],[-123.176574059596,41.8345924342544],[-123.177084466668,41.8344026420534],[-123.17768588052,41.8341397229916],[-123.178238626027,41.8338426520103],[-123.178692457727,41.8334419511684],[-123.179323555543,41.8327889066868],[-123.179722268414,41.832212637107],[-123.179978139738,41.831604499931],[-123.180105283556,41.8312827646962],[-123.180263697773,41.8306062452399],[-123.180478680043,41.8301407188891],[-123.180643413184,41.8296056205116],[-123.180764225327,41.8291424649665],[-123.180928958909,41.8286074586171],[-123.181098430337,41.8281784493568],[-123.18141546857,41.8278873035774],[-123.181825324358,41.8275584455954],[-123.182142357566,41.8272672977504],[-123.182550626913,41.8269031052214],[-123.183242954386,41.8265671232811],[-123.18384439927,41.826304173933],[-123.184445720225,41.8260412253695],[-123.184949711993,41.8257099841426],[-123.18555893929,41.8256237818789],[-123.186502719718,41.8256354338671],[-123.187118282209,41.8256906454048],[-123.187829710829,41.8257788943061],[-123.188401367997,41.825906043242],[-123.188977776888,41.8261391857587],[-123.189411247152,41.8263405637605],[-123.19008194918,41.8265714108798],[-123.190953666967,41.8270803350373],[-123.191583523564,41.8274536962041],[-123.192409885955,41.8279991309623],[-123.192997439853,41.8284797636849],[-123.193873960975,41.8290946662387],[-123.194651571526,41.8296059490145],[-123.19495495164,41.8300583893254],[-123.195310058543,41.8306156395987],[-123.195855336684,41.8312035394527],[-123.196254489053,41.8316890183547],[-123.196697546196,41.8321024576361],[-123.196898714314,41.8323805291531],[-123.196963281447,41.8327682661295],[-123.197079819957,41.8332608077451],[-123.19743826099,41.8338888062649],[-123.197647385281,41.8343436303882],[-123.197949095499,41.8347607361284],[-123.198107961341,41.835146087094],[-123.198317093122,41.83560091156],[-123.198621990264,41.8360886819818],[-123.19911547862,41.8365716763502],[-123.199370118709,41.8369899739145],[-123.19985236569,41.8372255494844],[-123.200097584861,41.8374316653381],[-123.200292418671,41.8375683117295],[-123.200674127296,41.8376647590166],[-123.201244310656,41.8377565177161],[-123.201814498019,41.8378482736122],[-123.202193028512,41.8378740503423],[-123.203232735054,41.8379184318649],[-123.203937936851,41.8378651722184],[-123.204639947581,41.8377411519192],[-123.205148589907,41.8375159165345],[-123.205509589412,41.8371527517072],[-123.20577322894,41.8367214019927],[-123.20617493215,41.836215620685],[-123.206444936513,41.8359256012591],[-123.206760312202,41.8355990547002],[-123.206976850864,41.8351688082004],[-123.207360254881,41.83321247267],[-123.207438596161,41.8328564820909],[-123.207270120163,41.8322590591033],[-123.20719752678,41.831694575764],[-123.207038622364,41.831309328258],[-123.207022681054,41.8309558234342],[-123.207096238265,41.8304937472849],[-123.206981228846,41.8300365500322],[-123.206915020709,41.8296135773992],[-123.206752932469,41.8291575751732],[-123.206808956851,41.8283066646584],[-123.206835316903,41.8278458792129],[-123.206852106568,41.827172919836],[-123.206820230667,41.8264659149524],[-123.20702877071,41.8258589230421],[-123.207183730216,41.8251117110432],[-123.207388952498,41.8244339679268],[-123.207553472681,41.8238989300014],[-123.207812143417,41.8233614100916],[-123.208058178341,41.8225411407465],[-123.208264981542,41.8218988213957],[-123.208338525234,41.8214368396524],[-123.208545319356,41.8207944303603],[-123.208805688264,41.8202923296708],[-123.208883496422,41.8201648347911]]},"properties":{"OBJECTID":231,"OWNERNAME":"CA State Dept of Transportation","OWNERTYPE":"State","DESIGNATIO":" ","MANAGEMENT":" ","REV_DATE":969580800000}},{"type":"Feature","id":232,"geometry":{"type":"LineString","coordinates":[[-123.208883496422,41.8201648347911],[-123.209099159154,41.8199430595931],[-123.209364598422,41.8197239889013],[-123.209515936593,41.8196141156459],[-123.209669791688,41.8195600336072],[-123.209860363298,41.8194936483514],[-123.210044376762,41.8194498076829],[-123.210311695824,41.8194376881036],[-123.21068223177,41.8194056182646],[-123.21082258821,41.8193854466738],[-123.210939078213,41.8193266278189],[-123.211077264484,41.8192503845021],[-123.211261666901,41.8191486009376]]},"properties":{"OBJECTID":232,"OWNERNAME":"CA State Dept of Transportation","OWNERTYPE":"State","DESIGNATIO":" ","MANAGEMENT":" ","REV_DATE":1115683200000}},{"type":"Feature","id":233,"geometry":{"type":"LineString","coordinates":[[-123.211261666901,41.8191486009376],[-123.211352927607,41.8190981847172],[-123.211801368439,41.8188131839113],[-123.212104908344,41.8186101031395],[-123.212351651915,41.8184752399309],[-123.212518246753,41.8183705692179],[-123.212846020983,41.8182170411804],[-123.213138453871,41.8181035725619],[-123.213372431732,41.8180081951215],[-123.213561873296,41.8179196362613],[-123.213662839318,41.8178499304386],[-123.213741347724,41.8177754727195],[-123.21374245885,41.8172252788486],[-123.213773516555,41.8169228303824],[-123.213784504349,41.8168333983939],[-123.213751454502,41.8167671052445],[-123.213671322538,41.8166406491737],[-123.213622976404,41.816552455968],[-123.213595238694,41.8164361264849],[-123.213585400671,41.8162183686867],[-123.213705115502,41.8159835972467],[-123.213831851718,41.815829768603],[-123.213915644149,41.8157046452768],[-123.213964494415,41.8156363561929],[-123.213968920434,41.8155693793087],[-123.213905809228,41.815486976526],[-123.213811425496,41.8153776674645],[-123.213753879038,41.8152508179465],[-123.213732066219,41.8151005896567],[-123.213741526421,41.8149773585602],[-123.21377878576,41.8148202126817],[-123.213834941634,41.8147406390113],[-123.213960085639,41.8144664784083],[-123.214015477487,41.814370050134],[-123.213989632271,41.8142982493796],[-123.213898640174,41.8142559893056],[-123.213777736745,41.8142142201271],[-123.213686389295,41.8141720599131],[-123.213639439595,41.8141227226994],[-123.213626712609,41.8140060115566],[-123.213613706963,41.81387775765],[-123.213668241884,41.8137703437842],[-123.213815519681,41.8134033986769],[-123.213832904729,41.813216079608],[-123.213811338656,41.8130713499938],[-123.213784587991,41.8128038524435],[-123.213817283631,41.8127026784549],[-123.213857663625,41.8126066335417],[-123.213942742681,41.8125207300542],[-123.214067669726,41.8124839823958],[-123.2142153213,41.8124579350997],[-123.214369907087,41.8124204321331],[-123.214594475482,41.8123673423345],[-123.214796885542,41.8122336038298],[-123.215066337758,41.8121097084529],[-123.215252987665,41.8119597672062],[-123.215433194904,41.8118321869793],[-123.215601018882,41.8117551845619],[-123.215701476875,41.8116744819048],[-123.215793980908,41.8115773792454],[-123.215939486327,41.8115066288989],[-123.216034512386,41.8114706415263],[-123.216039686548,41.811420248069],[-123.215960573597,41.8113162374361],[-123.215882572809,41.8112342152569],[-123.215842077419,41.8111627883875],[-123.215834700499,41.8110820363262],[-123.215805301426,41.8109209930637],[-123.215886338468,41.8107457692807],[-123.216083816098,41.8105004432561],[-123.216398054641,41.8102133417228],[-123.216744826985,41.8099811769732],[-123.216896625244,41.8098822021321],[-123.217045911491,41.8097276164273],[-123.217182015589,41.8095314975679],[-123.217239441977,41.8093233954945],[-123.217227084144,41.8090501184019],[-123.217219758646,41.8088881534855],[-123.217256859434,41.8087197329113],[-123.217414484054,41.8084253421778],[-123.217670580387,41.8080809768144],[-123.217922959793,41.8077395036952],[-123.21805521542,41.8075407746464],[-123.218187824621,41.807341946302],[-123.2182751568,41.8071386780843],[-123.218320568547,41.806986648558],[-123.218324534449,41.8068271933929],[-123.218292756323,41.8066216373814],[-123.218251243135,41.8065276796325],[-123.218118251319,41.8063858822429],[-123.217861450764,41.8061298451612]]},"properties":{"OBJECTID":233,"OWNERNAME":"Klamath National Forest","OWNERTYPE":"USDA Forest Service","DESIGNATIO":" ","MANAGEMENT":" ","REV_DATE":1115683200000}},{"type":"Feature","id":234,"geometry":{"type":"LineString","coordinates":[[-121.798721922971,41.0800123160625],[-121.798653281097,41.0801163108792],[-121.798555755193,41.0802354105991],[-121.798514061037,41.0803373953701],[-121.79847230706,41.080451187901],[-121.798413999164,41.0806069419788],[-121.798329228277,41.0808887066257],[-121.798270882638,41.0810382441227],[-121.798148663365,41.0812115003519],[-121.79810952883,41.0812827170676],[-121.797985085488,41.0814622234869],[-121.797966481802,41.081612361453],[-121.797995030587,41.0817930037088],[-121.798064229181,41.0819201608424],[-121.798167922167,41.0819950026653],[-121.798186673647,41.0821738933397],[-121.798246991229,41.0823548898461],[-121.798299046155,41.0825479013292],[-121.798358581793,41.0826453677499],[-121.798436241504,41.0828681118247],[-121.798473786506,41.0829946426344],[-121.798469458845,41.0830878895697],[-121.798527149469,41.0831876346455],[-121.798560530473,41.0833141356584],[-121.798639244428,41.0835076642914],[-121.798731336347,41.08368910656],[-121.798703180796,41.0839232842958],[-121.798643988423,41.0841151016175],[-121.798586493107,41.0842226313814],[-121.798560529374,41.0843306086015],[-121.798535064569,41.0844204642306],[-121.798509982709,41.0844923817783],[-121.798502447128,41.0845477338145],[-121.798505308068,41.0847569538439],[-121.798621427744,41.0849146186866],[-121.798699358958,41.0850056014568],[-121.798679814279,41.0852036086206],[-121.798716050073,41.0853965769626],[-121.798791814774,41.0855957376335],[-121.798932644469,41.0857235768836],[-121.799008898971,41.0858329689311]]},"properties":{"OBJECTID":234,"OWNERNAME":"Sierra Pacific Industries","OWNERTYPE":"Private","DESIGNATIO":" ","MANAGEMENT":" ","REV_DATE":1121385600000}},{"type":"Feature","id":235,"geometry":{"type":"LineString","coordinates":[[-121.799008898971,41.0858329689311],[-121.799071950723,41.0859234456147],[-121.799196922951,41.086045024388],[-121.799273629373,41.0861772105713]]},"properties":{"OBJECTID":235,"OWNERNAME":"Sierra Pacific Industries","OWNERTYPE":"Private","DESIGNATIO":" ","MANAGEMENT":" ","REV_DATE":1121385600000}},{"type":"Feature","id":236,"geometry":{"type":"LineString","coordinates":[[-121.798660879743,41.0733378995997],[-121.798776705816,41.0734086007534],[-121.798890280522,41.0735413361908],[-121.799091137601,41.0736639856371],[-121.799205083775,41.0737640020241],[-121.799374387395,41.0740181383438],[-121.799871443325,41.074593704246],[-121.800086507258,41.0747277728296],[-121.800171262158,41.074849386843],[-121.800327062157,41.0750484744155],[-121.800828343026,41.0753935390148],[-121.801402862014,41.0756424709095],[-121.801576737581,41.0756895322975],[-121.801804711904,41.0759112802284],[-121.801953363249,41.0761048798234],[-121.802061746396,41.0764758754799],[-121.80203278417,41.0766157087805],[-121.802003964922,41.0767422926568],[-121.801975790003,41.0768423720067],[-121.8019387077,41.076928789317],[-121.801875125067,41.0770350569208],[-121.801793693224,41.0771410399831],[-121.801417230754,41.0774579157169],[-121.801086807307,41.0776614795324],[-121.800682555116,41.0780514812321],[-121.80050071069,41.0783368060284],[-121.800048229283,41.0787627367717],[-121.799917222508,41.078865106347],[-121.799826394541,41.0790044772962],[-121.799674021328,41.0790468624839],[-121.799553772192,41.0791086115687],[-121.799433386554,41.0791886583707],[-121.799300344273,41.0792952922758],[-121.79914234177,41.0793978681248],[-121.799141550157,41.0793995021329]]},"properties":{"OBJECTID":236,"OWNERNAME":"Sierra Pacific Industries","OWNERTYPE":"Private","DESIGNATIO":" ","MANAGEMENT":" ","REV_DATE":1121385600000}},{"type":"Feature","id":237,"geometry":{"type":"LineString","coordinates":[[-121.772791496935,41.1418588713582],[-121.77280643747,41.1418661399764],[-121.773155293612,41.1419983721492],[-121.773539662656,41.1420453820007],[-121.773964819304,41.1422012257901],[-121.774272181245,41.1423307089986],[-121.774578620862,41.1425141887475],[-121.774743104253,41.1426329871522],[-121.774917239406,41.1429254119961],[-121.775263086875,41.1430607459453],[-121.775535086228,41.1432811229308],[-121.775771565698,41.1435622079522],[-121.775872817551,41.1436849662589],[-121.775903328603,41.1439028192407],[-121.776128254184,41.1441835272355],[-121.776436150381,41.1443436397281],[-121.776706998503,41.1446806549396],[-121.776833280445,41.1452612598641],[-121.776884563126,41.1453850880884],[-121.776835799005,41.1457572813398],[-121.77682010868,41.1459746181446],[-121.77660762988,41.1462595484019],[-121.776511817774,41.1464673886513],[-121.776313105921,41.1466304524909],[-121.776183751578,41.1467770298304],[-121.776117488925,41.1468993705891],[-121.776054932406,41.1470607733397],[-121.775991482385,41.1472101108897],[-121.775909037813,41.147313574056],[-121.775467896872,41.147509096102],[-121.77513199052,41.1476273277779],[-121.774878125491,41.1476594070211],[-121.774693446201,41.1476921253974],[-121.77447414419,41.1477160518383],[-121.77419895094,41.1476608281259],[-121.7739207254,41.1477621973425],[-121.773633417654,41.1477418422028],[-121.773340158591,41.1480346718978],[-121.773232499176,41.1482598005885],[-121.773207708666,41.1483550546372],[-121.773113162679,41.1484845533067],[-121.77299563344,41.1486138366907],[-121.773050213768,41.1487797986144],[-121.773667869968,41.1489864546312],[-121.774025511544,41.1489380377472],[-121.774405431484,41.1489335564932],[-121.77464648892,41.1489706974332],[-121.774714734056,41.149015064756],[-121.774689522572,41.1491365523641],[-121.774454605974,41.1493862882828],[-121.774417015006,41.1495513020014],[-121.773927255807,41.1498854907055],[-121.773682279213,41.15006560927],[-121.773542469528,41.1501509562952],[-121.773436086829,41.1502977473282],[-121.773260892652,41.1504351480989],[-121.773002538521,41.1507196431282],[-121.772849612199,41.1509344166864]]},"properties":{"OBJECTID":237,"OWNERNAME":"Hearst Corporation","OWNERTYPE":"Private","DESIGNATIO":" ","MANAGEMENT":" ","REV_DATE":1121385600000}},{"type":"Feature","id":238,"geometry":{"type":"LineString","coordinates":[[-121.775368752975,41.1260808878546],[-121.775092760005,41.1261440127962],[-121.774852811572,41.1261052364881],[-121.774435546593,41.1261252110568],[-121.77406749244,41.1260848238882],[-121.773585525487,41.1261403212185],[-121.773343924479,41.1261984491108],[-121.773198331693,41.1262694556183],[-121.772876312677,41.126338815919],[-121.772599497137,41.1265663349925],[-121.772612376115,41.1267360381431],[-121.772643059603,41.1276701045992],[-121.772806564783,41.1283628317949],[-121.772706237391,41.1285800112078],[-121.772970075458,41.1290556477899],[-121.773064296136,41.1293236065771],[-121.77306660545,41.1295086014538],[-121.773039159084,41.1296503054364],[-121.773131873715,41.1298332070825],[-121.773199415453,41.1300136720788],[-121.773361601054,41.1301659392778],[-121.77352834255,41.1303869975643],[-121.773571015115,41.1305339266355],[-121.77356847423,41.1306671675617],[-121.773531588174,41.1308218045812],[-121.773460686467,41.1309630427617],[-121.773376817178,41.1311817019308],[-121.773032645123,41.1313285242263],[-121.773013503281,41.1314402793],[-121.773271137348,41.1313654318679],[-121.773096451128,41.1315745629103],[-121.773026677062,41.1316555828415],[-121.772899584112,41.1317530943715],[-121.772624075424,41.1318705531504],[-121.772568285251,41.1319104577757]]},"properties":{"OBJECTID":238,"OWNERNAME":"Hearst Corporation","OWNERTYPE":"Private","DESIGNATIO":" ","MANAGEMENT":" ","REV_DATE":1121385600000}},{"type":"Feature","id":239,"geometry":{"type":"LineString","coordinates":[[-121.778482669807,41.1225553628557],[-121.778562881947,41.1226993228466],[-121.778604217403,41.1228209446788],[-121.778703596663,41.1229651735182],[-121.778683263282,41.1232732359734],[-121.778534007221,41.1234697554854],[-121.778456680489,41.1237113064944],[-121.778309863305,41.1237756675903],[-121.777776958924,41.1242437728275],[-121.777686930133,41.1243858245238],[-121.777509926301,41.1245049590811],[-121.777186923817,41.1246447320484],[-121.777089065682,41.1247590462859],[-121.776926084246,41.1248869933923],[-121.776917635387,41.1248966668342],[-121.77692407623,41.1250847559001],[-121.776725271598,41.1254339255574],[-121.776556024494,41.1255251904609]]},"properties":{"OBJECTID":239,"OWNERNAME":"Hearst Corporation","OWNERTYPE":"Private","DESIGNATIO":" ","MANAGEMENT":" ","REV_DATE":1121385600000}},{"type":"Feature","id":240,"geometry":{"type":"LineString","coordinates":[[-121.912207171366,41.1646207943158],[-121.912233213944,41.1645970520551],[-121.912353510764,41.1645351891929],[-121.912465704305,41.1644597474751],[-121.912581702674,41.1643841599305],[-121.912708423693,41.164281908788],[-121.912797615676,41.1641656298256],[-121.912969927876,41.1639689464846],[-121.913181715431,41.163962016381],[-121.913396957422,41.1639551235909],[-121.913610888748,41.1639526662793],[-121.913788598394,41.1639271481844],[-121.91397869627,41.163879447532],[-121.914096251576,41.1638443937558],[-121.914239895178,41.1637963214529],[-121.914375440748,41.1637571158004],[-121.914508370254,41.1637448993016],[-121.91465797918,41.1637463071664],[-121.914800795312,41.1637564727924],[-121.914955534646,41.1637760979304],[-121.915137070974,41.1637913479479],[-121.915281084153,41.1638151044832],[-121.915445235785,41.1638482859456],[-121.915579969698,41.1638947157998],[-121.915717671914,41.1639497521082],[-121.915825028858,41.1640456326524],[-121.915826990444,41.1642751654088],[-121.915826548572,41.1643968494311],[-121.915982727217,41.1644659334062],[-121.916278987858,41.1645228704537],[-121.916600601796,41.164534804471],[-121.916800575878,41.1644689221376],[-121.916966964538,41.1644030145109],[-121.917163006703,41.1643104229629],[-121.917075176188,41.1641743179698],[-121.916946930161,41.1639028243349],[-121.917121710185,41.1636072236345],[-121.91797301684,41.1631739105629],[-121.918126575723,41.1628420401963],[-121.918371062886,41.1626552396841],[-121.918423543328,41.1625025657494],[-121.918500443422,41.1623456422945],[-121.918517910636,41.1622017057355],[-121.918599580737,41.1620762550876],[-121.918643504259,41.1619820259032],[-121.918627981167,41.1618513037877],[-121.918653545212,41.1616895786166],[-121.918625510673,41.1615451679271],[-121.918515767931,41.1614223789235],[-121.918324449045,41.161321659027],[-121.918486639977,41.1612014638219],[-121.918678022444,41.161108671851],[-121.918794354194,41.1609702517459],[-121.918928317156,41.1608454416889],[-121.919064066526,41.1607385404454],[-121.919261272136,41.1606186180215],[-121.919560675235,41.1604819895358],[-121.919684632433,41.1603749965263],[-121.91976166361,41.1602676422249],[-121.919766140217,41.1601634732471]]},"properties":{"OBJECTID":240,"OWNERNAME":"Hearst Corporation","OWNERTYPE":"Private","DESIGNATIO":" ","MANAGEMENT":" ","REV_DATE":1121385600000}},{"type":"Feature","id":241,"geometry":{"type":"LineString","coordinates":[[-121.923883833068,41.1601517513869],[-121.924058973375,41.1601952082331],[-121.924249083462,41.1602241032933],[-121.92473685377,41.1602824945527],[-121.924855967883,41.1602838181355],[-121.924951722229,41.1602665730786],[-121.925059385912,41.1602316602489],[-121.925143574538,41.1601872839162],[-121.925159194883,41.1601481070031]]},"properties":{"OBJECTID":241,"OWNERNAME":"Hearst Corporation","OWNERTYPE":"Private","DESIGNATIO":" ","MANAGEMENT":" ","REV_DATE":1121385600000}},{"type":"Feature","id":242,"geometry":{"type":"LineString","coordinates":[[-121.771311857892,41.1375747705433],[-121.771405553163,41.137666905541],[-121.771484779363,41.13777087188],[-121.771530151322,41.1378487290782],[-121.771627080509,41.1379079217661],[-121.771711617451,41.1379472828632],[-121.77186810898,41.1380949469948],[-121.771877992778,41.1381722253933],[-121.771737025929,41.138436485859],[-121.771629666686,41.138726407146],[-121.771614384043,41.1389319304723],[-121.771667478114,41.1391297251066],[-121.771777994984,41.1392763279596],[-121.771603117803,41.1395316953482],[-121.771247651644,41.139767716771],[-121.771176557958,41.1399210352385],[-121.771105829605,41.1400747091858],[-121.771022815842,41.1402708249606],[-121.771176281464,41.1405466028004],[-121.771475737516,41.140901158254],[-121.77165468996,41.141022910046],[-121.771821724875,41.1411875490907],[-121.77204461915,41.1413869076964],[-121.772326035913,41.1414927891059],[-121.772626658134,41.1417785588537],[-121.772791496935,41.1418588713582]]},"properties":{"OBJECTID":242,"OWNERNAME":"Roseburg Resources Company","OWNERTYPE":"Private","DESIGNATIO":" ","MANAGEMENT":" ","REV_DATE":1121385600000}},{"type":"Feature","id":243,"geometry":{"type":"LineString","coordinates":[[-121.776556024494,41.1255251904609],[-121.776482265147,41.1255649903293],[-121.776235488833,41.1258130000669],[-121.776040972275,41.1260182693593],[-121.775751866555,41.1260420173594],[-121.775446863623,41.1260630160339],[-121.775368752975,41.1260808878546]]},"properties":{"OBJECTID":243,"OWNERNAME":"Roseburg Resources Company","OWNERTYPE":"Private","DESIGNATIO":" ","MANAGEMENT":" ","REV_DATE":1121385600000}},{"type":"Feature","id":244,"geometry":{"type":"LineString","coordinates":[[-121.772405448056,41.1521078478683],[-121.772423275643,41.1521836628594],[-121.772445973607,41.1522831126516],[-121.772592657556,41.1524420944113],[-121.772738308904,41.1525352060362],[-121.772858079537,41.1525879485153]]},"properties":{"OBJECTID":244,"OWNERNAME":"Bascom Pacific LLC","OWNERTYPE":"Private","DESIGNATIO":" ","MANAGEMENT":" ","REV_DATE":1121385600000}},{"type":"Feature","id":245,"geometry":{"type":"LineString","coordinates":[[-121.772568285251,41.1319104577757],[-121.772422313197,41.1320148153691],[-121.772243446807,41.1321463176127],[-121.772246488339,41.1322839856223],[-121.772157146439,41.1324981250418],[-121.772255265953,41.1327359277974],[-121.771942859292,41.1330078413291],[-121.77174457223,41.1332641691442],[-121.77173496319,41.1337718006326],[-121.771562069384,41.1338948350641],[-121.771673365191,41.1340250240426],[-121.771782355933,41.1342885396902],[-121.771832563588,41.1344948469121],[-121.771837789348,41.1346679936558],[-121.771747887465,41.1349078272011],[-121.771723143663,41.1350193926245],[-121.771749761993,41.1351187850075],[-121.771715656074,41.1354152383085],[-121.771639585217,41.1355306847231],[-121.77156923321,41.1356463197607],[-121.771448851866,41.1356834417325],[-121.771379495694,41.1357430045409],[-121.771333971802,41.1358276463057],[-121.771254349659,41.1359439526587],[-121.771190096767,41.1359691045447],[-121.771129730208,41.1360070902885],[-121.771081753659,41.1360550846264],[-121.771061642065,41.1362193083879],[-121.771105149339,41.136303771078],[-121.771182618303,41.1363654931372],[-121.771198063426,41.1364559411228],[-121.771106311611,41.1365679125838],[-121.771062181419,41.1366994888812],[-121.771041819742,41.136699236134],[-121.771040689243,41.1367113288887],[-121.771068929741,41.1367413911588],[-121.771085171897,41.1368738269282],[-121.771188937026,41.1371714860191],[-121.771232959638,41.1373201113456],[-121.77122661592,41.1374393466841],[-121.7712297558,41.1374941887056],[-121.771311857892,41.1375747705433]]},"properties":{"OBJECTID":245,"OWNERNAME":"Bascom Pacific LLC","OWNERTYPE":"Private","DESIGNATIO":" ","MANAGEMENT":" ","REV_DATE":1121385600000}},{"type":"Feature","id":246,"geometry":{"type":"LineString","coordinates":[[-121.780424147048,41.1668239282178],[-121.780438117379,41.1668349968501],[-121.780524209493,41.1668971318323],[-121.780633225546,41.1669519132481],[-121.780680601317,41.1670086518848],[-121.780744702538,41.1670387451216],[-121.780789610015,41.1670488312044],[-121.780804711145,41.1671150425745],[-121.780819158836,41.167202982255],[-121.780866657398,41.1672598092942],[-121.780865898387,41.1673011894564],[-121.78089087576,41.167343104534],[-121.780965152901,41.1673513315359],[-121.781026439719,41.1673544253094],[-121.781064694787,41.1673938979975],[-121.781122648919,41.1674065939756],[-121.781158031643,41.1674119495135],[-121.781177099046,41.1674316861739],[-121.781208624139,41.1674735081765],[-121.781247286018,41.1674862082115],[-121.781295765512,41.1674818231756],[-121.781357812082,41.1674483138711],[-121.781422839811,41.167429363456],[-121.781461325343,41.1674445881453],[-121.781512554948,41.1674742334482],[-121.781583148748,41.1675019799878],[-121.78164116052,41.1675073743989],[-121.781712222339,41.1675204234544],[-121.781782872508,41.1675408694628],[-121.781936628124,41.1676180847318],[-121.781955926531,41.167623128814],[-121.781961954753,41.1676500819041],[-121.781974126273,41.16768460731],[-121.78201237279,41.1677189430989],[-121.782169062865,41.1678136021383],[-121.782288425475,41.1678246118367],[-121.782333460346,41.1678349668126],[-121.78236545415,41.1678620910894],[-121.782397090246,41.1678939973468],[-121.782422188191,41.1679311341535],[-121.782421668701,41.1679677339062],[-121.782411030469,41.1680141213317],[-121.782396939073,41.1680748880792],[-121.782389002036,41.1681580091699],[-121.782412002151,41.1683120736269],[-121.782468507013,41.1684005863655],[-121.782474366239,41.1684398888327],[-121.782397702661,41.168556165076],[-121.782367070712,41.1686414120143],[-121.782320822146,41.1687020967709],[-121.7823167878,41.1687409997499],[-121.782335567448,41.1687730880986],[-121.782441078855,41.1688400839516],[-121.782479501326,41.1688526966699],[-121.782546356094,41.1689120420312],[-121.782596144083,41.169022642646],[-121.782811687227,41.1692569745152],[-121.782928761807,41.169218984696],[-121.783032684861,41.1691884849864],[-121.783059233017,41.169159356025],[-121.783140755665,41.1691235858916],[-121.783189410452,41.1691071208231],[-121.783257023803,41.1691297719181],[-121.783457151882,41.1691368375794],[-121.783511606153,41.169171572336],[-121.783726893946,41.169242232602],[-121.783834557571,41.1691945527371],[-121.783842378905,41.1691211668748],[-121.783966702846,41.1690346749336],[-121.784090913216,41.1689675618263],[-121.784215234373,41.1688857577157],[-121.784270464516,41.1690426958609],[-121.784367082917,41.1690680883174],[-121.784482308307,41.1691280952257],[-121.784780448203,41.1690920311433],[-121.785078826155,41.1690464095226],[-121.785137537973,41.1690128569097],[-121.785214969308,41.1690281570041],[-121.785324227803,41.1690637335367],[-121.785387513594,41.1691326809875],[-121.785444490233,41.1692017184872],[-121.785520067945,41.1693099683615],[-121.785518794016,41.1693831701271],[-121.785446518457,41.1694411622437],[-121.785348396186,41.1694988912479],[-121.785275656193,41.1695908679969],[-121.785247946314,41.1696881520147],[-121.785207379316,41.169785619328],[-121.78523885222,41.1698299642599],[-121.785250211304,41.1699179480191],[-121.785247664904,41.1700548915676],[-121.785244998126,41.1702013884961],[-121.785249579539,41.1703041597262],[-121.785641217396,41.1704596394733],[-121.785737947878,41.170465559956],[-121.785821467152,41.1704956439006],[-121.786066300754,41.1705521801825],[-121.786182676976,41.1705482668475],[-121.786238440912,41.1705207030096],[-121.786336351816,41.1705165132401],[-121.786494273976,41.1704832570788],[-121.786616282123,41.1705285643443],[-121.786747269932,41.1704418836056],[-121.786796891056,41.1703733084678],[-121.786808653484,41.1703100515162],[-121.786827208277,41.1702469655407],[-121.786841747098,41.1702234148752],[-121.78685950658,41.1702048662078],[-121.786849386744,41.170181036079],[-121.786860869706,41.1701257130796],[-121.786886259384,41.1700836208507],[-121.786901056068,41.1700417702998],[-121.786911838471,41.1700204361029],[-121.786950411843,41.1700103320136],[-121.787016987816,41.1700056869656],[-121.787093665754,41.1700145078806],[-121.787145935001,41.1700283628709],[-121.787208401994,41.1700500035294],[-121.787323993696,41.1700433068074],[-121.787352298405,41.1700226233623],[-121.787506767278,41.1699846389664],[-121.787562847115,41.169974555046],[-121.787602026052,41.1699457858877],[-121.787664926959,41.1699466007882],[-121.787773319068,41.1699425298567],[-121.787832641886,41.169943125595],[-121.787889068226,41.1699278983853],[-121.787945351022,41.169902039356],[-121.78799122545,41.1698839003319],[-121.788050912226,41.169860876906],[-121.788100567711,41.1698271810761],[-121.788139830173,41.1697826365926],[-121.788164529536,41.1697749840785],[-121.788227368256,41.1697780534608],[-121.788269621279,41.1697627578558],[-121.788366370201,41.1698219436945],[-121.788556996935,41.1699110637295],[-121.788570463604,41.1699401624464],[-121.788682057126,41.1699546129777],[-121.78872728312,41.1699629792628],[-121.788875953575,41.1700650465259],[-121.788948375519,41.1701133120086],[-121.789014086436,41.1701456323503],[-121.78907258541,41.1701991440592],[-121.789093231385,41.1702151613234],[-121.789152477147,41.1702318007943],[-121.789183350148,41.1702663296974],[-121.789221244066,41.170295892384],[-121.789242157245,41.1702987472197],[-121.789297515684,41.1703075108151],[-121.78934613173,41.1703419674521],[-121.789429171889,41.1703957585924],[-121.789460315206,41.1704173060283],[-121.789500433742,41.1705074028475],[-121.789506250361,41.1705734736787],[-121.789502052135,41.1706104872938],[-121.789479732731,41.1706896690316],[-121.789457286607,41.1707685830792],[-121.789459426254,41.1708400233299],[-121.789458519853,41.1708848315055],[-121.789492880462,41.170935082507],[-121.789551923902,41.1709387458252],[-121.789594082156,41.1709339072956],[-121.789604880023,41.1709179804989],[-121.789625888602,41.1709103813137],[-121.789751272015,41.1709381519871],[-121.789792844703,41.1709623423509],[-121.789855319732,41.1709842526456],[-121.789935894966,41.1709822004708],[-121.789998639438,41.1709909473912],[-121.790062424842,41.1709412759007],[-121.790126706732,41.1708733022266],[-121.790219063022,41.1707897832212],[-121.790234799148,41.1706949231082],[-121.79023689592,41.1705785366274],[-121.790238590858,41.1704889236467],[-121.790316369425,41.1704368891462],[-121.790428541955,41.1704220361514],[-121.790554246404,41.1704340294488],[-121.79067972042,41.1704510723042],[-121.790812338661,41.1704633272453],[-121.790937825802,41.1704856874094],[-121.790985426689,41.170565312457],[-121.791074939378,41.1706350550651],[-121.791199563132,41.1706943796903],[-121.791268256908,41.1707745135663],[-121.791353375189,41.1708256613346],[-121.791424260793,41.1708218535901],[-121.791491985603,41.1708154772421],[-121.791544340791,41.1708184251149],[-121.791572344693,41.1708047740582],[-121.791621604296,41.1708029886078],[-121.79169186843,41.1708315451318],[-121.791935298697,41.1710032743619],[-121.791934529931,41.1710249169523],[-121.791931238975,41.1710410078211],[-121.791952497219,41.1710528706756],[-121.792010990516,41.1710488791454],[-121.792142298284,41.1711039624864],[-121.792163303127,41.1711343052942],[-121.792196879908,41.1711577996695],[-121.792260435499,41.1712086244583],[-121.792312082117,41.1712498859861],[-121.792354216927,41.1712966002091],[-121.792375531259,41.171320270687],[-121.792467426455,41.1713375216289],[-121.792528832089,41.1713451157202],[-121.792565814094,41.1713476511031],[-121.792690430848,41.1714351855468],[-121.792764716379,41.1715245210064],[-121.79282991792,41.1715458510288],[-121.792887983235,41.1715675509893],[-121.792945671313,41.171612332341],[-121.79299680277,41.1716710852124],[-121.793062924743,41.1717625212191],[-121.793147937181,41.171833137575],[-121.79326095896,41.171880820771],[-121.793360230422,41.1719024723782],[-121.793436185541,41.1718918302967],[-121.793540472996,41.1718615865955],[-121.793608817411,41.1718704324805],[-121.793722702882,41.1718716851253],[-121.793812235814,41.1718610291277],[-121.793960814503,41.1718160907861],[-121.794065777168,41.1717985442235],[-121.79415853023,41.171778649854],[-121.794211008949,41.1717674423888],[-121.794291557041,41.1717356448107],[-121.794343477719,41.1716830763774],[-121.794627200057,41.1717321883025],[-121.79473688425,41.1717892016257],[-121.79495919481,41.1717542000423],[-121.795046800129,41.1716808419786],[-121.795430699246,41.1715545665487],[-121.795703564444,41.1714458344995],[-121.7959253787,41.1714386886331],[-121.796000469297,41.1713745210264],[-121.796319457144,41.1714336694964],[-121.796589733706,41.1714736856831],[-121.796739175757,41.1713729401581],[-121.796847372111,41.171242143021],[-121.796910653841,41.1711724672745],[-121.797059934799,41.1711413932768],[-121.797134141972,41.1711608779693],[-121.79723299495,41.1713036678022],[-121.797298758958,41.1713806852656],[-121.797343433851,41.1713859935615],[-121.797387351317,41.1714324100908],[-121.797438051812,41.1714595331344],[-121.797556223309,41.1714654983141],[-121.797729246107,41.1714503068253],[-121.797957711971,41.1713949332972],[-121.7981421235,41.1713494738935],[-121.798323581298,41.171257551305],[-121.798560913266,41.1711710448691],[-121.798765259919,41.1711179980127],[-121.79881103433,41.1710579462083],[-121.79884840279,41.1710568682778],[-121.798941320951,41.1710673412611],[-121.799366903058,41.1708606916362],[-121.799580543285,41.1707176507759],[-121.799686456065,41.1706859365095],[-121.799810461169,41.1707013685208],[-121.799928392513,41.1706976908191],[-121.800034307206,41.1706660662903],[-121.800139370313,41.1706906937996],[-121.80022560734,41.1707244245437],[-121.800264374331,41.170821837394],[-121.800262339848,41.1709257870615],[-121.800295573346,41.1709735276627],[-121.800346957572,41.1710231716842],[-121.800405219511,41.1711617645374],[-121.800464926639,41.171220301942],[-121.800472772424,41.1713194220112],[-121.800535119569,41.1714072127607],[-121.800590859224,41.1714548109768],[-121.800703002666,41.1714957405224],[-121.800781600578,41.1715667139642],[-121.800823096925,41.17163993256],[-121.800921724823,41.1716785333487],[-121.800989256167,41.171716678158],[-121.801039679045,41.1718038295039],[-121.801127977648,41.1719338780438],[-121.8011135327,41.1720416101972],[-121.801113631462,41.1721309273768],[-121.801233426657,41.1722726005986],[-121.801337275246,41.1723673662925],[-121.801638021444,41.1725391542942],[-121.801730699792,41.1725636880164],[-121.80184159241,41.1726068881138],[-121.802298657636,41.1727194639781],[-121.802503720811,41.1727280495408],[-121.802621627009,41.1726995849931],[-121.803022847801,41.172670467263],[-121.803261112258,41.1726732554109],[-121.803573440449,41.1726422604378],[-121.803988307498,41.172530655209],[-121.804191610828,41.1724313788527],[-121.804313461441,41.1724082629198],[-121.804459893156,41.1724438273528],[-121.804638712623,41.1724649559307],[-121.804799395236,41.1724231633171],[-121.80511293508,41.1724167530856],[-121.805318055623,41.1723898227369],[-121.805592433093,41.1724362508966],[-121.805694767204,41.1724421668166],[-121.805764816319,41.172452422202],[-121.805808799706,41.1724964924792],[-121.806120142346,41.1726108857511],[-121.806488565058,41.1727596948915],[-121.806875469954,41.1729377086158],[-121.807155809709,41.1729984675326],[-121.807808510126,41.172990762064],[-121.808239095385,41.1728791848065],[-121.808567006756,41.1727955884927],[-121.808915134387,41.1726398642566],[-121.80924303389,41.1725464413579],[-121.809661800672,41.1723914082856],[-121.810009338735,41.1722692177824],[-121.810312896005,41.1721126922888],[-121.81070477548,41.1720203244391],[-121.811187957457,41.1718036064261],[-121.811336808052,41.1717368312307],[-121.811686764756,41.1714889605988],[-121.811910504266,41.1711336784361],[-121.812233580105,41.1709628054653],[-121.812492799732,41.170772306913],[-121.812739499429,41.170571803508],[-121.812946345434,41.1704578606633],[-121.81325563208,41.1703354041702],[-121.813461001141,41.1702290529974],[-121.813758157992,41.1702250208474],[-121.814010142637,41.1701489973815],[-121.814092000217,41.1702354172312],[-121.814293041675,41.1702688289244],[-121.814517445084,41.1703171316918],[-121.814650670066,41.1703014127436],[-121.815147150779,41.1704417604045],[-121.815631919473,41.1705240534026],[-121.8160791365,41.170548304941],[-121.81636028022,41.1705703656605],[-121.816647052001,41.1705982933694],[-121.816868260763,41.1706849441057],[-121.816998105634,41.1706862153077],[-121.817389081246,41.1706199762885],[-121.817661063831,41.1704683976879],[-121.818612491341,41.1702047484255],[-121.819205419794,41.170132777431],[-121.819336414976,41.1701982016416],[-121.81952884741,41.1703334853949],[-121.819757184752,41.1705461188257],[-121.819921983093,41.1706671118544],[-121.820006981832,41.1707689861747],[-121.820251337922,41.1709369525488],[-121.820417277016,41.1709948374122],[-121.820769404609,41.1710263123023],[-121.821000508813,41.1710849625142],[-121.821182753347,41.171269061049],[-121.821379548238,41.1713554277639],[-121.821382149309,41.1715376326855],[-121.821506850345,41.1717442900612],[-121.821501719055,41.1718471132083],[-121.821515678987,41.1718716053704]]},"properties":{"OBJECTID":246,"OWNERNAME":"Sierra Pacific Industries","OWNERTYPE":"Private","DESIGNATIO":" ","MANAGEMENT":" ","REV_DATE":1121385600000}},{"type":"Feature","id":247,"geometry":{"type":"LineString","coordinates":[[-121.850498169345,41.1770309360724],[-121.850578598295,41.1770506592727],[-121.85102021681,41.1772066402955],[-121.851338312494,41.1771729171378],[-121.851595650478,41.1771294555379],[-121.851951151805,41.1770591266566],[-121.852231122102,41.1771172680455],[-121.85245948425,41.1771324578367],[-121.852878977207,41.1772985848544],[-121.853064684133,41.1775436975957],[-121.853264622657,41.1776988295732],[-121.853576929755,41.1778282349089],[-121.853841403449,41.1779364440172],[-121.854023578467,41.1780171192455],[-121.854214215569,41.1781993370725],[-121.854360663887,41.1783493101581],[-121.854482979823,41.1784226684198],[-121.854629580056,41.178527844295],[-121.854816333459,41.1786242235895],[-121.855047682618,41.1786534258338],[-121.855224815003,41.1787093881075],[-121.855370116717,41.1787872730919],[-121.855452382203,41.1788916877749],[-121.855539076009,41.1789692680475],[-121.855577965031,41.1788748659118],[-121.855567436338,41.1787533444353],[-121.855532241244,41.1786313779922],[-121.855510897929,41.1784462945418],[-121.855464807549,41.1782208380356],[-121.855384709237,41.1778640240823],[-121.855319008247,41.1773545842503],[-121.85531227087,41.1770572515897],[-121.855377304978,41.1768777400987],[-121.855421291672,41.1766212964493],[-121.855494036853,41.1765005243469],[-121.855492090015,41.1763653580488],[-121.85540555115,41.1762429798945],[-121.855403025019,41.176076274983],[-121.855430242007,41.1759818645722],[-121.855372387122,41.1757021443008],[-121.855399368803,41.1756079191005],[-121.855434717504,41.1755102337319],[-121.855502038035,41.1754836398365],[-121.855539091936,41.1754335182324],[-121.855551966251,41.1753924986372],[-121.855527900435,41.1753784341102],[-121.855541019976,41.1753238908653],[-121.855601538883,41.175324436307],[-121.855843257013,41.1753588918216],[-121.855940591366,41.1753185120497],[-121.856074861427,41.1752694745508],[-121.85616805021,41.1751287520979],[-121.856139710181,41.1750138947897],[-121.85614139677,41.1749271636347],[-121.856595465116,41.174574783873],[-121.856657669249,41.1744885966909],[-121.856797293046,41.1744577770128],[-121.856931205755,41.1744180269014],[-121.857197822953,41.1744022668959],[-121.857410845355,41.1743405230473],[-121.857612188741,41.1742555185303],[-121.857728589821,41.1741788932496],[-121.857826286083,41.1741295855074],[-121.858461610298,41.1741494536329],[-121.85893921159,41.1741956341369],[-121.859173531788,41.1742986012394],[-121.859240477208,41.1742806631801],[-121.859290629139,41.174092626828],[-121.859231994057,41.1739027807777],[-121.859151683837,41.1735566984172]]},"properties":{"OBJECTID":247,"OWNERNAME":"Sierra Pacific Industries","OWNERTYPE":"Private","DESIGNATIO":" ","MANAGEMENT":" ","REV_DATE":1121385600000}},{"type":"Feature","id":248,"geometry":{"type":"LineString","coordinates":[[-121.772858079537,41.1525879485153],[-121.772935241075,41.1526220043984],[-121.773092412319,41.1526705207825],[-121.773218781135,41.1527348844528],[-121.773392473632,41.1528400378694],[-121.773504635656,41.1528690918325],[-121.773962767091,41.1531955325311],[-121.774088876733,41.1534708874195],[-121.774189358191,41.1536438612394],[-121.774246847361,41.1538260950827],[-121.77426309576,41.1540401874572],[-121.774244323403,41.1542536938238],[-121.774268337737,41.1543629488576],[-121.774147852715,41.1544789375413],[-121.774108395182,41.1546071158997],[-121.77406703909,41.1546487997801],[-121.774066065037,41.1546961311877],[-121.774075323448,41.1547912634007],[-121.774022615022,41.1548409497026],[-121.773999164015,41.154913384404],[-121.774027552886,41.1549780540861],[-121.774044599079,41.1550510855244],[-121.774020412867,41.1552094215007],[-121.77402415798,41.1553608733818],[-121.774022669708,41.1554307429709],[-121.774021972325,41.1554699584927],[-121.774058416519,41.1555040512876],[-121.774123421589,41.1555856870045],[-121.774148269914,41.1556419343582],[-121.774143173524,41.1557199664592],[-121.774131034469,41.155773134004],[-121.774063737296,41.1558059016792],[-121.774142129712,41.1559715273308],[-121.774185236234,41.1560390532683],[-121.77418391731,41.1561061270523],[-121.77417291876,41.1563017685486],[-121.774097139943,41.1563960335358],[-121.77402007578,41.1565683676952],[-121.774019159133,41.1566131741237],[-121.774206491821,41.1568891054011],[-121.774289492719,41.1570724198389],[-121.774349198525,41.1571900920963],[-121.774396737273,41.157321274598],[-121.774439043595,41.1575009310324],[-121.774592135561,41.1576198933437],[-121.77486930539,41.1578353361964],[-121.775119013356,41.1579273328169],[-121.775288175527,41.1579738738269],[-121.775464042099,41.158065204251],[-121.775679050045,41.158039624177],[-121.77590021792,41.1580753334612],[-121.776053136189,41.1582112395115],[-121.776221299736,41.1583135834961],[-121.776320766394,41.1584451121208],[-121.776356001062,41.1586226136042],[-121.776401284538,41.1587971798351],[-121.776483429573,41.1589312071614],[-121.776628027725,41.1591060772777],[-121.776656911048,41.1591568602346],[-121.77681068611,41.1592310162864],[-121.776972587005,41.1592774786989],[-121.777127804105,41.1592848300687],[-121.777364186569,41.1593096847765],[-121.777562593096,41.1593732939586],[-121.777751003656,41.1595765618079],[-121.777845443086,41.1596779668785],[-121.777970784333,41.1596906080674],[-121.778279224147,41.1598169147964],[-121.77861747928,41.1599210761663],[-121.77875380407,41.1601461723876],[-121.778862304905,41.1602815360039],[-121.778804770749,41.1605881565741],[-121.778798662776,41.160918112277],[-121.778846967948,41.1611086782575],[-121.778829887849,41.1612314047795],[-121.778772377533,41.161543794042],[-121.778812064931,41.1617901812925],[-121.779036339658,41.1620610760265],[-121.779297851053,41.1623209863902],[-121.779375780084,41.1625006761302],[-121.779529206451,41.1626083623342],[-121.779691733608,41.1626268735023],[-121.77984046469,41.1625836608377],[-121.780335518952,41.1630027504929],[-121.780346312532,41.1632265657351],[-121.780176800323,41.1635937245861],[-121.780191199947,41.1638909435989],[-121.780063255205,41.1638552690807],[-121.780023648393,41.1638716041373],[-121.780079581372,41.1640189805226],[-121.780120936207,41.1640586800698],[-121.780165208768,41.1641104151916],[-121.780167494908,41.1641594123612],[-121.780118665404,41.1641784027087],[-121.780169198412,41.1642424877345],[-121.780253002714,41.1642604030613],[-121.78027212498,41.164277615834],[-121.78026862386,41.1642948802871],[-121.780262493596,41.1644462029841],[-121.780224898608,41.164553179331],[-121.780196626121,41.1648535277299],[-121.780170029255,41.1649046475915],[-121.780165122061,41.1649900697783],[-121.780180390611,41.1650439291457],[-121.780182910278,41.1650782329508],[-121.780166297273,41.1650998292575],[-121.780136949366,41.1651216967854],[-121.779999686386,41.1651569052308],[-121.779698312389,41.1654557272825],[-121.779647441495,41.1655317074903],[-121.779614057484,41.165592477803],[-121.779602832643,41.1656728513324],[-121.779573618251,41.1658008885272],[-121.77955630582,41.1659143364948],[-121.779532163107,41.1659972375253],[-121.779479744273,41.1660683726083],[-121.779544171966,41.166226893947],[-121.779579355241,41.1662819132856],[-121.77966792643,41.1663431143858],[-121.779783312205,41.1663955511536],[-121.779821678882,41.1664204225406],[-121.779841097539,41.1664206872442],[-121.77987004399,41.1664258643607],[-121.779891685966,41.1664821573432],[-121.779923391277,41.1665217242475],[-121.779964797768,41.1665538523445],[-121.780016208252,41.1665716883388],[-121.780083754806,41.1665918188231],[-121.780146921574,41.1666659073381],[-121.780313712726,41.1667359102189],[-121.780424147048,41.1668239282178]]},"properties":{"OBJECTID":248,"OWNERNAME":"Roseburg Resources Company","OWNERTYPE":"Private","DESIGNATIO":" ","MANAGEMENT":" ","REV_DATE":1121385600000}},{"type":"Feature","id":249,"geometry":{"type":"LineString","coordinates":[[-121.772849612199,41.1509344166864],[-121.772848808713,41.1509356002019],[-121.772765424465,41.151073682561],[-121.772659969937,41.1511858522175],[-121.772583130834,41.1512756242458],[-121.77266194401,41.1513573357024],[-121.772722366141,41.1514753580029],[-121.772698558515,41.1515863711613],[-121.77254622302,41.1517239876318],[-121.772474493585,41.1518711888155],[-121.772390540698,41.152044158759],[-121.772405448056,41.1521078478683]]},"properties":{"OBJECTID":249,"OWNERNAME":"Roseburg Resources Company","OWNERTYPE":"Private","DESIGNATIO":" ","MANAGEMENT":" ","REV_DATE":1121385600000}},{"type":"Feature","id":250,"geometry":{"type":"LineString","coordinates":[[-121.935606858233,41.1599880672492],[-121.935660477965,41.1600643908093],[-121.935803697429,41.1601514063267],[-121.935915553906,41.1601882535189],[-121.936043835756,41.1601761763523],[-121.936155391992,41.1600871152533],[-121.936293551761,41.1600748838577],[-121.936518655752,41.1600677086246],[-121.936734714451,41.1600606721019],[-121.936921743168,41.1600986993777],[-121.937102907901,41.1600958972315],[-121.937250827732,41.1600746819075],[-121.937448301386,41.1600628846563],[-121.937619812788,41.1600554541285],[-121.937797649179,41.1600617164339],[-121.938036864058,41.1601493173647],[-121.938211269916,41.1601916844189],[-121.938392082877,41.160211148109],[-121.938593399233,41.1602446245511],[-121.93881947745,41.1602602330044],[-121.939005763368,41.1602618557383],[-121.939197635597,41.1602411293167],[-121.939381053165,41.1602247692773],[-121.939589706938,41.1601728687027],[-121.939817172809,41.1601208541479],[-121.939956865702,41.1600860629785],[-121.940177078718,41.1600609298615],[-121.940421117223,41.1600273157758],[-121.94062607316,41.159979615958],[-121.940798641993,41.1599496322683],[-121.940984181254,41.1599016922677],[-121.941133993131,41.159849256453],[-121.941293113188,41.1597887456991]]},"properties":{"OBJECTID":250,"OWNERNAME":"Hearst Corporation","OWNERTYPE":"Private","DESIGNATIO":" ","MANAGEMENT":" ","REV_DATE":1121385600000}},{"type":"Feature","id":256,"geometry":{"type":"LineString","coordinates":[[-121.970553614598,41.14547155509],[-121.970612907196,41.1454109559623],[-121.970837048591,41.1453227064279],[-121.970983470745,41.1451530297782],[-121.971281402086,41.1449122898052],[-121.971532875751,41.144883003808],[-121.971720063146,41.144866807805],[-121.972001025187,41.1448015448953],[-121.972225617057,41.1446865175276],[-121.9726808968,41.1444790759424],[-121.972961525404,41.144436349806],[-121.97312020683,41.144383736748],[-121.973230007038,41.1442766449665],[-121.973303246312,41.1441648106133],[-121.973362082386,41.1440660926196],[-121.973400087724,41.1439675220028],[-121.973517434906,41.1437972203589],[-121.973655795652,41.1436680457511],[-121.973844078664,41.1435793643641],[-121.973988318574,41.1434951619003],[-121.974105395095,41.1434017444402],[-121.974191890983,41.1433347657159],[-121.97422227301,41.1433096821027]]},"properties":{"OBJECTID":256,"OWNERNAME":"Hearst Corporation","OWNERTYPE":"Private","DESIGNATIO":" ","MANAGEMENT":" ","REV_DATE":1121385600000}},{"type":"Feature","id":257,"geometry":{"type":"LineString","coordinates":[[-122.001124038514,41.1287514610115],[-122.001385983727,41.1290574084646],[-122.00153827127,41.1292299131975],[-122.001801405863,41.1291600924993],[-122.00195945159,41.1289543250424],[-122.002270459094,41.1280832102715],[-122.00236346782,41.1274534331122],[-122.002544444253,41.1273018246852],[-122.002997305511,41.127287730531],[-122.004166372466,41.1279734690194],[-122.004357193741,41.1279570751227],[-122.004514899988,41.1277693344752],[-122.004556583755,41.1273822837111],[-122.004184151371,41.1260098152897],[-122.004558766706,41.1248690950867],[-122.004598389141,41.1246171808596],[-122.004635622289,41.1245184347311],[-122.004830445727,41.1242408733708],[-122.005061734976,41.1239095512751],[-122.005123318268,41.1237749025672],[-122.005223109372,41.1234784939038],[-122.005358719771,41.1231733987909],[-122.005540116038,41.1229948326946],[-122.005864699722,41.1227994607035],[-122.00632164445,41.122515172421],[-122.006717125844,41.1223654391963],[-122.007086289129,41.1223685330471],[-122.007514456156,41.1224172768838],[-122.008060695525,41.1225300997673],[-122.008606292373,41.1226879032948],[-122.00894949545,41.1228349848552],[-122.009104047901,41.1228543143598],[-122.009176135772,41.1228189098225],[-122.009261626206,41.1226755848969],[-122.00931054474,41.1225948540458],[-122.009575368958,41.1224080035239],[-122.010248315198,41.1220173959489],[-122.010885001083,41.1216625180948],[-122.011113357162,41.1215294253662],[-122.01133055182,41.1213420737426],[-122.011453481444,41.1210908925999],[-122.01167530459,41.1205973889951],[-122.011772809517,41.1204540501156],[-122.011845521993,41.1203646454391],[-122.012049090969,41.1202943183911],[-122.012192271117,41.1202775058592],[-122.012476918184,41.1203609860826],[-122.012689061985,41.1205159305028],[-122.012996221747,41.1206807030875],[-122.013091145036,41.1207085592584],[-122.01323422282,41.1207007597423],[-122.013413656486,41.1206483031435],[-122.013918068205,41.1203733186196],[-122.014758184462,41.1199571047412],[-122.015838845657,41.1193808191354],[-122.016197388879,41.1193028522282],[-122.016459072698,41.1193230628497],[-122.016695671975,41.1194331726824],[-122.016802932328,41.1194341486633],[-122.016970021312,41.1194084736561],[-122.017221631928,41.1193115864709],[-122.017461974236,41.1191694560658],[-122.018254215577,41.1187618320634],[-122.018554402556,41.1186022412806],[-122.018721076236,41.1186127119422],[-122.018981797325,41.1186960224921],[-122.019183753474,41.1187337727305],[-122.019303341682,41.118707688864],[-122.019555050739,41.1186017831822],[-122.019952169957,41.1183258915645],[-122.020312093251,41.1181577606001],[-122.020791798579,41.1179366838857],[-122.020946772725,41.117928953752],[-122.021172105795,41.1179939039906],[-122.021278502412,41.1180488771147],[-122.021477794095,41.1182667440731],[-122.021595239492,41.1183758852778],[-122.021701637073,41.1184308580078],[-122.021892650992,41.1184054208585],[-122.022204936829,41.1182278698704],[-122.022420396335,41.1181576942817],[-122.022611083108,41.1181502864025],[-122.022753829395,41.1181605073844],[-122.022943777482,41.1182070984282],[-122.023276044932,41.118291046126],[-122.023418792815,41.1183012671885],[-122.023561966961,41.118284441499],[-122.023777851346,41.1181872177108],[-122.024067711254,41.117919355826],[-122.024250642894,41.1176326729496],[-122.024497031375,41.1170853037497],[-122.024582380985,41.1169508933769],[-122.024907311721,41.1167284283536],[-122.025532078522,41.1163643848253],[-122.025939474523,41.1161966427655],[-122.02619275564,41.1159826343743],[-122.026362176737,41.1158038705436],[-122.026543397399,41.1156342000046],[-122.026770320631,41.115591139406],[-122.026924657943,41.1156284765309],[-122.027054435282,41.1157106457526],[-122.027315581291,41.1157668928069],[-122.027422731199,41.1157767832315],[-122.027829385382,41.1156631231889],[-122.027996465385,41.1156375232087],[-122.02819884285,41.1156482147548],[-122.028591578423,41.1156695196057],[-122.029032884079,41.1156282079437],[-122.02928255364,41.1156573267855],[-122.029495249806,41.1157761832822],[-122.029600695532,41.1158941636001],[-122.029620700485,41.1161555732259],[-122.02953471493,41.1163260483072],[-122.028979926163,41.1167988429813],[-122.028376644225,41.1173162248254],[-122.028183738089,41.1174767147012],[-122.028121672626,41.1176473422476],[-122.028155798024,41.1177557540751],[-122.028284420083,41.1179189661782],[-122.028341823674,41.1180635942423],[-122.028340764894,41.1181356242227],[-122.028242561306,41.1183329748314],[-122.028156261694,41.118530402602],[-122.028166579633,41.11863866079],[-122.028200702005,41.1187469825244],[-122.028352179932,41.1189734547046],[-122.028374827181,41.1190547444077],[-122.028324343268,41.1192434814925],[-122.028223712505,41.1196119357901],[-122.028228617032,41.1200804355525],[-122.028179412147,41.1201881255374],[-122.028093743444,41.1203405698084],[-122.027863203548,41.1206268593674],[-122.027741289493,41.1208150396356],[-122.027728326222,41.1208869913601],[-122.027809010913,41.1210678359584],[-122.02799599767,41.1213125707617],[-122.02818246053,41.1215934561833],[-122.028252094404,41.1217201309494],[-122.028258912833,41.1220625092156],[-122.028208116235,41.1222782007853],[-122.028036362081,41.1226191481775],[-122.027925068405,41.122888453637],[-122.027797119579,41.1234908763342],[-122.027816899605,41.1237613036916],[-122.027870070924,41.1241941439775],[-122.027807898535,41.1243737871632],[-122.027717029205,41.1248774586937],[-122.027679621038,41.124994240836],[-122.027618917194,41.1250657959226],[-122.027534518395,41.1251371026591],[-122.027462560516,41.1251726086187],[-122.027378572869,41.1252078571233],[-122.027247188207,41.1252337782499],[-122.027127915045,41.1252418389343],[-122.02667484908,41.1252650372233],[-122.026555897228,41.1252549759316],[-122.026424718138,41.1252628666189],[-122.026269199898,41.1253066640032],[-122.026185331765,41.1253419998661],[-122.02606552698,41.1253860284419],[-122.025957524183,41.1254391513782],[-122.025885237486,41.125492596735],[-122.025836879022,41.1255461943065],[-122.026153343331,41.1258912252023],[-122.02624742328,41.1259730726685],[-122.026328963977,41.1260998258949],[-122.026375318259,41.1261902859208],[-122.026409650005,41.1262806712209],[-122.02643166628,41.1264070371788],[-122.026478022109,41.126497497156],[-122.026559444798,41.1266242529316],[-122.026629185647,41.1267420051592],[-122.026698821962,41.1268686815883],[-122.026744648764,41.1269952022737],[-122.026802262749,41.1271218021595],[-122.026824806117,41.127212017139],[-122.026823318213,41.1273110934582],[-122.0268216268,41.127428199271],[-122.026820667374,41.1274912156639],[-122.026842994252,41.1275905377095],[-122.02685310316,41.1277167352012],[-122.026897648902,41.1279243026063],[-122.02693028983,41.1281317935035],[-122.026940295426,41.1282669161139],[-122.026937319912,41.1284650686974],[-122.026847073985,41.1289237575553],[-122.026757576805,41.1293373693625],[-122.026731967398,41.1294632445539],[-122.02673111502,41.1295173357703],[-122.0267660978,41.129571658256],[-122.026813294284,41.1295991052975],[-122.026944155726,41.129609154542],[-122.027183249743,41.1295571536492],[-122.027255642119,41.1294946932463],[-122.027462504801,41.129199232116],[-122.027511734386,41.1291005542548],[-122.027560517517,41.1290198194674],[-122.027634072104,41.1288763129536],[-122.02790153579,41.1285183129609],[-122.028313980543,41.1280172697381],[-122.028398909804,41.1279099016637],[-122.028436009581,41.1278201613743],[-122.028497021427,41.1277215639157],[-122.028510309724,41.1276315791039],[-122.028516560022,41.1272083200103],[-122.028529523673,41.1271363665157],[-122.02854258941,41.1270553996185],[-122.028567884507,41.126956477698],[-122.028592856223,41.1268755871024],[-122.028629529762,41.1268128941619],[-122.028919306961,41.1265541232979],[-122.029255849497,41.1263497524494],[-122.029399566628,41.1262968596391],[-122.029507569255,41.1262437362081],[-122.029544034016,41.1261989806221],[-122.029533290047,41.126117857565],[-122.029486623174,41.1260544435134],[-122.029427932543,41.1259908622959],[-122.029298133315,41.1259086950524],[-122.029097533162,41.1257808977304],[-122.028979418271,41.1257078243185],[-122.028838566116,41.1255714889957],[-122.028744690084,41.1254716150153],[-122.028664100761,41.1252817569721],[-122.02866536349,41.1251916967123],[-122.028777289926,41.1248774046955],[-122.028925768149,41.1245003303499],[-122.029266427259,41.1240166740759],[-122.029413108469,41.1237657192919],[-122.029619840454,41.1234791826258],[-122.029766418386,41.1232372425699],[-122.029901071485,41.1229861227067],[-122.029998646018,41.1228338443233],[-122.030155640003,41.1226909672269],[-122.030251835099,41.1226287507889],[-122.030635345304,41.1224698509226],[-122.030874410622,41.1224177540651],[-122.031018120356,41.1223649492452],[-122.031090400692,41.1223115024435],[-122.031079447135,41.1222483198248],[-122.031056799091,41.1221671198695],[-122.030787296378,41.1218585645559],[-122.030601472003,41.1215417115707],[-122.030498333311,41.1212615510727],[-122.030500975094,41.1210814302896],[-122.030551029634,41.1209197389306],[-122.030685795324,41.1206686161706],[-122.030941289542,41.1203014315591],[-122.031255573197,41.1199888124511],[-122.031472829697,41.1198014238694],[-122.03195293487,41.1195532580483],[-122.032563355496,41.1193511931709],[-122.032969391415,41.1192825003899],[-122.033124268237,41.1192838601475],[-122.033780192183,41.1192262485771],[-122.034042528249,41.1192104494747],[-122.034114582281,41.119166016002],[-122.034151465511,41.119094214975],[-122.034152620519,41.119013170635],[-122.033976146463,41.1188585827815],[-122.033788412338,41.118667857007],[-122.033719195546,41.1185141397555],[-122.033722778769,41.1182709148186],[-122.033760071101,41.118163145747],[-122.033869007136,41.1180469114812],[-122.034157557581,41.1178601623985],[-122.034445597542,41.1177184869289],[-122.034745744368,41.1175588568583],[-122.035284493979,41.1173651532111],[-122.035738457288,41.1172789090807],[-122.035905331305,41.1172712372151],[-122.036035971245,41.1172993967381],[-122.036166915667,41.1173005104215],[-122.036286275671,41.1172834269867],[-122.036335163303,41.1172027782704],[-122.036303752885,41.1169052333947],[-122.036309531341,41.1165089346812],[-122.036466179243,41.1163841720564],[-122.036646752766,41.1162595592442],[-122.036789818169,41.1162517342353],[-122.036896950968,41.1162526043036],[-122.037122191848,41.1163265396851],[-122.037252408632,41.1163817426821],[-122.037323830228,41.116382292436],[-122.037479325031,41.116338572867],[-122.037637865851,41.1160876879682],[-122.037831793425,41.1158550621343],[-122.038085781727,41.1155959532695],[-122.038317516524,41.115219587801],[-122.038438664256,41.1150853975471],[-122.038691481927,41.1148984093286],[-122.038930718531,41.1148282688712],[-122.039037971755,41.1148292242703],[-122.039167863196,41.1149023665024],[-122.039249412601,41.1150291101024],[-122.03945886571,41.115364219772],[-122.039541565785,41.115409918682],[-122.039648494901,41.1154288157821],[-122.039756172273,41.1154027274621],[-122.039829262148,41.1152861711042],[-122.04004962415,41.1148826802843],[-122.040243962693,41.1146230063787],[-122.040544809378,41.1144093651255],[-122.040762952226,41.1141499332324],[-122.041042398341,41.1137738668608],[-122.041151217641,41.113666733613],[-122.041559187776,41.1134539548079],[-122.041773985857,41.113428641107],[-122.041928748906,41.1134390034423],[-122.042106994952,41.1134674612996],[-122.042379426073,41.1135688274217],[-122.042676186435,41.1136343734584],[-122.042853911293,41.1136988902884],[-122.043206554896,41.1140260687232],[-122.043312542904,41.1141080674468],[-122.043466984953,41.1141363700078],[-122.043657341035,41.1141469616194],[-122.043943361029,41.114140308448],[-122.044299861217,41.1141973068306],[-122.044453361427,41.1142886221282],[-122.044558932583,41.1143976672867],[-122.044793053407,41.1146788287503],[-122.045040121928,41.1148880368506],[-122.045323643614,41.1150525755846],[-122.045465564283,41.1151257834946],[-122.045548889817,41.1151264955078],[-122.045609248958,41.1150729631798],[-122.045636496421,41.114838904725],[-122.045678656534,41.1143889247895],[-122.045739433232,41.1143083474994],[-122.045980843822,41.1140851195044],[-122.046304654239,41.113934628135],[-122.046555685853,41.1138736535056],[-122.046675558216,41.1138205910676],[-122.046856929043,41.113632951829],[-122.047183435712,41.1132933248197],[-122.047377945525,41.1130157010945],[-122.047427536286,41.1128809596577],[-122.047506967986,41.1123321294348],[-122.047690410013,41.1120003400336],[-122.048004902766,41.1116696514713],[-122.048172901352,41.1115809190933],[-122.048483758102,41.1115024666725],[-122.048650298324,41.1115128106015],[-122.048981846203,41.1116506871536],[-122.049123545271,41.1117329077535],[-122.049382000223,41.111978242023],[-122.049474953026,41.1121412047146],[-122.04954575254,41.1121868223573],[-122.049628774308,41.1122144844456],[-122.049724317163,41.1121972370445],[-122.049987760695,41.1121003598734],[-122.050119113994,41.1120744155758],[-122.050274172519,41.1120576345513],[-122.050559667384,41.1120870261148],[-122.050689885839,41.1121422149709],[-122.050866061437,41.1123148081984],[-122.051074422103,41.1127308525924],[-122.051214893107,41.1129032187549],[-122.051356176758,41.1130123932608],[-122.05157997225,41.1131854667452],[-122.05187582237,41.1133230194531],[-122.052053854411,41.1133604791159],[-122.052149299407,41.1133522449738],[-122.052233456519,41.1132988605494],[-122.052210686743,41.1132266806966],[-122.052128397566,41.1131539440872],[-122.051856970993,41.1129715580892],[-122.051704198853,41.1128351734885],[-122.051681725381,41.1127358595076],[-122.051694365417,41.1126909489166],[-122.051825718027,41.1126650017882],[-122.051980061446,41.1127023082667],[-122.052121666409,41.1127935404327],[-122.052413776454,41.1131832437767],[-122.052541929047,41.1133824902114],[-122.052654242511,41.1138518406319],[-122.052811188604,41.1145377597454],[-122.052864403888,41.1149795994385],[-122.05291076632,41.1150610375144],[-122.052981471358,41.1151156673732],[-122.053064917223,41.1151163712245],[-122.053243987609,41.115081797881],[-122.053375047012,41.1150828929633],[-122.053517174036,41.1151380641111],[-122.053647198754,41.1152111882488],[-122.053764786803,41.1153112834778],[-122.053882391989,41.1154203028279],[-122.054320585212,41.115595082886],[-122.054638811593,41.115831946403],[-122.05473084398,41.116057829672],[-122.054761398161,41.1164184755698],[-122.054771852926,41.116517626144],[-122.054830141197,41.1166081504304],[-122.054924857452,41.1166449894635],[-122.055364089644,41.1167476461231],[-122.055481900523,41.1168387242642],[-122.055904079551,41.1173016339476],[-122.056209063924,41.1176283893825],[-122.056361875961,41.1177737812618],[-122.056515083031,41.1178831137476],[-122.05657430588,41.1179106221335],[-122.056670372148,41.1178573989355],[-122.056731852085,41.1177227280106],[-122.056785448765,41.1173087851306],[-122.056786162216,41.1172547854334],[-122.056704991521,41.1171009183943],[-122.056611505437,41.1169741101173],[-122.056589142283,41.1168747944352],[-122.056614078375,41.1167938993921],[-122.056709845815,41.1167677209951],[-122.056804978369,41.1167775135828],[-122.057041730227,41.11687853395],[-122.057218031968,41.1170421047593],[-122.057240196083,41.1171593589616],[-122.057248398912,41.1174206885542],[-122.057161447013,41.1176632125258],[-122.057148316318,41.1177531971932],[-122.057207322036,41.1177897205627],[-122.057315189049,41.1177454980959],[-122.057435478222,41.117665468827],[-122.057676249428,41.1174872011086],[-122.05789167133,41.1174169640539],[-122.058142386601,41.1173739057827],[-122.058488039189,41.1173587587253],[-122.059464543249,41.1173756842574],[-122.060655954095,41.1173584186316],[-122.061012266829,41.1174243853597],[-122.061213529611,41.1175160674751],[-122.061498003889,41.1176084516447],[-122.061698757283,41.1177361930817],[-122.061793793199,41.117754996823],[-122.061948447938,41.1177652469189],[-122.062151450116,41.1177308991853],[-122.062259609924,41.1176597173102],[-122.062332691511,41.1175522511656]]},"properties":{"OBJECTID":257,"OWNERNAME":"Shasta Trinity National Forest","OWNERTYPE":"USDA Forest Service","DESIGNATIO":" ","MANAGEMENT":" ","REV_DATE":969580800000}},{"type":"Feature","id":258,"geometry":{"type":"LineString","coordinates":[[-121.985576375489,41.1395666793039],[-121.98549967961,41.1394580278156],[-121.985405521672,41.1393851636019],[-121.98524024333,41.1392846766038],[-121.985002967261,41.1392194887199],[-121.984884434898,41.1391735087689],[-121.984825566764,41.1391369488025],[-121.984778587594,41.1390911861114],[-121.984721036007,41.1389558216582],[-121.984688841831,41.1387301064319],[-121.984641430248,41.1387117501763],[-121.984570094332,41.1387021555198],[-121.984498758437,41.13869256172],[-121.984309326853,41.1386096699872],[-121.984274157812,41.138573364188],[-121.984274719319,41.1385463161185],[-121.984287723427,41.1384655345546],[-121.984348588559,41.1383848954411],[-121.983948238999,41.1383633001344],[-121.983851611917,41.1383130059358],[-121.983693494202,41.1382259220047],[-121.98364659063,41.138135454125],[-121.9835649318,41.1380581541702],[-121.983392324991,41.1379980690889],[-121.983185219309,41.1379647567413],[-121.983005504435,41.1379318217613],[-121.98256921381,41.1379277343124],[-121.982334255925,41.1378988288201],[-121.982217726648,41.1378346990629],[-121.982122626993,41.1376672112016],[-121.982358857354,41.1376646430888],[-121.982566526186,41.1376666718809],[-121.982718786219,41.1376409171755],[-121.983010040452,41.1376436050852],[-121.983357501624,41.1375564451184],[-121.983734206164,41.1374290716931],[-121.984131119925,41.1372748794867],[-121.9844253543,41.1370840091024],[-121.984899126817,41.1366873195742],[-121.985007502619,41.136607278804],[-121.985091854152,41.1365538471485],[-121.985152494127,41.1364824046022],[-121.985177182509,41.136419552938],[-121.985190739127,41.1363114529788],[-121.985215671551,41.1362487787381],[-121.985239807424,41.1362218975483],[-121.985288104866,41.1361862510137],[-121.985384143284,41.1361421869814],[-121.985456348029,41.1360886778772],[-121.985529113652,41.1360080296806],[-121.985651506949,41.1358022155364],[-121.985676301392,41.1357302594609],[-121.98566550447,41.1356670691934],[-121.985642900379,41.1355857706065],[-121.98557254939,41.1355040572398],[-121.985513457045,41.1354765136147],[-121.985382592674,41.1354665112583],[-121.985251505243,41.1354741779261],[-121.985132201021,41.1354732765625],[-121.984894168845,41.135462088271],[-121.984882597729,41.1354439754037],[-121.984883135681,41.1353989023978],[-121.984943447116,41.1353543234573],[-121.985027804191,41.1353011619891],[-121.985147414734,41.1352572641813],[-121.985460317199,41.1350616792114],[-121.985569241856,41.1349455782248],[-121.985654481513,41.134838324563],[-121.985703541004,41.1347484978422],[-121.985752716568,41.1346500188671],[-121.985790192221,41.1345330659611],[-121.985851705408,41.1343986088663],[-121.985924478145,41.1343183214971],[-121.98602082769,41.1342469431221],[-121.986164930135,41.134176159321],[-121.986368792185,41.134096945364],[-121.986536704952,41.1340263241901],[-121.98671684807,41.1339288297972],[-121.987065453538,41.1337247417532],[-121.98738042872,41.1333851829494],[-121.987550437183,41.1331883464715],[-121.987599825422,41.1330718363731],[-121.987637404609,41.1329458703726],[-121.987652183579,41.132766007272],[-121.987653055293,41.1327029030325],[-121.987606861307,41.1326123358398],[-121.987548319408,41.1325487326405],[-121.987443576175,41.1323856388376],[-121.987408844304,41.1323135461845],[-121.987398264107,41.1322323284202],[-121.98742393744,41.1321062801181],[-121.987427584302,41.1318811697784],[-121.98744135884,41.1317553110804],[-121.987466818852,41.1316473831115],[-121.987492941144,41.1314945594865],[-121.987556333549,41.1312519177974],[-121.987630958548,41.1310453289165],[-121.987693567523,41.1308474927145],[-121.987731498243,41.1307127789365],[-121.987846576594,41.1302003709709],[-121.987824851094,41.1300648917223],[-121.987803231365,41.1299117450508],[-121.987757362103,41.1297942242322],[-121.987687359344,41.1297034941898],[-121.987594096005,41.1295765415436],[-121.987441613591,41.1294130354506],[-121.987100301377,41.1291488780494],[-121.986911335076,41.1290389448967],[-121.986816521021,41.1290021449373],[-121.986686217203,41.1289560843151],[-121.98653187509,41.1289187873795],[-121.986377429456,41.1288992459073],[-121.986246577946,41.1288892445091],[-121.986067858105,41.1288785609212],[-121.985865457055,41.1288767236452],[-121.985626669289,41.1289106144],[-121.985471446568,41.1289274970215],[-121.985256469996,41.1289615502903],[-121.985089460208,41.1289870012102],[-121.984969729599,41.1290218874453],[-121.984766559046,41.1290653959632],[-121.984324472775,41.1291425238202],[-121.984265279673,41.1291239937679],[-121.984205961591,41.1291052862646],[-121.984182363907,41.1290870041588],[-121.984183141674,41.1290419275109],[-121.984208506077,41.1289432845953],[-121.984270024693,41.12881775146],[-121.984355793315,41.1286651553378],[-121.984585984551,41.128415094641],[-121.984815502426,41.128201005822],[-121.985587195731,41.1276041037744],[-121.985658526931,41.1276139688924],[-121.985693811203,41.1276502716903],[-121.985692693598,41.1277131085125],[-121.985691712138,41.1277852270802],[-121.985710113872,41.1281276951727],[-121.985757078825,41.1281731856593],[-121.985815850973,41.128236696211],[-121.985910198165,41.1282825166151],[-121.986386904659,41.1282867610581],[-121.986673085511,41.1282623009062],[-121.987257585112,41.1282132780579],[-121.987388884774,41.1281965012042],[-121.987424936831,41.1281788061714],[-121.987485236872,41.128125482609],[-121.987522382689,41.1280355762268],[-121.987584016837,41.1279101295671],[-121.987829497013,41.1274346792576],[-121.988023848622,41.1271932916635],[-121.988120307023,41.1271219105209],[-121.988204414064,41.1270687502028],[-121.988324457462,41.1270066386101],[-121.988576034501,41.1269276550564],[-121.988743144094,41.1268931857337],[-121.988886467051,41.126876576744],[-121.989077301736,41.1268693087303],[-121.989279689641,41.1268708702389],[-121.989445928797,41.1268995033511],[-121.98962430402,41.1269279427984],[-121.989886892249,41.1268942070641],[-121.989982903593,41.1268411284388],[-121.990067239871,41.1267876939251],[-121.990139453077,41.1267434635052],[-121.99030820051,41.1266007207952],[-121.990644653675,41.1264235868619],[-121.990764477935,41.1263794103133],[-121.990943835155,41.126336000156],[-121.99111083482,41.1263105416818],[-121.99121821909,41.1263113576456],[-121.991372552951,41.1263399060476],[-121.991503189458,41.1263680211555],[-121.991621479656,41.1264230114551],[-121.991751799822,41.1264783491934],[-121.991857626157,41.126560305546],[-121.991952319232,41.1265971031972],[-121.992082850611,41.1266342319182],[-121.992130576811,41.1266255405818],[-121.992214479127,41.1265994201606],[-121.992310706011,41.1265370524814],[-121.992371213501,41.1264656987159],[-121.9924439637,41.1263851378271],[-121.99256511177,41.1262600939669],[-121.9927458934,41.1261265293359],[-121.99285414999,41.1260645095541],[-121.993009457451,41.1260209389188],[-121.993152663407,41.1260130705622],[-121.993403127771,41.1259971862912],[-121.993617427278,41.1259991812602],[-121.993915618159,41.1259746939644],[-121.994082628066,41.1259582436822],[-121.994190663629,41.1259139828359],[-121.994334515737,41.1258522957424],[-121.994478141745,41.1257995362858],[-121.994621879487,41.125746592948],[-121.994753719513,41.1256937497519],[-121.994825707877,41.1256672765884],[-121.994982341707,41.1255515801321],[-121.995162782944,41.1254360429503],[-121.995342893585,41.1253385367303],[-121.995486861279,41.125276758149],[-121.995810395087,41.1251536213863],[-121.995930107059,41.1251184555584],[-121.996097447639,41.12508397112],[-121.996252208647,41.1250851081964],[-121.996454614587,41.1250960316661],[-121.996585467277,41.125106292607],[-121.99677541449,41.1251528337088],[-121.99691762356,41.1251990553509],[-121.997094679445,41.1252998775733],[-121.997177044751,41.1253726494266],[-121.997259516604,41.1254364069439],[-121.997400744005,41.1255456432661],[-121.99755443365,41.1256280016391],[-121.99772001224,41.1256926853926],[-121.997886041629,41.1257479881241],[-121.998512257527,41.126086701473],[-121.999055909401,41.1263796819954],[-121.999362418885,41.1265897437471],[-121.999620969116,41.1268171558825],[-121.99985539215,41.1270713598771],[-121.999925526696,41.1271620808304],[-121.999972061244,41.12723452284],[-121.999995225537,41.1272798472637],[-122.000029961314,41.1273431948254],[-122.000040335895,41.1274421708308],[-122.000014354903,41.1275862506287],[-122.000001139866,41.1276673079486],[-121.999951988281,41.1277657931498],[-121.999914646274,41.1278737329677],[-121.999813946891,41.1282240503475],[-121.999810367275,41.1284671853324],[-121.999828636064,41.1288366939285],[-121.99996433302,41.1293152734459],[-122.000022233704,41.1294239462761],[-122.000057182617,41.1294692643551],[-122.000151886785,41.1295061462309],[-122.000223662813,41.1294976091268],[-122.000295529221,41.1294623911825],[-122.000368167125,41.1293908396523],[-122.000476739719,41.1293017699937],[-122.000586184549,41.1291586083046],[-122.000731455237,41.1290067625105],[-122.001124038514,41.1287514610115]]},"properties":{"OBJECTID":258,"OWNERNAME":"Shasta Trinity National Forest","OWNERTYPE":"USDA Forest Service","DESIGNATIO":" ","MANAGEMENT":" ","REV_DATE":1121385600000}},{"type":"Feature","id":259,"geometry":{"type":"LineString","coordinates":[[-121.859151683837,41.1735566984172],[-121.859138952601,41.1735019981691],[-121.859152064655,41.1734426781411],[-121.859355042107,41.1732509307013],[-121.859464693333,41.1732172168114],[-121.859603476258,41.1732505779712],[-121.859736419752,41.1732562653215],[-121.859655836092,41.1730467373091],[-121.859718108998,41.1729266584838],[-121.859860131985,41.1727634872314],[-121.860013583376,41.1726460218291],[-121.860251499213,41.172543344574],[-121.860525739797,41.1724406691007],[-121.860666441373,41.1723552089778],[-121.860808098408,41.172214754349],[-121.860901391009,41.1720739362627],[-121.861055558061,41.171915359011],[-121.86136708407,41.1717580486001],[-121.861798096355,41.1716891827328],[-121.862250928091,41.1716717255986],[-121.862513343294,41.1716413248842],[-121.862917779536,41.1717048930287],[-121.863182829744,41.1717851323583],[-121.863327933922,41.1717959529863],[-121.86357762775,41.1717113912743],[-121.863898917544,41.1716917395093],[-121.864104892062,41.1716847084991],[-121.864251300342,41.1716174555596],[-121.864385322845,41.1715639055288],[-121.864681233871,41.1716079911395],[-121.864948195286,41.1715876138785],[-121.865251019938,41.1715814824409],[-121.865377650721,41.171600957321],[-121.865559083295,41.1716165522464],[-121.866050436509,41.1718622299281],[-121.866268722665,41.1718980946218],[-121.866557369898,41.1720061875217],[-121.86696061336,41.1721426748568],[-121.866984802226,41.172147721187],[-121.867538747251,41.1723315321414],[-121.867773788634,41.1723840898064],[-121.86820719322,41.172613047937],[-121.868349908542,41.1726326414013],[-121.86843519293,41.1726558841778],[-121.868569096196,41.1726161215101],[-121.868684174522,41.1726126930397],[-121.868874556388,41.172628780083],[-121.869064675734,41.1726667733911],[-121.869183192237,41.1727038508547],[-121.869311632258,41.1727515060456],[-121.869512005508,41.1727076856113],[-121.869905493226,41.1727116379363],[-121.87034437164,41.1728943598557],[-121.870728575761,41.1730903360075],[-121.870836150744,41.1731690358691],[-121.870980900123,41.1732026557047],[-121.871100154936,41.1733090321852],[-121.871287666339,41.1733200205489],[-121.87142979716,41.1735043779992],[-121.871567989065,41.1735650449483],[-121.871962691227,41.1738527038787],[-121.872239079756,41.173974216435],[-121.872610079167,41.1742342858014],[-121.872911364009,41.1743147758471],[-121.873218258269,41.1744276285945],[-121.873574111949,41.1745088321341],[-121.873778316319,41.1745978905151],[-121.874122136706,41.1746834197578],[-121.874453098186,41.1747463365023],[-121.874836102894,41.1747087883553],[-121.875290950959,41.1746676394182],[-121.87570243155,41.1746760813805],[-121.87611191966,41.1746857219434],[-121.876219669841,41.1747571137669],[-121.876400672441,41.1748104642992],[-121.876575127661,41.1748867158114],[-121.876706470742,41.1750176915253],[-121.876838494917,41.1751018787907],[-121.876970247147,41.1752075222127],[-121.877115654663,41.1753388275509],[-121.877309088316,41.1754666183791],[-121.877408049514,41.17554345961],[-121.877520863453,41.1756307289532],[-121.877605599517,41.1756965173622],[-121.877681189426,41.1757404486432],[-121.877775945196,41.1757703042994],[-121.877842246219,41.1757960793867],[-121.877918779112,41.1757896150298],[-121.878108549385,41.1758456250263],[-121.878364086628,41.1759524747989],[-121.878523472516,41.1761125914985],[-121.878664473246,41.1762436921267],[-121.878904731481,41.1764082729837],[-121.879016216101,41.1765856918931],[-121.879101127427,41.1766444454436],[-121.879130952919,41.1766735613901],[-121.879195658044,41.17668836395],[-121.879312850911,41.1767426681993],[-121.87936863647,41.176748860554],[-121.879518591526,41.1767716680127],[-121.87962346379,41.1767647763092],[-121.879876427392,41.1768232614525],[-121.879935215679,41.1768121946597],[-121.880019030045,41.1768244554753],[-121.880133121028,41.1768467180378],[-121.880240231966,41.1768343853739],[-121.880309095816,41.1768215439741],[-121.880408149996,41.1768380832773],[-121.880672417862,41.1768597148304],[-121.880794618099,41.1768550857825],[-121.880853238532,41.1768286069271]]},"properties":{"OBJECTID":259,"OWNERNAME":"Shasta Trinity National Forest","OWNERTYPE":"USDA Forest Service","DESIGNATIO":" ","MANAGEMENT":" ","REV_DATE":1121385600000}},{"type":"Feature","id":261,"geometry":{"type":"LineString","coordinates":[[-121.799141550157,41.0793995021329],[-121.799046241022,41.0795975150686],[-121.798971912527,41.0796881632138],[-121.798962800962,41.0796995590413],[-121.79876466432,41.0799474460913],[-121.798721922971,41.0800123160625]]},"properties":{"OBJECTID":261,"OWNERNAME":"Shasta Trinity National Forest","OWNERTYPE":"USDA Forest Service","DESIGNATIO":" ","MANAGEMENT":" ","REV_DATE":1121385600000}},{"type":"Feature","id":262,"geometry":{"type":"LineString","coordinates":[[-121.89581681759,41.174053041593],[-121.895833004102,41.1740436043164],[-121.895928903098,41.1739723002],[-121.89596178307,41.1738734701357],[-121.896082346016,41.1738386562195],[-121.896221967631,41.173781383251],[-121.896374937771,41.173719940946],[-121.896553041725,41.1736271126564],[-121.896698142951,41.1735969747541],[-121.896826683303,41.1734900259089],[-121.897014796936,41.1735505394204],[-121.897268301746,41.1734987495578],[-121.89747106687,41.1734467377887],[-121.897661081263,41.1734035700899],[-121.897831320079,41.1733826949492],[-121.897958429237,41.1733522865706],[-121.898085299606,41.1732903381592],[-121.898175123189,41.1732281382581],[-121.898271024764,41.1731480890811],[-121.898329038403,41.1730630276556],[-121.898418861211,41.1729963213777],[-121.898508088396,41.1729161031596],[-121.898585522516,41.1728312891285],[-121.898593501311,41.1727232791589],[-121.898670697495,41.1726519879146],[-121.898867017595,41.1725771777925],[-121.898975307477,41.1725242506741],[-121.899096225949,41.1724669858492],[-121.899267055268,41.1724415029698],[-121.899399999314,41.1724291219121],[-121.899545098242,41.1724395406036],[-121.899671850603,41.1723911998477],[-121.899818256034,41.1723249871721],[-121.899932617878,41.1722540315587],[-121.900047461234,41.1722057827717],[-121.900212211827,41.1721531687995],[-121.900408182073,41.1721146853005],[-121.900541477877,41.1720706608839],[-121.900681455041,41.1719866086699],[-121.900872296603,41.1719344096271],[-121.900991894893,41.1719173632655],[-121.901156653373,41.1719055791806],[-121.901454824123,41.1718092093221],[-121.901730613369,41.1718929905987],[-121.901843316417,41.171975192457],[-121.901910989402,41.1720705153708],[-121.901991161626,41.172170065026],[-121.902186183786,41.1722305561976],[-121.90267711675,41.1722802437297],[-121.902783745241,41.1723174704726],[-121.90291383965,41.1723817403655],[-121.903020461589,41.172427710899],[-121.903138995475,41.17246475636],[-121.903233356319,41.1725199251355],[-121.903292210192,41.172565538564],[-121.903315679541,41.1725927618355],[-121.903327001131,41.1726289135014],[-121.903326047771,41.1726827356724],[-121.903336185514,41.1727910105085],[-121.90329893393,41.1731915804451],[-121.903145047249,41.1735279452197],[-121.903167332883,41.1736182793015],[-121.903202955238,41.1736276518972],[-121.903262636502,41.1736190846602],[-121.903346974753,41.1735747199149],[-121.903515180939,41.1734862690078],[-121.903826941232,41.1733813044654],[-121.903934629494,41.1733641650501],[-121.904113565634,41.173356938819],[-121.904292501734,41.1733497123117],[-121.904388395845,41.1733234684267],[-121.904496089222,41.1732885721147],[-121.904663821708,41.1732361794195],[-121.905119357848,41.1730872951662],[-121.905286853784,41.173052930611],[-121.905477702193,41.1730548054177],[-121.905656510189,41.1730473083477],[-121.905739790245,41.1730573069661],[-121.905822943473,41.1730760512359],[-121.905941362402,41.1731221087986],[-121.906036427611,41.1731409427222],[-121.906108148118,41.1731328214259],[-121.906180215991,41.1730973841056],[-121.906217134622,41.1730255275551],[-121.906278594734,41.1729181483504],[-121.906340052393,41.1728106772555],[-121.906488322424,41.1724876421091],[-121.906548602427,41.1724523850567],[-121.906608517783,41.1724347976126],[-121.906715858601,41.1724359583287],[-121.906926853996,41.1725595616571],[-121.907311424436,41.1727297331899],[-121.907675723733,41.1727286928425],[-121.908140674704,41.1726430159506],[-121.908321980848,41.1725861747562],[-121.908351271261,41.1724828888678],[-121.908293837035,41.1723967865098],[-121.908298013158,41.1723657183934],[-121.908310736545,41.1722753931471],[-121.908412695793,41.1721907378232],[-121.90874850252,41.1720679100643],[-121.9092293786,41.1718200204765],[-121.909423760821,41.1716057882898],[-121.909460679333,41.171543035804],[-121.909461980491,41.1714621677243],[-121.909438976363,41.1714078080833],[-121.909392740279,41.1713263130275],[-121.90931052917,41.1712444656352],[-121.909215581797,41.1712166194038],[-121.909120864149,41.171179487146],[-121.908990179027,41.1711512840267],[-121.908242507739,41.170955104365],[-121.908063546408,41.1707820750934],[-121.907892949176,41.1706950830596],[-121.907819074087,41.1706041838161],[-121.907911623076,41.1705508585015],[-121.908056473622,41.1704892556195],[-121.908256117428,41.1704056368581],[-121.908404892928,41.1703259479605],[-121.908578442829,41.1702016262719],[-121.90854971211,41.170093094922],[-121.908490131886,41.1699934165169],[-121.908483566735,41.1698898653841],[-121.908500112074,41.1697955159598],[-121.908596469832,41.169733209535],[-121.908692481082,41.169698217241],[-121.908788369351,41.1696719705926],[-121.908919883448,41.1696463515978],[-121.909110957092,41.1696211771822],[-121.909265577845,41.1696404513737],[-121.909396150867,41.1696779384403],[-121.909610337005,41.1697067600547],[-121.909764851177,41.1697354105809],[-121.909990951591,41.1697465636124],[-121.91028888515,41.1697584246752],[-121.910348563202,41.1697498537832],[-121.91040871361,41.1697233386217],[-121.9104925755,41.1696882598068],[-121.910553314365,41.1696256838175],[-121.910578321893,41.1695540084362],[-121.910591411137,41.1694909868339],[-121.910374822042,41.169380815155],[-121.910354195441,41.1692771181659],[-121.910385510359,41.1691829041478],[-121.91042515336,41.1690839661357],[-121.910494464514,41.1689899840457],[-121.910586532118,41.1688874519407],[-121.910730065972,41.168812347727],[-121.910881807232,41.1687325192252],[-121.911180403759,41.1684787511132],[-121.911229341152,41.1683979671538],[-121.911267316666,41.1682632734134],[-121.911344083525,41.1679396123149],[-121.911513207565,41.167251764076]]},"properties":{"OBJECTID":262,"OWNERNAME":"Shasta Trinity National Forest","OWNERTYPE":"USDA Forest Service","DESIGNATIO":" ","MANAGEMENT":" ","REV_DATE":1121385600000}},{"type":"Feature","id":263,"geometry":{"type":"LineString","coordinates":[[-121.911513207565,41.167251764076],[-121.911523093851,41.167211595024],[-121.911537246443,41.1670857359611],[-121.911526392547,41.1670135268704],[-121.911527097351,41.1669774643744],[-121.91137807051,41.1669310666569],[-121.911259871799,41.1667812696789],[-121.911330008148,41.1666334664156],[-121.911432508549,41.1663460067003],[-121.911524566574,41.1662209419134],[-121.911594697157,41.1660863877845],[-121.911635048188,41.1659381374519],[-121.911706948762,41.1656956701137],[-121.911794554216,41.1653901414738],[-121.911820128281,41.1651968701074],[-121.911912182958,41.1650940675836],[-121.912026271837,41.164986962819],[-121.912016247064,41.1648744525679],[-121.912071729997,41.1647622936825],[-121.912134849462,41.1646864323427],[-121.912207171366,41.1646207943158]]},"properties":{"OBJECTID":263,"OWNERNAME":"Hearst Corporation","OWNERTYPE":"Private","DESIGNATIO":" ","MANAGEMENT":" ","REV_DATE":1121385600000}},{"type":"Feature","id":264,"geometry":{"type":"LineString","coordinates":[[-121.821515678987,41.1718716053704],[-121.821613024603,41.1720421583643],[-121.821680541794,41.1721777226089],[-121.821764840039,41.1723409846146],[-121.822008574835,41.1727185984784],[-121.822151206211,41.1729370721842],[-121.82234340027,41.1731187724605],[-121.822520528537,41.1734668010547],[-121.82285877469,41.1736779213594],[-121.823131293549,41.1738051842101],[-121.82316081867,41.1738656818722],[-121.823024488746,41.173965638447],[-121.822986091479,41.1740715590296],[-121.822780008788,41.1743184506885],[-121.82247733571,41.1745138394473],[-121.822421692818,41.174550431422],[-121.822371987234,41.1746004546736],[-121.822309049544,41.1746968180565],[-121.82219752648,41.1748403957798],[-121.822182794991,41.1749262348027],[-121.822040020302,41.1750587295059],[-121.82184025461,41.1753012904397],[-121.821806095402,41.1755085468858],[-121.821856502434,41.1757018635697],[-121.82206074603,41.1759403512594],[-121.822260247432,41.1760576838698],[-121.822326095725,41.1761367610029],[-121.822410294764,41.1762115167033],[-121.82255039092,41.1762314704843],[-121.822653057672,41.1762970329707],[-121.822805274405,41.1765221273895],[-121.822866527849,41.1766547193942],[-121.822968729987,41.1767535477697],[-121.82305723113,41.1768897076786],[-121.82310612332,41.1769201819069],[-121.823179149633,41.1769301143081],[-121.823288014109,41.1769958576652],[-121.823329811977,41.1770470742934],[-121.823471837398,41.1773021493648],[-121.823565212875,41.1774847469124],[-121.823536457997,41.1777873721445],[-121.823624905254,41.1779447143418],[-121.823695143296,41.1781307120293],[-121.823779103264,41.1782193504851],[-121.823783834535,41.1783023825745],[-121.823837539384,41.1783674850413],[-121.823879578979,41.1784094156934],[-121.82389671642,41.1784697330811],[-121.823913353681,41.1785666511873],[-121.823903749598,41.1787650797543],[-121.823889159913,41.1788939980043],[-121.82386789111,41.1790599677446],[-121.823937507226,41.1792730148815],[-121.824057192143,41.1794080902116],[-121.824159379686,41.1794967325952],[-121.824402766469,41.1795501516574],[-121.824707511353,41.1795853707843],[-121.82495806515,41.1795786567541],[-121.825153704974,41.1795670632583],[-121.825440952076,41.1795606241252],[-121.825594174426,41.179534417299],[-121.825705117138,41.1794756579233],[-121.825760895678,41.1794255433765],[-121.825939263252,41.1793671525076],[-121.826043401473,41.1793498621606],[-121.82614158582,41.1793185975929],[-121.826228953312,41.179213403283],[-121.826308905544,41.1791818636114],[-121.826921314682,41.1787543667756],[-121.82705776582,41.1786309717966],[-121.827233341969,41.1783836158579],[-121.827467973514,41.1782382364192],[-121.827635653884,41.1780831097836],[-121.827752909375,41.1780197498721],[-121.827985716675,41.1779805708546],[-121.828187055994,41.1779871873361],[-121.828339062873,41.1780303040244],[-121.828521446994,41.178073608615],[-121.828736516555,41.1780113441441],[-121.828921813906,41.1778885855026],[-121.829082198759,41.1777978248156],[-121.829320722514,41.1777819938259],[-121.82955960089,41.1777427242286],[-121.829725703726,41.1776800005242],[-121.829823630954,41.1776715398303],[-121.829916829278,41.1775710348474],[-121.830077699848,41.1774573733601],[-121.830299925859,41.1773256911594],[-121.830386193845,41.1772850437817],[-121.830467716622,41.1771751549992],[-121.830584002169,41.1771486696473],[-121.831009017967,41.1769545359627],[-121.831184695382,41.1766931134373],[-121.831315669234,41.1765329292264],[-121.831482614279,41.1764240446366],[-121.831674093998,41.1763105640611],[-121.831914548292,41.1761746475484],[-121.832403452103,41.1758195925125],[-121.832675480183,41.1756283220441],[-121.833094536154,41.1754205697517],[-121.833195117617,41.1752644333753],[-121.833270323459,41.1751546352434],[-121.833457775628,41.1749163819846],[-121.833644024302,41.1747429485964],[-121.833814977993,41.1747539656908],[-121.833938540359,41.1746722109597],[-121.834172905621,41.1745453915289],[-121.834320281108,41.1745006906919],[-121.834649800512,41.174513351305],[-121.834783580039,41.1745423963434],[-121.835005306989,41.1744430698185],[-121.835165677535,41.1743523024363],[-121.83524964327,41.1744361554307],[-121.835419992726,41.1744747593425],[-121.835589382116,41.1745688965247],[-121.8358327562,41.1746267096039],[-121.836039320766,41.1746842495063],[-121.836744305324,41.1748851795817],[-121.836853298582,41.1749322535003],[-121.83694821181,41.1750993148955],[-121.837044818463,41.1751649551794],[-121.837103770687,41.175285767587],[-121.837125778263,41.1754149614174],[-121.837196280417,41.175572826441],[-121.837131906575,41.1757565558177],[-121.837068619258,41.1758851093219],[-121.83693194773,41.1760130256157],[-121.836635864561,41.1761854612586],[-121.836535401604,41.1763320444554],[-121.836681938093,41.1763428743071],[-121.836805131999,41.176279328086],[-121.836990290733,41.1761704404915],[-121.837188081935,41.1760433393766],[-121.837361331938,41.175906684145],[-121.837387081101,41.1758424044565],[-121.837437729905,41.1757413447464],[-121.837548776062,41.1756685134811],[-121.83756261629,41.1755764676451],[-121.83756490121,41.1754471872644],[-121.837628664141,41.1753000600831],[-121.837692433393,41.1751439186968],[-121.837636253978,41.1748757039645],[-121.837479982221,41.1747264873419],[-121.837275829956,41.174530653803],[-121.837228184366,41.1744560943721],[-121.837106199699,41.174445804879],[-121.836961467892,41.1743518495643],[-121.836938492245,41.1742685446505],[-121.837036183793,41.1742696365236],[-121.837230954681,41.174308509829],[-121.83743836123,41.1743197978729],[-121.837546997198,41.1743855320602],[-121.837742617955,41.1743784261983],[-121.838023405795,41.1743903498526],[-121.838134565794,41.1743267988902],[-121.83837794893,41.1743663099388],[-121.838643216777,41.174571970189],[-121.83882223392,41.1748045831123],[-121.839041672491,41.1748345293077],[-121.839298525358,41.1748186807279],[-121.83949606574,41.1747005939696],[-121.839590508857,41.1748862284146],[-121.839660404523,41.1750713209434],[-121.839654669995,41.1752610401872],[-121.839703837798,41.1753855991923],[-121.839725375212,41.1755427412043],[-121.839876177872,41.1756641851794],[-121.839969359819,41.1757912515251],[-121.840000524345,41.1758685768593],[-121.840074833157,41.1758913705746],[-121.840290587073,41.1760468305094],[-121.840433995849,41.1762328269856],[-121.840592081876,41.1762713325535],[-121.840748294038,41.1763620526781],[-121.840775109385,41.1764973956917],[-121.840887338516,41.1766424788328],[-121.840931380065,41.1768503036768],[-121.841025035124,41.1769863767399],[-121.841118189348,41.1771540022238],[-121.841192012972,41.1773619316726],[-121.841314229243,41.1775341776988],[-121.841436930615,41.1777066863006],[-121.841559613747,41.1778970429663],[-121.841830973986,41.1780560996097],[-121.842244126927,41.1781801744221],[-121.842621671136,41.1782487087484],[-121.842878053756,41.1782604398062],[-121.842988258117,41.1782523286286],[-121.843244045649,41.1782919191332],[-121.84333383805,41.1783562130312],[-121.843337658025,41.1785234394846],[-121.843407976121,41.1786317332303],[-121.843392976573,41.1787711164235],[-121.843404458393,41.178893435476],[-121.843627520165,41.1789850604569],[-121.844082996526,41.1791473531892],[-121.844365669061,41.1792179091581],[-121.844542473309,41.1792104396773],[-121.844609167494,41.1791545674136],[-121.844539945003,41.1789268350832],[-121.844480647602,41.1788209927099],[-121.844335430509,41.1787459785323],[-121.844167220007,41.1785873005737],[-121.844204750232,41.1785321286655],[-121.844229653728,41.1785047234003],[-121.844593013376,41.1786931548331],[-121.844757372106,41.1787668057184],[-121.845136282669,41.1790363945115],[-121.845472126305,41.1792199119173],[-121.845721875765,41.1793486345353],[-121.846058064705,41.1795500817488],[-121.846371479699,41.1796117080862],[-121.846628085953,41.1796642587096],[-121.846937546143,41.179576866383],[-121.847165392929,41.1795024835157],[-121.847341030014,41.1794219304942],[-121.847550641418,41.1792453359581],[-121.847800218529,41.1790111911094],[-121.847925802882,41.1788094269235],[-121.848126321506,41.1783771755809],[-121.848177081067,41.1781976062478],[-121.848325003342,41.1779198943027],[-121.848365145462,41.1777582375498],[-121.848368366894,41.1775689154841],[-121.848514739865,41.1772912255394],[-121.84849226218,41.1771538368571],[-121.848690153187,41.1770174328959],[-121.848898042828,41.1770101279075],[-121.849158141612,41.1770228729192],[-121.849337540966,41.177023920191],[-121.849495038714,41.1770993781258],[-121.849774066564,41.1770425328238],[-121.85000128796,41.1770042956575],[-121.850252923538,41.1769706560907],[-121.850498169345,41.1770309360724]]},"properties":{"OBJECTID":264,"OWNERNAME":"Shasta Trinity National Forest","OWNERTYPE":"USDA Forest Service","DESIGNATIO":" ","MANAGEMENT":" ","REV_DATE":1121385600000}},{"type":"Feature","id":265,"geometry":{"type":"LineString","coordinates":[[-121.919766140217,41.1601634732471],[-121.919766513698,41.1601551743193],[-121.919736337526,41.1600420725151],[-121.919709030133,41.1599383011666],[-121.919696491379,41.1598390786569],[-121.919721238771,41.1597358611481],[-121.919751814084,41.1596413863062],[-121.919802640555,41.1595383092936],[-121.919906700815,41.1594220674278],[-121.919938332974,41.1594159954606],[-121.920058320613,41.1593921631608],[-121.920269866607,41.159434526091],[-121.920575148327,41.1594510260311],[-121.920850614578,41.1593724423742],[-121.921058079845,41.1592979676767],[-121.921245292009,41.1592365102693],[-121.921377133216,41.1591928489111],[-121.921693208599,41.1590921893283],[-121.922311408808,41.1591880657106],[-121.922429934715,41.159234105791],[-121.922500931377,41.1592617677033],[-121.922631139214,41.1593171816889],[-121.922725375351,41.159381079665],[-121.922796492643,41.1594087396743],[-121.922890731681,41.1594816508157],[-121.922960797233,41.1595634042281],[-121.923007856805,41.1595998155749],[-121.923101863057,41.1596817432869],[-121.923195754124,41.1597727759962],[-121.923289409906,41.1598727344194],[-121.923418922843,41.1599732234471],[-121.923525305801,41.1600281911289],[-121.923667420961,41.1600835127341],[-121.923833365829,41.160139278469],[-121.923883833068,41.1601517513869]]},"properties":{"OBJECTID":265,"OWNERNAME":"Shasta Trinity National Forest","OWNERTYPE":"USDA Forest Service","DESIGNATIO":" ","MANAGEMENT":" ","REV_DATE":1121385600000}},{"type":"Feature","id":266,"geometry":{"type":"LineString","coordinates":[[-121.925159194883,41.1601481070031],[-121.925168566821,41.1601246194046],[-121.925181638582,41.1600525844952],[-121.925194579353,41.1599445890595],[-121.925209048978,41.1597826724056],[-121.92519993472,41.1596160713361],[-121.925202608034,41.1594583011535],[-121.925221735157,41.1593323650365],[-121.92526862364,41.1592425954648],[-121.925321221699,41.1591170456048],[-121.925493118277,41.1591772244583],[-121.925650129274,41.1592373610919],[-121.92587333889,41.1592572731269],[-121.926149083744,41.1592868312544],[-121.926368244474,41.1592845428519],[-121.926495319314,41.1592541967357],[-121.926595944387,41.1592010938178],[-121.926735623888,41.1591301753062],[-121.926884725687,41.1590820051889],[-121.927021568007,41.1590517790201],[-121.927212471047,41.1589905268231],[-121.927465933708,41.1589841019791],[-121.927677228196,41.1589904043417],[-121.927891900199,41.159082547744],[-121.928150882036,41.159188431326],[-121.92834799843,41.15916340451],[-121.928624165801,41.1590757814131],[-121.929020307353,41.1590480472815],[-121.929225422516,41.1590769748956],[-121.929407547368,41.1590967028511],[-121.929533444247,41.1591023338453],[-121.929714370621,41.1591040529014],[-121.929870757682,41.1591143522927],[-121.930034166047,41.1590890293576],[-121.930154607253,41.1591485524771],[-121.930255889966,41.1592351398658],[-121.930372158701,41.1592812082868],[-121.930492374214,41.1593588493676],[-121.930507188262,41.1594580360554],[-121.930495803966,41.1595615907639],[-121.93034829257,41.1596953644419],[-121.930384786434,41.1597903407232],[-121.930715043986,41.1597347775014],[-121.930934197756,41.1597232861608],[-121.931095905784,41.159630302899],[-121.931241564724,41.159604712868],[-121.931416973063,41.1595341386008],[-121.931356529588,41.1596730619742],[-121.931563438048,41.1596933046001],[-121.931680377018,41.1596492301108],[-121.931921825584,41.1596874163834],[-121.932241711428,41.1598436358646],[-121.93268202843,41.1597979947011],[-121.93298730884,41.1598098675044],[-121.933233128417,41.1597627212606],[-121.933840915306,41.1597232334154],[-121.934169255724,41.1596451579845],[-121.934587758263,41.1595590170476],[-121.935027428805,41.1594145057918],[-121.935290648124,41.1593989020221],[-121.935451722634,41.1594768993484],[-121.935475247736,41.1595853241689],[-121.93548923796,41.1596890285571],[-121.935515737447,41.1597973163382],[-121.935567977846,41.1599328780371],[-121.935606858233,41.1599880672492]]},"properties":{"OBJECTID":266,"OWNERNAME":"Shasta Trinity National Forest","OWNERTYPE":"USDA Forest Service","DESIGNATIO":" ","MANAGEMENT":" ","REV_DATE":1121385600000}},{"type":"Feature","id":267,"geometry":{"type":"LineString","coordinates":[[-121.941293113188,41.1597887456991],[-121.941307848072,41.1597831996573],[-121.941447979394,41.1596942316714],[-121.94163348864,41.1595924818842],[-121.941841758397,41.1595176894575],[-121.942119015498,41.1594664319712],[-121.942386380952,41.1594236202803],[-121.942603275374,41.1594211568804],[-121.942903199752,41.1594330882745],[-121.94315144106,41.1594712382965],[-121.943387400778,41.1594780320109],[-121.94362118626,41.1594397036671],[-121.943834351501,41.1593918706883],[-121.944031545374,41.159308323115],[-121.944197409737,41.1592287764454],[-121.944331327035,41.1591084458869],[-121.944494061312,41.1589837020169],[-121.94478399337,41.1588422914164],[-121.945010464639,41.158740711498],[-121.945275020035,41.1585988823879],[-121.945493891684,41.1585200432542],[-121.945654507364,41.1584403065099],[-121.945787127024,41.1583425262503],[-121.945911988898,41.1582264814807],[-121.946013479571,41.1580742058916],[-121.946122820961,41.1578996351879],[-121.946236763305,41.1576620823551],[-121.946284317344,41.1575407485546],[-121.946220865053,41.1574051864055],[-121.946177534018,41.1572739983796],[-121.94622543722,41.1571259805476],[-121.946284774942,41.1569957199377],[-121.946401535943,41.156870877269],[-121.946558004394,41.1568227491747],[-121.94689364237,41.1568347470524],[-121.947060770208,41.1568766733553],[-121.947356641246,41.1569019064787],[-121.947630703397,41.1569089114789],[-121.947916077608,41.1569115029633],[-121.948298388861,41.15689257767],[-121.948530276849,41.1568856342864],[-121.948780258349,41.1568609239721],[-121.949072212598,41.1568997335285],[-121.949349055191,41.1569652766862],[-121.949411995755,41.1570423499489],[-121.949385172872,41.1571683200695],[-121.949379431331,41.1572988290015],[-121.949360081616,41.1573887203436],[-121.949305122561,41.1574783538743],[-121.949433304328,41.1575154761502],[-121.949674416439,41.1575762562885],[-121.949840866314,41.1576544223975],[-121.949853323884,41.1577578794916],[-121.949865676691,41.157870710946],[-121.949874720671,41.1580150501471],[-121.949903681485,41.1582044149248],[-121.949937590029,41.1583129457837],[-121.950086002003,41.1581655226801],[-121.95023673893,41.1580992732179],[-121.950469088119,41.1580609547529],[-121.95061707351,41.1579767211423],[-121.950824850006,41.157897414247],[-121.951040983154,41.1578408702416],[-121.951352667143,41.1578168161944],[-121.951589336724,41.1578235836138],[-121.951825327717,41.1578885859743],[-121.952039987815,41.1579267003202],[-121.952193051024,41.1579504517102],[-121.95249112084,41.1580343135645],[-121.952721533747,41.1581174275631],[-121.952817485772,41.1582128226732],[-121.952848923319,41.1583528464431],[-121.952854896421,41.1585285987639],[-121.953037365068,41.1586744696286],[-121.953201662946,41.15889209796],[-121.953316285158,41.1589427668711],[-121.953532226023,41.1589447158997],[-121.953740781862,41.1589465111928],[-121.953913599245,41.1589390372714],[-121.954068636752,41.1588865057658],[-121.954221410718,41.1588382452224],[-121.954374157943,41.1587541122753],[-121.954551421022,41.1586519315227],[-121.954725759286,41.1586041461335],[-121.95485961262,41.1585739345719],[-121.955006687575,41.1585482053705],[-121.955166626059,41.1585226349466],[-121.955410759353,41.1584842138838],[-121.955589616708,41.1584318488897],[-121.955765865552,41.1584062028388],[-121.955945101208,41.1583808701351],[-121.956085161996,41.1583730950592],[-121.95620393435,41.1583968371608],[-121.956392852974,41.1584209261322],[-121.956555313015,41.1584136109725],[-121.956677138834,41.1583964755509],[-121.956795866833,41.1583662299843],[-121.956938122141,41.1582817160239],[-121.957215883649,41.1581447030569],[-121.957816742713,41.1579700117276],[-121.958014785797,41.1579314036018],[-121.958283342293,41.1579066543153],[-121.958445881571,41.1578542700297],[-121.958757368935,41.1577533195451],[-121.958934118082,41.1577460484585],[-121.959087292921,41.157756361337],[-121.959216876744,41.1577573984686],[-121.959404102294,41.1577413106611],[-121.959596410219,41.1576889991182],[-121.959750078942,41.15758654912],[-121.959857722296,41.1575516066565],[-121.959983466927,41.1575167414836],[-121.960138501917,41.1574687080436],[-121.960278220344,41.1574833759389],[-121.960435557539,41.1574803724782],[-121.960610484989,41.1574413116689],[-121.960712587741,41.1573430915085],[-121.960816996229,41.1572944087266],[-121.960930481312,41.1572641499419],[-121.96113907917,41.1573155947076],[-121.961241669893,41.1572308856405],[-121.961346596063,41.1570965703253],[-121.961411914502,41.1570205575961],[-121.961539047841,41.1569363679214],[-121.961648089321,41.1568785978768],[-121.961700060687,41.1567890952794],[-121.9617220964,41.1566631072173],[-121.961790392691,41.1565871384744],[-121.961776890935,41.1564112336608],[-121.961702629121,41.156338670466],[-121.961574519003,41.1562564042929]]},"properties":{"OBJECTID":267,"OWNERNAME":"Shasta Trinity National Forest","OWNERTYPE":"USDA Forest Service","DESIGNATIO":" ","MANAGEMENT":" ","REV_DATE":1121385600000}},{"type":"Feature","id":268,"geometry":{"type":"LineString","coordinates":[[-121.97422227301,41.1433096821027],[-121.974293979817,41.1432504165929],[-121.974295419219,41.1431512522052],[-121.974246741157,41.1430652234268],[-121.974075898106,41.1429915783746],[-121.973947566715,41.1429139262996],[-121.974006629403,41.1428061901574],[-121.973994128075,41.142697961569],[-121.973945410667,41.14257146583],[-121.973890138632,41.1424404776798],[-121.973878085415,41.1423052019505],[-121.97380796813,41.1422144647003],[-121.973723644405,41.142087630307],[-121.973782595306,41.141984493203],[-121.973819655411,41.141894860776],[-121.973915154557,41.1417874525623],[-121.974035973084,41.1416309759135],[-121.974122731747,41.1414741340244],[-121.974251987095,41.141304183586],[-121.974200896207,41.1411866493908],[-121.973791843027,41.1410568218703],[-121.973741086092,41.1409167492331],[-121.973595897765,41.1407757320556],[-121.97342903547,41.1406301890943],[-121.973242503211,41.1404618815087],[-121.973138994539,41.1403212884984],[-121.973046123299,41.1402168493951],[-121.972994925697,41.1401083288527],[-121.972975042906,41.1399957101026],[-121.973008749421,41.1398923405132],[-121.973094260549,41.1397983402943],[-121.973212038249,41.1396958996573],[-121.9733407366,41.1395663376276],[-121.97339573174,41.1394319884786],[-121.973408317309,41.1392878534859],[-121.973400635003,41.1391167287305],[-121.973392106569,41.1389407499472],[-121.973436848223,41.1388015157596],[-121.973502299352,41.1386534818612],[-121.973556842603,41.1385503266602],[-121.973527494525,41.1383835086443],[-121.973571886518,41.1382532030029],[-121.973668450389,41.1381370357314],[-121.973830505285,41.1379088876664],[-121.973873742751,41.1378102350661],[-121.973907326443,41.1377068678296],[-121.973951018664,41.1375900922426],[-121.974017475515,41.1373834593001],[-121.973998198136,41.1372798442242],[-121.973947002571,41.1371800663104],[-121.973864037615,41.1370937692682],[-121.973855129425,41.1369992734099],[-121.973929943451,41.1369277030587],[-121.973994737896,41.1368337586757],[-121.974038910034,41.1367214812571],[-121.974040469259,41.1366180788572],[-121.974031848389,41.1364647247676],[-121.974038753406,41.1363522246561],[-121.974075489769,41.1361860770494],[-121.974198213324,41.1361511550706],[-121.974330076451,41.1362018010543],[-121.974503329116,41.1362122286575],[-121.974721783492,41.1362862942515],[-121.975046423435,41.1363430922703],[-121.975249558649,41.136448674635],[-121.975403347582,41.1365174498361],[-121.97550131224,41.1365950372854],[-121.975431384652,41.1367835203103],[-121.975420330554,41.1369096058267],[-121.975389825467,41.1369993141188],[-121.975272385763,41.1371786321951],[-121.975036239564,41.137378929368],[-121.974879694642,41.1376253790018],[-121.974857504223,41.137805357509],[-121.974887309399,41.1379497261396],[-121.97500941168,41.1381040835019],[-121.975172838518,41.1382677042782],[-121.975316814812,41.1383950394527],[-121.975444253732,41.1385312879321],[-121.975554045564,41.1386492474007],[-121.975582303572,41.1389017045099],[-121.975759595427,41.1388898944339],[-121.975880260732,41.1389314319737],[-121.976047037631,41.1388879721485],[-121.976180960548,41.1388576475847],[-121.976317397054,41.1388363862551],[-121.976473859475,41.1388420283896],[-121.976621327254,41.1388884613431],[-121.976729531795,41.138961650709],[-121.976739549412,41.1390876738682],[-121.976723496012,41.1392093314511],[-121.976802874778,41.1392818944877],[-121.976984635477,41.1393285967856],[-121.977138706116,41.1394202583051],[-121.977325155185,41.1395074440492],[-121.977590764754,41.1394691802187],[-121.97780990879,41.1394079453295],[-121.977972277334,41.1393600450135],[-121.978138107365,41.139329755771],[-121.978272737137,41.1392904957285],[-121.978497951623,41.1392249273518],[-121.978726572474,41.1393261353199],[-121.978858421653,41.1394623114789],[-121.978977791955,41.1394049941283],[-121.979108988525,41.1393879592268],[-121.979246040145,41.139384711348],[-121.979364352775,41.1393408400339],[-121.979468116849,41.1392831384747],[-121.979649833892,41.1390864879628],[-121.979729068178,41.1389249838421],[-121.979859730832,41.1388541488812],[-121.980000529282,41.1389004133805],[-121.980099924093,41.1389734684029],[-121.980228812423,41.1390195594779],[-121.980334268683,41.1390835956813],[-121.980319041745,41.1391961378961],[-121.980313962771,41.1393356489232],[-121.980410608342,41.1394039709496],[-121.980582156879,41.1394730916267],[-121.980777141622,41.1395243549456],[-121.980965244697,41.1395979885229],[-121.981227655592,41.1396724299177],[-121.981415763134,41.1397419185504],[-121.981542506211,41.1397835349082],[-121.981685674858,41.139820655607],[-121.981799188993,41.1398487815445],[-121.981952342592,41.139872496481],[-121.982134547075,41.1398876364061],[-121.982165023213,41.1399781860771],[-121.982186466612,41.140090779174],[-121.982286698272,41.1401638198185],[-121.982497395904,41.1402105962245],[-121.982669506109,41.1402481586263],[-121.982828453979,41.1403307252015],[-121.982937662635,41.1404399451509],[-121.983118604734,41.1402973773105],[-121.983223801296,41.140244158122],[-121.98335522444,41.1402094483721],[-121.983491792685,41.1402016072352],[-121.983648844835,41.1401983074696],[-121.983785296284,41.1401904677714],[-121.983929020011,41.140187380085],[-121.98413118699,41.1401666913954],[-121.984399169208,41.1401238682513],[-121.984758508994,41.1400956405234],[-121.984915744782,41.1400430362843],[-121.985053028411,41.1400351816938],[-121.985235549603,41.1400187678308],[-121.985404033124,41.1400155553942],[-121.98556650527,41.1400532680723],[-121.985821815697,41.140064450779],[-121.985852629532,41.1399476034675],[-121.985791995526,41.13983004436],[-121.9856689355,41.1396936475576],[-121.985576375489,41.1395666793039]]},"properties":{"OBJECTID":268,"OWNERNAME":"Shasta Trinity National Forest","OWNERTYPE":"USDA Forest Service","DESIGNATIO":" ","MANAGEMENT":" ","REV_DATE":1121385600000}},{"type":"Feature","id":269,"geometry":{"type":"LineString","coordinates":[[-121.961574519003,41.1562564042929],[-121.961410434074,41.1561648776657],[-121.961288721374,41.1560465492748],[-121.961190116719,41.1559241626426],[-121.961081643593,41.1558196884575],[-121.961087741896,41.1557117046331],[-121.961126433916,41.1555677010271],[-121.961142302089,41.1554599257869],[-121.961153825828,41.1552977810768],[-121.961167048034,41.1551629181894],[-121.961187062281,41.1550369619146],[-121.961185281112,41.154910807426],[-121.961186857163,41.15481163815],[-121.961202728426,41.1547082799331],[-121.961225967008,41.1545957937992],[-121.96123147042,41.1544878205388],[-121.961275896158,41.1543576066217],[-121.961298541144,41.15424513017],[-121.961264989371,41.1541502068031],[-121.961192578441,41.1540189389197],[-121.961083036671,41.1537837906793],[-121.961016859977,41.1536932535133],[-121.960837290323,41.1535969219258],[-121.960742154018,41.1534880005868],[-121.960785530145,41.1533803373066],[-121.960870367932,41.1532910406229],[-121.960988224968,41.1532380018529],[-121.961097942447,41.1531354270862],[-121.961204065003,41.1530146127622],[-121.961289802128,41.1528668074246],[-121.961375950269,41.1526468920446],[-121.961418447906,41.1523633951939],[-121.961425074635,41.1521833013075],[-121.961404144574,41.1519490183907],[-121.96137722398,41.1518091972231],[-121.961307781881,41.1513987489452],[-121.961217842687,41.1512446829342],[-121.961023065617,41.151040432513],[-121.960963663316,41.1509362699372],[-121.960943523412,41.150791836642],[-121.960940833055,41.150580072732],[-121.961014363839,41.1504997871858],[-121.961096824875,41.1504238676152],[-121.961221183155,41.1503213344896],[-121.961339264207,41.1502505344119],[-121.961482592444,41.1501842974426],[-121.961578767693,41.1501309653576],[-121.96169364131,41.1500778825137],[-121.961819741853,41.1500565286271],[-121.961947780343,41.1500668708955],[-121.962064390793,41.1500903704047],[-121.962279140476,41.150114945479],[-121.962459937586,41.1501388815008],[-121.962698999225,41.1501860586527],[-121.962958074885,41.1502380585977],[-121.963097864357,41.1503384356839],[-121.963308251178,41.1504167956059],[-121.963555468155,41.1505182822138],[-121.963766405043,41.1505470614672],[-121.964007088877,41.1505447284584],[-121.964162595315,41.150510202923],[-121.964280936668,41.150475088498],[-121.964436776576,41.1504180253475],[-121.964589785354,41.1503879542518],[-121.964726374394,41.1503757172879],[-121.964862947967,41.150349870578],[-121.96499473809,41.1503058911638],[-121.965110818569,41.150270811228],[-121.96522127785,41.1502087804838],[-121.965311123761,41.1501375203253],[-121.965392028207,41.1500571153323],[-121.965479116694,41.1499633654935],[-121.965555841233,41.1498695062462],[-121.96563151374,41.149793691285],[-121.96575647277,41.1497046630824],[-121.965877300249,41.1496517525479],[-121.966067704783,41.1496265010851],[-121.966190216982,41.1495959155481],[-121.966381075868,41.1495481236466],[-121.966521788637,41.1494909353233],[-121.966672271816,41.1494426954201],[-121.966829431227,41.1493991282376],[-121.967063768427,41.1493694886531],[-121.967312278714,41.1493357516167],[-121.967570936416,41.1493246578028],[-121.967785535637,41.1493220980264],[-121.968019200824,41.1493331175785],[-121.968357017573,41.1494038769293],[-121.968837448992,41.1495475637452],[-121.969109041636,41.1496086377784],[-121.969326987993,41.1496195406393],[-121.969484859713,41.149575958341],[-121.969686568052,41.1495417815414],[-121.969813117269,41.1494978790188],[-121.969884217364,41.1493814843802],[-121.969764914412,41.1492946727504],[-121.969665856911,41.1491993410568],[-121.96978667061,41.1491416500708],[-121.969931584182,41.1491205326978],[-121.969946437164,41.1489676189543],[-121.970112379778,41.148897140202],[-121.970283648844,41.1487995379599],[-121.97040502135,41.1487015490163],[-121.970459464854,41.1486029908849],[-121.970558562671,41.1485090475443],[-121.97071261705,41.1484609275639],[-121.970859858307,41.1483902007652],[-121.970943117622,41.1483611303076],[-121.971010926326,41.1483374401473],[-121.971127345063,41.148284593261],[-121.971058169132,41.1481848269958],[-121.97091765689,41.1480800530173],[-121.970904381077,41.1480735028908],[-121.970619661555,41.147933145053],[-121.970374485943,41.1478410132755],[-121.97026162442,41.1478759579471],[-121.970123573015,41.1478477550166],[-121.969997927108,41.1477249012614],[-121.969891896526,41.1475663188459],[-121.96979625947,41.147439386985],[-121.969670626263,41.1473256362429],[-121.969571519564,41.14718073336],[-121.96929116101,41.1469170045237],[-121.969206612488,41.1468079252436],[-121.969171464563,41.1466681449342],[-121.969184899962,41.1465330089222],[-121.969269112738,41.146430288884],[-121.969412978069,41.1463190583934],[-121.969545391653,41.1461983647246],[-121.969662193335,41.1460554734395],[-121.969888350076,41.1458366856399],[-121.970213335535,41.1457180978566],[-121.970460043402,41.1455672145056],[-121.970553614598,41.14547155509]]},"properties":{"OBJECTID":269,"OWNERNAME":"Shasta Trinity National Forest","OWNERTYPE":"USDA Forest Service","DESIGNATIO":" ","MANAGEMENT":" ","REV_DATE":1121385600000}},{"type":"Feature","id":270,"geometry":{"type":"LineString","coordinates":[[-122.062332691511,41.1175522511656],[-122.062322321497,41.1174439968962],[-122.062124958775,41.1170821341519],[-122.061835024903,41.1165302736027],[-122.061801875756,41.1163498404499],[-122.06173628375,41.1159348842935],[-122.061822999996,41.1157013730006],[-122.061948718178,41.11524297936],[-122.062130859819,41.1149923039642],[-122.062495472035,41.1144817549711],[-122.062665214772,41.1142759867065],[-122.062714365178,41.1141682846183],[-122.062765875454,41.1138984002312],[-122.062899689277,41.1137013357626],[-122.063093017312,41.113504733128],[-122.063333979463,41.1133175299844],[-122.063693146414,41.1131853378539],[-122.064087509934,41.1130894273268],[-122.064218564384,41.1130905101446],[-122.064527755694,41.1131200198472],[-122.064669789426,41.1131841935075],[-122.064940013512,41.1134476879604],[-122.065326934736,41.1138832055729],[-122.065762374225,41.114246991403],[-122.066282503423,41.114530513327],[-122.066518751346,41.1146675755082],[-122.067251933125,41.1150427525695],[-122.067559921739,41.1151624051295],[-122.067690567301,41.1151904398251],[-122.06783350884,41.115182580154],[-122.068072017522,41.1151665621325],[-122.06853843536,41.1150351988204],[-122.069277833604,41.1149690798336],[-122.069790023295,41.1149642166815],[-122.070326333931,41.1149414665082],[-122.070899178369,41.1148650244113],[-122.071150385848,41.1147859704793],[-122.071868725925,41.1145305537348],[-122.0720715915,41.1144961004156],[-122.072154433339,41.1145418660327],[-122.072272043294,41.1146418551456],[-122.072331269786,41.1146693555003],[-122.072438500282,41.1146612719917],[-122.072463126645,41.1146074165951],[-122.072417733036,41.1144448542464],[-122.072395158463,41.1143636612385],[-122.072444198189,41.1142649693932],[-122.072552341186,41.1141936886941],[-122.072862360745,41.114169177135],[-122.073124163079,41.1141893560858],[-122.07349227786,41.1142643750946],[-122.073979256476,41.1143673461056],[-122.074157808919,41.1143688033905],[-122.074360384038,41.114361390972],[-122.074575272023,41.1143270957503],[-122.074742137772,41.1143194615986],[-122.074966807892,41.1144383143231],[-122.075085552466,41.1144662682387],[-122.075240105846,41.1144855176735],[-122.07545458638,41.1144782649104],[-122.07582513521,41.1143821714702],[-122.076458902462,41.1142070827304],[-122.07696101205,41.114075996904],[-122.077199896333,41.1140238125455],[-122.077354759274,41.1140250294368],[-122.077663865488,41.1140636112029],[-122.078009496236,41.1140483185451],[-122.078509176319,41.1140883311111],[-122.079031870685,41.1141915916857],[-122.079270059959,41.1141934938892],[-122.079770556848,41.1141794992534],[-122.080258430197,41.1142104188478],[-122.08080522461,41.1142868612462],[-122.08113785091,41.1143525341077],[-122.081364136951,41.1143543601942],[-122.081674251249,41.1143208115811],[-122.081948053073,41.1143319406227],[-122.082102416136,41.1143692096572],[-122.082363505198,41.1144343560307],[-122.082931311931,41.11471809894],[-122.083156596552,41.1147919511554],[-122.083441900499,41.1148302842363],[-122.083738605261,41.1149046593021],[-122.084130161228,41.1150159396452],[-122.08437894457,41.1151079649261],[-122.084557210936,41.1151363610635],[-122.084854325574,41.1151837773996],[-122.08529581106,41.1151332513864],[-122.086358117956,41.1149705302572],[-122.086931442209,41.1148579539944],[-122.087327093448,41.1146719094943],[-122.087963712312,41.1142805842488],[-122.088805914015,41.1136746520336],[-122.089118610474,41.113451951169],[-122.089238451556,41.1133988473936],[-122.089441238591,41.1133824832797],[-122.089653907908,41.1135012384863],[-122.089770163519,41.1137092998127],[-122.089778390912,41.1139796408081],[-122.089667152495,41.1142670285851],[-122.089484207958,41.1145808490691],[-122.089361967697,41.1148050583941],[-122.089336665832,41.11491300556],[-122.089334767768,41.1150481414949],[-122.089483057177,41.1155266885813],[-122.089575202078,41.1157526369322],[-122.089657530817,41.1158253486941],[-122.089740668966,41.115844060385],[-122.089801396988,41.11576346092],[-122.08985100563,41.1156196870509],[-122.090048155921,41.1151438460467],[-122.090313547916,41.1149027332359],[-122.090507893533,41.1146249534929],[-122.090630131966,41.1144007429465],[-122.090750564351,41.1143025629084],[-122.091098185057,41.1141431744903],[-122.091564956814,41.1139846797036],[-122.091732103808,41.1139499806275],[-122.091982194006,41.1139519292225],[-122.092290031781,41.1140895484474],[-122.092644580112,41.1142904692216],[-122.09289029699,41.1146076725418],[-122.093030870012,41.1147799933135],[-122.093137626735,41.114816873418],[-122.093256756388,41.1148087529704],[-122.093388618446,41.114755714491],[-122.093676693148,41.1145868603323],[-122.093976007088,41.1144810883962],[-122.094370338047,41.1143850811306],[-122.094561505857,41.114341595347],[-122.095218940277,41.1141755682423],[-122.096139240197,41.1139396122127],[-122.096535167242,41.1137355073471],[-122.096630983327,41.113691180804],[-122.09672651726,41.1136738982524],[-122.096832966011,41.1137288065448],[-122.096867098277,41.1138462144113],[-122.096899746563,41.1140716223352],[-122.096868329479,41.1146298712468],[-122.096992839339,41.1150993441447],[-122.097188795969,41.1155782548384],[-122.097527199441,41.1160853327844],[-122.09792753381,41.1164308509022],[-122.09827933343,41.1168299083688],[-122.098385600965,41.1169028448582],[-122.098480430725,41.1169305465475],[-122.098611892481,41.1169045481081],[-122.098684799965,41.1167970627224],[-122.09877050224,41.1166265427916],[-122.098882881792,41.1162490861381],[-122.09893534367,41.1158982317455],[-122.098985330399,41.1157274089089],[-122.099051082194,41.1152775504683],[-122.099124972408,41.1150979440458],[-122.099498453452,41.1147856000564],[-122.099860333296,41.1144551515636],[-122.100101481626,41.1142408333376],[-122.100405010698,41.1138197923784],[-122.100538626081,41.1136317015413],[-122.100623122041,41.113542227104],[-122.100767161124,41.1134622986901],[-122.100862694839,41.1134450127259],[-122.101005162736,41.113482187699],[-122.101098912224,41.1135910224245],[-122.101262909058,41.1137904305089],[-122.101570082481,41.1139820268991],[-122.102019485862,41.1142107108465],[-122.102387258124,41.1143217019236],[-122.102933186163,41.1144610643058],[-122.103289053701,41.1145718937914],[-122.103726963663,41.1147734555561],[-122.103833326939,41.1148373726947],[-122.103974324666,41.114982635093],[-122.10432507436,41.1154627185469],[-122.104606187583,41.1158162600296],[-122.104758880089,41.1159706071366],[-122.10502974991,41.1161978673635],[-122.105112399784,41.1162525374444],[-122.10521925608,41.1162803938146],[-122.105326483975,41.1162722807737],[-122.105411307815,41.1161737846959],[-122.105617995757,41.1158601705417],[-122.105763013059,41.1157081143046],[-122.106016544738,41.1154578845851],[-122.106292990594,41.115270809984],[-122.106520961703,41.1151554822219],[-122.106748325672,41.1150762172086],[-122.106856250208,41.1150229369015],[-122.106893035532,41.1149421911272],[-122.106717603273,41.1147065705423],[-122.106412585389,41.1143619109491],[-122.106168957438,41.113882643296],[-122.106101549823,41.1135848175781],[-122.106167531738,41.1131079125518],[-122.106216522619,41.1130092072856],[-122.10636202469,41.1128211816281],[-122.106626373233,41.1126520647805],[-122.107131137615,41.1123136028352],[-122.107443797353,41.1120998703288],[-122.107480484079,41.1120280495604],[-122.107519038917,41.1118211842885],[-122.107510745376,41.1115508444021],[-122.107524422023,41.1114248834049],[-122.107573106707,41.1113442091418],[-122.107753333086,41.1112285116004],[-122.108159528057,41.1111325318034],[-122.108969502526,41.1111297925596],[-122.109279401821,41.1111141150962],[-122.10956510207,41.1111253432544],[-122.109767176508,41.1111539329652],[-122.110194367122,41.1112743553479],[-122.110551577031,41.1112770741592],[-122.110754628601,41.1112336331135],[-122.110885865481,41.1112166388308],[-122.111054087823,41.1111097917523],[-122.111246700502,41.1109581889106],[-122.111342712621,41.1109048347476],[-122.111521376805,41.1109062379396],[-122.111854107318,41.1109628127665],[-122.112102914091,41.1110548740657],[-122.112244893982,41.1111280056408],[-122.112457991736,41.111219766667],[-122.112707890961,41.1112397038434],[-122.112969876084,41.1112416793049],[-122.113088905101,41.1112425546685],[-122.113256641595,41.1111718539964],[-122.113401148681,41.1110558520705],[-122.113597249158,41.1106429904987],[-122.113754538996,41.1104640410294],[-122.113921571289,41.1104382360729],[-122.11418355463,41.1104403015438],[-122.114314699829,41.110432317783],[-122.114446510045,41.1103702445857],[-122.114424464794,41.1102439848072],[-122.114179822583,41.1098366752316],[-122.114090314899,41.1094035832971],[-122.11410455585,41.1092325474631],[-122.114228443301,41.1088731815797],[-122.114229901273,41.1087650919889],[-122.114148042466,41.1086564253248],[-122.113936500718,41.1084475633348],[-122.113807399225,41.1083024722234],[-122.113691381121,41.1080763139281],[-122.113645506392,41.1079409044903],[-122.113482945787,41.1076333330677],[-122.1132847717,41.1073165405525],[-122.113239595203,41.1071360531983],[-122.113216946847,41.1070457654441],[-122.113290031794,41.1069292560593],[-122.113398126184,41.106858031657],[-122.113541257467,41.1068411028424],[-122.114040814189,41.1068899883649],[-122.114492460159,41.1069565353072],[-122.114729746509,41.1070213847419],[-122.114895434496,41.1071037570371],[-122.115084321478,41.1072222399127],[-122.115472485457,41.1075855696766],[-122.115886490647,41.1077959636926],[-122.116017049552,41.1078329628678],[-122.116584728665,41.1081255684635],[-122.116916482582,41.108254249784],[-122.117249204389,41.108310810956],[-122.117606612569,41.1083045844275],[-122.117761737483,41.1082787058526],[-122.117917859821,41.1081898104147],[-122.118158240565,41.1080205356064],[-122.118446832323,41.1078155625397],[-122.118949692504,41.1076212032482],[-122.119213114519,41.1075150767086],[-122.119285314649,41.107461578309],[-122.11947865448,41.1072468614545],[-122.119540099903,41.1071032351871],[-122.11951717147,41.1070399928352],[-122.119340661216,41.1068855254502],[-122.119305802359,41.1068132017648],[-122.119273477898,41.1065606653848],[-122.119206688466,41.1062088501052],[-122.119138661036,41.1059561072372],[-122.119139809984,41.1058660482799],[-122.119224877715,41.1057405903957],[-122.119416488167,41.105661005676],[-122.11958362878,41.105635192398],[-122.119762280124,41.1056365837827],[-122.119905678487,41.1055926047192],[-122.120121094889,41.105513246337],[-122.120622095123,41.1054540155395],[-122.120919975678,41.1054472553866],[-122.121075184489,41.1054123597272],[-122.121362609955,41.1052974391522],[-122.121648378975,41.1052996249001],[-122.121815218941,41.1052919292372],[-122.121958734253,41.1052479475032],[-122.122054525991,41.1052036916889],[-122.12216407907,41.1050332926374],[-122.122228411067,41.104673487054],[-122.122302897306,41.1044398704936],[-122.122304160982,41.1043498104437],[-122.122178513064,41.1039434747681],[-122.122179475427,41.1038713554494],[-122.122252152884,41.1037818864416],[-122.122455956083,41.1036843352483],[-122.122742590664,41.1036234134049],[-122.122849618629,41.1036333156871],[-122.123027571911,41.1036796871117],[-122.12327494987,41.1038887359845],[-122.123437934484,41.1041692478339],[-122.123632293312,41.1047742312568],[-122.123783379367,41.1050546733094],[-122.123876879687,41.105190443982],[-122.12400578918,41.1053446303987],[-122.124133852972,41.105570755742],[-122.124132680838,41.1056518013543],[-122.124119156168,41.105777851721],[-122.124046391312,41.105876426335],[-122.123746102334,41.1060633135595],[-122.123625726488,41.1061614335485],[-122.12356486175,41.1062600761976],[-122.123599815307,41.1063233850834],[-122.123741499238,41.1064145352428],[-122.124108481121,41.106579463371],[-122.124451273561,41.1067712990189],[-122.124581266314,41.1068533635213],[-122.124756915539,41.1070708377275],[-122.124790427571,41.1072422360113],[-122.12481182906,41.1074225833094],[-122.124786973785,41.1075034905059],[-122.124702394158,41.1075928936825],[-122.124558695161,41.1076549076417],[-122.12432013712,41.1076801383459],[-122.124176525295,41.1077330482537],[-122.124019567329,41.1078939794192],[-122.124029247094,41.1080562287719],[-122.124075323851,41.1081736970974],[-122.123893116724,41.1084425811958],[-122.12373549401,41.1086575112658],[-122.123686230329,41.1087742548258],[-122.12357534638,41.1090526537805],[-122.123503058809,41.1091151683522],[-122.123286975902,41.1092487114584],[-122.123214477029,41.1093201530449],[-122.123105426548,41.1094635057865],[-122.123080839679,41.1095173702124],[-122.123091206396,41.1096345427184],[-122.123185764873,41.1096892702019],[-122.123447565995,41.1097093435642],[-122.123554211223,41.1097462003193],[-122.123742757526,41.1099007284818],[-122.124087487005,41.1099484157578],[-122.124385176914,41.109950663053],[-122.124789631022,41.109989763271],[-122.124884583541,41.1100175342209],[-122.125085609226,41.11012714352],[-122.125096638321,41.1101902273748],[-122.124927297413,41.110387152881],[-122.124601744101,41.1106819962518],[-122.124384485022,41.1108964977077],[-122.124169359573,41.1109579222909],[-122.123883568451,41.1109557418619],[-122.123681188788,41.1109452057348],[-122.123573187946,41.1110074252401],[-122.123548121586,41.111097349341],[-122.123570692502,41.1111965602481],[-122.123652751939,41.1112872813997],[-122.123842084243,41.1113878081324],[-122.123947677801,41.1115057080696],[-122.124111555452,41.1117232055033],[-122.124145728889,41.1118405153421],[-122.124117201391,41.1121916045594],[-122.124128054282,41.1122728082518],[-122.124221927919,41.1123726116858],[-122.124328784798,41.1124004504608],[-122.124472312644,41.1123564647942],[-122.124760035466,41.1122145827987],[-122.124915855728,41.1121436187317],[-122.125166993186,41.1120644566427],[-122.125429463969,41.1120304379852],[-122.125894705661,41.1119799043622],[-122.126122179172,41.1119898302682]]},"properties":{"OBJECTID":270,"OWNERNAME":"Shasta Trinity National Forest","OWNERTYPE":"USDA Forest Service","DESIGNATIO":" ","MANAGEMENT":" ","REV_DATE":969580800000}},{"type":"Feature","id":271,"geometry":{"type":"LineString","coordinates":[[-123.124822379847,41.5174993570181],[-123.124726368424,41.5174364387722],[-123.124738245615,41.5173822958229],[-123.124809977016,41.5172651499738],[-123.12489364731,41.5172020072885],[-123.125073250804,41.5170577386045],[-123.125204762089,41.5169224209182],[-123.125396228652,41.5167510684902],[-123.125539746746,41.5166248320735],[-123.125659427422,41.5165256169646],[-123.125719133913,41.5164264495871],[-123.125754948089,41.5163092933193],[-123.125730384307,41.5160571686916],[-123.125694288334,41.5159491056606],[-123.125658159356,41.5158320254435],[-123.125633950278,41.5157329578477],[-123.125477834898,41.5155439929495],[-123.125345610887,41.5153730167914],[-123.125153497902,41.5151930643427],[-123.125009479238,41.5150671171017],[-123.124901394124,41.5149771693629],[-123.124805292264,41.5148601344669],[-123.124685231426,41.5147071652193],[-123.124588992681,41.5145541452332],[-123.124456821936,41.5143651262389],[-123.124384521548,41.5141490939892],[-123.124324313302,41.5139959900792],[-123.124311932241,41.5137978632704],[-123.124383393883,41.5135815969732],[-123.12447889664,41.5133292871576],[-123.124538565403,41.5132211004174],[-123.124634106854,41.5130408571064],[-123.124693740898,41.5129236522053],[-123.12476527122,41.5127254253209],[-123.124777074869,41.5125902866565],[-123.124764854798,41.512464222592],[-123.124728463778,41.5122481104654],[-123.124704132012,41.5120859986798],[-123.124667844918,41.5118968542668],[-123.124631432667,41.5116446641562],[-123.12461873202,41.5113024087922],[-123.124654281122,41.5110862238131],[-123.12465391973,41.5108700295826],[-123.124653360954,41.5105727526153],[-123.12461686076,41.5102665365233],[-123.124580400672,41.5100323880337],[-123.124484254931,41.5098704375983],[-123.124483989379,41.5097713168931],[-123.124567605192,41.509573059725],[-123.124698888411,41.5093206742281],[-123.124890071981,41.5090502923144],[-123.125033566791,41.5088609210216],[-123.125129261872,41.5087527417217],[-123.125236764823,41.5085724730226],[-123.125308379279,41.5084282713532],[-123.125331849805,41.5081850581029],[-123.125343442425,41.5079958971094],[-123.125295048286,41.5077707940147],[-123.125246810782,41.5076176656278],[-123.125198614101,41.5074736452883],[-123.125126488373,41.5073025295985],[-123.125089992677,41.5070593638269],[-123.125005886232,41.5069153334004],[-123.124826020697,41.5068615350696],[-123.124706194286,41.5068886849342],[-123.124550747113,41.5070510233032],[-123.124454976165,41.507078116415],[-123.124347134887,41.5070782697202],[-123.124191000903,41.5068801971217],[-123.123999043358,41.5067633798039],[-123.123723301269,41.5067096155023],[-123.12350757955,41.5067008125798],[-123.123316013177,41.5068091158717],[-123.123136555027,41.5069534676907],[-123.123053057944,41.5071517192741],[-123.123077558736,41.5074218826299],[-123.123113787699,41.5075660209191],[-123.123149853733,41.5076380035305],[-123.12316205148,41.5077280791571],[-123.123114158154,41.5077551546411],[-123.122946560905,41.5078724230058],[-123.122850752957,41.5078904967152],[-123.122778817461,41.5078905692138],[-123.122562973751,41.5078188087805],[-123.122454965475,41.5076837604563],[-123.122322781116,41.5074858114056],[-123.122262409931,41.5072877038859],[-123.122238330073,41.5071886340981],[-123.1221541584,41.5070265654746],[-123.122021992783,41.506864604896],[-123.121806271981,41.506855798814],[-123.121782422297,41.5069098786041],[-123.121782755109,41.5070899933866],[-123.121783178253,41.5073242240813],[-123.121759537326,41.5074953728438],[-123.121723771748,41.5075944864572],[-123.121616190795,41.5077567140293],[-123.12156840177,41.5078108458086],[-123.121424828037,41.5079191280293],[-123.121281111666,41.5079913350869]]},"properties":{"OBJECTID":271,"OWNERNAME":"Klamath National Forest","OWNERTYPE":"USDA Forest Service","DESIGNATIO":" ","MANAGEMENT":" ","REV_DATE":1214438400000}},{"type":"Feature","id":272,"geometry":{"type":"LineString","coordinates":[[-122.884295077974,42.0192653153149],[-122.884125831608,42.0193011198256],[-122.883799634275,42.0193638734843],[-122.883545876513,42.0193996168731],[-122.883159180314,42.0195073374578],[-122.882784438643,42.0196600920343],[-122.882095755596,42.0198034749498],[-122.881841806572,42.0199473389077],[-122.881551690557,42.0201001484515],[-122.880995846984,42.020216675673],[-122.879714712716,42.0206116081325],[-122.879086414967,42.0207461118861],[-122.878469962094,42.0209705928252],[-122.877889478545,42.0213032746654],[-122.877768579178,42.0213661303208],[-122.877599349704,42.021456076122],[-122.877478337264,42.0215369832211],[-122.877030808423,42.0218336984618],[-122.876765003796,42.0219234905285],[-122.876474956707,42.0219862167573],[-122.876172851151,42.0220400098757],[-122.875689548687,42.0221295070536],[-122.875218291006,42.0221830790025],[-122.874879906174,42.0222817355204],[-122.874553483222,42.0224525001957],[-122.874335682895,42.0226054554827],[-122.874130063645,42.0227763652217],[-122.874021116713,42.0229023011666],[-122.873936171433,42.0230553081261],[-122.873899685209,42.0231814036129],[-122.873935563888,42.0233885270373],[-122.874007615268,42.0235958225198],[-122.874140067776,42.0238030989684],[-122.874248291803,42.0240283444069],[-122.874296334886,42.0241905177776],[-122.874404463905,42.0244788504193],[-122.874548991132,42.0247222237489],[-122.87470557147,42.0249565704023],[-122.874922436607,42.025190991055],[-122.875054998365,42.0253532306399],[-122.875163339895,42.025551487495],[-122.875211175423,42.0257947112064],[-122.875210663427,42.0260468842074],[-122.875186148831,42.0262719854486],[-122.875088939792,42.0265150729798],[-122.874967727472,42.0267401127095],[-122.874907028506,42.0269292131549],[-122.874870436254,42.0270913220382],[-122.874870019895,42.0272804084554],[-122.874893848928,42.0274876253725],[-122.874918998234,42.0275786583239]]},"properties":{"OBJECTID":272,"OWNERNAME":"Klamath National Forest","OWNERTYPE":"USDA Forest Service","DESIGNATIO":" ","MANAGEMENT":" ","REV_DATE":969580800000}},{"type":"Feature","id":273,"geometry":{"type":"LineString","coordinates":[[-122.874918998234,42.0275786583239],[-122.874953731062,42.0277038607905],[-122.875050011193,42.0278840718596],[-122.87515847008,42.0280642776671],[-122.875290833786,42.0283256173612],[-122.875399281047,42.0284608782123],[-122.875555959393,42.0286051511995],[-122.875700688741,42.028722349885],[-122.875821302817,42.0288215953523],[-122.875845332771,42.0289206863946],[-122.875905338883,42.0291369193695],[-122.875892551271,42.0294430730376],[-122.875892266057,42.0296412705488],[-122.875855567381,42.0298483286602],[-122.87579466052,42.0301275048463],[-122.875733846633,42.0303345706177],[-122.875600560965,42.0305236051332],[-122.875430996512,42.0307575978767],[-122.87528554452,42.0309915836072],[-122.8751038128,42.0312615915849],[-122.874921977842,42.0315945964148],[-122.874727974279,42.0319367227092],[-122.874473556607,42.0322877118143],[-122.874255533204,42.0325936505275],[-122.874110284041,42.0327375599965],[-122.873892448439,42.0328814913683],[-122.87374730062,42.0329803622072],[-122.873529688281,42.0330792529243],[-122.873312069336,42.0331690274103],[-122.873009698221,42.0333038661702],[-122.872646920513,42.0334655243883],[-122.872235796535,42.0336452462468],[-122.87200611202,42.0337259955396],[-122.871691895701,42.0337887183115],[-122.871377668136,42.033815428795],[-122.870870264533,42.0338328903808],[-122.870568211363,42.0338505681733],[-122.870145220562,42.0338950838129],[-122.86993976494,42.0339489268401],[-122.869625431494,42.0340386324042],[-122.869299262779,42.0340652465165],[-122.869069563292,42.0341010464069],[-122.868888341723,42.034154881229],[-122.868610183447,42.0342536008125],[-122.8683563713,42.0343073644899],[-122.868078545707,42.0342891091261],[-122.867824837088,42.034288808622],[-122.867498548403,42.0343244462364],[-122.867220617458,42.0343691876897],[-122.866773510341,42.0344406818999],[-122.866362576975,42.0345032330253],[-122.865915469109,42.0345657890543],[-122.865444119773,42.0346103009756],[-122.864924639027,42.034591639627],[-122.864622700433,42.0345913405229],[-122.86421187464,42.034608846904],[-122.863945995518,42.0346445534626],[-122.863535172825,42.0346621483758],[-122.863015580819,42.0346885167082],[-122.862653107573,42.0346970724756],[-122.862483934139,42.0347239124018],[-122.862314646651,42.0347867625893],[-122.862060942839,42.0348224610624],[-122.861855471548,42.0348312562872],[-122.861710415672,42.0348671160092],[-122.861468430006,42.0350199648416],[-122.861008804714,42.0352895530702],[-122.860766930006,42.0353973632173],[-122.860488985174,42.0354240389244],[-122.860187033676,42.0353696690072],[-122.859752313357,42.0352880632229],[-122.85954707075,42.0352427878381],[-122.859269122135,42.035233451044],[-122.859003237781,42.0352691473095],[-122.858737473218,42.0352868795846],[-122.858435405935,42.0352864790799],[-122.858217874355,42.0353132302995],[-122.857988172709,42.0353940457056],[-122.857758350671,42.0355198087623],[-122.857564703089,42.0356366318018],[-122.85726217932,42.0358614160213],[-122.856899357124,42.0360501063803],[-122.856609118537,42.0361578265286],[-122.856476002324,42.0362388063808],[-122.856439710571,42.0362927836741],[-122.856451421831,42.0364278964368],[-122.856499548181,42.0365540655189],[-122.856583732516,42.0366892595756],[-122.856800808071,42.0368876090221],[-122.856969531158,42.0370859667125],[-122.857138252489,42.0372483136596],[-122.857234498672,42.0374195152753],[-122.857294572165,42.0375727615847],[-122.857330522438,42.0377168951358],[-122.857330295533,42.0378159960849],[-122.857281594665,42.0380050010276],[-122.857184538483,42.0381580015052],[-122.857135723581,42.0383651479044],[-122.857111031503,42.0386352872497],[-122.857049928024,42.0389414477469],[-122.856976642452,42.0392476114526],[-122.856891414775,42.0395357232031],[-122.856842596797,42.0397518060036],[-122.856830193925,42.0399139078742],[-122.856854083492,42.0400490179903],[-122.857022696838,42.0402743643748],[-122.857155020122,42.040544752996],[-122.857311460716,42.0408241641744],[-122.857431722802,42.0410944639406],[-122.857515801502,42.0413107053567],[-122.857491334503,42.0414277734504],[-122.857468844192,42.0414861342981],[-122.857442752383,42.0415538694812],[-122.857466527275,42.0417249942176],[-122.857550489048,42.0419682246216],[-122.857589079543,42.0421059819313],[-122.857598507693,42.0421394325951],[-122.857658462238,42.04230161859],[-122.857694422453,42.0424728280549],[-122.857681899247,42.0426349333656],[-122.857609077269,42.0427969546647],[-122.857379005503,42.0430398704707],[-122.85712480366,42.0432286387266],[-122.85685854727,42.0434265227493],[-122.856676821701,42.043597408685],[-122.856434684458,42.0438582855204],[-122.856156123618,42.0441190805034],[-122.855792908255,42.044424924968],[-122.85556282272,42.0446767745581],[-122.855247840202,42.0449916376051],[-122.854969509687,42.0452164139336],[-122.854630639186,42.0454502260627],[-122.854352180847,42.0456569547501],[-122.854085903554,42.0458277576673],[-122.853747261915,42.0459805145727],[-122.853335781584,42.0462591903059],[-122.852948533833,42.0465018512523],[-122.852549223319,42.0467264595204],[-122.852355540701,42.0468973386123],[-122.852149557624,42.0471132597452],[-122.851967816653,42.0473202410119],[-122.851774127712,42.0475000539394],[-122.851640983766,42.0475629799066],[-122.851314386188,42.0477156404987],[-122.850963549728,42.0478863551704],[-122.850612826982,42.0480209649565],[-122.850237863238,42.0481555779559],[-122.849814654222,42.0482901018926],[-122.849657384823,42.0483709867768],[-122.849564587664,42.0484536714287]]},"properties":{"OBJECTID":273,"OWNERNAME":"Klamath National Forest","OWNERTYPE":"USDA Forest Service","DESIGNATIO":" ","MANAGEMENT":" ","REV_DATE":969580800000}},{"type":"Feature","id":274,"geometry":{"type":"LineString","coordinates":[[-123.121281111666,41.5079913350869],[-123.121256981956,41.5079103051402],[-123.121137058929,41.507820288504],[-123.121029166492,41.5078384787459],[-123.120825568635,41.5079017078291],[-123.120622217339,41.5080911171949],[-123.120466631979,41.5081903151725],[-123.120239200493,41.5083437006639],[-123.120059642518,41.5084339326602],[-123.119987741195,41.5084430224115],[-123.119736128458,41.5084703689069],[-123.119520451839,41.5084435177099],[-123.119268599714,41.508344775273],[-123.119136573233,41.5082187973976],[-123.118956395945,41.5080207732441],[-123.118884269929,41.5078767127105],[-123.118823927385,41.5076516344778],[-123.118811629368,41.5074714554536],[-123.118847314084,41.5073183177266],[-123.118895018558,41.5072101611591],[-123.118942777308,41.5070840545686],[-123.118954212402,41.5067867523056],[-123.118918046355,41.50668771144],[-123.118713645724,41.5063186433452],[-123.118605527016,41.5061205455778],[-123.118545291715,41.505985571858],[-123.118485067592,41.5058234481966],[-123.118413012936,41.5056974261334],[-123.118365035539,41.5056704737384],[-123.118161012989,41.5055265273013],[-123.118076943167,41.5054185724756],[-123.118076873617,41.5053374857346],[-123.118124492158,41.5051753052658],[-123.118172301023,41.5050942058565],[-123.118147967346,41.5048960151851],[-123.118027799798,41.5047069661726],[-123.117943695525,41.5045899904391],[-123.117775670501,41.5044370344088],[-123.117595677499,41.5043471498351],[-123.117343907612,41.5042663510668],[-123.11723601634,41.5042214017165],[-123.117163847286,41.5040953817419],[-123.117175445226,41.5038702351002],[-123.117139349469,41.5037891406339],[-123.116899451257,41.5036183004573],[-123.116803363005,41.5034652740871],[-123.116647123406,41.5032312078851],[-123.116587062329,41.5031412370658],[-123.116538694212,41.5029160426466],[-123.116526491747,41.5027899799571],[-123.116322584931,41.5026730871333],[-123.116094944372,41.502673315847],[-123.115759433141,41.5026646705036],[-123.115627555692,41.5026377222918],[-123.115579580495,41.5026107705313],[-123.115375477133,41.5023768068347],[-123.115279424955,41.5022958433871],[-123.115231451348,41.5022688914683],[-123.114943700004,41.5021340493499],[-123.114847734412,41.5020440653949],[-123.114583569195,41.501783084632],[-123.114499673758,41.5017201311834],[-123.114271887117,41.5016482941158],[-123.114127846245,41.5015043002318],[-123.113911829229,41.5013153661723],[-123.113743871728,41.5012075011947],[-123.1135399058,41.5010725663404],[-123.113324110333,41.5009737322866],[-123.113108110206,41.5008207856342],[-123.11294010363,41.5006678224384],[-123.112676315502,41.5005690024269],[-123.112532450369,41.5004700997238],[-123.112292370405,41.5002451403554],[-123.112184409463,41.5001461611071],[-123.112016339435,41.4999751603288],[-123.111908315947,41.4998582328129],[-123.111812243576,41.4997052021225],[-123.111727759587,41.4993539066159],[-123.111667219948,41.4990027383157],[-123.111535062096,41.4987686119335],[-123.11134304516,41.4986247200307],[-123.111115174609,41.4984627743788],[-123.110947082038,41.4982828429496],[-123.110886948344,41.4981387556411],[-123.110779026454,41.4980487931255],[-123.110563219436,41.4979769247417],[-123.110299220071,41.4977520108383],[-123.110215180724,41.4976800390374],[-123.109963475201,41.4976082449744],[-123.109663910616,41.4975724494081],[-123.109484045051,41.497509610946],[-123.109256438591,41.4974827681518],[-123.109100609724,41.4974469339127],[-123.108836882818,41.4973931140012],[-123.108561112084,41.4972852929644],[-123.108357257015,41.4971414187202],[-123.108033659899,41.4970786130464],[-123.107805748086,41.4969347009162],[-123.107494013779,41.4968089158104],[-123.107254381002,41.496764146551],[-123.106978867678,41.4967914283333],[-123.106619734812,41.4970259701759],[-123.106476004843,41.4970260921817],[-123.106380110993,41.497017187209],[-123.10597286538,41.4970535838021],[-123.105697241931,41.4970178183234],[-123.105457443394,41.4969279530039],[-123.105097667924,41.4967210884529],[-123.104953581746,41.4965230595557],[-123.104893573073,41.4964421024276],[-123.104797636622,41.4963880999126],[-123.104438132037,41.4963884061156],[-123.104162462558,41.4962716435976],[-123.103778775629,41.4961368013898],[-123.103491074885,41.4960020243348],[-123.103119349613,41.4958311685853],[-123.102651655899,41.4955613893353],[-123.102375948645,41.4953995263221],[-123.102075887621,41.4951205597186],[-123.101920096651,41.4950936457611],[-123.101560541083,41.4949768733336],[-123.101500545657,41.4949319016149],[-123.101308541611,41.4947159294618],[-123.101152718559,41.494679997259],[-123.100877176884,41.4946982456337],[-123.100745492086,41.4947524537709],[-123.10058970253,41.4947255380312],[-123.100169647732,41.4946843932095],[-123.099822926677,41.4946812147509],[-123.099499324766,41.4946454471507],[-123.099391395177,41.4945824448877],[-123.099091785447,41.4945286768093],[-123.098768308301,41.4944929942596],[-123.098504671338,41.4944931761763],[-123.098181236991,41.4945384863553],[-123.097989650155,41.4945746840791],[-123.097714241711,41.4946649891871],[-123.09751060037,41.4947102325399],[-123.097378871768,41.4947193388255],[-123.097139257617,41.4947105395528],[-123.096935573867,41.4947106856645],[-123.09674403028,41.4948279657011],[-123.096636345312,41.4949361456913],[-123.096408899205,41.4950534973489],[-123.096133423612,41.4951257615508],[-123.095929971661,41.4952610107597],[-123.095690565029,41.4954503614848],[-123.095486983886,41.4955136393294],[-123.095259495405,41.4955858924745],[-123.095187696095,41.4956219340267],[-123.094876358437,41.4957753513008],[-123.094720730543,41.4958295100341],[-123.094493085292,41.4958567583844],[-123.094241570024,41.4959379897309],[-123.09418173974,41.4959740965652],[-123.094145937641,41.4960372131322],[-123.094122041556,41.4961182538434],[-123.093870651963,41.4962355595555],[-123.093223858183,41.4963891974686],[-123.093068136967,41.4964163887359],[-123.092876639187,41.4965156231711],[-123.092661055271,41.4966058872985],[-123.092385630766,41.4966601943437],[-123.092277738296,41.4966421926451],[-123.092193779372,41.4965522577864],[-123.092061887984,41.4964802784678],[-123.091822212624,41.4964895092173],[-123.091750346273,41.4965075115148],[-123.091738218536,41.4963904649996],[-123.091738085209,41.4962823254319],[-123.091570332277,41.4962555115229],[-123.091354837279,41.4963727411926],[-123.091211050677,41.4963908880454],[-123.091055038036,41.4962288538684],[-123.091007038991,41.4961208076178],[-123.090911147863,41.4960759027156],[-123.090563644208,41.4960851649616],[-123.090563579845,41.4960311397332],[-123.090599347318,41.4958869408477],[-123.090455276603,41.4957159548918],[-123.090311516055,41.4956710534554],[-123.090024029211,41.4956982306685],[-123.089700370309,41.495644489633],[-123.089328960148,41.4955907492119],[-123.089245037925,41.4955818074237],[-123.088633887059,41.4954831727149],[-123.088490102847,41.4955013162056],[-123.088262452594,41.4954564879734],[-123.08797484259,41.4953756114385],[-123.087807030623,41.4953667439673],[-123.087519578274,41.4954030240472],[-123.087268087636,41.4954932602757],[-123.086992540229,41.495475492212],[-123.0868366651,41.4954575809425],[-123.086561174452,41.4954577599033],[-123.086393421862,41.4954308494221],[-123.08618974094,41.4954310667549],[-123.085746319221,41.4953503113347],[-123.085674457528,41.495368399895],[-123.085422871553,41.4953595106596],[-123.08517123103,41.4953327637704],[-123.084847665043,41.4953059754158],[-123.084739868149,41.4952790366207],[-123.08450010178,41.4952251189375],[-123.083973064926,41.4952615853423],[-123.083493774462,41.4952258967467],[-123.083218166234,41.4952260698079],[-123.082906691132,41.4951993419892],[-123.082726942717,41.4951634310609],[-123.082463213366,41.4951005369315],[-123.082283320734,41.4949475566786],[-123.082055466902,41.4947675205116],[-123.081803623203,41.4946055705132],[-123.081755666499,41.4945786047623],[-123.081611766466,41.4944526129344],[-123.08150386081,41.4943176196802],[-123.081359842093,41.4941916295405],[-123.081251958903,41.4941376322162],[-123.081000178407,41.4939937167128],[-123.080784447622,41.4938587494948],[-123.080652543701,41.4938138172002],[-123.080412874007,41.4937508700542],[-123.080161123371,41.4936519607644],[-123.079957360633,41.4935891256087],[-123.07980161163,41.4935712038077],[-123.078938856597,41.4934456745513],[-123.078771170498,41.4934367920541],[-123.078567467643,41.4933919015921],[-123.078279785523,41.4933200248395],[-123.078159915512,41.4932210390471],[-123.078004028353,41.4930860461373],[-123.077812119252,41.4929510331905],[-123.077716157752,41.4928430739511],[-123.077608220639,41.4927710351575],[-123.077368508424,41.4926180691994],[-123.077224553553,41.4925460991873],[-123.077068812238,41.4924921865022],[-123.076900815752,41.4923121219469],[-123.076852810339,41.4921950516008],[-123.076792867822,41.4921231007309],[-123.076744745009,41.4919699559829],[-123.076672635588,41.4917989086602],[-123.076648622809,41.4916998316568],[-123.076420768325,41.4915108579464],[-123.076120910216,41.4912587958149],[-123.076060963123,41.4912228317969],[-123.075988916171,41.491033744827],[-123.076012686611,41.4908715352201],[-123.075988620385,41.4907545117767],[-123.0759884258,41.4906194057786],[-123.075916292351,41.4904032624869],[-123.075808308976,41.4902771984087],[-123.075688255459,41.4900431048229],[-123.075652157704,41.489944052677],[-123.075544161361,41.4897009165599],[-123.075555985857,41.4896198136774],[-123.075543798596,41.489475711656],[-123.075555550283,41.4892595006824],[-123.075555416339,41.4891424326917],[-123.075615207604,41.4889802453711],[-123.075686879968,41.4887910704733],[-123.075734577331,41.4886648954859],[-123.075913980021,41.4884125649365],[-123.076021554763,41.4881512585034],[-123.076033354713,41.4880612264714],[-123.075913221017,41.4877640911862],[-123.075877054435,41.4874938553272],[-123.075936700071,41.487286664294],[-123.076020334155,41.4870974677451],[-123.076175706639,41.4868541139766],[-123.076343170502,41.4865747456667],[-123.076462592396,41.4862774337555],[-123.076462205889,41.4859711466435],[-123.076437702467,41.485457734037],[-123.076293589652,41.4851066206634],[-123.076137598382,41.4849715395745],[-123.075993839935,41.4849176030528],[-123.07580207226,41.4848547390947],[-123.075059296822,41.4847201199853],[-123.074268751347,41.4848016846427],[-123.073765674874,41.4849011101973],[-123.073490308259,41.4849643018797],[-123.073226758631,41.4850185457348],[-123.072855624341,41.4851448680496],[-123.072640000595,41.4851810727694],[-123.072376432609,41.4851542327599],[-123.072124887729,41.4851454066315],[-123.071897328412,41.4851544835164],[-123.071226480922,41.4851369590596],[-123.070938889917,41.485119089435],[-123.070831082138,41.4851191968544],[-123.070447766199,41.4851014096562],[-123.070315966877,41.4850834327055],[-123.070112186252,41.4849664682832],[-123.069860565951,41.4848945945462],[-123.069453161477,41.4847867473697],[-123.069285391439,41.4847057921352],[-123.069057788037,41.4846609307446],[-123.068818125071,41.4846250196585],[-123.068362806628,41.4844992192456],[-123.068159106088,41.4844452941156],[-123.067787629128,41.4843463976596],[-123.067595996537,41.4843645110474],[-123.067488161234,41.4843555972145],[-123.067176655421,41.4843017754914],[-123.067068722673,41.4841847212325],[-123.06696067169,41.4839506013429],[-123.066960634051,41.4838604993933],[-123.066948442959,41.4836713024569],[-123.066912361848,41.4835722482691],[-123.066840272403,41.4833201141786],[-123.066780280479,41.4831490396062],[-123.066768090008,41.4829598408002],[-123.066743836496,41.482698694149],[-123.066743622395,41.4824734884458],[-123.066803233704,41.4822482662786],[-123.066814925735,41.4818879317108],[-123.066838541222,41.4815907132932],[-123.066874202068,41.4813204380391],[-123.066969892873,41.48119426997],[-123.067209109766,41.4807797723445],[-123.067520050839,41.4803832770182],[-123.067771312474,41.4801128825591],[-123.068106422298,41.4798334973739],[-123.068321796879,41.4796441589371],[-123.068537190892,41.4793828452665],[-123.068656888575,41.4792836900165],[-123.068716661033,41.4792295587978],[-123.069195537192,41.4789770558538],[-123.069470873254,41.4788327902183],[-123.06955471697,41.4788237090126],[-123.069746303835,41.4787965732882],[-123.069901999281,41.4787695029958],[-123.069997868487,41.4787423587964],[-123.070225327663,41.4786701517971],[-123.070584526004,41.4785618982907],[-123.071913333504,41.4778493887434]]},"properties":{"OBJECTID":274,"OWNERNAME":"Klamath National Forest","OWNERTYPE":"USDA Forest Service","DESIGNATIO":" ","MANAGEMENT":" ","REV_DATE":969580800000}},{"type":"Feature","id":275,"geometry":{"type":"LineString","coordinates":[[-123.071913333504,41.4778493887434],[-123.071841192229,41.4776603038818],[-123.071697269944,41.4774351832192],[-123.071589259942,41.477291169184],[-123.071481340807,41.4771381339563],[-123.071385490785,41.4770571379605],[-123.071277556028,41.4769760774086],[-123.071229528675,41.4769220525986],[-123.071037712819,41.4767600629777],[-123.070977731053,41.4766700732458],[-123.070941702336,41.4765889682046],[-123.070809727889,41.476318819905],[-123.07070162202,41.4760667582427],[-123.070617715527,41.4759406442136],[-123.070569698722,41.475850633453],[-123.070473669715,41.4756345334986],[-123.070401503203,41.4754363402772],[-123.070317360815,41.475157176455],[-123.070257309053,41.4749680676748],[-123.070185180094,41.4747429059106],[-123.070113214441,41.4746078425321],[-123.069933399354,41.4744548493185],[-123.069849429081,41.4743828514388],[-123.069693689427,41.4742388299196],[-123.069501903192,41.4741218441964],[-123.069190340688,41.4739598899297],[-123.069094436372,41.4738969321421],[-123.068698906652,41.4736629789557],[-123.068435399714,41.4735640676599],[-123.068147733289,41.4734291260443],[-123.067944041573,41.4733301064483],[-123.067836232616,41.4732852063307],[-123.067548622311,41.4731682105021],[-123.06738091053,41.4730962703959],[-123.067057404064,41.473015415839],[-123.066805967391,41.4729885380069],[-123.066422587994,41.4728896599336],[-123.066350726046,41.4728627319559],[-123.066170902372,41.4727817060247],[-123.065907401555,41.47268278899],[-123.06566768327,41.4725749037034],[-123.065356151494,41.4724579448166],[-123.065152470824,41.4723590103189],[-123.064972824123,41.4722960178519],[-123.064745135857,41.4721700693313],[-123.064649181673,41.4720890714406],[-123.064409439865,41.4718550072892],[-123.064325506073,41.4717920244731],[-123.06409761997,41.4714047959507],[-123.064061605264,41.4713237795503],[-123.06394178807,41.4712246937567],[-123.063750119632,41.471179759686],[-123.063510534694,41.471152948479],[-123.063342792311,41.4711079727124],[-123.06324694784,41.4710629573632],[-123.063067240429,41.4709370097921],[-123.063019251161,41.4708920005945],[-123.062839404078,41.4707209607327],[-123.06270755757,41.4705588523804],[-123.062611644857,41.4704507943378],[-123.062395880832,41.4701897166589],[-123.062347905112,41.47010872145],[-123.062239869125,41.4699466637635],[-123.062131897318,41.4697665666557],[-123.062107926257,41.4697124952199],[-123.062095797771,41.4695774134634],[-123.062023762711,41.4693342087192],[-123.061975734479,41.4692351768869],[-123.061903859264,41.4691631503683],[-123.061795992484,41.4691361957052],[-123.061580502005,41.4691633600149],[-123.061388937403,41.4691904833309],[-123.061101577823,41.4693076937605],[-123.060622846145,41.469596236336],[-123.060311545489,41.4696684821773],[-123.060131821718,41.4696955847776],[-123.059988222315,41.4697226195491],[-123.059736775879,41.4697677933104],[-123.059581033457,41.469812981267],[-123.059485234664,41.4698219867493],[-123.059221796132,41.4698581608453],[-123.059042217482,41.4698942779947],[-123.058778778418,41.469930451088],[-123.058467474162,41.4700026919928],[-123.058251938424,41.4700568185398],[-123.057904702837,41.4701560885089],[-123.057605347887,41.470264383353],[-123.057210138029,41.4702825622415],[-123.056970609834,41.4702736866811],[-123.056695167763,41.4702558522976],[-123.056563452811,41.4702558970448],[-123.056299920301,41.4702200050484],[-123.056180129544,41.4701660070008],[-123.05586869404,41.4700310760616],[-123.055557027083,41.4697339861654],[-123.055401089661,41.4695088723035],[-123.055233347069,41.4693377985102],[-123.055149371994,41.4691756929151],[-123.054921673433,41.4689957029102],[-123.054717869992,41.4688065641046],[-123.054550065267,41.4686535303988],[-123.05437045449,41.4685545348661],[-123.054142707573,41.4683565077549],[-123.054046863572,41.4682664817298],[-123.053998800509,41.4681944141332],[-123.053651390984,41.4679423826936],[-123.053507594577,41.4678163622027],[-123.053387708224,41.4677263774662],[-123.05317203018,41.467564312258],[-123.053052210876,41.4674562878462],[-123.05260878139,41.4671322693865],[-123.052476958348,41.4670512326378],[-123.052273176151,41.4667810987794],[-123.052261139756,41.4666729823502],[-123.052201062291,41.4663307252567],[-123.052152879734,41.4660064885368],[-123.052080896431,41.4658083740576],[-123.052020855986,41.4656462273307],[-123.052008798614,41.4655291826086],[-123.051984601477,41.4652679475387],[-123.051888267145,41.4646284927381],[-123.051839932803,41.4640429780702],[-123.051720101756,41.4638448531634],[-123.051396636481,41.463673858589],[-123.050965423354,41.4635119722126],[-123.05057009644,41.4633500253382],[-123.050258710717,41.4632600858223],[-123.049707631018,41.4630531223862],[-123.049324347626,41.46291820734],[-123.048988964462,41.4628012487156],[-123.048797237285,41.4626392280101],[-123.048581629829,41.4624501882496],[-123.0485097043,41.4623961053382],[-123.048365790855,41.462179983915],[-123.048281924863,41.4620899335366],[-123.048114277872,41.461981982321],[-123.048018431022,41.4619279378553],[-123.047826640031,41.4617839557682],[-123.047766716702,41.4616578795801],[-123.04765876847,41.4614687548072],[-123.047443090091,41.4612526572347],[-123.047251309057,41.4610275033231],[-123.047095546832,41.4608474724735],[-123.046915888386,41.4607214131584],[-123.046772072486,41.4606223534343],[-123.046652105396,41.4603252004346],[-123.04654431279,41.4601900940022],[-123.046364459036,41.4598208869737],[-123.046340298183,41.4596497520256],[-123.046316265489,41.4595237083086],[-123.046232385978,41.4592985540444],[-123.046232190197,41.459100322132],[-123.04623218121,41.4590103139025],[-123.046291777864,41.4587219768897],[-123.046351510465,41.4585238261198],[-123.046399231735,41.4583076579969],[-123.046435030515,41.4580643604984],[-123.046398873492,41.4577942190494],[-123.046303040124,41.4576140880366],[-123.046231065581,41.4574969629756],[-123.046051246781,41.4571367760571],[-123.045883405512,41.4569116721424],[-123.045751672781,41.4567675866637],[-123.045691667027,41.4566955353746],[-123.045464139582,41.4565966086928],[-123.045200656766,41.4565606041596],[-123.044841581067,41.456641905422],[-123.044661965564,41.4567410450205],[-123.044434621037,41.4568401684016],[-123.044290927384,41.4568672777408],[-123.043596378647,41.4568315173755],[-123.043153347979,41.4568316923657],[-123.042878091171,41.4569489284652],[-123.042614643957,41.4570120346355],[-123.042219534353,41.4570842788325],[-123.041920202524,41.4571024374137],[-123.041573048328,41.4571295073841],[-123.041273690932,41.4571386442469],[-123.040914408814,41.457147789117],[-123.040555220548,41.4571029058053],[-123.040315688427,41.4570309571312],[-123.040016302243,41.4569859774415],[-123.039752950608,41.45699514278],[-123.039501405927,41.4569050853201],[-123.039273884685,41.4568061483759],[-123.039202000118,41.4568061711422],[-123.039022319888,41.4567521639852],[-123.038758891418,41.4565991689358],[-123.038519260921,41.456446048446],[-123.038279802376,41.4563560561922],[-123.038136083569,41.456329136425],[-123.037872635538,41.4563022244765],[-123.037752809995,41.4562211551394],[-123.037489288323,41.4559870799931],[-123.037381469981,41.4558339301683],[-123.037261552134,41.4556268680621],[-123.037189619708,41.4554737514404],[-123.037081855318,41.4553837320159],[-123.036926078478,41.4552306575934],[-123.036722412031,41.4550145259827],[-123.036638590265,41.4548883928853],[-123.036578571788,41.4546722178372],[-123.036434856518,41.4545101925055],[-123.036434783637,41.4543930402117],[-123.036338885983,41.4541769204501],[-123.036266911766,41.4539157582572],[-123.036338532929,41.4536365177465],[-123.036326427808,41.4533572261632],[-123.036314395455,41.4531950869001],[-123.036362192379,41.4529969608354],[-123.036386015648,41.4529158471875],[-123.036409960523,41.4527447213528],[-123.036469691448,41.4526726623164],[-123.036661341506,41.4526455751157],[-123.036888823671,41.4526454897028],[-123.037056433839,41.4527084495886],[-123.037200196839,41.4527985014891],[-123.037403782179,41.4528974782914],[-123.037631291079,41.4529064105889],[-123.037906615848,41.4529063399781],[-123.03812206513,41.4528342123707],[-123.038385375268,41.4526359264456],[-123.038624715463,41.4524196401812],[-123.038708408913,41.4522304752362],[-123.038395509007,41.449276166987],[-123.038335535567,41.4490779389547],[-123.038323504382,41.4489608957235],[-123.038335385377,41.4487987196584],[-123.038478820633,41.448501420292],[-123.038921545634,41.447960860866],[-123.039088944357,41.4476815594467],[-123.039184609155,41.4474563011603],[-123.039304071035,41.4471410009795],[-123.039411638591,41.4467175828427],[-123.039555088345,41.4463392933868],[-123.039519035515,41.4461861239792],[-123.039506977735,41.4461050658816],[-123.039267553036,41.4460150771435],[-123.039111916799,41.4459971052492],[-123.0389682637,41.4459881329991],[-123.038716792041,41.445997280479],[-123.038561229125,41.4460063618382],[-123.038381627182,41.4459703909789],[-123.038249857059,41.4459343454921],[-123.037914666579,41.4458083376772],[-123.037806892417,41.445799399005],[-123.03763920413,41.4457454621034],[-123.037399687549,41.4455743928909],[-123.037160120655,41.4453852875061],[-123.037040434267,41.4453042142598],[-123.036860694233,41.4451242144153],[-123.036752966333,41.4449981192182],[-123.036633160657,41.4448269515108],[-123.036608978908,41.4445927781135],[-123.036620914797,41.4444486412446],[-123.036644858969,41.4443226109996],[-123.036704506506,41.444043301983],[-123.036680444774,41.4438541291098],[-123.036680326169,41.4435839302876],[-123.036644209728,41.4433136989133],[-123.036560354676,41.4430795244054],[-123.036512404547,41.4429444996148],[-123.036392624303,41.4428273551282],[-123.036224944417,41.4426833182653],[-123.036069291254,41.4426563248897],[-123.035877742224,41.4426654626778],[-123.035542568277,41.4426745501517],[-123.035315069449,41.4426565963475],[-123.035039690521,41.4426206785619],[-123.034812265234,41.4425396808283],[-123.034572832204,41.4424856693029],[-123.03444107613,41.4424497094669],[-123.034189641608,41.4423777685327],[-123.034034058644,41.4423777355342],[-123.033866402334,41.4423778158265],[-123.033722827792,41.442395892033],[-123.033447475343,41.4423238952816],[-123.0331121652,41.4421888616697],[-123.032609253485,41.441981843392],[-123.031950683954,41.4416037961688],[-123.031663288761,41.4414056444654],[-123.031459748975,41.4412165620474],[-123.031256071511,41.4409734612129],[-123.030884673122,41.4403790690461],[-123.030764831024,41.4400458313733],[-123.030740811416,41.439820582694],[-123.030668846672,41.4395504046187],[-123.030620893685,41.4393162645514],[-123.030560848238,41.4388928415053],[-123.030548812892,41.4387217770011],[-123.030476888598,41.4385145488608],[-123.030393040525,41.4382714430169],[-123.030344983314,41.4380912374479],[-123.030249241394,41.4379201166132],[-123.03018927796,41.4377580542727],[-123.030177238789,41.4375868996546],[-123.030213075993,41.4374337105887],[-123.030284709017,41.4371094757955],[-123.030344495434,41.4368301691662],[-123.030428132181,41.4365239532987],[-123.030786965088,41.4360554377619],[-123.030978392373,41.4358662086432],[-123.031157928887,41.435749055404],[-123.031301543639,41.4356589208785],[-123.031385296297,41.4356319194365],[-123.031660532746,41.4355777506971],[-123.031828105215,41.4355507095021],[-123.031983721253,41.4355236875912],[-123.032211126524,41.4354694993294],[-123.032498370722,41.4353883448173],[-123.032558160868,41.4353433423341],[-123.032653969123,41.4352172037941],[-123.032641873883,41.4351181098085],[-123.032569991344,41.4350190156604],[-123.032522097099,41.4349470309151],[-123.032270627007,41.4346678398484],[-123.031408391267,41.4337403334364],[-123.031097072479,41.4334791793613],[-123.030905507746,41.4333801759742],[-123.030797684794,41.4332990839314],[-123.030666011335,41.4330559618472],[-123.030546238377,41.432929883523],[-123.030414343875,41.4325065749452],[-123.030414219862,41.4322723648414],[-123.030473951559,41.4320201164537],[-123.030521774507,41.4317859222689],[-123.03052171726,41.431623768967],[-123.030665166854,41.4314255975696],[-123.030749011406,41.4313444825735],[-123.030952377327,41.4312453319876],[-123.031167817789,41.4311461614433],[-123.031299371206,41.4310650683167],[-123.031610628614,41.4310289695602],[-123.031981620685,41.4309297410104],[-123.032125199633,41.4309207752259],[-123.032244834887,41.4309026482035],[-123.03249621549,41.4308305651662],[-123.032591851008,41.4306863944386],[-123.032591806755,41.4306233558872],[-123.032615771372,41.4305512596309],[-123.032663541314,41.430254024984],[-123.032687394285,41.430046835021],[-123.032747092762,41.4298306606048],[-123.032806812558,41.4296685090587],[-123.032818703728,41.429506337837],[-123.03289045331,41.4292811260749],[-123.032998069004,41.4290558580591],[-123.03305781815,41.4288127182033],[-123.033057676911,41.4286685142983],[-123.033057616776,41.4284613589196],[-123.033165207114,41.4282721678524],[-123.033201037343,41.4281190691652],[-123.033236886452,41.4279748988048],[-123.033344430498,41.4277226680228],[-123.033428201058,41.4276145877265],[-123.033452117398,41.4274794526102],[-123.033583689317,41.4273172794796],[-123.033607491917,41.4270470504915],[-123.033726833202,41.4265065722988],[-123.033726725913,41.4261912861502],[-123.033726564386,41.4259930617944],[-123.033798309899,41.4257228481502],[-123.03378614991,41.4254166010688],[-123.033750173805,41.4251463722949],[-123.033690236627,41.4249482392112],[-123.033654207684,41.4248401651147],[-123.033546424603,41.4246329960399],[-123.033474533448,41.424389788713],[-123.033486291111,41.424083596584],[-123.03352200544,41.4236602158427],[-123.033617615858,41.4233269275736],[-123.033725148289,41.4230746077977],[-123.033892650777,41.4228494296796],[-123.034036211985,41.4227502756787],[-123.034107921867,41.422696236772],[-123.034275420676,41.4224709680348],[-123.034359086295,41.4223268160882],[-123.034454777074,41.42229979342],[-123.034514599833,41.4222727355356],[-123.034921502748,41.422299612594],[-123.035136888031,41.4222365107153],[-123.035244555829,41.4221733956926],[-123.035424029706,41.4220022175916],[-123.03559142582,41.4217859672525],[-123.035723004419,41.421587717714],[-123.035830602959,41.4213625409743],[-123.036009926619,41.4211372543806],[-123.036165416249,41.4208940560062],[-123.036308874284,41.4207138254035],[-123.036404512512,41.4205786720932],[-123.036440448428,41.420470572964],[-123.036512106444,41.4202634005584],[-123.036571857566,41.420164285306],[-123.036739198281,41.4198849970769],[-123.036739148292,41.4197768662216],[-123.036798899439,41.419632749697],[-123.036942377699,41.4192814375103],[-123.036966211355,41.4190291555905],[-123.037001955991,41.4188040025301],[-123.03703767444,41.418479735117],[-123.037097201605,41.4180292661519],[-123.037037311801,41.4178041698831],[-123.037025255417,41.4175879280748],[-123.037084905728,41.4174077404525],[-123.037120720428,41.4172996447488],[-123.03721642589,41.4170564485907],[-123.037252215593,41.4169393344466],[-123.037407714981,41.4167501545259],[-123.037467504614,41.4166689854704],[-123.037479337516,41.4165338746491],[-123.037467335004,41.4163807607538],[-123.037419324434,41.4161285928962],[-123.037407227165,41.4159845002294],[-123.037395222143,41.4158763884176],[-123.037407126997,41.4156782367063],[-123.037454844896,41.4155520857595],[-123.037490681422,41.4154530091739],[-123.037598264898,41.4152728342127],[-123.037873461659,41.4150565004307],[-123.038052767505,41.414876305002],[-123.038244120788,41.4146420684295],[-123.03839953772,41.4144258345491],[-123.038925724616,41.4138851675439],[-123.039141001858,41.4136149078902],[-123.039296440136,41.4134976963064],[-123.039487860673,41.4133355113075],[-123.039631398968,41.4132814458228],[-123.039798886351,41.4132002850457],[-123.040038146595,41.4131371385986],[-123.040181703655,41.4130469977692],[-123.040468770855,41.4128937700465],[-123.04063616286,41.4127316267851],[-123.040767715909,41.4126234670331],[-123.040971132301,41.4125243007923],[-123.041389826845,41.4123799701372],[-123.041533316225,41.412352958571],[-123.041844437732,41.4122987989429],[-123.042095695333,41.4122536654098],[-123.042334919072,41.412136404535],[-123.042538263836,41.4120552743016],[-123.042765613513,41.4120101760534],[-123.042897143499,41.4119380903453],[-123.042968950296,41.4118389506911],[-123.043016624968,41.4116137790424],[-123.042908818163,41.4114876972359],[-123.041927201419,41.4107403963603],[-123.04168786059,41.410551304147],[-123.041544053195,41.4103712612881],[-123.041388454766,41.4101640886515],[-123.04124474571,41.4100200263111],[-123.041089109526,41.409885000865],[-123.040957320771,41.4095968071594],[-123.040897479243,41.4095247556523],[-123.040789704973,41.4094076902006],[-123.040622137826,41.4092366089297],[-123.040514363334,41.4091195441224],[-123.040418520725,41.4089935322159],[-123.040346702642,41.4089124815],[-123.040203019432,41.4087323439833],[-123.040119150326,41.4085702403156],[-123.040047306679,41.4084351687743],[-123.039987316971,41.4081740059033],[-123.039939329089,41.4079758616997],[-123.039927267423,41.407759622127],[-123.039855381495,41.407651607634],[-123.039735703339,41.4075075051677],[-123.039484282478,41.4073094121038],[-123.039376611422,41.4072284171416],[-123.03929277202,41.4071203325474],[-123.039208935135,41.4070573383648],[-123.0390532048,41.4067511441448],[-123.038957361862,41.4065349481852],[-123.038801708882,41.4063008101829],[-123.038717963986,41.4061837038725],[-123.038634079608,41.4060126705977],[-123.038574216083,41.4058865080014],[-123.03843052103,41.4056974433248],[-123.038334610345,41.405499284696],[-123.03813112822,41.4053462053693],[-123.038047364528,41.4051300773481],[-123.037939576647,41.4050039924652],[-123.037867642752,41.404832851114],[-123.037807761057,41.4046527600899],[-123.037747902973,41.4045266879373],[-123.037664042653,41.4044095845638],[-123.037424517161,41.4039593189893],[-123.037352633937,41.403761121786],[-123.037344397593,41.4037220003324]]},"properties":{"OBJECTID":275,"OWNERNAME":"Klamath National Forest","OWNERTYPE":"USDA Forest Service","DESIGNATIO":" ","MANAGEMENT":" ","REV_DATE":969580800000}},{"type":"Feature","id":276,"geometry":{"type":"LineString","coordinates":[[-123.02918589202,41.4038300963245],[-123.029061632221,41.4038988345031],[-123.028666906242,41.4041061247144],[-123.02822439161,41.4045115253373],[-123.028152668033,41.4046016339516],[-123.027925417864,41.4047277770766],[-123.027805851056,41.4048989399291],[-123.027650303438,41.4051151605283],[-123.027446957201,41.4052413581425],[-123.027064170199,41.4054486264516],[-123.026825056735,41.4056108556067],[-123.02658579564,41.405763980476],[-123.026394393404,41.4059352504141],[-123.026023625922,41.4061244583769],[-123.025880064596,41.4062145828618],[-123.025592991384,41.4063677749705],[-123.02540148461,41.4064038620098],[-123.025150337116,41.4063948496782],[-123.024863175043,41.4063679465174],[-123.024647722962,41.4063409381107],[-123.02436064761,41.4063500155926],[-123.024169235785,41.4063770793389],[-123.023810321143,41.4064312621049],[-123.023594951533,41.4064853258758],[-123.023451400941,41.4064853546561],[-123.023176122252,41.4064313761172],[-123.023008579159,41.4063953669987],[-123.02272143677,41.4063773869586],[-123.022541979041,41.4064045221728],[-123.022242940129,41.4064586116417],[-123.021884043356,41.40652171686],[-123.021620817916,41.4065578096134],[-123.021381489207,41.4066389598425],[-123.02119008865,41.40672003843],[-123.021106432033,41.4067740854106],[-123.020974870373,41.4069362429095],[-123.020795341943,41.4068372108326],[-123.020711585063,41.4068011676794],[-123.020555986584,41.4068102298156],[-123.020463688536,41.4068266080873]]},"properties":{"OBJECTID":276,"OWNERNAME":"Klamath National Forest","OWNERTYPE":"USDA Forest Service","DESIGNATIO":" ","MANAGEMENT":" ","REV_DATE":969580800000}},{"type":"Feature","id":277,"geometry":{"type":"LineString","coordinates":[[-123.037344397593,41.4037220003324],[-123.03731668146,41.403590011406],[-123.037172993803,41.403400944136],[-123.037113112938,41.4033108563695],[-123.036993400249,41.4031037144069],[-123.036849664774,41.4029416130467],[-123.036705956581,41.4027435285161],[-123.036454680709,41.4026355212783],[-123.03625128654,41.4025995848423],[-123.036023962587,41.4025996691393],[-123.035569363591,41.4025727800189],[-123.03525835134,41.4026088833496],[-123.034971243619,41.4026900411911],[-123.034660135161,41.402735164218],[-123.034361169974,41.4028073199656],[-123.034026090039,41.4027804223316],[-123.033906453418,41.4027354240095],[-123.033691151959,41.4027174478898],[-123.033583489133,41.4027715425842],[-123.033499728119,41.4028256014097],[-123.033344255946,41.4028796774054],[-123.033272450832,41.4027986230735],[-123.03328434114,41.4026365483831],[-123.033308203133,41.4024833824266],[-123.033391823924,41.4023302162127],[-123.033499443069,41.4022581766277],[-123.0335472298,41.4021590838054],[-123.033463496407,41.4020869749612],[-123.033355880684,41.4021140149036],[-123.033116557288,41.4021861691647],[-123.032709927894,41.402357504505],[-123.032351122629,41.4025376939478],[-123.032028128842,41.4026999758421],[-123.031765037855,41.402826179761],[-123.031394227601,41.4030334402917],[-123.031274630719,41.4030964798323],[-123.031035373599,41.4031505918664],[-123.030377336038,41.4033039078837],[-123.030126220128,41.4033941057363],[-123.029779334187,41.4035653448291],[-123.029587950449,41.4036464355341],[-123.029241014817,41.4037996370483],[-123.02918589202,41.4038300963245]]},"properties":{"OBJECTID":277,"OWNERNAME":"Klamath National Forest","OWNERTYPE":"USDA Forest Service","DESIGNATIO":" ","MANAGEMENT":" ","REV_DATE":969580800000}},{"type":"Feature","id":278,"geometry":{"type":"LineString","coordinates":[[-123.020463688536,41.4068266080873],[-123.019945833076,41.4069184206814],[-123.019503165199,41.4069905670516],[-123.019204144454,41.4070536671126],[-123.018773363667,41.4070988308454],[-123.018187122847,41.4071619783868],[-123.018007672144,41.4071440143386],[-123.017744452124,41.4071350069643],[-123.017600902523,41.4071350294079],[-123.0173376196,41.4070990567774],[-123.017134276229,41.4070360342775],[-123.016942831417,41.4070000506425],[-123.016787263194,41.4069730330162],[-123.016248834165,41.4069370841347],[-123.016081336954,41.4069191018956],[-123.015925769288,41.4068920840174],[-123.015686423318,41.4067660727946],[-123.01550696313,41.4066939960164],[-123.015339471063,41.4065769015914],[-123.015183897308,41.4064958638609],[-123.014956544521,41.4063877810502],[-123.014693337021,41.4062797465648],[-123.014346346445,41.4061717384605],[-123.01420275369,41.4061537207836],[-123.013891638885,41.4060546793423],[-123.013676274185,41.4060097045375],[-123.013101983458,41.4058656617894],[-123.012934468577,41.4058386574886],[-123.012671212034,41.4058116035841],[-123.012407915933,41.4057666040596],[-123.012264368112,41.4057666199316],[-123.011941332812,41.4057306271629],[-123.011714038296,41.405694683736],[-123.011367082482,41.4057037229238],[-123.01110383357,41.4057307752747],[-123.010888452166,41.4057307975732],[-123.01069703785,41.4057578418588],[-123.010493705926,41.4057488266211],[-123.01000309169,41.4056047489705],[-123.009859583035,41.4055687780561],[-123.009548500908,41.4055327631902],[-123.009356986565,41.4055148058526],[-123.009213432013,41.4054607090765],[-123.008950180177,41.4053797178912],[-123.008830514606,41.4053166605775],[-123.008651107874,41.4053166298415],[-123.008340031363,41.4052807017607],[-123.008112695617,41.4052806442103],[-123.007813651253,41.4052806813252],[-123.007646101391,41.4052897441703],[-123.007526458683,41.4052897228245],[-123.007239362513,41.405181703696],[-123.007107725275,41.4051096422806],[-123.006988040338,41.4050375664475],[-123.006736823055,41.4050465558633],[-123.006509533844,41.4050646220496],[-123.006198438023,41.4050736905078],[-123.005971066192,41.4050556855336],[-123.005851464909,41.4050196786401],[-123.005624089625,41.4048935434042],[-123.005468532529,41.4047584737496],[-123.005420661127,41.4046773740853],[-123.005241218537,41.404497244547],[-123.005097613992,41.4044161791869],[-123.00491819194,41.4042990855668],[-123.004762594915,41.4041999996875],[-123.004535347876,41.4040739503742],[-123.004355846245,41.4039207848486],[-123.004212322311,41.4038216813898],[-123.004008902484,41.4035514897195],[-123.003937131516,41.4034704191224],[-123.00382944603,41.4032542116535],[-123.003817436456,41.4031731549686],[-123.003769531314,41.4029659798701],[-123.00374566981,41.4028759167369],[-123.003709757875,41.4026867636226],[-123.003697749533,41.4025516861871],[-123.003614027011,41.4024165212391],[-123.003506345732,41.4022544241499],[-123.003494358835,41.4020202372119],[-123.003530236342,41.401813042743],[-123.003601991492,41.4016149113525],[-123.003685775924,41.4013987253697],[-123.003829375098,41.401209515944],[-123.003984868413,41.4009933288597],[-123.004056677629,41.4008221588439],[-123.004080525171,41.4004708717688],[-123.004056663022,41.4002726815653],[-123.004080469551,41.4000655044796],[-123.004092542771,41.3999574488274],[-123.003984821118,41.3998313359433],[-123.003757548786,41.399579121854],[-123.0035420946,41.3993179677774],[-123.003326836445,41.3990927906342],[-123.003123429922,41.3988225105661],[-123.002884116734,41.3985253117288],[-123.002812333656,41.3983270947164],[-123.002716647284,41.398237036955],[-123.002597045333,41.3980839719608],[-123.002537170908,41.3979758329918],[-123.002489311211,41.3978407120105],[-123.002393632529,41.3976426159221],[-123.002166356001,41.3967237785691],[-123.002070598476,41.3964896119301],[-123.002022821036,41.3963905618084],[-123.001915109177,41.3962644477534],[-123.001831356465,41.3961653552034],[-123.001675914718,41.3962374286218],[-123.001592117376,41.3962824479332],[-123.001508418589,41.3963184468058],[-123.001340966323,41.3964175898705],[-123.001173433808,41.3964806624713],[-123.000838545719,41.3965797468349],[-123.000766702438,41.3965707310653],[-123.000491574169,41.3965617036897],[-123.000371964426,41.3965706925668],[-123.00004898995,41.3966518150705],[-122.999869566296,41.3966878456448],[-122.999654171975,41.39666981297],[-122.999283364162,41.3965707214278],[-122.998888663914,41.3964176392193],[-122.99829049626,41.3962915067669],[-122.997429269066,41.3960392666235],[-122.996663659176,41.3959041366919],[-122.995993793614,41.395832099665],[-122.995539194007,41.3957780132016],[-122.995311897734,41.3957239143089],[-122.995204284754,41.3956969017802],[-122.995120500954,41.3956338792295],[-122.995036835664,41.3955708538041],[-122.994941060602,41.3954897208198],[-122.994821488576,41.3953996843379],[-122.994737748838,41.3953005884437],[-122.994653980985,41.3952464930918],[-122.994582223445,41.395219526492],[-122.994474631503,41.3952015308362],[-122.994354984814,41.3951924793183],[-122.994271293396,41.3951744548301],[-122.994211486288,41.3951474732379],[-122.994103742792,41.395057335855],[-122.994079833814,41.3949943269066],[-122.994055930076,41.3948772115694],[-122.993948325428,41.3947960887759],[-122.99376889689,41.3948862181611]]},"properties":{"OBJECTID":278,"OWNERNAME":"Klamath National Forest","OWNERTYPE":"USDA Forest Service","DESIGNATIO":" ","MANAGEMENT":" ","REV_DATE":969580800000}},{"type":"Feature","id":279,"geometry":{"type":"LineString","coordinates":[[-122.956026551167,41.3510084492586],[-122.956046995667,41.3510003043562],[-122.956202111969,41.3509390290131],[-122.956740244102,41.3506870287124],[-122.957075063393,41.3504889621045],[-122.957254401423,41.3503809452399],[-122.95757734049,41.3501469072738],[-122.957697037721,41.3500118005781],[-122.957744894489,41.3499127426148],[-122.957685238456,41.3497956574222],[-122.957493979759,41.3496874454625],[-122.957135473013,41.3496242924822],[-122.956717029109,41.3496511019437],[-122.956477946004,41.3496600703849],[-122.956298655388,41.3496420190531],[-122.956191110413,41.3496058677497],[-122.955868388553,41.3494346494445],[-122.955713060648,41.3493895232741],[-122.95548601178,41.3493804406848],[-122.955246949571,41.3493262835098],[-122.955091583685,41.3492541952258],[-122.954876526718,41.3491190345608],[-122.954637579893,41.3489027381774],[-122.954530061956,41.3487225746903],[-122.954434602146,41.3485423076187],[-122.954434702173,41.34837115374],[-122.954530542437,41.3481730375866],[-122.954662054962,41.3480289983367],[-122.954949073994,41.3478940135607],[-122.955343752685,41.3476418808194],[-122.9554633094,41.3475699013271],[-122.955762305462,41.3473808883345],[-122.955941633505,41.3472727833618],[-122.956204772995,41.3470657671775],[-122.956348339416,41.3469217132405],[-122.956659363223,41.3465614439181],[-122.956994298371,41.3462192754995],[-122.957257358691,41.3459671710041],[-122.957412841193,41.3458861378661],[-122.957508535922,41.3458321226758],[-122.957974818542,41.3456342030577],[-122.958070498723,41.3455711705822],[-122.958620494804,41.3453011191406],[-122.958967267453,41.34513008876],[-122.959302069402,41.3449410348677],[-122.959481481554,41.3448149788336],[-122.959696772846,41.3445718411522],[-122.959780587089,41.3444097143582],[-122.959792714958,41.3441485526161],[-122.959649299188,41.344004319056],[-122.95956566107,41.3439772552343],[-122.959434166421,41.3439682716442],[-122.959326631474,41.3439322132047],[-122.959254921807,41.3438961202507],[-122.959075761818,41.3437249544686],[-122.958896681073,41.3434545951285],[-122.958741338266,41.3432384115501],[-122.958610036383,41.3430491650109],[-122.958502496459,41.3429320371479],[-122.958347277451,41.3427968279638],[-122.95804855552,41.3426075585462],[-122.957761798557,41.3423552459179],[-122.957618498215,41.3422020801959],[-122.957391587902,41.3419588156492],[-122.957296059302,41.3418866733594],[-122.957164616973,41.3418325984934],[-122.95688968033,41.3418055324854],[-122.956483303068,41.3418053661484],[-122.956232258871,41.3417872027165],[-122.955730422424,41.3415979335765],[-122.955467523466,41.3414806751029],[-122.955252437045,41.3413905161852],[-122.95520473646,41.3413544873294],[-122.955168829095,41.3413004168369],[-122.95522876538,41.3410572486519],[-122.9554559934,41.3409672247465],[-122.955730937292,41.3408412689887],[-122.956017949699,41.34072422667],[-122.956268986837,41.3406613236509],[-122.956532010925,41.3405533213908],[-122.956998280021,41.340292283852],[-122.957201542544,41.3402292425258],[-122.957871022616,41.3399502484828],[-122.95819385404,41.3398332585821],[-122.958528556866,41.3396712616519],[-122.958839353825,41.3395723174976],[-122.959066589268,41.339491304199],[-122.959413253656,41.3393472389982],[-122.960022983603,41.339050254737],[-122.960393590619,41.3388701830815],[-122.960608839632,41.3387622166696],[-122.960943586263,41.3386361909434],[-122.961122875263,41.3385191535236],[-122.961182676259,41.3384291010217],[-122.961254603497,41.3381588666392],[-122.961398109853,41.3380688224856],[-122.961577440315,41.337978835755],[-122.961768695905,41.3378798204803],[-122.962103441234,41.3376817439116],[-122.962354549638,41.3375286519546],[-122.962605646265,41.3373666344283],[-122.962880621083,41.3372045923751],[-122.963239196518,41.3370515781786],[-122.963549972803,41.3369525331062],[-122.963860902569,41.3367995588387],[-122.964028253827,41.33669145622],[-122.964088018927,41.3365833684914],[-122.964112084094,41.3364032636708],[-122.964112144516,41.3362230949576],[-122.964028530152,41.3362050511124],[-122.963885044727,41.3363041136219],[-122.963753546581,41.3362860289276],[-122.963670022769,41.3361778990702],[-122.963490829166,41.3359076407408],[-122.96334765341,41.3356103821653],[-122.96313273154,41.3351779328988],[-122.962977540906,41.3349076486675],[-122.962858092298,41.3348084824475],[-122.962511613744,41.3346823026574],[-122.962392046659,41.3346552780936],[-122.962165058618,41.3345830860289],[-122.961973866481,41.3344930064402],[-122.96172301864,41.3343578048232],[-122.961723018322,41.3342856654736],[-122.961747025614,41.3342136823155],[-122.961962130992,41.3341776762331],[-122.96224895585,41.3341867760304],[-122.962619436432,41.334240971495],[-122.962930094509,41.3342229978515],[-122.963217025297,41.3341510280986],[-122.963324534848,41.3341060177629],[-122.963563674371,41.3340160580154],[-122.963898394931,41.3338900262575],[-122.964484086709,41.3336830407363],[-122.964818714868,41.3335750428031],[-122.965296911132,41.3334220817274],[-122.96554793988,41.33337710489],[-122.96587059377,41.3332510811425],[-122.966085788315,41.3331250733656],[-122.966277139634,41.3329539092234],[-122.966492432165,41.3326747823135],[-122.966612051419,41.3324495870559],[-122.966695676993,41.3324045974298],[-122.966612208834,41.3321883508723],[-122.966456893335,41.3319901231996],[-122.966289716237,41.3317649429699],[-122.96628972541,41.331629773719],[-122.966325678543,41.3314946550771],[-122.966385598911,41.3311974700347],[-122.966481249578,41.3310623836282],[-122.966648689062,41.3309453474125],[-122.966827889394,41.3309363322955],[-122.966971317526,41.330954402476],[-122.967126614544,41.3309995138406],[-122.967365623767,41.3310536486885],[-122.967544799094,41.3311707849136],[-122.967712037617,41.3312879337844],[-122.967843543924,41.3313869902456],[-122.968046588211,41.3314951756384],[-122.968118298206,41.3313960922245],[-122.968034755963,41.3312789484912],[-122.967783887627,41.3309906450331],[-122.967628720263,41.330738402145],[-122.967593012499,41.3305221989505],[-122.967593076036,41.3302069514789],[-122.967748682736,41.329873688135],[-122.967880346176,41.3295043803357],[-122.967987911123,41.3292882151527],[-122.968023885125,41.3290270342952],[-122.968012144119,41.3287208127982],[-122.967916775325,41.3283874433151],[-122.967881009906,41.3282073112032],[-122.967833175415,41.3280902256188],[-122.967701922015,41.3278559940224],[-122.967546654208,41.3276126804112],[-122.967439234557,41.327279417062],[-122.96729604377,41.3270451069204],[-122.967105008262,41.3267568324419],[-122.966961687854,41.3265856446304],[-122.966913913373,41.3265045369684],[-122.966758625277,41.3263153289081],[-122.966758785831,41.3260541840266],[-122.966758841147,41.3259460651304],[-122.966782866295,41.3258199758203],[-122.966842618284,41.3257118889846],[-122.966998074902,41.3255768320663],[-122.967201212698,41.3254687803872],[-122.967523989832,41.3252976644445],[-122.967679404579,41.3252076928377],[-122.967882558519,41.3251807063749],[-122.96831278232,41.3250096615066],[-122.968503963584,41.3248926027494],[-122.968563806408,41.3248386162356],[-122.968719208894,41.324604457678],[-122.968934535269,41.3242981874243],[-122.9691257286,41.3241901444975],[-122.969328946395,41.3239920956492],[-122.969484383662,41.3239200662208],[-122.969735380359,41.3237399114661],[-122.970105926201,41.3235148179341],[-122.970356825375,41.3234158201991],[-122.970703507135,41.3231997644415],[-122.970930564633,41.3230556129355],[-122.971109877163,41.3229836474901],[-122.97137281976,41.3229476641819],[-122.97157591736,41.3228936206044],[-122.971946448039,41.3227316429805],[-122.972233266478,41.3225605531337],[-122.972532103743,41.3222993683349],[-122.972747241169,41.3221012108166],[-122.972902720464,41.3219211504469],[-122.97303419418,41.3216689781715],[-122.973082089962,41.3214798330513],[-122.973094104563,41.3212545672256],[-122.973034534289,41.3209843797439],[-122.972974934535,41.3207681144802],[-122.97283162446,41.3203988264482],[-122.972700375459,41.319966402757],[-122.97264076574,41.3197412112813],[-122.972569225857,41.3194529112713],[-122.972545367419,41.3191917063489],[-122.972533566186,41.3189304860597],[-122.972521669683,41.3187503324334],[-122.972450041858,41.3186151477642],[-122.972282897752,41.3183358764531],[-122.972211385956,41.3181287309373],[-122.972151705748,41.3179305025285],[-122.972068235118,41.3176423054754],[-122.972020573486,41.3173539817562],[-122.971960889339,41.3170837971052],[-122.971889386521,41.3168135311328],[-122.97185364121,41.3165792989733],[-122.97184180961,41.3163000455101],[-122.971818013842,41.3158676934456],[-122.97186597389,41.3155794497],[-122.971937800868,41.3153543020583],[-122.972117146758,41.3151110980786],[-122.972236638642,41.3149759848189],[-122.972475686064,41.3147418255209],[-122.972666890571,41.3145887827247],[-122.972941793869,41.3143816372855],[-122.973192800772,41.3142286179207],[-122.973503471995,41.3140665206338],[-122.973718623516,41.3139584461949],[-122.974041250845,41.3138054408048],[-122.974256350472,41.3136703146524],[-122.974567046729,41.3135893685354],[-122.974794014252,41.3136163585807],[-122.97493728374,41.3136974529239],[-122.975080627387,41.3137515835897],[-122.975450929693,41.3139588550869],[-122.975677889156,41.3141119947447],[-122.97585698438,41.3142651864816],[-122.97602417466,41.3144363355074],[-122.976179451387,41.3145534830062],[-122.976298936729,41.3146165639662],[-122.976537849067,41.314643629492],[-122.976717204494,41.3145446034676],[-122.976860615146,41.3143734799956],[-122.976932392417,41.3141302962549],[-122.97696828602,41.3139141140425],[-122.976968359624,41.3138240303181],[-122.976956475544,41.3135267460013],[-122.977028273255,41.3132295479198],[-122.977076229025,41.3128871993181],[-122.977112093,41.3125899529223],[-122.977195784789,41.3124008610324],[-122.977458821271,41.3121126508922],[-122.977578264077,41.3119594999836],[-122.977829235861,41.3117974562633],[-122.978175766918,41.3116083462744],[-122.978450622381,41.311455201835],[-122.978832943329,41.3112571244424],[-122.979095876227,41.3111130103638],[-122.979514076146,41.3108879293148],[-122.979729105943,41.3107888624535],[-122.980015908393,41.3107078400103],[-122.98019518233,41.3106358629251],[-122.980242944678,41.3105817971547],[-122.980260591231,41.3104293470809]]},"properties":{"OBJECTID":279,"OWNERNAME":"Klamath National Forest","OWNERTYPE":"USDA Forest Service","DESIGNATIO":" ","MANAGEMENT":" ","REV_DATE":969580800000}},{"type":"Feature","id":280,"geometry":{"type":"LineString","coordinates":[[-122.505802830897,41.3205865369543],[-122.505701268231,41.3206415792544],[-122.505476522889,41.3206488603134],[-122.505245203957,41.3206934192198],[-122.505130797074,41.3206884009779],[-122.505059763289,41.3206982944918],[-122.504995361829,41.3207646748541],[-122.504959005809,41.320827520479],[-122.504980044115,41.3209648646885],[-122.50500504596,41.3210619190185],[-122.505076130465,41.3211626506121],[-122.505152489805,41.3212708504174],[-122.505239071457,41.3213811903259],[-122.505282917451,41.3214369355063],[-122.505297560904,41.3214938053704],[-122.505383346103,41.3215950554737],[-122.505494402972,41.3217874026994],[-122.505612393293,41.3219527445543],[-122.505706438713,41.3220751073971],[-122.505844380057,41.3222545656373],[-122.505926641058,41.3224016872358],[-122.505985848043,41.3225074343442],[-122.506059916733,41.3226865454027],[-122.506104518913,41.3227944784845],[-122.506114591031,41.3228878623009],[-122.506217456033,41.3230199665249],[-122.506228456449,41.3230887187744],[-122.506254969126,41.3232561575218],[-122.506248596498,41.3234082951809],[-122.5062439063,41.3235198269068],[-122.506254916048,41.3236433973388],[-122.506259580333,41.323694785103],[-122.506277345252,41.3238169582596],[-122.506297038079,41.3238646200679],[-122.506315379097,41.3239520696091],[-122.506431076907,41.3241335951301],[-122.50651716313,41.3243558328486],[-122.506601587323,41.3245168858454],[-122.506621333457,41.3245762681335],[-122.506713500885,41.32475736191],[-122.506815133852,41.3248712783189],[-122.506887445551,41.3249523303602],[-122.506993395576,41.3251690330924],[-122.50706307468,41.3254305483261],[-122.507187634496,41.3256468788132],[-122.507301143428,41.32584413549],[-122.507347664469,41.3259249819089],[-122.507365676108,41.3259893567287],[-122.507465448909,41.3261863472059],[-122.507543802171,41.3263410297706],[-122.507588310582,41.3264291284073],[-122.507605687428,41.3265196633677],[-122.507704594075,41.3266987286528],[-122.507794058146,41.3268604025241],[-122.507824777782,41.3269161391782],[-122.507872419069,41.3270595338549],[-122.507992981219,41.3273081309744],[-122.508091118096,41.3276048715693],[-122.508129497018,41.3277326732086],[-122.508160992071,41.3278377126469],[-122.508216089132,41.3280474063695],[-122.508240323812,41.3281394276338],[-122.508292940226,41.3283259994892],[-122.508330663045,41.3284895181917],[-122.508347411269,41.3286234331817],[-122.50836449023,41.3287599554333],[-122.508363662269,41.32885896869],[-122.508346407044,41.3289286474239],[-122.508314372714,41.3290569540603],[-122.508313710103,41.3291470382391],[-122.508312960491,41.3292551559801],[-122.508348113644,41.3293453356707],[-122.508371578695,41.3294085202907],[-122.508430737793,41.3294718027307],[-122.508591421623,41.329577415104],[-122.508651614917,41.3296429306188],[-122.50881256658,41.329810658107],[-122.508928280335,41.3299921826038],[-122.508970977877,41.3300591306782],[-122.509089566028,41.3301966895817],[-122.509209123693,41.3303686688815],[-122.509387321239,41.3306162050192],[-122.509431812594,41.3306798699785],[-122.509535695734,41.3308269191594],[-122.509721234132,41.3310897254782],[-122.509806415461,41.3312481476246],[-122.509886236746,41.3313966689335],[-122.510028388652,41.3315762221973]]},"properties":{"OBJECTID":280,"OWNERNAME":"Private","OWNERTYPE":"Private","DESIGNATIO":" ","MANAGEMENT":" ","REV_DATE":969580800000}},{"type":"Feature","id":281,"geometry":{"type":"LineString","coordinates":[[-122.509914859817,41.3197749666508],[-122.509814871416,41.3197521725967],[-122.509627948029,41.3196908161215],[-122.509553247657,41.3196743674826],[-122.50944885956,41.3196316456163],[-122.509254125787,41.3195517816553],[-122.509160045355,41.3195067793462],[-122.508924779161,41.3193942757759],[-122.508758232594,41.3192944623358],[-122.508512847967,41.3192541982287],[-122.50836446107,41.3192297551549],[-122.508276695679,41.319187873528],[-122.50817388194,41.3191388978228],[-122.507906504793,41.3190262219146],[-122.50765549421,41.3189105148911],[-122.507443912602,41.3188129520842],[-122.507197391541,41.318699318112],[-122.507024392065,41.3186195581778],[-122.506842293032,41.3185356503818],[-122.50650169474,41.3185133333825],[-122.506385052569,41.3185057453199],[-122.506254525254,41.3185958975462],[-122.506189779066,41.3187239547965],[-122.506119834207,41.3189046782753],[-122.506115513757,41.3190847242398],[-122.506111644796,41.3192469988314],[-122.506106441599,41.3194632141518],[-122.506102233151,41.3196430776962],[-122.506098364125,41.3198053522583],[-122.50609481486,41.3199494976315],[-122.50609123709,41.3201030208367],[-122.506074196542,41.3202197572595],[-122.506052646594,41.3203679602574],[-122.506044715843,41.3204210418135],[-122.505965188056,41.3204985448099],[-122.505802830897,41.3205865369543]]},"properties":{"OBJECTID":281,"OWNERNAME":"Shasta Trinity National Forest","OWNERTYPE":"USDA Forest Service","DESIGNATIO":" ","MANAGEMENT":" ","REV_DATE":969580800000}},{"type":"Feature","id":282,"geometry":{"type":"LineString","coordinates":[[-122.509803662345,41.3081925483847],[-122.509999811912,41.3083205259971],[-122.5100456136,41.3083503546774],[-122.510116807039,41.3084339502812],[-122.510211404392,41.308524650647],[-122.510266233593,41.3085771978063],[-122.510308837731,41.308675880539],[-122.510369437306,41.3087704166873],[-122.510418905375,41.3088674294286],[-122.510484591546,41.3089879197385],[-122.510569351076,41.309206481016],[-122.510595348889,41.3092569898917],[-122.510660542432,41.3093838019251],[-122.510704570272,41.3094618091865],[-122.510723355896,41.3095414942284],[-122.51080183805,41.3096558686745],[-122.51090786142,41.3098545307268],[-122.511049935309,41.3100262345301],[-122.511192140519,41.3101709785778],[-122.511391235409,41.3103554261463],[-122.511488482017,41.3104875455181],[-122.511639381085,41.3106555555303],[-122.511704639304,41.3107875048711],[-122.511768660385,41.3108569977445],[-122.51183999212,41.3109886447054],[-122.511928006437,41.3110922776008],[-122.51200362822,41.3112372724893],[-122.512090966881,41.3113998842863],[-122.512190526248,41.3115434066094],[-122.512288579015,41.3116847968107],[-122.512313922848,41.311757407176],[-122.512422118539,41.3119191505306],[-122.512517943744,41.3121603007497],[-122.512569986435,41.3123033325818],[-122.512593715719,41.3123843615072],[-122.512669955072,41.3125400717678],[-122.512691560171,41.3125843590902],[-122.512724156162,41.3127139863302],[-122.512776742112,41.312794255748],[-122.512792363569,41.3128959128837],[-122.512887960297,41.3130352773538],[-122.512958148947,41.3131375554027],[-122.51299297985,41.3132288197638],[-122.513103437492,41.3134038608346],[-122.513255926822,41.3136033032465],[-122.513306219145,41.3136691944535],[-122.513380031618,41.3137693256596],[-122.513547809166,41.3139315872044],[-122.513592656269,41.3139749575931],[-122.513654207615,41.3140487367364],[-122.51383869425,41.3142075984801],[-122.513940960984,41.3143566569799],[-122.514014969822,41.3145336881206],[-122.514061609327,41.3146960325599],[-122.514134978356,41.3148412529165],[-122.514188518712,41.3149826320995],[-122.514201530095,41.3151560176018],[-122.514235986072,41.3153452928611],[-122.514332699022,41.3155434190943],[-122.514369587356,41.3156625918631],[-122.514400528835,41.3157619593829],[-122.5144946651,41.3159138853731],[-122.514575257644,41.3161797727791],[-122.514616407287,41.3162503549035],[-122.514694864026,41.3164587633053],[-122.514734726947,41.3165470430607],[-122.514772655271,41.3166312134162],[-122.514857956769,41.3168612139978],[-122.514911082002,41.3170620154108],[-122.514950876733,41.317212867002],[-122.514990112086,41.3175007723978],[-122.515070947081,41.317668111086],[-122.51512358207,41.3178515224196],[-122.515127747591,41.3178987725998],[-122.515153203291,41.3179948242454],[-122.515192274768,41.3181420832539],[-122.515204989474,41.3182050298314],[-122.51522633234,41.3183097291007],[-122.515251392654,41.3184420317781],[-122.515263268406,41.3185049046207],[-122.515233542856,41.3186542650518],[-122.515225705166,41.3188354625911],[-122.515187151609,41.3191956123658],[-122.515191057289,41.319340782265],[-122.515194197921,41.319457386544],[-122.515196044809,41.3195269521586],[-122.515163120137,41.3196192139083],[-122.515167186509,41.3197995427771],[-122.515168754782,41.319871368953],[-122.515138319863,41.3199563688898],[-122.515155069329,41.3200560196058],[-122.515140584309,41.3201125698479],[-122.515172782048,41.3202136243907],[-122.515166429498,41.3202944455567],[-122.515153861617,41.3204565348172],[-122.515081376336,41.3205643756565],[-122.51502131581,41.3206181436076],[-122.514937260105,41.3206718503443],[-122.514829450334,41.3206983539333],[-122.514626425397,41.3206885380893],[-122.514503929301,41.3206707076694],[-122.514306444994,41.3206419348082],[-122.514245408227,41.3206305363065],[-122.51400300631,41.3205870675262],[-122.513902165329,41.3205605058928],[-122.513715906846,41.3205114042277],[-122.51360122192,41.3204440977499],[-122.513373541429,41.3203609319762],[-122.5132431997,41.3203134141615],[-122.512885970585,41.3201406991318],[-122.51266690117,41.3200443774159],[-122.512554517757,41.3199949651258],[-122.512489245039,41.3199750855442],[-122.512373899971,41.31993988689],[-122.512111540175,41.3198582258576],[-122.511820509271,41.3198098655023],[-122.511584706312,41.3197706777837],[-122.51151411622,41.3197591064827],[-122.511214313467,41.3197193063686],[-122.511109264156,41.3197053605027],[-122.511001953562,41.3197086797028],[-122.510751452227,41.3197165767836],[-122.51062649404,41.3197204297352],[-122.510500130571,41.3197419815816],[-122.510359846693,41.3197547056643],[-122.510259507714,41.3197661790331],[-122.510080821031,41.3197865229333],[-122.509914859817,41.3197749666508]]},"properties":{"OBJECTID":282,"OWNERNAME":"Private","OWNERTYPE":"Private","DESIGNATIO":" ","MANAGEMENT":" ","REV_DATE":969580800000}},{"type":"Feature","id":283,"geometry":{"type":"LineString","coordinates":[[-122.980260591231,41.3104293470809],[-122.980266908595,41.3103746439084],[-122.980171401944,41.310239491203],[-122.980111688253,41.3101584027546],[-122.980087831696,41.3101043250975],[-122.979956419046,41.3098520794455],[-122.979944591427,41.3095908627198],[-122.97988493306,41.309347644871],[-122.979729750903,41.3091494360696],[-122.979562567435,41.308915263574],[-122.979359537711,41.3087260360988],[-122.979060936908,41.3085548578849],[-122.978810078082,41.3084467474297],[-122.978714522487,41.3084106924514],[-122.978284502436,41.3083025065559],[-122.978069498953,41.3082844370858],[-122.97769906785,41.3083203707798],[-122.977424298,41.3083203102675],[-122.977065906467,41.3083473001123],[-122.976767216301,41.3083202123814],[-122.976480596502,41.3083021259682],[-122.976122138786,41.3082930461138],[-122.975871382482,41.3082389399039],[-122.975560840003,41.3080587504379],[-122.9752024729,41.3078335249977],[-122.974987532074,41.3077163498978],[-122.974724767426,41.3075541399518],[-122.974509776384,41.3074730344404],[-122.974402238807,41.3074099387854],[-122.97419923426,41.3071576745779],[-122.974032098926,41.3070045572875],[-122.973984305737,41.3069774672461],[-122.973614083969,41.3067251968485],[-122.973363255637,41.3066260933134],[-122.973064723442,41.3064818612476],[-122.972825857359,41.3063287305159],[-122.972646739994,41.306148483856],[-122.972682633729,41.3059953336896],[-122.972814032465,41.305851284469],[-122.97301727061,41.3056351057917],[-122.973124798722,41.3054910804707],[-122.973172617043,41.305400947903],[-122.973280337362,41.3050316688506],[-122.973220681638,41.3048424624992],[-122.973077431327,41.3046262899212],[-122.972910239689,41.3044371058701],[-122.972659553372,41.3040766829541],[-122.972432670468,41.3038784530737],[-122.972098318198,41.3037163121498],[-122.971919182818,41.3035900786104],[-122.97159670843,41.3034639051753],[-122.971381688074,41.303355833005],[-122.971095110503,41.3030765091614],[-122.970892120621,41.3028872692638],[-122.970641415224,41.3026439739856],[-122.970426551257,41.3024187659793],[-122.970127985789,41.3021033851181],[-122.96985344355,41.3018061009645],[-122.969734083923,41.3016619478179],[-122.969614693083,41.301499763363],[-122.969352046804,41.3012474614006],[-122.969148995013,41.3010852710745],[-122.96908936281,41.3010402454243],[-122.969065486957,41.300968132365],[-122.969185020527,41.3007970446833],[-122.969376290246,41.3005628539297],[-122.969591391436,41.3003738150021],[-122.969854234464,41.3001216070234],[-122.96996178746,41.2999955282541],[-122.970141119128,41.2997613466472],[-122.9701889709,41.2994821290685],[-122.970236886124,41.2992389774312],[-122.970201144309,41.2990677784654],[-122.970177341387,41.2989687037883],[-122.970034086366,41.2988065433204],[-122.969866817187,41.2986984217639],[-122.96968781635,41.2985002279676],[-122.96943705595,41.2982838942819],[-122.969222153028,41.2980947543453],[-122.969043049085,41.2979054892375],[-122.968780397586,41.2977793358815],[-122.968625053376,41.2977342299827],[-122.96825481734,41.2976440752749],[-122.967824978489,41.2974547885384],[-122.967514416202,41.2973646620967],[-122.967156261722,41.2972203863569],[-122.967000995854,41.297148316454],[-122.966893450079,41.2970671833496],[-122.966866402796,41.2969443796986]]},"properties":{"OBJECTID":283,"OWNERNAME":"Klamath National Forest","OWNERTYPE":"USDA Forest Service","DESIGNATIO":" ","MANAGEMENT":" ","REV_DATE":969580800000}},{"type":"Feature","id":284,"geometry":{"type":"LineString","coordinates":[[-122.506465649509,41.3059629417846],[-122.506717347115,41.3061132564689],[-122.506939070345,41.3062289170455],[-122.507128318467,41.3063474807466],[-122.507293192586,41.3064413761241],[-122.507533852258,41.3065763126383],[-122.507607620382,41.3066176626376],[-122.507800647197,41.3067521069736],[-122.507917810055,41.3068262207545],[-122.508099382927,41.3069266336183],[-122.508186883329,41.3069750119011],[-122.508235723503,41.3070133457944],[-122.508396419711,41.3070764897597],[-122.508467399521,41.3071506222244],[-122.508610639958,41.3072230408274],[-122.508667305799,41.3072701435253],[-122.508783393485,41.3073714137603],[-122.508836327694,41.3074175988995],[-122.508970233017,41.3075539453464],[-122.509185457797,41.3077257210105],[-122.50923923016,41.3077685524499],[-122.509295237943,41.3078240530346],[-122.50944822208,41.3079326989279],[-122.509536026224,41.3079930613446],[-122.509619164402,41.3080564932323],[-122.509803662345,41.3081925483847]]},"properties":{"OBJECTID":284,"OWNERNAME":"Shasta Trinity National Forest","OWNERTYPE":"USDA Forest Service","DESIGNATIO":" ","MANAGEMENT":" ","REV_DATE":969580800000}},{"type":"Feature","id":285,"geometry":{"type":"LineString","coordinates":[[-122.490392284925,41.2915239318734],[-122.490490231251,41.2915613861528],[-122.490728629975,41.2916165173821],[-122.491062657319,41.2916629863871],[-122.49126559858,41.2916729298915],[-122.491492659959,41.291655889325],[-122.491839514465,41.2915943653891],[-122.49215036046,41.2915506841514],[-122.492365442392,41.291542624667],[-122.492604138498,41.2915616831278],[-122.492807037075,41.2915806408121],[-122.493224719149,41.2916275159515],[-122.493558451745,41.2917100467067],[-122.493879910679,41.2918375392432],[-122.49410569897,41.2919827102779],[-122.494379088102,41.292155062481],[-122.494640540529,41.2923272919639],[-122.494854781156,41.2924183268109],[-122.495045452674,41.2924732256396],[-122.495260450326,41.2924831945492],[-122.495857434068,41.2924947580423],[-122.496359250082,41.2924699874628],[-122.496884504788,41.2925083087543],[-122.497027573934,41.2925359337077],[-122.497193996881,41.2926447762578],[-122.497336091633,41.2927984594755],[-122.497560535708,41.2931237832573],[-122.497689980766,41.2933765299885],[-122.497795472328,41.2936472441785],[-122.497794337062,41.2937823219708],[-122.497792897548,41.2939805160741],[-122.497743554876,41.2941874161016],[-122.49766959817,41.294475406916],[-122.497632147782,41.2946914464012],[-122.497630790988,41.2948715175702],[-122.497665033005,41.2950699018573],[-122.497699143954,41.2952952466864],[-122.497767362953,41.2957459344809],[-122.497860802813,41.2960165289649],[-122.497976879879,41.2964674364941],[-122.498070748061,41.2966750022091],[-122.498188520177,41.2969007544446],[-122.498377308938,41.2971988414607],[-122.498471254588,41.2974154222597],[-122.498505540412,41.2976047001419],[-122.498539654341,41.2978300445494],[-122.498561997192,41.2980463381184],[-122.498619771272,41.2982897835916],[-122.498665819759,41.2985151613465],[-122.498688042663,41.2987314562626],[-122.4987222008,41.2989477845783],[-122.498756271982,41.2991821465904],[-122.498790342205,41.2994165076798],[-122.498860218992,41.2996510590058],[-122.498930137357,41.2998765015738],[-122.499036068742,41.3000841874149],[-122.499153976001,41.3002828005291],[-122.499295758426,41.3004816576138],[-122.49949703876,41.3007167459708],[-122.499674535883,41.3009336444657],[-122.499815939319,41.3011865133787],[-122.500158581188,41.301683396965],[-122.500359619337,41.3019455366106],[-122.501180539116,41.3025102395716],[-122.501320450968,41.3026381791068],[-122.501443971556,41.3027512076581],[-122.501488472161,41.3027918837129],[-122.501577311549,41.3028378956102],[-122.501779586745,41.3029917292781],[-122.501886974764,41.3030733438833],[-122.501956029112,41.3031200208634],[-122.502136107285,41.3032635679741],[-122.502391433175,41.3034670110401],[-122.502449495275,41.3035132759966],[-122.502561123464,41.3036001242289],[-122.50274272144,41.3037426489573],[-122.502853886307,41.3038298681132],[-122.503090473941,41.304002397457],[-122.503182442084,41.3040695337086],[-122.503358252776,41.3041693477088],[-122.503697296238,41.3043744531156],[-122.503955395928,41.3045409639766],[-122.504366065828,41.3047739395696],[-122.504533474034,41.3048688697496],[-122.504751670685,41.3050135457744],[-122.50513441635,41.3052293162048],[-122.505364738757,41.3053555358387],[-122.50565455643,41.3055142876732],[-122.505846064921,41.3056191939271],[-122.505970385485,41.3056933451578],[-122.506142068146,41.3057807046486],[-122.50631219337,41.305871252121],[-122.506465649509,41.3059629417846]]},"properties":{"OBJECTID":285,"OWNERNAME":"Private","OWNERTYPE":"Private","DESIGNATIO":" ","MANAGEMENT":" ","REV_DATE":969580800000}},{"type":"Feature","id":286,"geometry":{"type":"LineString","coordinates":[[-122.509577672984,41.2845513204533],[-122.509474252944,41.2846914184383],[-122.509410789689,41.2848516339093],[-122.509365547393,41.2848951833341],[-122.509262134212,41.2849946207447],[-122.509138063046,41.2851139443215],[-122.509010408031,41.2852365865015],[-122.508871498995,41.2853751410627],[-122.508772009356,41.2854742285434],[-122.508626412266,41.2856194073585],[-122.508472162235,41.285773053447],[-122.508367028474,41.2858779329769],[-122.508287714296,41.2859569640189],[-122.508179576697,41.2860646993954],[-122.508136348472,41.2861078468888],[-122.508015680414,41.2861541660208],[-122.507751841665,41.2863127964139],[-122.507395962746,41.2864290004223],[-122.507174081735,41.2865014132667],[-122.507052821564,41.2865410711668],[-122.506861492851,41.2866034976712],[-122.506646806276,41.2866736016431],[-122.506475412671,41.2867295875288],[-122.506215076188,41.2868145768782],[-122.505976916015,41.2868923623011],[-122.505758794496,41.286970016768],[-122.504973395551,41.2872497727385],[-122.504665575039,41.2872905387934],[-122.50450070133,41.2873283609409],[-122.504378201658,41.287356501307],[-122.504226701893,41.2873912609275],[-122.503977199596,41.2874484429741],[-122.503768059744,41.2874964327493],[-122.503369900021,41.287587774658],[-122.503239780393,41.287616426801],[-122.503050559164,41.2876096542189],[-122.502716795725,41.2875977419096],[-122.502513718686,41.2875905241324],[-122.502249001231,41.2875810186932],[-122.501938647661,41.2875698998354],[-122.501747997848,41.2875631538177],[-122.501555889021,41.287610350143],[-122.50131957264,41.2876522979088],[-122.50119654359,41.2877439161456],[-122.501139344809,41.2877664223661],[-122.50056170024,41.2879933227872],[-122.499987148803,41.2881620076832],[-122.499580610594,41.2882323171181],[-122.499317765317,41.2882491851882],[-122.498947360212,41.2882745957584],[-122.498636370525,41.288327310832],[-122.498265878622,41.2883707539064],[-122.497882995696,41.2884591586224],[-122.497428555533,41.2885381683051],[-122.497021513004,41.2886625729289],[-122.496662359811,41.2887780905726],[-122.496267453657,41.2888844900901],[-122.49575241622,41.2890803703027],[-122.495356913795,41.2892588145941],[-122.494949386981,41.2894551665498],[-122.494637575829,41.2896250031908],[-122.494457615871,41.2897232447018],[-122.494325891965,41.2897676964939],[-122.49417034822,41.28980306527],[-122.493763883472,41.2898553232392],[-122.493512962515,41.2898722129994],[-122.493166327336,41.2899157950341],[-122.492807680825,41.2899502409942],[-122.492377393415,41.2899934109652],[-122.492030753807,41.290036901374],[-122.491588440857,41.2900979780411],[-122.491157853158,41.2901771223855],[-122.490607382937,41.2903188698461],[-122.49015258232,41.2904429395207],[-122.489864710916,41.2905947963289],[-122.489732251559,41.290738338646],[-122.489671434682,41.2908731582979],[-122.489682639465,41.2909723784244],[-122.489776981394,41.2911258444091],[-122.489907128578,41.2912795933703],[-122.490073449464,41.2914064772097],[-122.490252014979,41.2914702796551],[-122.490392284925,41.2915239318734]]},"properties":{"OBJECTID":286,"OWNERNAME":"Shasta Trinity National Forest","OWNERTYPE":"USDA Forest Service","DESIGNATIO":" ","MANAGEMENT":" ","REV_DATE":969580800000}},{"type":"Feature","id":287,"geometry":{"type":"LineString","coordinates":[[-122.509545882013,41.2812296199412],[-122.509747843545,41.281365501238],[-122.509815931305,41.2814258944831],[-122.509873190893,41.2815688176294],[-122.510125758876,41.2821990013258],[-122.510134723924,41.2823527181927],[-122.510152473127,41.2826583525939],[-122.510167119519,41.2829095049143],[-122.510176488756,41.283071328089],[-122.510153527714,41.2832195533876],[-122.510050978883,41.2838814573837],[-122.510019905047,41.2839581706796],[-122.510002224009,41.2840017092186],[-122.509903940145,41.2841078955906],[-122.509780365314,41.2842413655001],[-122.509687487083,41.2843417647456],[-122.509632547444,41.2844286025163],[-122.50960712158,41.2844962777875],[-122.509577672984,41.2845513204533]]},"properties":{"OBJECTID":287,"OWNERNAME":"Private","OWNERTYPE":"Private","DESIGNATIO":" ","MANAGEMENT":" ","REV_DATE":969580800000}},{"type":"Feature","id":288,"geometry":{"type":"LineString","coordinates":[[-122.710269621368,41.2751644497883],[-122.710473176333,41.2753262157599],[-122.710901980602,41.2755704789919],[-122.711116409127,41.2756790854178],[-122.711283694685,41.2756705093394],[-122.711319741295,41.2755985037612],[-122.711249179358,41.2753731858153],[-122.711093751447,41.2751182353654]]},"properties":{"OBJECTID":288,"OWNERNAME":"Klamath National Forest","OWNERTYPE":"USDA Forest Service","DESIGNATIO":" ","MANAGEMENT":" ","REV_DATE":969580800000}},{"type":"Feature","id":289,"geometry":{"type":"LineString","coordinates":[[-122.715973327998,41.2712213221986],[-122.716055056655,41.2712594920638],[-122.71622219657,41.2712599301952],[-122.716258187098,41.271214972205],[-122.716151452723,41.2710615775454],[-122.716079832664,41.2709344685906]]},"properties":{"OBJECTID":289,"OWNERNAME":"Klamath National Forest","OWNERTYPE":"USDA Forest Service","DESIGNATIO":" ","MANAGEMENT":" ","REV_DATE":969580800000}},{"type":"Feature","id":290,"geometry":{"type":"LineString","coordinates":[[-122.966866402796,41.2969443796986],[-122.966857734317,41.2969050893392],[-122.966845854971,41.2967249410927],[-122.966798228654,41.2965086680581],[-122.966738632326,41.2964096284356],[-122.966869965095,41.2963015642826],[-122.966953723837,41.2962205041205],[-122.966989654158,41.2960133452356],[-122.967025578268,41.2956620048501],[-122.967001853624,41.2954638318132],[-122.966787108499,41.2950764929079],[-122.966572243454,41.2947611111786],[-122.966452871661,41.2945989240324],[-122.966154492453,41.2942926400303],[-122.966106754769,41.2942205508884],[-122.965676867071,41.293986175698],[-122.965545521254,41.2938690843353],[-122.965485894865,41.2937519218402],[-122.965462160174,41.2934726856347],[-122.965390542592,41.2933195579671],[-122.96533093287,41.2932114123318],[-122.965199590056,41.2930222747625],[-122.965092319504,41.2928149866355],[-122.965020688831,41.2926528417374],[-122.964961093665,41.2924816652806],[-122.964865687006,41.2922294630725],[-122.964770234824,41.2919502107675],[-122.964734554989,41.2918060615486],[-122.96456745777,41.29157178344],[-122.964292889884,41.2913645713525],[-122.964233266769,41.291247407232],[-122.964125887312,41.2909681659892],[-122.964042323601,41.2908059429577],[-122.963839538721,41.290490634036],[-122.963744107808,41.2902924426438],[-122.963708524194,41.2899141214617],[-122.963660944707,41.2895717916308],[-122.963565487006,41.2892835220235],[-122.96341041153,41.2889502244863],[-122.9633030615,41.2887609712082],[-122.962945014504,41.288355554928],[-122.962813753754,41.2882113192367],[-122.962371965522,41.2880400636986],[-122.962145068831,41.2879319008375],[-122.961882480412,41.2877426161909],[-122.961703441085,41.2875624479849],[-122.96152441206,41.287463342393],[-122.961273684625,41.2873010968601],[-122.961249850579,41.2872470176582],[-122.961249933073,41.2870758748099],[-122.961405332965,41.286877711896],[-122.961763659224,41.2867247104266],[-122.961954823342,41.2866527494723],[-122.962145972104,41.2864996379673],[-122.962205778183,41.2862925497162],[-122.962205903841,41.2860763226991],[-122.96219403794,41.2858961742764],[-122.96199127262,41.2856529094007],[-122.961764490922,41.2854636818082],[-122.961239122969,41.2851751936157],[-122.960857123142,41.2849949491001],[-122.960618326632,41.2848237655268],[-122.960379601365,41.2846254385898],[-122.960343947913,41.2844903064983],[-122.960439678509,41.2842111399745],[-122.96064277716,41.2839229454715],[-122.960738485872,41.283706806753],[-122.960846099057,41.283400580235],[-122.96087013541,41.2832835146366],[-122.960858175583,41.2831933577719],[-122.96077477584,41.2828961469237],[-122.960679359051,41.2826978661429],[-122.960404963334,41.282346465772],[-122.960190142489,41.2821662406171],[-122.959939535406,41.2819140036751],[-122.959844069771,41.2818328505544],[-122.959593431683,41.2816346257691],[-122.959366654362,41.2814363762758],[-122.959187511063,41.2813282544876],[-122.959092165369,41.2810939924571],[-122.95902074597,41.2808237308773],[-122.958961206632,41.2804453476239],[-122.958961422084,41.2802021591559],[-122.958973469965,41.2800490405925],[-122.958961614008,41.2798688951042],[-122.958902051451,41.2796256732921],[-122.958782811648,41.2794454461482],[-122.958687297183,41.2793283176233],[-122.958484482003,41.2791120108328],[-122.958317373494,41.2789137954474],[-122.958162344309,41.278733599972],[-122.957887779189,41.2785623554477],[-122.957410323618,41.2782738987376],[-122.956909022932,41.2779944780455],[-122.956503078461,41.2778052282906],[-122.956312176754,41.277724070164],[-122.955954032919,41.2775077238605],[-122.955655630586,41.2773455117924],[-122.955476608061,41.2772283661666],[-122.955309618168,41.2770211283507],[-122.955214219931,41.2767417822927],[-122.95507112932,41.2764805122649],[-122.954975794467,41.2762373231217],[-122.954964010365,41.2760211098067],[-122.954928340107,41.2757868821035],[-122.954832937996,41.2755796718191],[-122.954630138234,41.2754354933539],[-122.954486925112,41.2753273301433],[-122.954451051891,41.2752732637145],[-122.954463214253,41.275111126493],[-122.954511121669,41.2748408483498],[-122.954499319663,41.2746877531745],[-122.954415775657,41.2745886425212],[-122.954200965282,41.2743903763529],[-122.954165261887,41.2742102513929],[-122.954189299212,41.274012039016],[-122.954320792406,41.2737869495584],[-122.954511997079,41.2735257383301],[-122.954679408003,41.2732285700486],[-122.954751126839,41.2730844159522],[-122.95475142806,41.2727331179787],[-122.954787484238,41.2724358891138],[-122.954811456335,41.2722737455689],[-122.954847407117,41.2719855355453],[-122.954823699732,41.2718503923176],[-122.954728239661,41.2716792498811],[-122.95448989306,41.2711386352433],[-122.954322903257,41.2708413207136],[-122.954203743001,41.2706160959062],[-122.954048683471,41.2703187720866],[-122.953905653186,41.2700845520936],[-122.953786385832,41.2698682565988],[-122.953714829576,41.2696430824482],[-122.953667382052,41.2693458378687],[-122.953655534417,41.2690845433036],[-122.953619926158,41.2688863846454],[-122.953548512634,41.2685980900378],[-122.953548718276,41.2683368720442],[-122.9536324687,41.2680216612086],[-122.953740064059,41.2677784726945],[-122.953907486491,41.2674992490626],[-122.954026945115,41.2672921178389],[-122.954050970893,41.2670849798511],[-122.954039179614,41.2669408112943],[-122.954039376334,41.2667517268449],[-122.953920076472,41.266508472876],[-122.953848612661,41.2663462342077],[-122.953753253805,41.2661570574289],[-122.953610137961,41.2659407836144],[-122.953478875824,41.2657516402626],[-122.953395381354,41.2656794897126],[-122.953264199692,41.2655443547263],[-122.95325234801,41.2654362533547],[-122.953455440032,41.2652381538002],[-122.95370633915,41.2650220655058],[-122.953825750889,41.2648659712761]]},"properties":{"OBJECTID":290,"OWNERNAME":"Klamath National Forest","OWNERTYPE":"USDA Forest Service","DESIGNATIO":" ","MANAGEMENT":" ","REV_DATE":969580800000}},{"type":"Feature","id":291,"geometry":{"type":"LineString","coordinates":[[-122.711093751447,41.2751182353654],[-122.711107592568,41.2749764747427],[-122.711264220623,41.2746706009742],[-122.711301049152,41.2744364693044],[-122.711337690209,41.2742384063313],[-122.711493469262,41.2741307226568],[-122.712054981582,41.2740330188028],[-122.712317859587,41.2740066858159],[-122.712389865128,41.2739077562241],[-122.712535197029,41.273448672522],[-122.712607356718,41.2733317962816],[-122.712727608555,41.2731429237369],[-122.71278748064,41.2730890654661],[-122.712907120839,41.2730352662555],[-122.713158098702,41.2729908877301],[-122.713922840411,41.2728576726987],[-122.714221804049,41.2727322815291],[-122.71440183726,41.2725345386321],[-122.71451124547,41.2720754191793],[-122.714488614703,41.2717961424528],[-122.714287550986,41.2713632170148],[-122.714050383283,41.2709753419515],[-122.713729081039,41.2707312904032],[-122.713479297785,41.270523556943],[-122.713384533167,41.270352138855],[-122.713361703391,41.270117856603],[-122.713373868717,41.2700548427268],[-122.713517500399,41.2699921378719],[-122.713612939504,41.2699924168793],[-122.713708327105,41.2700196549967],[-122.713934606935,41.2701643339721],[-122.714279345938,41.2705075051706],[-122.714934115335,41.2709325011953],[-122.715244296311,41.2709962905923],[-122.715590300857,41.2710421731295],[-122.715973327998,41.2712213221986]]},"properties":{"OBJECTID":291,"OWNERNAME":"Shasta Trinity National Forest","OWNERTYPE":"USDA Forest Service","DESIGNATIO":" ","MANAGEMENT":" ","REV_DATE":969580800000}},{"type":"Feature","id":292,"geometry":{"type":"LineString","coordinates":[[-122.953825750889,41.2648659712761],[-122.95388551558,41.2647879209258],[-122.953921414934,41.2646257674594],[-122.953921531923,41.2645447057284],[-122.953826266321,41.2642564339653],[-122.953695016334,41.2640762177883],[-122.953635384037,41.2640041379755],[-122.953492273841,41.263868922852],[-122.953456628508,41.2636437162799],[-122.953504546726,41.263301488401],[-122.953540592211,41.263076306401],[-122.953564534248,41.2628961312694],[-122.953492912222,41.2628601293204],[-122.953266007672,41.263004149651],[-122.953146525778,41.2631121872787],[-122.953062907741,41.263193232865],[-122.952991267764,41.263229182535],[-122.952788324171,41.2632021339731],[-122.952836337392,41.2629228410921],[-122.95296782738,41.2627067721494],[-122.953159072521,41.2623285285981],[-122.953266703075,41.2621123903428],[-122.953362371039,41.2618781393449],[-122.953493923082,41.2616260032343],[-122.953840423677,41.2611396903739],[-122.954007759896,41.2608876117619],[-122.954091497579,41.2606533716039],[-122.954330588588,41.2602121464735],[-122.954497871874,41.2598518695254],[-122.954593537098,41.2596177082672],[-122.954760963244,41.259275461323],[-122.954940180742,41.2589964129474]]},"properties":{"OBJECTID":292,"OWNERNAME":"Private","OWNERTYPE":"Private","DESIGNATIO":" ","MANAGEMENT":" ","REV_DATE":969580800000}},{"type":"Feature","id":293,"geometry":{"type":"LineString","coordinates":[[-122.954940180742,41.2589964129474],[-122.955000094093,41.2587080919244],[-122.955012143608,41.2585548872411],[-122.955012153237,41.2584828452088],[-122.954917601601,41.2584171777791]]},"properties":{"OBJECTID":293,"OWNERNAME":"Klamath National Forest","OWNERTYPE":"USDA Forest Service","DESIGNATIO":" ","MANAGEMENT":" ","REV_DATE":969580800000}},{"type":"Feature","id":294,"geometry":{"type":"LineString","coordinates":[[-122.716079832664,41.2709344685906],[-122.715938118356,41.2706827463797],[-122.715654012346,41.2701235948879],[-122.715428917379,41.2697176097516],[-122.715358364744,41.2694832786799],[-122.715288666787,41.2690417415192],[-122.715301685407,41.2687715213664],[-122.715374254755,41.2685555500598],[-122.715518149794,41.2684117851761],[-122.71584148784,41.2681873171347],[-122.716188266593,41.2680620562807],[-122.716964694239,41.2679649044807],[-122.717084310741,41.2679202079198],[-122.717312072565,41.2677045700859],[-122.717541234794,41.2671736101276],[-122.717757479212,41.2668588644891],[-122.71786519597,41.2667961230496],[-122.717996903636,41.266724386461],[-122.718690254572,41.2665098321919],[-122.719826133651,41.2661162661896],[-122.72051969146,41.2658477826539],[-122.720807082908,41.2656322864315],[-122.720879812826,41.2653802444407],[-122.720892714098,41.265164031854],[-122.721407462599,41.2648139514536],[-122.722054075265,41.2643651656898],[-122.722245147775,41.2641828626064],[-122.722303703545,41.2641073002757],[-122.722379986568,41.263926946396],[-122.722462817733,41.2637085856816],[-122.722643653655,41.2632946140593],[-122.722665270182,41.2632388758594]]},"properties":{"OBJECTID":294,"OWNERNAME":"Shasta Trinity National Forest","OWNERTYPE":"USDA Forest Service","DESIGNATIO":" ","MANAGEMENT":" ","REV_DATE":969580800000}},{"type":"Feature","id":295,"geometry":{"type":"LineString","coordinates":[[-122.954917601601,41.2584171777791],[-122.954713882708,41.2582755498384],[-122.954391795008,41.2580141762054],[-122.954236729086,41.2578520166894],[-122.954236789408,41.2577348892448],[-122.954260708912,41.2576178322764],[-122.954416065936,41.2575007432277],[-122.954714573066,41.2573928126045],[-122.954877553044,41.257385364905]]},"properties":{"OBJECTID":295,"OWNERNAME":"Private","OWNERTYPE":"Private","DESIGNATIO":" ","MANAGEMENT":" ","REV_DATE":969580800000}},{"type":"Feature","id":296,"geometry":{"type":"LineString","coordinates":[[-122.722665270182,41.2632388758594],[-122.723092765823,41.2621408266707]]},"properties":{"OBJECTID":296,"OWNERNAME":"Shasta Trinity National Forest","OWNERTYPE":"USDA Forest Service","DESIGNATIO":" ","MANAGEMENT":" ","REV_DATE":1060300800000}},{"type":"Feature","id":297,"geometry":{"type":"LineString","coordinates":[[-122.954877553044,41.257385364905],[-122.955108515445,41.2573749632369],[-122.955490494123,41.2574111321506],[-122.955812684945,41.2574292344077],[-122.956075360274,41.2574473854726],[-122.956349884431,41.2574924871938],[-122.956672085267,41.2575917362133],[-122.956839204157,41.2576007776069],[-122.956815449808,41.257510722296],[-122.956505235674,41.2572944271419],[-122.956254660578,41.2570780776781],[-122.956099502191,41.2569339539084],[-122.955825091477,41.2568076996398],[-122.955610336711,41.2566904986686],[-122.955323896803,41.2565732729531],[-122.955001663268,41.2564470634999],[-122.954838552704,41.2563818409888]]},"properties":{"OBJECTID":297,"OWNERNAME":"Klamath National Forest","OWNERTYPE":"USDA Forest Service","DESIGNATIO":" ","MANAGEMENT":" ","REV_DATE":969580800000}},{"type":"Feature","id":298,"geometry":{"type":"LineString","coordinates":[[-122.510619776255,41.2624505072869],[-122.510574217892,41.2625969284323],[-122.510495206905,41.2627961276817],[-122.510440149318,41.262923355675],[-122.510395480202,41.263020262916],[-122.510359350113,41.2630987892719],[-122.510282472596,41.2632534101512],[-122.510259736674,41.2633193173351],[-122.510137495378,41.2635136111636],[-122.510030158774,41.2636839867518],[-122.509923458346,41.263841909023],[-122.509837386221,41.2639690360301],[-122.50976974954,41.2640299821148],[-122.509717601688,41.264087101458],[-122.509625308123,41.264179643711],[-122.509444489533,41.264295233731],[-122.509352819951,41.2643613476418],[-122.509219306926,41.2644586809418],[-122.509049271309,41.2645825293233],[-122.508928256148,41.2647745444246],[-122.508782341291,41.2649571411151],[-122.508732286424,41.2650195376986],[-122.508723239788,41.2650643442252],[-122.508626936374,41.2651752672457],[-122.508423028848,41.2653094396439],[-122.508243312459,41.2653987704338],[-122.508062352446,41.2654491792791],[-122.507847950844,41.2654846614074],[-122.50755039532,41.2654990862417],[-122.50745582698,41.2655028701113],[-122.507346867229,41.2655044177839],[-122.507144565735,41.2655073806833],[-122.507060482145,41.2655108645005],[-122.506900092482,41.26554580556],[-122.506711649336,41.2655868967964],[-122.506656454238,41.2656047686329],[-122.506455949332,41.2656556573563],[-122.506340043059,41.2656802423186],[-122.5060725942,41.2657370648117],[-122.505910699597,41.265766535076],[-122.505685200209,41.2658291902009],[-122.505341984168,41.265919259813],[-122.505110015179,41.2659777158892],[-122.505001951296,41.2660049381014],[-122.504705555907,41.2660730639873],[-122.504420875125,41.2661385213595],[-122.504175981968,41.2661957916976],[-122.5038498821,41.2662774916028],[-122.50371438267,41.2663114809759],[-122.503574063114,41.2663644989753],[-122.503345843193,41.2664244994285],[-122.503061478927,41.2664991444433],[-122.50281334731,41.2666276073207],[-122.502567237095,41.2667150104445],[-122.50247145471,41.26674901648],[-122.502347007745,41.2668057725444],[-122.502121285067,41.2669236902165],[-122.501911886285,41.2670548058479],[-122.501716838585,41.2671767982052],[-122.501651820222,41.2672378686226],[-122.501582219519,41.2673146257928],[-122.501477586834,41.2674299470692],[-122.501417396745,41.2675712459668],[-122.501396922471,41.2676202489327],[-122.501430763054,41.2676807879031],[-122.501441849573,41.2677626068056],[-122.501486337093,41.267824016501],[-122.501518303192,41.2678957721306],[-122.50158182225,41.2679796104394],[-122.501608472392,41.2680220829469],[-122.501721412546,41.2681514542919],[-122.501812602631,41.2681976875797],[-122.501858210607,41.2682638523582],[-122.50198813265,41.2684525681076],[-122.502212447964,41.2687006141852],[-122.502255126911,41.2687478160165],[-122.50228603766,41.2688507866009],[-122.502366003518,41.2690127307056],[-122.502506390202,41.2693916422265],[-122.502658371987,41.2698156717949],[-122.502758609591,41.2700627678632],[-122.502854006739,41.2702976100034],[-122.502880379127,41.2703628058423],[-122.502907071027,41.2705327551353],[-122.50293816013,41.2706168798585],[-122.502956607591,41.2707693247952],[-122.503025031508,41.2710173255698],[-122.503100879857,41.2711842207794],[-122.503164457984,41.2713242241886],[-122.503193525048,41.2713880142833],[-122.503219353536,41.2714683678779],[-122.503369000573,41.2716546155406],[-122.503420128982,41.2717182352139],[-122.503469386642,41.2718170528943],[-122.503629790877,41.2719834325683],[-122.50375467884,41.2721131057146],[-122.50388117287,41.2722443692508],[-122.504018560599,41.2723869560426],[-122.504142213633,41.2725153923261],[-122.504239118831,41.2726839396094],[-122.504401575922,41.2729669372056],[-122.504263739079,41.2735179212636],[-122.504224697478,41.273673858179],[-122.50419225674,41.2738036977242],[-122.50419835106,41.2739848761103],[-122.504202323267,41.2741019090882],[-122.504207431479,41.2742548897535],[-122.504211696799,41.2743803006387],[-122.504247556976,41.2744711814076],[-122.504300430197,41.2746050882147],[-122.504366125719,41.274771374563],[-122.504444784604,41.2749706683657],[-122.504509692861,41.2751348976837],[-122.504540902781,41.2751779998031],[-122.504616979217,41.275282953506],[-122.504735539741,41.2754156372607],[-122.505105742431,41.2758298994325],[-122.505275950527,41.2760204233802],[-122.505436846646,41.2762004949265],[-122.505517666927,41.2762909292675],[-122.505607301502,41.2763911938],[-122.505723878307,41.2765216627104],[-122.505768847616,41.2769001376011],[-122.505681380089,41.277216526667],[-122.505637859509,41.2773739962297],[-122.505580461605,41.2775815086018],[-122.505527412791,41.2777735178514],[-122.505511409155,41.2778309954762],[-122.505493055127,41.277920164826],[-122.505509692212,41.2780070125788],[-122.505598735317,41.2780834883589],[-122.505742750106,41.2782071001948],[-122.505889349948,41.2783329131268],[-122.506528803329,41.2787125816466],[-122.506638322213,41.2787775588579],[-122.506852245494,41.27890454922],[-122.507014151551,41.2789665851533],[-122.507242682082,41.2790541572574],[-122.507437838272,41.2791288705551],[-122.507580761808,41.2791836225117],[-122.507653312996,41.27921147228],[-122.507786239177,41.2793861516173],[-122.507897530966,41.279532411876],[-122.508025832858,41.2797010516643],[-122.508140126957,41.2798512193386],[-122.50825255116,41.2799990807858],[-122.508291112637,41.28007485234],[-122.508447223287,41.2802131833036],[-122.508628572505,41.280373820654],[-122.508836766536,41.280558352025],[-122.509028214415,41.280727981047],[-122.509203779138,41.2808835045677],[-122.509411973299,41.2810679448418],[-122.509545882013,41.2812296199412]]},"properties":{"OBJECTID":298,"OWNERNAME":"Shasta Trinity National Forest","OWNERTYPE":"USDA Forest Service","DESIGNATIO":" ","MANAGEMENT":" ","REV_DATE":969580800000}},{"type":"Feature","id":301,"geometry":{"type":"LineString","coordinates":[[-122.849564587664,42.0484536714287],[-122.849538053312,42.048477643756],[-122.849511933245,42.0485689361605],[-122.849402782865,42.0487129079174],[-122.849148663497,42.0488836977599],[-122.849015512826,42.0489375958756],[-122.848640541303,42.0491262663203],[-122.848265445821,42.0493328978811],[-122.8480598067,42.0494136956414],[-122.847697135092,42.049476273143],[-122.847346278702,42.0496199023568],[-122.847080091776,42.0497456530862],[-122.84693487287,42.0498715715542],[-122.8467772262,42.0500694296176],[-122.846607764193,42.0502133117615],[-122.846305146527,42.0504201134755],[-122.84615968068,42.0506000088278],[-122.846038338585,42.0507799923416],[-122.845989601905,42.0509510342902],[-122.845928684349,42.051185166589],[-122.845855458836,42.0514823000837],[-122.845745801272,42.051842348098],[-122.845624086255,42.0522115128796],[-122.845563041578,42.052454583221],[-122.84557424021,42.0527878178174],[-122.845634052601,42.0530671614541],[-122.845633190447,42.0534094228787],[-122.845632942531,42.0535355128001],[-122.845535590685,42.0537694708789],[-122.845450177112,42.0541116461338],[-122.845388758959,42.0545348720034],[-122.845351959254,42.0547780295358],[-122.845375340885,42.0550662258367],[-122.845398845302,42.0553364589181],[-122.845410290626,42.0556157179501],[-122.845373488986,42.0558318009472],[-122.845348749084,42.0560659323075],[-122.845299885479,42.0562820155271],[-122.845227020059,42.0564440342284],[-122.845142096026,42.0565519898546],[-122.844972742636,42.056641895859],[-122.844851628751,42.0567407363517],[-122.844803012917,42.0568487800933],[-122.844730027653,42.057028851577],[-122.844681406592,42.0571368034625],[-122.844523861153,42.0573347486372],[-122.844402376502,42.0575867598023],[-122.844208273086,42.0578746964196],[-122.844001982966,42.0582257235229],[-122.843734881897,42.0587026666734],[-122.843576958992,42.0590357291856],[-122.843358476604,42.0594047199809],[-122.843115863291,42.0597645947646],[-122.842921748685,42.060088630724],[-122.842824377786,42.0603496663478],[-122.842811440592,42.0606648547798],[-122.842835311595,42.0608270468167],[-122.842834814606,42.060998181718],[-122.842785939171,42.0611962137587],[-122.842688939554,42.0613582305028],[-122.842471072749,42.0614660103385],[-122.842289641371,42.0615017609036],[-122.842047894234,42.0615464457793],[-122.841769843804,42.0615460942551],[-122.841504107852,42.0614737150437],[-122.841214117245,42.0614372585534],[-122.841032810541,42.0614640697354],[-122.840948245351,42.0614638904725],[-122.840899876616,42.0614458420648],[-122.840900004205,42.0613917753499],[-122.840876130954,42.0612836461259],[-122.84087626068,42.0612206446424],[-122.840840199861,42.0611665783462],[-122.840743579126,42.0611394126334],[-122.840586654557,42.0610491579717],[-122.840514158658,42.0610129667731],[-122.840429723601,42.0609768626667],[-122.840308980455,42.0609226200504],[-122.840224546505,42.0608684653433],[-122.84016424306,42.0607963505772],[-122.840152433543,42.0606882196022],[-122.840176814711,42.0605892049885],[-122.840165131667,42.0604631117721],[-122.840153196246,42.060400020931],[-122.840080956002,42.0602918904972],[-122.839972280101,42.0602287129774],[-122.839839471923,42.0601924291651],[-122.839682422274,42.0601562391015],[-122.839380507453,42.0600477523825],[-122.839030344939,42.0599211221216],[-122.838909607295,42.0598579432661],[-122.838789121248,42.0597226434977],[-122.838680828498,42.0595243460501],[-122.838585105329,42.0591639395242],[-122.838501321741,42.0588396386585],[-122.838501704336,42.0586954941931],[-122.838538535378,42.0584434027421],[-122.838732918224,42.0580473437962],[-122.83890305316,42.0576873882423],[-122.839061374414,42.0572462899609],[-122.839194939486,42.0569942855087],[-122.83930450807,42.0566882160876],[-122.839317082796,42.0564630205278],[-122.839305527461,42.0562828628013],[-122.839245482451,42.0561206686687],[-122.839149253372,42.0559404238955],[-122.839028904393,42.0557421260193],[-122.838932676465,42.0555528544334],[-122.838860698566,42.0553456203039],[-122.838800778823,42.0551473221822],[-122.838740860578,42.0549581406241],[-122.83875331358,42.0547780760996],[-122.8387656238,42.0547059582083],[-122.8388143798,42.0545258930209],[-122.838911625233,42.0543459148222],[-122.83898462954,42.0541298347461],[-122.838973213133,42.0538596923832],[-122.83896153365,42.0537065232603],[-122.838889428419,42.0535623797933],[-122.838732771284,42.053390980071],[-122.838600114603,42.0532647103289],[-122.838322478629,42.0531382589906],[-122.838105139119,42.0530658735204],[-122.837899734511,42.0530475514453],[-122.837549478026,42.0529930337978],[-122.83728365194,42.052938609728],[-122.837126613165,42.0529294014676],[-122.836884771965,42.0529831034181],[-122.836570439049,42.0530457396671],[-122.836292420089,42.0530452870003],[-122.836111267384,42.052991040251],[-122.835894058847,42.0528916617758],[-122.835749210706,42.0528283871989],[-122.835507504162,42.0528100624399],[-122.835290033209,42.0528096956348],[-122.834963780037,42.0527732267214],[-122.834661894596,42.0527097660528],[-122.834504995666,42.0526285294869],[-122.834372208442,42.0525742806381],[-122.834106378694,42.05254683563],[-122.833816427544,42.052519388256],[-122.833550733093,42.0524379677332],[-122.833345590292,42.0523476111437],[-122.833212681432,42.052320438975],[-122.833043457994,42.0523291892982],[-122.832729387564,42.0522927106977],[-122.832366949488,42.0522741912163],[-122.831980134927,42.0522825709587],[-122.831569065969,42.052354035365],[-122.831303097426,42.0524257759559],[-122.831085374936,42.0524794700723],[-122.830928332258,42.0524791892545],[-122.830626200033,42.0524607611985],[-122.830215261308,42.0524871832271],[-122.829961352791,42.0525498954169],[-122.829743625011,42.0526216375782],[-122.829513970526,42.0526393137648],[-122.829199774944,42.0526117668093],[-122.828873788429,42.0525032535649],[-122.82871702386,42.0523768798552],[-122.828536143149,42.0522505939694],[-122.828331009635,42.0521421790003],[-122.828137676496,42.05211490739],[-122.827859781458,42.0521054082337],[-122.827739069083,42.0520422185376],[-122.827545869943,42.0519699074143],[-122.827376769013,42.0519696212167],[-122.827195350083,42.0520234001255],[-122.82700187631,42.0520501009171],[-122.826820587432,42.0520768912401],[-122.826711656502,42.0521307663322],[-122.82665096377,42.0522026983433],[-122.82663876603,42.0522567618783],[-122.826686854217,42.0523739190151],[-122.826698647443,42.0524549746784],[-122.826686319044,42.0525360253092],[-122.826589308116,42.0526529927523],[-122.826347313254,42.0527877253113],[-122.826056817435,42.0529493522056],[-122.825887180369,42.0531112601038],[-122.825790024075,42.0532912267844],[-122.825644232501,42.053552151321],[-122.825341526778,42.0537949159858],[-122.825135855869,42.0538485998963],[-122.824869742058,42.0539563413481],[-122.824736416187,42.0540822401168],[-122.824627200527,42.0542441524996],[-122.824433164736,42.0544779936663],[-122.824215284624,42.0546128162899],[-122.823985348619,42.0547205604028],[-122.823731423127,42.0547831717553],[-122.823513950453,42.0547828749582],[-122.823224142795,42.0546833777045],[-122.823067379539,42.0545750489186],[-122.822934749351,42.0544397368075],[-122.822741677152,42.0543403390193],[-122.822548473257,42.0542770445875],[-122.822476122571,42.0542228807867],[-122.822416107225,42.0540876659221],[-122.822295668299,42.0539434185451],[-122.822162893195,42.0538711045342],[-122.821933376732,42.0538347934991],[-122.821764276965,42.0538164478081],[-122.821522845932,42.053708018233],[-122.821354166983,42.0535456198597],[-122.821209620496,42.0533652650586],[-122.82104094803,42.0531939305026],[-122.820884068712,42.0530946270709],[-122.820702926356,42.0530402683766],[-122.820412968547,42.0530398660025],[-122.820195368382,42.0530665519505],[-122.819965715028,42.0530661598619],[-122.819712083791,42.0530116984361],[-122.819301151354,42.0530110987599],[-122.818962681297,42.0530645710594],[-122.818841682902,42.0531094116213],[-122.818672031167,42.0532713099693],[-122.8184660673,42.0534421390487],[-122.81830874967,42.0535138705326],[-122.818066731677,42.0536576143912],[-122.817800199401,42.053864356066],[-122.817618617577,42.0539811209329],[-122.817328097846,42.05415184454],[-122.81713417924,42.0543406342872],[-122.816988623093,42.0545385472221],[-122.816794724146,42.0546914153417],[-122.816576824034,42.0548261355961],[-122.816407292368,42.0549609525832],[-122.816274229848,42.0550057877694],[-122.815960036422,42.0549692715575],[-122.815718596359,42.0548878163455],[-122.815525667868,42.054761418788],[-122.81544141077,42.0546441571422],[-122.815357304716,42.0544638964672],[-122.815297316064,42.0543016926826],[-122.815165121927,42.0540493059816],[-122.814936457053,42.0537517689424],[-122.814767672426,42.0535893655701],[-122.814599027635,42.053390947361],[-122.814442415064,42.0532556181419],[-122.814261422454,42.0531471853333],[-122.813995752127,42.0530566985475],[-122.813862970669,42.0530295045798],[-122.813512743781,42.0529478436037],[-122.813271041879,42.0529294767407],[-122.812884211404,42.052964872576],[-122.812533819253,42.0529732857415],[-122.812159340687,42.0529186943623],[-122.811845149913,42.0528911037416],[-122.811603270645,42.0529807692226],[-122.811361264919,42.0530794616533],[-122.81107103019,42.0531420405862],[-122.810925927064,42.0531508564],[-122.810587747205,42.0531052927945],[-122.81014106715,42.0529604210204],[-122.809899525047,42.0528699315913],[-122.809706466833,42.0527885646523],[-122.809549586355,42.0527162323364],[-122.809284347716,42.0525176947288],[-122.80901897811,42.0523371196608],[-122.808838125503,42.0522197401023],[-122.808741691438,42.0521205250226],[-122.808645386818,42.0520032566976],[-122.808561650351,42.0519475332648]]},"properties":{"OBJECTID":301,"OWNERNAME":"Rogue River National Forest","OWNERTYPE":"USDA Forest Service","DESIGNATIO":" ","MANAGEMENT":" ","REV_DATE":969580800000}},{"type":"Feature","id":302,"geometry":{"type":"LineString","coordinates":[[-122.778057217515,42.064695317752],[-122.778164000866,42.0646436974694],[-122.778237137275,42.0646077070229],[-122.778313969697,42.0645582788033],[-122.778519261684,42.0644686668462],[-122.778583234349,42.0644327881605],[-122.778624288866,42.0643876629072],[-122.778650049021,42.0643247326561],[-122.778675697891,42.0642527793367],[-122.778685281663,42.06419877924],[-122.778683161298,42.0641446739024],[-122.778668679127,42.0640859647821],[-122.77864151175,42.0639960372317],[-122.778601888329,42.0638652276668],[-122.778603949419,42.0637977632823],[-122.778594720162,42.0637438139292],[-122.778577840868,42.0637255927234],[-122.778620270714,42.0636447871484]]},"properties":{"OBJECTID":302,"OWNERNAME":"Private","OWNERTYPE":"Private","DESIGNATIO":" ","MANAGEMENT":" ","REV_DATE":1034899200000}},{"type":"Feature","id":303,"geometry":{"type":"LineString","coordinates":[[-122.807646406065,42.0508392211294],[-122.807658480499,42.0506506870353],[-122.807719339397,42.0505246087066],[-122.807707731325,42.0503715280493],[-122.807671434883,42.0503624960572],[-122.807586879826,42.0503713185236],[-122.807296653527,42.0504338891319],[-122.807091107108,42.0504786068212],[-122.807060908561,42.0504895646655],[-122.806875521473,42.0504738192626],[-122.806701850302,42.0504280290662],[-122.806684525098,42.0504199288608]]},"properties":{"OBJECTID":303,"OWNERNAME":"Klamath National Forest","OWNERTYPE":"USDA Forest Service","DESIGNATIO":" ","MANAGEMENT":" ","REV_DATE":969580800000}},{"type":"Feature","id":309,"geometry":{"type":"LineString","coordinates":[[-122.80242927316,42.0492347436265],[-122.802441780177,42.0492369034281],[-122.802634756325,42.0493135890881],[-122.802838047775,42.0494041260253],[-122.8029800544,42.0495124439312],[-122.803152774079,42.0495892166823],[-122.803336018941,42.0497247805091],[-122.803488304316,42.0497880152234],[-122.803722268612,42.0498245334214],[-122.804068241394,42.0498115494456],[-122.804384035199,42.0497489612903],[-122.804709907055,42.0496728835861],[-122.805015559414,42.0496283893212],[-122.805208931751,42.0495747383218],[-122.805412857165,42.0495256373777],[-122.805687539307,42.0495305636436],[-122.80593159076,42.0496300288489],[-122.806083903471,42.0497609500441],[-122.80611397286,42.0498869073377],[-122.806184482419,42.050062690436],[-122.806296285041,42.0501846707839],[-122.806458596896,42.0503152789272],[-122.806684525098,42.0504199288608]]},"properties":{"OBJECTID":309,"OWNERNAME":"Rogue River National Forest","OWNERTYPE":"USDA Forest Service","DESIGNATIO":" ","MANAGEMENT":" ","REV_DATE":1034899200000}},{"type":"Feature","id":310,"geometry":{"type":"LineString","coordinates":[[-122.808561650351,42.0519475332648],[-122.808536876501,42.0519310242195],[-122.808331649824,42.0518316054033],[-122.808126535953,42.051750231425],[-122.807945853063,42.0515518017706],[-122.807777236191,42.0513443505543],[-122.807705185408,42.0512181501575],[-122.807657418493,42.051019932055],[-122.807645820348,42.0508487999835],[-122.807646406065,42.0508392211294]]},"properties":{"OBJECTID":310,"OWNERNAME":"Rogue River National Forest","OWNERTYPE":"USDA Forest Service","DESIGNATIO":" ","MANAGEMENT":" ","REV_DATE":969580800000}},{"type":"Feature","id":311,"geometry":{"type":"LineString","coordinates":[[-122.778620270714,42.0636447871484],[-122.778639361046,42.0636086285535],[-122.778757888817,42.0631857198556],[-122.778771523624,42.0631180932696],[-122.778809320927,42.0630822455445],[-122.778832732085,42.0630055582988],[-122.778954903254,42.062915784813],[-122.779034586048,42.0628437290547],[-122.779143248254,42.0627539809447],[-122.779168887696,42.062691053116],[-122.779268524382,42.0626911238241],[-122.779412399379,42.0626781289039],[-122.77948066945,42.062619592363],[-122.779534534033,42.0625566771878],[-122.779600535072,42.0624802286306],[-122.779667891339,42.0624353390669],[-122.779707970544,42.062340777045],[-122.780015883514,42.0621614562959],[-122.780039664616,42.0620757361947],[-122.780055939533,42.0620262808473],[-122.780174304293,42.0618733222937],[-122.780265029179,42.0617968722198],[-122.780304852848,42.0617204564945],[-122.7803716821,42.0615359565789],[-122.7803108872,42.0614774541007],[-122.780216498554,42.0614050671437],[-122.780170838851,42.0612834162998],[-122.780125010915,42.0612159202312],[-122.780160377749,42.0611211902982],[-122.780152866116,42.0610311028206],[-122.780203451959,42.0609953353825],[-122.780321602139,42.0609323631932],[-122.780433807062,42.0609146484431],[-122.780546366134,42.0609059487482],[-122.780661196502,42.0609059561071],[-122.780773259858,42.0609154097422],[-122.781002191625,42.0609337590476],[-122.781210495633,42.0610197093228],[-122.781278869232,42.0611053917814],[-122.781815831779,42.0613135474943],[-122.781878250965,42.0613181331788],[-122.781957812729,42.061381457672],[-122.782005446278,42.0614580296549],[-122.782059095352,42.0615526992558],[-122.782125252942,42.0616248926351],[-122.782224673838,42.0616071847024],[-122.78231832267,42.0615622591021],[-122.782423279105,42.061553455164],[-122.782525358603,42.0615266640601],[-122.782725089381,42.0615538644772],[-122.782890975689,42.0614010332634],[-122.783281254778,42.0614920066492],[-122.783495392225,42.0614652801755],[-122.783596331258,42.0614340009325],[-122.783688139113,42.0614252141685],[-122.783777768577,42.061416205095],[-122.784106275909,42.0613224327144],[-122.784207865558,42.0613630699687],[-122.784302254881,42.0613677634225],[-122.784408365798,42.0613453962776],[-122.784505631628,42.0613096828567],[-122.784595180634,42.0612648448913],[-122.784682960154,42.0612333113308],[-122.784775642988,42.0611884045994],[-122.784895875853,42.0611662668354],[-122.78501301569,42.0611574638704],[-122.785135401833,42.0611441228506],[-122.785247173164,42.0611399502282],[-122.785360637218,42.0611174196826],[-122.785468583612,42.0611356239925],[-122.785563768298,42.0611360575736],[-122.78566316965,42.0611271024013],[-122.785755787583,42.0610867081327],[-122.78584202511,42.0610374298361],[-122.785961915042,42.0609789261215],[-122.786064541628,42.0609476982742],[-122.786154869209,42.0609073532038],[-122.786247550558,42.0608624444039],[-122.786346260331,42.0608266999792],[-122.786462256863,42.0608134075028],[-122.786571805716,42.0607864494688],[-122.786694318618,42.0607732842129],[-122.786809602292,42.0607510731647],[-122.787053650009,42.0607335194341],[-122.787163985867,42.0607020301622],[-122.787548101913,42.0607251665769],[-122.787571078092,42.0607297154424],[-122.787572608788,42.0607165043382],[-122.787653057516,42.0607163588587],[-122.787992474133,42.0607622285707],[-122.78810087382,42.0607398058236],[-122.788202091491,42.0607310802829],[-122.788310115947,42.0607267174064],[-122.788425657996,42.0606773325413],[-122.78848332092,42.0606775067182],[-122.788709708679,42.0606372347396],[-122.788828020924,42.0606062008204],[-122.788912721637,42.0605792452505],[-122.788975672211,42.0605298444938],[-122.789023497047,42.0604577623839],[-122.789099179687,42.0604039307466],[-122.789227718875,42.060246496015],[-122.789324576134,42.0601882262337],[-122.789404120058,42.060125283425],[-122.789472688563,42.0600623116264],[-122.789523593209,42.0599949446793],[-122.78958233424,42.0599182906035],[-122.789639636708,42.0598510534789],[-122.789715194878,42.0597205080012],[-122.789750582875,42.0596756849997],[-122.789802746635,42.0595360891049],[-122.789877609464,42.0595135910799],[-122.789950399932,42.0594507058403],[-122.790159847824,42.0593386917445],[-122.790273554116,42.059307125542],[-122.790371805572,42.0592352872272],[-122.790476770611,42.0592084265329],[-122.790589839543,42.0591545810898],[-122.790838545445,42.059123740441],[-122.79096495283,42.059123752572],[-122.791079275033,42.0590925334254],[-122.79120581245,42.0590928135888],[-122.791314019248,42.0590165134898],[-122.791423422582,42.0590166296609],[-122.791458906652,42.0589222553975],[-122.791488765508,42.0588411819704],[-122.791550158755,42.0587645575989],[-122.791618372001,42.0587018641387],[-122.79168958421,42.0586387417419],[-122.791760797257,42.0585940306577],[-122.791861391673,42.0585266520846],[-122.791948916115,42.0584367262412],[-122.792026060211,42.058423202886],[-122.792102467886,42.0583603269969],[-122.792301231651,42.0582436718792],[-122.792425538408,42.0582301914319],[-122.792503074273,42.0581898537646],[-122.79262582737,42.0581767679716],[-122.792752078295,42.0581544896902],[-122.792857219789,42.0581321357667],[-122.793014521988,42.0580468986281],[-122.793140603194,42.0580785048526],[-122.793520128881,42.0581017237846],[-122.793615750802,42.0580612579113],[-122.793734030685,42.0580479085775],[-122.793957058013,42.0580573395858],[-122.79408263529,42.0581251461987],[-122.794259243614,42.0581931823064],[-122.794331582669,42.0582383376583],[-122.794381969992,42.058197786053],[-122.794451312374,42.0581393071281],[-122.794536834493,42.0580629619128],[-122.794629943541,42.0580137953237],[-122.794715869232,42.0578742641354],[-122.794795346716,42.0578067160502],[-122.794939676155,42.0576402647677],[-122.794926598372,42.057397141466],[-122.79494601299,42.0573205397676],[-122.794965633102,42.0572307564913],[-122.794957575687,42.0571181182057],[-122.79495392701,42.0570775850734],[-122.794944164297,42.0569920613599],[-122.794968815137,42.0568524382413],[-122.795016080533,42.0567939047448],[-122.795062109721,42.0567039896611],[-122.795228204451,42.0566185549607],[-122.795318540029,42.0564746858026],[-122.795360997217,42.0563982062903],[-122.795445902564,42.0563399256976],[-122.795492092432,42.0562632750408],[-122.795485029604,42.0562156865369]]},"properties":{"OBJECTID":311,"OWNERNAME":"Klamath National Forest","OWNERTYPE":"USDA Forest Service","DESIGNATIO":" ","MANAGEMENT":" ","REV_DATE":1034899200000}},{"type":"Feature","id":312,"geometry":{"type":"LineString","coordinates":[[-122.795485029604,42.0562156865369],[-122.795466769543,42.056092082292],[-122.79550119025,42.0560473693012],[-122.795505890771,42.0558850818741],[-122.795534554841,42.055776959065],[-122.795493500092,42.0556013310871],[-122.795440180743,42.0555246199662],[-122.7954166825,42.0554210784152],[-122.795480443531,42.0553221074917],[-122.795477511981,42.055290584337],[-122.795588355775,42.0551468020494],[-122.795650064749,42.0549621380496],[-122.795644559009,42.0549081086743],[-122.795713566652,42.0547280664915],[-122.795794841975,42.0546879136789],[-122.795806262338,42.0546563455901],[-122.795850266142,42.0546069080221],[-122.795879513792,42.0545258481777],[-122.795921275786,42.054489908433],[-122.795950792131,42.0543728314182],[-122.795947162065,42.0543052229388],[-122.795964617499,42.0542737904139],[-122.795954956778,42.0542153393451],[-122.795931991619,42.0541070023096],[-122.795829078457,42.0539042209267],[-122.795817375813,42.0538367895007],[-122.795496249131,42.0535658098783],[-122.795523367287,42.0535163858249],[-122.795482651007,42.0533768526118],[-122.795447302998,42.053300105337],[-122.795329768959,42.0532189457031],[-122.795183426488,42.0531871574577],[-122.79505148214,42.0531779753687],[-122.794870171253,42.0532045391011],[-122.794760244626,42.0531909002414],[-122.794634649179,42.0531591952197],[-122.794500626714,42.0531768632],[-122.794370893888,42.0531227765279],[-122.794247521698,42.0530862380614],[-122.794125037847,42.0530906555549],[-122.7939910458,42.0530815176169],[-122.793682911926,42.0529594344923],[-122.793569225417,42.0529636560844],[-122.793214134753,42.0528772639627],[-122.793239737564,42.0526882543739],[-122.793252904069,42.0525938299271],[-122.793209900125,42.0525216752651],[-122.793191194209,42.0524631535249],[-122.793104223528,42.0524628148261],[-122.792941772545,42.0524537614518],[-122.792856350153,42.0524804639278],[-122.792585791788,42.0525070075376],[-122.792492122723,42.0525203546713],[-122.792324782308,42.0525065342967],[-122.792245768506,42.0524478985003],[-122.792073824548,42.0524519593775],[-122.792028904721,42.0523709103562],[-122.791974280284,42.0523435954808],[-122.791951218663,42.0522265053546],[-122.791949298254,42.0520643641128],[-122.791984350239,42.0519835379185],[-122.791953012431,42.0518798988932],[-122.792047631465,42.0517314244719],[-122.792066825692,42.0517134931765],[-122.792224785978,42.0515472867754],[-122.792246600573,42.0514886835516],[-122.792346559957,42.0511511936372],[-122.792498342536,42.0510792560979],[-122.792519438637,42.0510116436761],[-122.79255272542,42.0508676800292],[-122.792597436691,42.0507688613489],[-122.792455769342,42.0506963542275],[-122.792448617092,42.0505882095355],[-122.792379976341,42.0503181548034],[-122.792293231431,42.0501917299597],[-122.792377155525,42.0499983662296],[-122.792361512118,42.0499533144544],[-122.79240340116,42.0498226098526],[-122.792406207788,42.0497100930927],[-122.792425215427,42.0496292604648],[-122.792428411751,42.0494715199255],[-122.792450686398,42.0493725652808],[-122.792498355894,42.0492508473198],[-122.792645760283,42.0489269336804],[-122.792686928932,42.0488055403113],[-122.792721229225,42.0487425100126],[-122.792740481169,42.0486433514944],[-122.792800136258,42.0485534989319],[-122.79286092873,42.0484771591913],[-122.792955059881,42.0483961132092],[-122.793030227293,42.0483602497025],[-122.793119964807,42.0482747896918],[-122.793213075941,42.0482076643025],[-122.793329431088,42.048167283507],[-122.793456946027,42.0481224134524],[-122.793601115611,42.0480594865727],[-122.793731367613,42.0480596820853],[-122.793849080256,42.0480598829097],[-122.793984345782,42.0480648407046],[-122.794168940595,42.0480607689022],[-122.794275648499,42.0480877471226],[-122.794421604773,42.0480610611657],[-122.794529108835,42.0480837792962],[-122.794606229088,42.0480883038304],[-122.794719209458,42.0480479957734],[-122.79482928227,42.048102244778],[-122.79492787704,42.0480978133701],[-122.795205017831,42.0482019841662],[-122.795215986265,42.0482110382903],[-122.795513616298,42.0483240522411],[-122.795744940678,42.0483336566989],[-122.795952402915,42.0484599424555],[-122.796439357349,42.0483797874392],[-122.796512096451,42.0482854034738],[-122.796713891694,42.0480110047628],[-122.796833275405,42.0478670340167],[-122.796789437152,42.0477859639575],[-122.796809222841,42.0476148619559],[-122.796842102437,42.0475250572959],[-122.796875448461,42.0474348821664],[-122.796921042631,42.0472638419228],[-122.796968368568,42.047210089783],[-122.79701730391,42.0471604533617],[-122.797157619382,42.0470794679736],[-122.797275384303,42.0470932926732],[-122.797382519765,42.0471250409029],[-122.797493438461,42.047179269104],[-122.797666207344,42.0470894423445],[-122.797826240061,42.0470221903933],[-122.798042427018,42.0469324878992],[-122.798190986906,42.0468831774796],[-122.798219239349,42.0466761488907],[-122.798271754276,42.0465277873319],[-122.798812067338,42.0464249657462],[-122.798896224963,42.0464611916453],[-122.798948444382,42.0465559748438],[-122.798949001905,42.046609842605],[-122.79898601543,42.046799093901],[-122.799014026935,42.0469343934771],[-122.799197806711,42.0472183243331],[-122.799383482076,42.0473853381897],[-122.799446564812,42.0474528045168],[-122.799615498925,42.047601956962],[-122.799748076056,42.0478046185639],[-122.80011624963,42.0480395271606],[-122.800297956055,42.0482738631681],[-122.800339068289,42.0483865818353],[-122.800338427125,42.048449772374],[-122.800521142783,42.0486302071226],[-122.800574822283,42.0487069065767],[-122.80112239421,42.0488608604725],[-122.801243098934,42.0488970894799],[-122.801411886178,42.0489018399747],[-122.801503329099,42.0489514412392],[-122.801606801816,42.0489697296665],[-122.801680481765,42.0489878646819],[-122.801804497823,42.0490285320672],[-122.80193351717,42.0490828981832],[-122.802108757373,42.0490922884528],[-122.802198939388,42.0491374047375],[-122.802289949117,42.0492095770822],[-122.80242927316,42.0492347436265]]},"properties":{"OBJECTID":312,"OWNERNAME":"Klamath National Forest","OWNERTYPE":"USDA Forest Service","DESIGNATIO":" ","MANAGEMENT":" ","REV_DATE":1034899200000}}]}