{"type":"FeatureCollection","features":[{"type":"Feature","id":21,"geometry":{"type":"Point","coordinates":[-122.477616053674,42.1236558767204]},"properties":{"OBJECTID":21,"Mile":1736,"Mile_SoBo":919.1999999999998,"RouteID":"PCT"}},{"type":"Feature","id":22,"geometry":{"type":"Point","coordinates":[-122.477279080065,42.1068827397662]},"properties":{"OBJECTID":22,"Mile":1734.5,"Mile_SoBo":920.6999999999998,"RouteID":"PCT"}},{"type":"Feature","id":23,"geometry":{"type":"Point","coordinates":[-122.481187499688,42.0862441008396]},"properties":{"OBJECTID":23,"Mile":1732.5,"Mile_SoBo":922.6999999999998,"RouteID":"PCT"}},{"type":"Feature","id":24,"geometry":{"type":"Point","coordinates":[-122.478670199241,42.0736377005464]},"properties":{"OBJECTID":24,"Mile":1731.5,"Mile_SoBo":923.6999999999998,"RouteID":"PCT"}},{"type":"Feature","id":25,"geometry":{"type":"Point","coordinates":[-122.491508200478,42.0657718000158]},"properties":{"OBJECTID":25,"Mile":1730.5,"Mile_SoBo":924.6999999999998,"RouteID":"PCT"}},{"type":"Feature","id":26,"geometry":{"type":"Point","coordinates":[-122.496117400027,42.0606842996559]},"properties":{"OBJECTID":26,"Mile":1730,"Mile_SoBo":925.1999999999998,"RouteID":"PCT"}},{"type":"Feature","id":27,"geometry":{"type":"Point","coordinates":[-122.515830900684,42.0498775995847]},"properties":{"OBJECTID":27,"Mile":1728.5,"Mile_SoBo":926.6999999999998,"RouteID":"PCT"}},{"type":"Feature","id":28,"geometry":{"type":"Point","coordinates":[-122.519831299595,42.0441611999114]},"properties":{"OBJECTID":28,"Mile":1728,"Mile_SoBo":927.1999999999998,"RouteID":"PCT"}},{"type":"Feature","id":29,"geometry":{"type":"Point","coordinates":[-122.528376337654,42.0424647953476]},"properties":{"OBJECTID":29,"Mile":1727.5,"Mile_SoBo":927.6999999999998,"RouteID":"PCT"}},{"type":"Feature","id":30,"geometry":{"type":"Point","coordinates":[-122.536366314608,42.0416647001976]},"properties":{"OBJECTID":30,"Mile":1727,"Mile_SoBo":928.1999999999998,"RouteID":"PCT"}},{"type":"Feature","id":31,"geometry":{"type":"Point","coordinates":[-122.549180485309,42.0407425382793]},"properties":{"OBJECTID":31,"Mile":1726,"Mile_SoBo":929.1999999999998,"RouteID":"PCT"}},{"type":"Feature","id":32,"geometry":{"type":"Point","coordinates":[-122.561282418685,42.0348925995204]},"properties":{"OBJECTID":32,"Mile":1725,"Mile_SoBo":930.1999999999998,"RouteID":"PCT"}},{"type":"Feature","id":33,"geometry":{"type":"Point","coordinates":[-122.577839185761,42.0384026461012]},"properties":{"OBJECTID":33,"Mile":1723.5,"Mile_SoBo":931.6999999999998,"RouteID":"PCT"}},{"type":"Feature","id":34,"geometry":{"type":"Point","coordinates":[-122.585026800605,42.0491412001741]},"properties":{"OBJECTID":34,"Mile":1722.5,"Mile_SoBo":932.6999999999998,"RouteID":"PCT"}},{"type":"Feature","id":35,"geometry":{"type":"Point","coordinates":[-122.610760825046,42.0706038913588]},"properties":{"OBJECTID":35,"Mile":1719,"Mile_SoBo":936.1999999999998,"RouteID":"PCT"}},{"type":"Feature","id":36,"geometry":{"type":"Point","coordinates":[-122.615123672797,42.0744297647812]},"properties":{"OBJECTID":36,"Mile":1718.5,"Mile_SoBo":936.6999999999998,"RouteID":"PCT"}},{"type":"Feature","id":37,"geometry":{"type":"Point","coordinates":[-122.628418000875,42.077278499888]},"properties":{"OBJECTID":37,"Mile":1717.5,"Mile_SoBo":937.6999999999998,"RouteID":"PCT"}},{"type":"Feature","id":38,"geometry":{"type":"Point","coordinates":[-122.642970500096,42.0754113997532]},"properties":{"OBJECTID":38,"Mile":1716.5,"Mile_SoBo":938.6999999999998,"RouteID":"PCT"}},{"type":"Feature","id":39,"geometry":{"type":"Point","coordinates":[-122.651062299915,42.0759630002398]},"properties":{"OBJECTID":39,"Mile":1716,"Mile_SoBo":939.1999999999998,"RouteID":"PCT"}},{"type":"Feature","id":40,"geometry":{"type":"Point","coordinates":[-122.655461632634,42.0710539107801]},"properties":{"OBJECTID":40,"Mile":1715.5,"Mile_SoBo":939.6999999999998,"RouteID":"PCT"}},{"type":"Feature","id":41,"geometry":{"type":"Point","coordinates":[-122.663300095882,42.0683648663239]},"properties":{"OBJECTID":41,"Mile":1715,"Mile_SoBo":940.1999999999998,"RouteID":"PCT"}},{"type":"Feature","id":42,"geometry":{"type":"Point","coordinates":[-122.724349700586,42.0746534000627]},"properties":{"OBJECTID":42,"Mile":1710.5,"Mile_SoBo":944.6999999999998,"RouteID":"PCT"}},{"type":"Feature","id":43,"geometry":{"type":"Point","coordinates":[-122.734284755566,42.0815313088224]},"properties":{"OBJECTID":43,"Mile":1709.5,"Mile_SoBo":945.6999999999998,"RouteID":"PCT"}},{"type":"Feature","id":44,"geometry":{"type":"Point","coordinates":[-122.770285000537,42.0675855003412]},"properties":{"OBJECTID":44,"Mile":1706.5,"Mile_SoBo":948.6999999999998,"RouteID":"PCT"}},{"type":"Feature","id":45,"geometry":{"type":"Point","coordinates":[-122.778598200111,42.0643966001854]},"properties":{"OBJECTID":45,"Mile":1706,"Mile_SoBo":949.1999999999998,"RouteID":"PCT"}},{"type":"Feature","id":46,"geometry":{"type":"Point","coordinates":[-122.783851099253,42.0613565996551]},"properties":{"OBJECTID":46,"Mile":1705.5,"Mile_SoBo":949.6999999999998,"RouteID":"PCT"}},{"type":"Feature","id":47,"geometry":{"type":"Point","coordinates":[-122.806824600436,42.0504992004958]},"properties":{"OBJECTID":47,"Mile":1703,"Mile_SoBo":952.1999999999998,"RouteID":"PCT"}},{"type":"Feature","id":48,"geometry":{"type":"Point","coordinates":[-122.813968529437,42.0530416569663]},"properties":{"OBJECTID":48,"Mile":1702.5,"Mile_SoBo":952.6999999999998,"RouteID":"PCT"}},{"type":"Feature","id":49,"geometry":{"type":"Point","coordinates":[-122.828125599866,42.0518239004156]},"properties":{"OBJECTID":49,"Mile":1701.5,"Mile_SoBo":953.6999999999998,"RouteID":"PCT"}},{"type":"Feature","id":50,"geometry":{"type":"Point","coordinates":[-122.836828000439,42.0530288998321]},"properties":{"OBJECTID":50,"Mile":1701,"Mile_SoBo":954.1999999999998,"RouteID":"PCT"}},{"type":"Feature","id":51,"geometry":{"type":"Point","coordinates":[-122.851143000083,42.0477544005588]},"properties":{"OBJECTID":51,"Mile":1699,"Mile_SoBo":956.1999999999998,"RouteID":"PCT"}},{"type":"Feature","id":52,"geometry":{"type":"Point","coordinates":[-122.874244135927,42.0322477642986]},"properties":{"OBJECTID":52,"Mile":1697,"Mile_SoBo":958.1999999999998,"RouteID":"PCT"}},{"type":"Feature","id":53,"geometry":{"type":"Point","coordinates":[-122.874822185571,42.025560585037]},"properties":{"OBJECTID":53,"Mile":1696.5,"Mile_SoBo":958.6999999999998,"RouteID":"PCT"}},{"type":"Feature","id":54,"geometry":{"type":"Point","coordinates":[-122.89579470058,42.0100524006723]},"properties":{"OBJECTID":54,"Mile":1694,"Mile_SoBo":961.1999999999998,"RouteID":"PCT"}},{"type":"Feature","id":55,"geometry":{"type":"Point","coordinates":[-122.904245599708,42.0081779999237]},"properties":{"OBJECTID":55,"Mile":1693.5,"Mile_SoBo":961.6999999999998,"RouteID":"PCT"}},{"type":"Feature","id":56,"geometry":{"type":"Point","coordinates":[-122.90958650117,42.002942200222]},"properties":{"OBJECTID":56,"Mile":1692.5,"Mile_SoBo":962.6999999999998,"RouteID":"PCT"}},{"type":"Feature","id":57,"geometry":{"type":"Point","coordinates":[-122.919626342058,41.992966348907]},"properties":{"OBJECTID":57,"Mile":1691,"Mile_SoBo":964.1999999999998,"RouteID":"PCT"}},{"type":"Feature","id":58,"geometry":{"type":"Point","coordinates":[-122.923074800048,41.9773286000529]},"properties":{"OBJECTID":58,"Mile":1689.5,"Mile_SoBo":965.6999999999998,"RouteID":"PCT"}},{"type":"Feature","id":59,"geometry":{"type":"Point","coordinates":[-122.939078492004,41.9674358541986]},"properties":{"OBJECTID":59,"Mile":1687.5,"Mile_SoBo":967.6999999999998,"RouteID":"PCT"}},{"type":"Feature","id":60,"geometry":{"type":"Point","coordinates":[-122.945554551521,41.9628156934673]},"properties":{"OBJECTID":60,"Mile":1687,"Mile_SoBo":968.1999999999998,"RouteID":"PCT"}},{"type":"Feature","id":61,"geometry":{"type":"Point","coordinates":[-122.951904000598,41.9577200998074]},"properties":{"OBJECTID":61,"Mile":1686.5,"Mile_SoBo":968.6999999999998,"RouteID":"PCT"}},{"type":"Feature","id":62,"geometry":{"type":"Point","coordinates":[-122.958553307964,41.953025638209]},"properties":{"OBJECTID":62,"Mile":1686,"Mile_SoBo":969.1999999999998,"RouteID":"PCT"}},{"type":"Feature","id":63,"geometry":{"type":"Point","coordinates":[-122.980728199361,41.9345089994302]},"properties":{"OBJECTID":63,"Mile":1683.5,"Mile_SoBo":971.6999999999998,"RouteID":"PCT"}},{"type":"Feature","id":64,"geometry":{"type":"Point","coordinates":[-122.996654200387,41.9310385005695]},"properties":{"OBJECTID":64,"Mile":1682.5,"Mile_SoBo":972.6999999999998,"RouteID":"PCT"}},{"type":"Feature","id":65,"geometry":{"type":"Point","coordinates":[-123.010486799865,41.9447127996464]},"properties":{"OBJECTID":65,"Mile":1681,"Mile_SoBo":974.1999999999998,"RouteID":"PCT"}},{"type":"Feature","id":66,"geometry":{"type":"Point","coordinates":[-123.026584800011,41.9475763999936]},"properties":{"OBJECTID":66,"Mile":1680,"Mile_SoBo":975.1999999999998,"RouteID":"PCT"}},{"type":"Feature","id":67,"geometry":{"type":"Point","coordinates":[-123.034756700532,41.9502146998741]},"properties":{"OBJECTID":67,"Mile":1679.5,"Mile_SoBo":975.6999999999998,"RouteID":"PCT"}},{"type":"Feature","id":68,"geometry":{"type":"Point","coordinates":[-123.052041899726,41.9516694992372]},"properties":{"OBJECTID":68,"Mile":1678.5,"Mile_SoBo":976.6999999999998,"RouteID":"PCT"}},{"type":"Feature","id":69,"geometry":{"type":"Point","coordinates":[-123.060714858832,41.95314942768]},"properties":{"OBJECTID":69,"Mile":1678,"Mile_SoBo":977.1999999999998,"RouteID":"PCT"}},{"type":"Feature","id":70,"geometry":{"type":"Point","coordinates":[-122.917638699445,41.9883392363662]},"properties":{"OBJECTID":70,"Mile":1690.5,"Mile_SoBo":964.6999999999998,"RouteID":"PCT"}},{"type":"Feature","id":71,"geometry":{"type":"Point","coordinates":[-123.069086304661,41.9519038014413]},"properties":{"OBJECTID":71,"Mile":1677.5,"Mile_SoBo":977.6999999999998,"RouteID":"PCT"}},{"type":"Feature","id":72,"geometry":{"type":"Point","coordinates":[-123.084387999542,41.9499276000214]},"properties":{"OBJECTID":72,"Mile":1676.5,"Mile_SoBo":978.6999999999998,"RouteID":"PCT"}},{"type":"Feature","id":73,"geometry":{"type":"Point","coordinates":[-123.093017199308,41.9483799000496]},"properties":{"OBJECTID":73,"Mile":1676,"Mile_SoBo":979.1999999999998,"RouteID":"PCT"}},{"type":"Feature","id":74,"geometry":{"type":"Point","coordinates":[-123.108215699394,41.9411000992081]},"properties":{"OBJECTID":74,"Mile":1675,"Mile_SoBo":980.1999999999998,"RouteID":"PCT"}},{"type":"Feature","id":75,"geometry":{"type":"Point","coordinates":[-123.12064620024,41.9381263001057]},"properties":{"OBJECTID":75,"Mile":1674,"Mile_SoBo":981.1999999999998,"RouteID":"PCT"}},{"type":"Feature","id":76,"geometry":{"type":"Point","coordinates":[-123.127388500501,41.9377893004965]},"properties":{"OBJECTID":76,"Mile":1673,"Mile_SoBo":982.1999999999998,"RouteID":"PCT"}},{"type":"Feature","id":77,"geometry":{"type":"Point","coordinates":[-123.134944699824,41.9410128006483]},"properties":{"OBJECTID":77,"Mile":1672.5,"Mile_SoBo":982.6999999999998,"RouteID":"PCT"}},{"type":"Feature","id":78,"geometry":{"type":"Point","coordinates":[-123.175467685637,41.9313973799982]},"properties":{"OBJECTID":78,"Mile":1669,"Mile_SoBo":986.1999999999998,"RouteID":"PCT"}},{"type":"Feature","id":79,"geometry":{"type":"Point","coordinates":[-123.194574699399,41.9169139996254]},"properties":{"OBJECTID":79,"Mile":1667,"Mile_SoBo":988.1999999999998,"RouteID":"PCT"}},{"type":"Feature","id":80,"geometry":{"type":"Point","coordinates":[-123.202444499909,41.903633700002]},"properties":{"OBJECTID":80,"Mile":1665.5,"Mile_SoBo":989.6999999999998,"RouteID":"PCT"}},{"type":"Feature","id":81,"geometry":{"type":"Point","coordinates":[-123.202053771803,41.8968035935509]},"properties":{"OBJECTID":81,"Mile":1665,"Mile_SoBo":990.1999999999998,"RouteID":"PCT"}},{"type":"Feature","id":82,"geometry":{"type":"Point","coordinates":[-123.200741899373,41.8886704995197]},"properties":{"OBJECTID":82,"Mile":1664,"Mile_SoBo":991.1999999999998,"RouteID":"PCT"}},{"type":"Feature","id":83,"geometry":{"type":"Point","coordinates":[-123.198411099594,41.8831581006954]},"properties":{"OBJECTID":83,"Mile":1663.5,"Mile_SoBo":991.6999999999998,"RouteID":"PCT"}},{"type":"Feature","id":84,"geometry":{"type":"Point","coordinates":[-123.202869200207,41.8774553327231]},"properties":{"OBJECTID":84,"Mile":1663,"Mile_SoBo":992.1999999999998,"RouteID":"PCT"}},{"type":"Feature","id":85,"geometry":{"type":"Point","coordinates":[-123.211134500325,41.8654851998856]},"properties":{"OBJECTID":85,"Mile":1661.5,"Mile_SoBo":993.6999999999998,"RouteID":"PCT"}},{"type":"Feature","id":86,"geometry":{"type":"Point","coordinates":[-123.215748299867,41.8604732002205]},"properties":{"OBJECTID":86,"Mile":1661,"Mile_SoBo":994.1999999999998,"RouteID":"PCT"}},{"type":"Feature","id":87,"geometry":{"type":"Point","coordinates":[-123.216562300096,41.8545816996888]},"properties":{"OBJECTID":87,"Mile":1660,"Mile_SoBo":995.1999999999998,"RouteID":"PCT"}},{"type":"Feature","id":88,"geometry":{"type":"Point","coordinates":[-123.211233610289,41.850625139882]},"properties":{"OBJECTID":88,"Mile":1659,"Mile_SoBo":996.1999999999998,"RouteID":"PCT"}},{"type":"Feature","id":89,"geometry":{"type":"Point","coordinates":[-123.212199199341,41.8484335998782]},"properties":{"OBJECTID":89,"Mile":1658.5,"Mile_SoBo":996.6999999999998,"RouteID":"PCT"}},{"type":"Feature","id":90,"geometry":{"type":"Point","coordinates":[-123.212278600358,41.8451689996742]},"properties":{"OBJECTID":90,"Mile":1658,"Mile_SoBo":997.1999999999998,"RouteID":"PCT"}},{"type":"Feature","id":91,"geometry":{"type":"Point","coordinates":[-123.197637414798,41.8426154455625]},"properties":{"OBJECTID":91,"Mile":1657,"Mile_SoBo":998.1999999999998,"RouteID":"PCT"}},{"type":"Feature","id":92,"geometry":{"type":"Point","coordinates":[-123.189444200188,41.8389481332591]},"properties":{"OBJECTID":92,"Mile":1656.5,"Mile_SoBo":998.6999999999998,"RouteID":"PCT"}},{"type":"Feature","id":93,"geometry":{"type":"Point","coordinates":[-123.181811279637,41.8347064999427]},"properties":{"OBJECTID":93,"Mile":1656,"Mile_SoBo":999.1999999999998,"RouteID":"PCT"}},{"type":"Feature","id":94,"geometry":{"type":"Point","coordinates":[-123.172412500632,41.8352248996633]},"properties":{"OBJECTID":94,"Mile":1655.5,"Mile_SoBo":999.6999999999998,"RouteID":"PCT"}},{"type":"Feature","id":95,"geometry":{"type":"Point","coordinates":[-123.184389300637,41.8259603000642]},"properties":{"OBJECTID":95,"Mile":1654.5,"Mile_SoBo":1000.6999999999998,"RouteID":"PCT"}},{"type":"Feature","id":96,"geometry":{"type":"Point","coordinates":[-123.204609896399,41.8376768005293]},"properties":{"OBJECTID":96,"Mile":1653,"Mile_SoBo":1002.1999999999998,"RouteID":"PCT"}},{"type":"Feature","id":97,"geometry":{"type":"Point","coordinates":[-123.207134699272,41.8311961000089]},"properties":{"OBJECTID":97,"Mile":1652.5,"Mile_SoBo":1002.6999999999998,"RouteID":"PCT"}},{"type":"Feature","id":98,"geometry":{"type":"Point","coordinates":[-123.207425400719,41.8240554001296]},"properties":{"OBJECTID":98,"Mile":1652,"Mile_SoBo":1003.1999999999998,"RouteID":"PCT"}},{"type":"Feature","id":99,"geometry":{"type":"Point","coordinates":[-123.213019700065,41.8118721998123]},"properties":{"OBJECTID":99,"Mile":1651,"Mile_SoBo":1004.1999999999998,"RouteID":"PCT"}},{"type":"Feature","id":100,"geometry":{"type":"Point","coordinates":[-123.221999500396,41.7981589001435]},"properties":{"OBJECTID":100,"Mile":1649.5,"Mile_SoBo":1005.6999999999998,"RouteID":"PCT"}},{"type":"Feature","id":101,"geometry":{"type":"Point","coordinates":[-123.226477100549,41.781791199531]},"properties":{"OBJECTID":101,"Mile":1648,"Mile_SoBo":1007.1999999999998,"RouteID":"PCT"}},{"type":"Feature","id":102,"geometry":{"type":"Point","coordinates":[-123.224920099521,41.769105300477]},"properties":{"OBJECTID":102,"Mile":1647,"Mile_SoBo":1008.1999999999998,"RouteID":"PCT"}},{"type":"Feature","id":103,"geometry":{"type":"Point","coordinates":[-123.222775300471,41.7632396992868]},"properties":{"OBJECTID":103,"Mile":1646.5,"Mile_SoBo":1008.6999999999998,"RouteID":"PCT"}},{"type":"Feature","id":104,"geometry":{"type":"Point","coordinates":[-123.226044808772,41.7579558115078]},"properties":{"OBJECTID":104,"Mile":1646,"Mile_SoBo":1009.1999999999998,"RouteID":"PCT"}},{"type":"Feature","id":105,"geometry":{"type":"Point","coordinates":[-123.234651247906,41.7348595051231]},"properties":{"OBJECTID":105,"Mile":1644,"Mile_SoBo":1011.1999999999998,"RouteID":"PCT"}},{"type":"Feature","id":106,"geometry":{"type":"Point","coordinates":[-123.243252499358,41.7192496996412]},"properties":{"OBJECTID":106,"Mile":1642.5,"Mile_SoBo":1012.6999999999998,"RouteID":"PCT"}},{"type":"Feature","id":107,"geometry":{"type":"Point","coordinates":[-123.237001099636,41.7059449004411]},"properties":{"OBJECTID":107,"Mile":1641,"Mile_SoBo":1014.1999999999998,"RouteID":"PCT"}},{"type":"Feature","id":108,"geometry":{"type":"Point","coordinates":[-123.240301275946,41.7078334241579]},"properties":{"OBJECTID":108,"Mile":1640.5,"Mile_SoBo":1014.6999999999998,"RouteID":"PCT"}},{"type":"Feature","id":109,"geometry":{"type":"Point","coordinates":[-123.246818699905,41.6966832997481]},"properties":{"OBJECTID":109,"Mile":1638.5,"Mile_SoBo":1016.6999999999998,"RouteID":"PCT"}},{"type":"Feature","id":110,"geometry":{"type":"Point","coordinates":[-123.255817299938,41.6868567996369]},"properties":{"OBJECTID":110,"Mile":1637,"Mile_SoBo":1018.1999999999998,"RouteID":"PCT"}},{"type":"Feature","id":111,"geometry":{"type":"Point","coordinates":[-123.251784299598,41.6703542000858]},"properties":{"OBJECTID":111,"Mile":1635.5,"Mile_SoBo":1019.6999999999998,"RouteID":"PCT"}},{"type":"Feature","id":112,"geometry":{"type":"Point","coordinates":[-123.226705499422,41.6534123002913]},"properties":{"OBJECTID":112,"Mile":1633.5,"Mile_SoBo":1021.6999999999998,"RouteID":"PCT"}},{"type":"Feature","id":113,"geometry":{"type":"Point","coordinates":[-122.845499899331,42.0528010997468]},"properties":{"OBJECTID":113,"Mile":1699.5,"Mile_SoBo":955.6999999999998,"RouteID":"PCT"}},{"type":"Feature","id":114,"geometry":{"type":"Point","coordinates":[-123.224809199784,41.6466840002759]},"properties":{"OBJECTID":114,"Mile":1633,"Mile_SoBo":1022.1999999999998,"RouteID":"PCT"}},{"type":"Feature","id":115,"geometry":{"type":"Point","coordinates":[-123.221233399355,41.6402227000662]},"properties":{"OBJECTID":115,"Mile":1632.5,"Mile_SoBo":1022.6999999999998,"RouteID":"PCT"}},{"type":"Feature","id":116,"geometry":{"type":"Point","coordinates":[-123.214781864205,41.6180665359068]},"properties":{"OBJECTID":116,"Mile":1630.5,"Mile_SoBo":1024.6999999999998,"RouteID":"PCT"}},{"type":"Feature","id":117,"geometry":{"type":"Point","coordinates":[-123.209676500535,41.6130764007151]},"properties":{"OBJECTID":117,"Mile":1630,"Mile_SoBo":1025.1999999999998,"RouteID":"PCT"}},{"type":"Feature","id":118,"geometry":{"type":"Point","coordinates":[-123.206885700511,41.6069624005456]},"properties":{"OBJECTID":118,"Mile":1629.5,"Mile_SoBo":1025.6999999999998,"RouteID":"PCT"}},{"type":"Feature","id":119,"geometry":{"type":"Point","coordinates":[-123.204434608669,41.5970206040332]},"properties":{"OBJECTID":119,"Mile":1628.5,"Mile_SoBo":1026.6999999999998,"RouteID":"PCT"}},{"type":"Feature","id":120,"geometry":{"type":"Point","coordinates":[-123.199000900081,41.5882454003548]},"properties":{"OBJECTID":120,"Mile":1627.5,"Mile_SoBo":1027.6999999999998,"RouteID":"PCT"}},{"type":"Feature","id":121,"geometry":{"type":"Point","coordinates":[-123.20447580082,41.5836646999411]},"properties":{"OBJECTID":121,"Mile":1627,"Mile_SoBo":1028.1999999999998,"RouteID":"PCT"}},{"type":"Feature","id":122,"geometry":{"type":"Point","coordinates":[-123.198812999344,41.579105000104]},"properties":{"OBJECTID":122,"Mile":1626.5,"Mile_SoBo":1028.6999999999998,"RouteID":"PCT"}},{"type":"Feature","id":123,"geometry":{"type":"Point","coordinates":[-122.508741382205,42.0525552332501]},"properties":{"OBJECTID":123,"Mile":1729,"Mile_SoBo":926.1999999999998,"RouteID":"PCT"}},{"type":"Feature","id":124,"geometry":{"type":"Point","coordinates":[-123.196133199316,41.5748132002316]},"properties":{"OBJECTID":124,"Mile":1626,"Mile_SoBo":1029.1999999999998,"RouteID":"PCT"}},{"type":"Feature","id":125,"geometry":{"type":"Point","coordinates":[-123.201029600106,41.5560891004375]},"properties":{"OBJECTID":125,"Mile":1624,"Mile_SoBo":1031.1999999999998,"RouteID":"PCT"}},{"type":"Feature","id":126,"geometry":{"type":"Point","coordinates":[-123.190333299845,41.548240600077]},"properties":{"OBJECTID":126,"Mile":1623,"Mile_SoBo":1032.1999999999998,"RouteID":"PCT"}},{"type":"Feature","id":127,"geometry":{"type":"Point","coordinates":[-123.181712900137,41.5456815993289]},"properties":{"OBJECTID":127,"Mile":1622.5,"Mile_SoBo":1032.6999999999998,"RouteID":"PCT"}},{"type":"Feature","id":128,"geometry":{"type":"Point","coordinates":[-123.174308612805,41.5431387288701]},"properties":{"OBJECTID":128,"Mile":1622,"Mile_SoBo":1033.1999999999998,"RouteID":"PCT"}},{"type":"Feature","id":129,"geometry":{"type":"Point","coordinates":[-123.165705300673,41.5435676998359]},"properties":{"OBJECTID":129,"Mile":1621.5,"Mile_SoBo":1033.6999999999998,"RouteID":"PCT"}},{"type":"Feature","id":130,"geometry":{"type":"Point","coordinates":[-123.149637993034,41.541101614641]},"properties":{"OBJECTID":130,"Mile":1620.5,"Mile_SoBo":1034.6999999999998,"RouteID":"PCT"}},{"type":"Feature","id":131,"geometry":{"type":"Point","coordinates":[-123.134353400705,41.5346291003552]},"properties":{"OBJECTID":131,"Mile":1619.5,"Mile_SoBo":1035.6999999999998,"RouteID":"PCT"}},{"type":"Feature","id":132,"geometry":{"type":"Point","coordinates":[-123.125083900264,41.5197048994979]},"properties":{"OBJECTID":132,"Mile":1618,"Mile_SoBo":1037.1999999999998,"RouteID":"PCT"}},{"type":"Feature","id":133,"geometry":{"type":"Point","coordinates":[-123.124780599154,41.5140555006033]},"properties":{"OBJECTID":133,"Mile":1617.5,"Mile_SoBo":1037.6999999999998,"RouteID":"PCT"}},{"type":"Feature","id":134,"geometry":{"type":"Point","coordinates":[-123.101912199809,41.4956390999504]},"properties":{"OBJECTID":134,"Mile":1614.5,"Mile_SoBo":1040.6999999999998,"RouteID":"PCT"}},{"type":"Feature","id":135,"geometry":{"type":"Point","coordinates":[-123.087182170511,41.4950388666267]},"properties":{"OBJECTID":135,"Mile":1613.5,"Mile_SoBo":1041.6999999999998,"RouteID":"PCT"}},{"type":"Feature","id":136,"geometry":{"type":"Point","coordinates":[-123.078664600268,41.4931578999348]},"properties":{"OBJECTID":136,"Mile":1613,"Mile_SoBo":1042.1999999999998,"RouteID":"PCT"}},{"type":"Feature","id":137,"geometry":{"type":"Point","coordinates":[-123.063661299329,41.4711216998935]},"properties":{"OBJECTID":137,"Mile":1610.5,"Mile_SoBo":1044.6999999999998,"RouteID":"PCT"}},{"type":"Feature","id":138,"geometry":{"type":"Point","coordinates":[-123.056384325508,41.470133825041]},"properties":{"OBJECTID":138,"Mile":1610,"Mile_SoBo":1045.1999999999998,"RouteID":"PCT"}},{"type":"Feature","id":139,"geometry":{"type":"Point","coordinates":[-123.046145895318,41.4592824817072]},"properties":{"OBJECTID":139,"Mile":1609,"Mile_SoBo":1046.1999999999998,"RouteID":"PCT"}},{"type":"Feature","id":140,"geometry":{"type":"Point","coordinates":[-123.032510400385,41.4417760999529]},"properties":{"OBJECTID":140,"Mile":1607,"Mile_SoBo":1048.1999999999998,"RouteID":"PCT"}},{"type":"Feature","id":141,"geometry":{"type":"Point","coordinates":[-123.031147800866,41.4355667995254]},"properties":{"OBJECTID":141,"Mile":1606.5,"Mile_SoBo":1048.6999999999998,"RouteID":"PCT"}},{"type":"Feature","id":142,"geometry":{"type":"Point","coordinates":[-123.033863500766,41.423849499395]},"properties":{"OBJECTID":142,"Mile":1605.5,"Mile_SoBo":1049.6999999999998,"RouteID":"PCT"}},{"type":"Feature","id":143,"geometry":{"type":"Point","coordinates":[-123.042094499703,41.4121795000489]},"properties":{"OBJECTID":143,"Mile":1604.5,"Mile_SoBo":1050.6999999999998,"RouteID":"PCT"}},{"type":"Feature","id":144,"geometry":{"type":"Point","coordinates":[-123.027265499666,41.4054346997839]},"properties":{"OBJECTID":144,"Mile":1603,"Mile_SoBo":1052.1999999999998,"RouteID":"PCT"}},{"type":"Feature","id":145,"geometry":{"type":"Point","coordinates":[-123.018578100236,41.4071226006843]},"properties":{"OBJECTID":145,"Mile":1602.5,"Mile_SoBo":1052.6999999999998,"RouteID":"PCT"}},{"type":"Feature","id":146,"geometry":{"type":"Point","coordinates":[-123.003753899883,41.4013069998006]},"properties":{"OBJECTID":146,"Mile":1601.5,"Mile_SoBo":1053.6999999999998,"RouteID":"PCT"}},{"type":"Feature","id":147,"geometry":{"type":"Point","coordinates":[-123.000289799409,41.3967236997695]},"properties":{"OBJECTID":147,"Mile":1601,"Mile_SoBo":1054.1999999999998,"RouteID":"PCT"}},{"type":"Feature","id":148,"geometry":{"type":"Point","coordinates":[-122.992172999049,41.3938309001093]},"properties":{"OBJECTID":148,"Mile":1600.5,"Mile_SoBo":1054.6999999999998,"RouteID":"PCT"}},{"type":"Feature","id":149,"geometry":{"type":"Point","coordinates":[-122.986902899108,41.3882326001311]},"properties":{"OBJECTID":149,"Mile":1600,"Mile_SoBo":1055.1999999999998,"RouteID":"PCT"}},{"type":"Feature","id":150,"geometry":{"type":"Point","coordinates":[-122.974146600638,41.3808707002656]},"properties":{"OBJECTID":150,"Mile":1599,"Mile_SoBo":1056.1999999999998,"RouteID":"PCT"}},{"type":"Feature","id":151,"geometry":{"type":"Point","coordinates":[-122.971397883891,41.3750324313877]},"properties":{"OBJECTID":151,"Mile":1598.5,"Mile_SoBo":1056.6999999999998,"RouteID":"PCT"}},{"type":"Feature","id":152,"geometry":{"type":"Point","coordinates":[-122.962991508312,41.3665720404983]},"properties":{"OBJECTID":152,"Mile":1597.5,"Mile_SoBo":1057.6999999999998,"RouteID":"PCT"}},{"type":"Feature","id":153,"geometry":{"type":"Point","coordinates":[-122.958126400147,41.3568744997207]},"properties":{"OBJECTID":153,"Mile":1596.5,"Mile_SoBo":1058.6999999999998,"RouteID":"PCT"}},{"type":"Feature","id":154,"geometry":{"type":"Point","coordinates":[-122.954787600093,41.349034399906]},"properties":{"OBJECTID":154,"Mile":1595.5,"Mile_SoBo":1059.6999999999998,"RouteID":"PCT"}},{"type":"Feature","id":155,"geometry":{"type":"Point","coordinates":[-122.959442214881,41.3439937998957]},"properties":{"OBJECTID":155,"Mile":1595,"Mile_SoBo":1060.1999999999998,"RouteID":"PCT"}},{"type":"Feature","id":156,"geometry":{"type":"Point","coordinates":[-122.963380306074,41.3358204708436]},"properties":{"OBJECTID":156,"Mile":1594,"Mile_SoBo":1061.1999999999998,"RouteID":"PCT"}},{"type":"Feature","id":157,"geometry":{"type":"Point","coordinates":[-122.966636300225,41.3318813993878]},"properties":{"OBJECTID":157,"Mile":1593.5,"Mile_SoBo":1061.6999999999998,"RouteID":"PCT"}},{"type":"Feature","id":158,"geometry":{"type":"Point","coordinates":[-122.97709279997,41.3129769999422]},"properties":{"OBJECTID":158,"Mile":1591.5,"Mile_SoBo":1063.6999999999998,"RouteID":"PCT"}},{"type":"Feature","id":159,"geometry":{"type":"Point","coordinates":[-122.962109486579,41.2865672384091]},"properties":{"OBJECTID":159,"Mile":1589,"Mile_SoBo":1066.1999999999998,"RouteID":"PCT"}},{"type":"Feature","id":160,"geometry":{"type":"Point","coordinates":[-122.953916658036,41.2680865618251]},"properties":{"OBJECTID":160,"Mile":1587.5,"Mile_SoBo":1067.6999999999998,"RouteID":"PCT"}},{"type":"Feature","id":161,"geometry":{"type":"Point","coordinates":[-122.953332499569,41.262501700021]},"properties":{"OBJECTID":161,"Mile":1587,"Mile_SoBo":1068.1999999999998,"RouteID":"PCT"}},{"type":"Feature","id":162,"geometry":{"type":"Point","coordinates":[-122.95280950003,41.2540435007411]},"properties":{"OBJECTID":162,"Mile":1586,"Mile_SoBo":1069.1999999999998,"RouteID":"PCT"}},{"type":"Feature","id":163,"geometry":{"type":"Point","coordinates":[-122.957280900072,41.248155700434]},"properties":{"OBJECTID":163,"Mile":1585.5,"Mile_SoBo":1069.6999999999998,"RouteID":"PCT"}},{"type":"Feature","id":164,"geometry":{"type":"Point","coordinates":[-122.948129500243,41.2393519998778]},"properties":{"OBJECTID":164,"Mile":1584.5,"Mile_SoBo":1070.6999999999998,"RouteID":"PCT"}},{"type":"Feature","id":165,"geometry":{"type":"Point","coordinates":[-122.939227099688,41.2405686004054]},"properties":{"OBJECTID":165,"Mile":1584,"Mile_SoBo":1071.1999999999998,"RouteID":"PCT"}},{"type":"Feature","id":166,"geometry":{"type":"Point","coordinates":[-122.930658000294,41.2399413996154]},"properties":{"OBJECTID":166,"Mile":1583.5,"Mile_SoBo":1071.6999999999998,"RouteID":"PCT"}},{"type":"Feature","id":167,"geometry":{"type":"Point","coordinates":[-122.923186000639,41.2367975003186]},"properties":{"OBJECTID":167,"Mile":1583,"Mile_SoBo":1072.1999999999998,"RouteID":"PCT"}},{"type":"Feature","id":168,"geometry":{"type":"Point","coordinates":[-122.917768099682,41.2315457000337]},"properties":{"OBJECTID":168,"Mile":1582.5,"Mile_SoBo":1072.6999999999998,"RouteID":"PCT"}},{"type":"Feature","id":169,"geometry":{"type":"Point","coordinates":[-122.886176299653,41.2131015004713]},"properties":{"OBJECTID":169,"Mile":1579.5,"Mile_SoBo":1075.6999999999998,"RouteID":"PCT"}},{"type":"Feature","id":170,"geometry":{"type":"Point","coordinates":[-122.876236599427,41.2067953000044]},"properties":{"OBJECTID":170,"Mile":1578,"Mile_SoBo":1077.1999999999998,"RouteID":"PCT"}},{"type":"Feature","id":171,"geometry":{"type":"Point","coordinates":[-122.869415499665,41.203505499983]},"properties":{"OBJECTID":171,"Mile":1577.5,"Mile_SoBo":1077.6999999999998,"RouteID":"PCT"}},{"type":"Feature","id":172,"geometry":{"type":"Point","coordinates":[-122.848685278026,41.1968326782141]},"properties":{"OBJECTID":172,"Mile":1576,"Mile_SoBo":1079.1999999999998,"RouteID":"PCT"}},{"type":"Feature","id":173,"geometry":{"type":"Point","coordinates":[-122.840016600387,41.2048159001949]},"properties":{"OBJECTID":173,"Mile":1575,"Mile_SoBo":1080.1999999999998,"RouteID":"PCT"}},{"type":"Feature","id":175,"geometry":{"type":"Point","coordinates":[-122.823534400107,41.2061202004923]},"properties":{"OBJECTID":175,"Mile":1574,"Mile_SoBo":1081.1999999999998,"RouteID":"PCT"}},{"type":"Feature","id":176,"geometry":{"type":"Point","coordinates":[-122.795274599378,41.2029951002117]},"properties":{"OBJECTID":176,"Mile":1572,"Mile_SoBo":1083.1999999999998,"RouteID":"PCT"}},{"type":"Feature","id":177,"geometry":{"type":"Point","coordinates":[-122.794902499427,41.2084745000241]},"properties":{"OBJECTID":177,"Mile":1571.5,"Mile_SoBo":1083.6999999999998,"RouteID":"PCT"}},{"type":"Feature","id":178,"geometry":{"type":"Point","coordinates":[-122.789079499497,41.2120614000501]},"properties":{"OBJECTID":178,"Mile":1571,"Mile_SoBo":1084.1999999999998,"RouteID":"PCT"}},{"type":"Feature","id":179,"geometry":{"type":"Point","coordinates":[-122.776823199844,41.2266701000423]},"properties":{"OBJECTID":179,"Mile":1569,"Mile_SoBo":1086.1999999999998,"RouteID":"PCT"}},{"type":"Feature","id":180,"geometry":{"type":"Point","coordinates":[-122.750465500018,41.2263218998834]},"properties":{"OBJECTID":180,"Mile":1567.5,"Mile_SoBo":1087.6999999999998,"RouteID":"PCT"}},{"type":"Feature","id":181,"geometry":{"type":"Point","coordinates":[-122.74509020053,41.2281208001012]},"properties":{"OBJECTID":181,"Mile":1567,"Mile_SoBo":1088.1999999999998,"RouteID":"PCT"}},{"type":"Feature","id":182,"geometry":{"type":"Point","coordinates":[-122.727795846169,41.2531455411468]},"properties":{"OBJECTID":182,"Mile":1564.5,"Mile_SoBo":1090.6999999999998,"RouteID":"PCT"}},{"type":"Feature","id":184,"geometry":{"type":"Point","coordinates":[-122.721256545966,41.2650207878735]},"properties":{"OBJECTID":184,"Mile":1563.5,"Mile_SoBo":1091.6999999999998,"RouteID":"PCT"}},{"type":"Feature","id":185,"geometry":{"type":"Point","coordinates":[-123.113844000571,41.9357760998941]},"properties":{"OBJECTID":185,"Mile":1674.5,"Mile_SoBo":980.6999999999998,"RouteID":"PCT"}},{"type":"Feature","id":186,"geometry":{"type":"Point","coordinates":[-122.669271700382,41.2824612001463]},"properties":{"OBJECTID":186,"Mile":1558,"Mile_SoBo":1097.1999999999998,"RouteID":"PCT"}},{"type":"Feature","id":187,"geometry":{"type":"Point","coordinates":[-122.656951399339,41.2865372008311]},"properties":{"OBJECTID":187,"Mile":1556.5,"Mile_SoBo":1098.6999999999998,"RouteID":"PCT"}},{"type":"Feature","id":188,"geometry":{"type":"Point","coordinates":[-122.644367100264,41.3117391003647]},"properties":{"OBJECTID":188,"Mile":1553.5,"Mile_SoBo":1101.6999999999998,"RouteID":"PCT"}},{"type":"Feature","id":189,"geometry":{"type":"Point","coordinates":[-122.644698500272,41.315575400566]},"properties":{"OBJECTID":189,"Mile":1553,"Mile_SoBo":1102.1999999999998,"RouteID":"PCT"}},{"type":"Feature","id":190,"geometry":{"type":"Point","coordinates":[-122.617123439689,41.3239962363657]},"properties":{"OBJECTID":190,"Mile":1550.5,"Mile_SoBo":1104.6999999999998,"RouteID":"PCT"}},{"type":"Feature","id":191,"geometry":{"type":"Point","coordinates":[-122.606857100661,41.3205911996253]},"properties":{"OBJECTID":191,"Mile":1549.5,"Mile_SoBo":1105.6999999999998,"RouteID":"PCT"}},{"type":"Feature","id":192,"geometry":{"type":"Point","coordinates":[-122.58359929953,41.3247494999923]},"properties":{"OBJECTID":192,"Mile":1548,"Mile_SoBo":1107.1999999999998,"RouteID":"PCT"}},{"type":"Feature","id":193,"geometry":{"type":"Point","coordinates":[-122.575363999303,41.3298665004643]},"properties":{"OBJECTID":193,"Mile":1547,"Mile_SoBo":1108.1999999999998,"RouteID":"PCT"}},{"type":"Feature","id":194,"geometry":{"type":"Point","coordinates":[-122.702553600282,41.2755841997893]},"properties":{"OBJECTID":194,"Mile":1561.5,"Mile_SoBo":1093.6999999999998,"RouteID":"PCT"}},{"type":"Feature","id":195,"geometry":{"type":"Point","coordinates":[-122.573947950103,41.3341319991233]},"properties":{"OBJECTID":195,"Mile":1546.5,"Mile_SoBo":1108.6999999999998,"RouteID":"PCT"}},{"type":"Feature","id":196,"geometry":{"type":"Point","coordinates":[-122.564899992354,41.3413734176176]},"properties":{"OBJECTID":196,"Mile":1545.5,"Mile_SoBo":1109.6999999999998,"RouteID":"PCT"}},{"type":"Feature","id":197,"geometry":{"type":"Point","coordinates":[-122.574789937787,41.3521220694407]},"properties":{"OBJECTID":197,"Mile":1544,"Mile_SoBo":1111.1999999999998,"RouteID":"PCT"}},{"type":"Feature","id":198,"geometry":{"type":"Point","coordinates":[-122.57216610067,41.3581281995773]},"properties":{"OBJECTID":198,"Mile":1543.5,"Mile_SoBo":1111.6999999999998,"RouteID":"PCT"}},{"type":"Feature","id":199,"geometry":{"type":"Point","coordinates":[-122.563398600168,41.3607778000396]},"properties":{"OBJECTID":199,"Mile":1543,"Mile_SoBo":1112.1999999999998,"RouteID":"PCT"}},{"type":"Feature","id":200,"geometry":{"type":"Point","coordinates":[-122.554533899102,41.3605684000639]},"properties":{"OBJECTID":200,"Mile":1542.5,"Mile_SoBo":1112.6999999999998,"RouteID":"PCT"}},{"type":"Feature","id":201,"geometry":{"type":"Point","coordinates":[-122.537166400949,41.3405793995463]},"properties":{"OBJECTID":201,"Mile":1540.5,"Mile_SoBo":1114.6999999999998,"RouteID":"PCT"}},{"type":"Feature","id":202,"geometry":{"type":"Point","coordinates":[-122.528699846807,41.3389906415066]},"properties":{"OBJECTID":202,"Mile":1540,"Mile_SoBo":1115.1999999999998,"RouteID":"PCT"}},{"type":"Feature","id":203,"geometry":{"type":"Point","coordinates":[-122.519188473783,41.3389419454124]},"properties":{"OBJECTID":203,"Mile":1539.5,"Mile_SoBo":1115.6999999999998,"RouteID":"PCT"}},{"type":"Feature","id":204,"geometry":{"type":"Point","coordinates":[-122.508228199811,41.3290708003537]},"properties":{"OBJECTID":204,"Mile":1538.5,"Mile_SoBo":1116.6999999999998,"RouteID":"PCT"}},{"type":"Feature","id":205,"geometry":{"type":"Point","coordinates":[-122.514621600004,41.3190917004173]},"properties":{"OBJECTID":205,"Mile":1537,"Mile_SoBo":1118.1999999999998,"RouteID":"PCT"}},{"type":"Feature","id":206,"geometry":{"type":"Point","coordinates":[-122.512722700341,41.3122240007976]},"properties":{"OBJECTID":206,"Mile":1536.5,"Mile_SoBo":1118.6999999999998,"RouteID":"PCT"}},{"type":"Feature","id":207,"geometry":{"type":"Point","coordinates":[-122.507201399441,41.3065038002162]},"properties":{"OBJECTID":207,"Mile":1536,"Mile_SoBo":1119.1999999999998,"RouteID":"PCT"}},{"type":"Feature","id":208,"geometry":{"type":"Point","coordinates":[-122.491692654396,41.2915098223894]},"properties":{"OBJECTID":208,"Mile":1534.5,"Mile_SoBo":1120.6999999999998,"RouteID":"PCT"}},{"type":"Feature","id":209,"geometry":{"type":"Point","coordinates":[-122.495675100112,41.2891082005631]},"properties":{"OBJECTID":209,"Mile":1534,"Mile_SoBo":1121.1999999999998,"RouteID":"PCT"}},{"type":"Feature","id":210,"geometry":{"type":"Point","coordinates":[-122.505562974917,41.2656650638526]},"properties":{"OBJECTID":210,"Mile":1531.5,"Mile_SoBo":1123.6999999999998,"RouteID":"PCT"}},{"type":"Feature","id":211,"geometry":{"type":"Point","coordinates":[-123.197625299075,41.8343068003485]},"properties":{"OBJECTID":211,"Mile":1653.5,"Mile_SoBo":1001.6999999999998,"RouteID":"PCT"}},{"type":"Feature","id":212,"geometry":{"type":"Point","coordinates":[-122.547014586682,41.3563046973436]},"properties":{"OBJECTID":212,"Mile":1542,"Mile_SoBo":1113.1999999999998,"RouteID":"PCT"}},{"type":"Feature","id":213,"geometry":{"type":"Point","coordinates":[-122.510749699305,41.2473487993929]},"properties":{"OBJECTID":213,"Mile":1530,"Mile_SoBo":1125.1999999999998,"RouteID":"PCT"}},{"type":"Feature","id":214,"geometry":{"type":"Point","coordinates":[-122.516869177609,41.2347405028202]},"properties":{"OBJECTID":214,"Mile":1529,"Mile_SoBo":1126.1999999999998,"RouteID":"PCT"}},{"type":"Feature","id":215,"geometry":{"type":"Point","coordinates":[-122.52269519975,41.2104090002775]},"properties":{"OBJECTID":215,"Mile":1527,"Mile_SoBo":1128.1999999999998,"RouteID":"PCT"}},{"type":"Feature","id":216,"geometry":{"type":"Point","coordinates":[-122.516776899951,41.2068575002515]},"properties":{"OBJECTID":216,"Mile":1526.5,"Mile_SoBo":1128.6999999999998,"RouteID":"PCT"}},{"type":"Feature","id":217,"geometry":{"type":"Point","coordinates":[-122.497962700342,41.194063000309]},"properties":{"OBJECTID":217,"Mile":1525,"Mile_SoBo":1130.1999999999998,"RouteID":"PCT"}},{"type":"Feature","id":218,"geometry":{"type":"Point","coordinates":[-122.497279400141,41.1875146999254]},"properties":{"OBJECTID":218,"Mile":1524.5,"Mile_SoBo":1130.6999999999998,"RouteID":"PCT"}},{"type":"Feature","id":219,"geometry":{"type":"Point","coordinates":[-122.489342900557,41.1911017995409]},"properties":{"OBJECTID":219,"Mile":1524,"Mile_SoBo":1131.1999999999998,"RouteID":"PCT"}},{"type":"Feature","id":220,"geometry":{"type":"Point","coordinates":[-122.470591199753,41.1912984003256]},"properties":{"OBJECTID":220,"Mile":1523,"Mile_SoBo":1132.1999999999998,"RouteID":"PCT"}},{"type":"Feature","id":221,"geometry":{"type":"Point","coordinates":[-122.647202000114,41.2898050995031]},"properties":{"OBJECTID":221,"Mile":1555.5,"Mile_SoBo":1099.6999999999998,"RouteID":"PCT"}},{"type":"Feature","id":222,"geometry":{"type":"Point","coordinates":[-122.452673799452,41.1885789999411]},"properties":{"OBJECTID":222,"Mile":1522,"Mile_SoBo":1133.1999999999998,"RouteID":"PCT"}},{"type":"Feature","id":223,"geometry":{"type":"Point","coordinates":[-122.436374999529,41.1899689003248]},"properties":{"OBJECTID":223,"Mile":1521,"Mile_SoBo":1134.1999999999998,"RouteID":"PCT"}},{"type":"Feature","id":224,"geometry":{"type":"Point","coordinates":[-122.423298736734,41.1971792991838]},"properties":{"OBJECTID":224,"Mile":1520,"Mile_SoBo":1135.1999999999998,"RouteID":"PCT"}},{"type":"Feature","id":225,"geometry":{"type":"Point","coordinates":[-122.418754566986,41.2070169514989]},"properties":{"OBJECTID":225,"Mile":1519,"Mile_SoBo":1136.1999999999998,"RouteID":"PCT"}},{"type":"Feature","id":226,"geometry":{"type":"Point","coordinates":[-122.405820342771,41.2155069284773]},"properties":{"OBJECTID":226,"Mile":1518,"Mile_SoBo":1137.1999999999998,"RouteID":"PCT"}},{"type":"Feature","id":227,"geometry":{"type":"Point","coordinates":[-122.3976433999,41.2153768001962]},"properties":{"OBJECTID":227,"Mile":1517.5,"Mile_SoBo":1137.6999999999998,"RouteID":"PCT"}},{"type":"Feature","id":228,"geometry":{"type":"Point","coordinates":[-122.390389500214,41.2117459005642]},"properties":{"OBJECTID":228,"Mile":1517,"Mile_SoBo":1138.1999999999998,"RouteID":"PCT"}},{"type":"Feature","id":229,"geometry":{"type":"Point","coordinates":[-122.382949100242,41.1948674001059]},"properties":{"OBJECTID":229,"Mile":1514,"Mile_SoBo":1141.1999999999998,"RouteID":"PCT"}},{"type":"Feature","id":230,"geometry":{"type":"Point","coordinates":[-122.380444499523,41.1944883000464]},"properties":{"OBJECTID":230,"Mile":1513.5,"Mile_SoBo":1141.6999999999998,"RouteID":"PCT"}},{"type":"Feature","id":231,"geometry":{"type":"Point","coordinates":[-122.931590099945,41.9661731998542]},"properties":{"OBJECTID":231,"Mile":1688.5,"Mile_SoBo":966.6999999999998,"RouteID":"PCT"}},{"type":"Feature","id":232,"geometry":{"type":"Point","coordinates":[-122.378548499799,41.1939808997985]},"properties":{"OBJECTID":232,"Mile":1513,"Mile_SoBo":1142.1999999999998,"RouteID":"PCT"}},{"type":"Feature","id":233,"geometry":{"type":"Point","coordinates":[-122.373481500288,41.1839841996766]},"properties":{"OBJECTID":233,"Mile":1511.5,"Mile_SoBo":1143.6999999999998,"RouteID":"PCT"}},{"type":"Feature","id":234,"geometry":{"type":"Point","coordinates":[-122.936985546729,41.9643936137653]},"properties":{"OBJECTID":234,"Mile":1688,"Mile_SoBo":967.1999999999998,"RouteID":"PCT"}},{"type":"Feature","id":235,"geometry":{"type":"Point","coordinates":[-122.34659397623,41.1612692376352]},"properties":{"OBJECTID":235,"Mile":1507,"Mile_SoBo":1148.1999999999998,"RouteID":"PCT"}},{"type":"Feature","id":236,"geometry":{"type":"Point","coordinates":[-122.317571000053,41.1591536999949]},"properties":{"OBJECTID":236,"Mile":1504.5,"Mile_SoBo":1150.6999999999998,"RouteID":"PCT"}},{"type":"Feature","id":237,"geometry":{"type":"Point","coordinates":[-123.217974735857,41.8064860540427]},"properties":{"OBJECTID":237,"Mile":1650.5,"Mile_SoBo":1004.6999999999998,"RouteID":"PCT"}},{"type":"Feature","id":238,"geometry":{"type":"Point","coordinates":[-122.311999199813,41.1615162998438]},"properties":{"OBJECTID":238,"Mile":1504,"Mile_SoBo":1151.1999999999998,"RouteID":"PCT"}},{"type":"Feature","id":239,"geometry":{"type":"Point","coordinates":[-122.310145079984,41.1615529006743]},"properties":{"OBJECTID":239,"Mile":1503.5,"Mile_SoBo":1151.6999999999998,"RouteID":"PCT"}},{"type":"Feature","id":240,"geometry":{"type":"Point","coordinates":[-122.302197000677,41.1597696001164]},"properties":{"OBJECTID":240,"Mile":1503,"Mile_SoBo":1152.1999999999998,"RouteID":"PCT"}},{"type":"Feature","id":241,"geometry":{"type":"Point","coordinates":[-122.288318758999,41.1608617751743]},"properties":{"OBJECTID":241,"Mile":1501.5,"Mile_SoBo":1153.6999999999998,"RouteID":"PCT"}},{"type":"Feature","id":242,"geometry":{"type":"Point","coordinates":[-122.276055563702,41.1605714123116]},"properties":{"OBJECTID":242,"Mile":1499,"Mile_SoBo":1156.1999999999998,"RouteID":"PCT"}},{"type":"Feature","id":243,"geometry":{"type":"Point","coordinates":[-122.268073319441,41.1544885615437]},"properties":{"OBJECTID":243,"Mile":1498,"Mile_SoBo":1157.1999999999998,"RouteID":"PCT"}},{"type":"Feature","id":244,"geometry":{"type":"Point","coordinates":[-122.26747503434,41.1561318910652]},"properties":{"OBJECTID":244,"Mile":1497.5,"Mile_SoBo":1157.6999999999998,"RouteID":"PCT"}},{"type":"Feature","id":245,"geometry":{"type":"Point","coordinates":[-122.262203469392,41.1522765668992]},"properties":{"OBJECTID":245,"Mile":1497,"Mile_SoBo":1158.1999999999998,"RouteID":"PCT"}},{"type":"Feature","id":246,"geometry":{"type":"Point","coordinates":[-123.198590741865,41.5609195800089]},"properties":{"OBJECTID":246,"Mile":1624.5,"Mile_SoBo":1030.6999999999998,"RouteID":"PCT"}},{"type":"Feature","id":247,"geometry":{"type":"Point","coordinates":[-122.254897065812,41.1362897956446]},"properties":{"OBJECTID":247,"Mile":1495,"Mile_SoBo":1160.1999999999998,"RouteID":"PCT"}},{"type":"Feature","id":248,"geometry":{"type":"Point","coordinates":[-122.260716118506,41.1366315126243]},"properties":{"OBJECTID":248,"Mile":1494.5,"Mile_SoBo":1160.6999999999998,"RouteID":"PCT"}},{"type":"Feature","id":249,"geometry":{"type":"Point","coordinates":[-122.25335288839,41.1363052493747]},"properties":{"OBJECTID":249,"Mile":1494,"Mile_SoBo":1161.1999999999998,"RouteID":"PCT"}},{"type":"Feature","id":250,"geometry":{"type":"Point","coordinates":[-122.219481839929,41.1471698548059]},"properties":{"OBJECTID":250,"Mile":1491,"Mile_SoBo":1164.1999999999998,"RouteID":"PCT"}},{"type":"Feature","id":251,"geometry":{"type":"Point","coordinates":[-122.210566197174,41.1446479042939]},"properties":{"OBJECTID":251,"Mile":1490,"Mile_SoBo":1165.1999999999998,"RouteID":"PCT"}},{"type":"Feature","id":252,"geometry":{"type":"Point","coordinates":[-122.208288259944,41.138789323656]},"properties":{"OBJECTID":252,"Mile":1489.5,"Mile_SoBo":1165.6999999999998,"RouteID":"PCT"}},{"type":"Feature","id":253,"geometry":{"type":"Point","coordinates":[-122.182879756157,41.1374199194226]},"properties":{"OBJECTID":253,"Mile":1487.5,"Mile_SoBo":1167.6999999999998,"RouteID":"PCT"}},{"type":"Feature","id":254,"geometry":{"type":"Point","coordinates":[-122.553262700913,42.0359237998278]},"properties":{"OBJECTID":254,"Mile":1725.5,"Mile_SoBo":929.6999999999998,"RouteID":"PCT"}},{"type":"Feature","id":255,"geometry":{"type":"Point","coordinates":[-122.168369338696,41.1395437688747]},"properties":{"OBJECTID":255,"Mile":1485.5,"Mile_SoBo":1169.6999999999998,"RouteID":"PCT"}},{"type":"Feature","id":256,"geometry":{"type":"Point","coordinates":[-123.2053411002,41.8746025995088]},"properties":{"OBJECTID":256,"Mile":1662.5,"Mile_SoBo":992.6999999999998,"RouteID":"PCT"}},{"type":"Feature","id":257,"geometry":{"type":"Point","coordinates":[-122.160186202076,41.1299534900122]},"properties":{"OBJECTID":257,"Mile":1484.5,"Mile_SoBo":1170.6999999999998,"RouteID":"PCT"}},{"type":"Feature","id":258,"geometry":{"type":"Point","coordinates":[-122.156800166788,41.1289397534494]},"properties":{"OBJECTID":258,"Mile":1484,"Mile_SoBo":1171.1999999999998,"RouteID":"PCT"}},{"type":"Feature","id":259,"geometry":{"type":"Point","coordinates":[-122.1546576334,41.124994735922]},"properties":{"OBJECTID":259,"Mile":1483.5,"Mile_SoBo":1171.6999999999998,"RouteID":"PCT"}},{"type":"Feature","id":260,"geometry":{"type":"Point","coordinates":[-122.139740743103,41.1269326540258]},"properties":{"OBJECTID":260,"Mile":1482,"Mile_SoBo":1173.1999999999998,"RouteID":"PCT"}},{"type":"Feature","id":261,"geometry":{"type":"Point","coordinates":[-122.132545642473,41.1284277818923]},"properties":{"OBJECTID":261,"Mile":1481.5,"Mile_SoBo":1173.6999999999998,"RouteID":"PCT"}},{"type":"Feature","id":262,"geometry":{"type":"Point","coordinates":[-122.125601554495,41.1277855664508]},"properties":{"OBJECTID":262,"Mile":1481,"Mile_SoBo":1174.1999999999998,"RouteID":"PCT"}},{"type":"Feature","id":263,"geometry":{"type":"Point","coordinates":[-122.129565824245,41.1205944047271]},"properties":{"OBJECTID":263,"Mile":1480,"Mile_SoBo":1175.1999999999998,"RouteID":"PCT"}},{"type":"Feature","id":264,"geometry":{"type":"Point","coordinates":[-122.123682004796,41.1109805084051]},"properties":{"OBJECTID":264,"Mile":1478.5,"Mile_SoBo":1176.6999999999998,"RouteID":"PCT"}},{"type":"Feature","id":265,"geometry":{"type":"Point","coordinates":[-122.378283999788,41.1871264002214]},"properties":{"OBJECTID":265,"Mile":1512,"Mile_SoBo":1143.1999999999998,"RouteID":"PCT"}},{"type":"Feature","id":266,"geometry":{"type":"Point","coordinates":[-122.124670552246,41.1064225093903]},"properties":{"OBJECTID":266,"Mile":1478,"Mile_SoBo":1177.1999999999998,"RouteID":"PCT"}},{"type":"Feature","id":267,"geometry":{"type":"Point","coordinates":[-122.114052397104,41.110566370976]},"properties":{"OBJECTID":267,"Mile":1476.5,"Mile_SoBo":1178.6999999999998,"RouteID":"PCT"}},{"type":"Feature","id":268,"geometry":{"type":"Point","coordinates":[-122.104185812475,41.115028334348]},"properties":{"OBJECTID":268,"Mile":1475.5,"Mile_SoBo":1179.6999999999998,"RouteID":"PCT"}},{"type":"Feature","id":269,"geometry":{"type":"Point","coordinates":[-123.067976499824,41.4800723996156]},"properties":{"OBJECTID":269,"Mile":1611.5,"Mile_SoBo":1043.6999999999998,"RouteID":"PCT"}},{"type":"Feature","id":270,"geometry":{"type":"Point","coordinates":[-122.799368999347,42.0474025995442]},"properties":{"OBJECTID":270,"Mile":1703.5,"Mile_SoBo":951.6999999999998,"RouteID":"PCT"}},{"type":"Feature","id":271,"geometry":{"type":"Point","coordinates":[-122.098893144967,41.1164956019804]},"properties":{"OBJECTID":271,"Mile":1475,"Mile_SoBo":1180.1999999999998,"RouteID":"PCT"}},{"type":"Feature","id":272,"geometry":{"type":"Point","coordinates":[-122.08257110828,41.114557062217]},"properties":{"OBJECTID":272,"Mile":1473.5,"Mile_SoBo":1181.6999999999998,"RouteID":"PCT"}},{"type":"Feature","id":274,"geometry":{"type":"Point","coordinates":[-123.197886899549,41.5659649998486]},"properties":{"OBJECTID":274,"Mile":1625,"Mile_SoBo":1030.1999999999998,"RouteID":"PCT"}},{"type":"Feature","id":275,"geometry":{"type":"Point","coordinates":[-122.057063335402,41.1172874672627]},"properties":{"OBJECTID":275,"Mile":1471.5,"Mile_SoBo":1183.6999999999998,"RouteID":"PCT"}},{"type":"Feature","id":276,"geometry":{"type":"Point","coordinates":[-122.047182321325,41.1126261583253]},"properties":{"OBJECTID":276,"Mile":1470.5,"Mile_SoBo":1184.6999999999998,"RouteID":"PCT"}},{"type":"Feature","id":277,"geometry":{"type":"Point","coordinates":[-122.744814499752,42.0740907997609]},"properties":{"OBJECTID":277,"Mile":1708.5,"Mile_SoBo":946.6999999999998,"RouteID":"PCT"}},{"type":"Feature","id":278,"geometry":{"type":"Point","coordinates":[-122.036433503028,41.1167151152209]},"properties":{"OBJECTID":278,"Mile":1469.5,"Mile_SoBo":1185.6999999999998,"RouteID":"PCT"}},{"type":"Feature","id":279,"geometry":{"type":"Point","coordinates":[-122.026743440376,41.128642912675]},"properties":{"OBJECTID":279,"Mile":1468,"Mile_SoBo":1187.1999999999998,"RouteID":"PCT"}},{"type":"Feature","id":280,"geometry":{"type":"Point","coordinates":[-122.026524478658,41.1227422712541]},"properties":{"OBJECTID":280,"Mile":1467.5,"Mile_SoBo":1187.6999999999998,"RouteID":"PCT"}},{"type":"Feature","id":281,"geometry":{"type":"Point","coordinates":[-122.027635570858,41.1166580656281]},"properties":{"OBJECTID":281,"Mile":1467,"Mile_SoBo":1188.1999999999998,"RouteID":"PCT"}},{"type":"Feature","id":282,"geometry":{"type":"Point","coordinates":[-122.021184140844,41.1180039174761]},"properties":{"OBJECTID":282,"Mile":1466.5,"Mile_SoBo":1188.6999999999998,"RouteID":"PCT"}},{"type":"Feature","id":283,"geometry":{"type":"Point","coordinates":[-122.013242170639,41.1206773838172]},"properties":{"OBJECTID":283,"Mile":1466,"Mile_SoBo":1189.1999999999998,"RouteID":"PCT"}},{"type":"Feature","id":284,"geometry":{"type":"Point","coordinates":[-122.006898810297,41.1224606791808]},"properties":{"OBJECTID":284,"Mile":1465.5,"Mile_SoBo":1189.6999999999998,"RouteID":"PCT"}},{"type":"Feature","id":285,"geometry":{"type":"Point","coordinates":[-122.000541159014,41.1272823404769]},"properties":{"OBJECTID":285,"Mile":1464.5,"Mile_SoBo":1190.6999999999998,"RouteID":"PCT"}},{"type":"Feature","id":286,"geometry":{"type":"Point","coordinates":[-121.993621688075,41.1255335143455]},"properties":{"OBJECTID":286,"Mile":1464,"Mile_SoBo":1191.1999999999998,"RouteID":"PCT"}},{"type":"Feature","id":287,"geometry":{"type":"Point","coordinates":[-121.987428475571,41.1302164124568]},"properties":{"OBJECTID":287,"Mile":1463,"Mile_SoBo":1192.1999999999998,"RouteID":"PCT"}},{"type":"Feature","id":288,"geometry":{"type":"Point","coordinates":[-121.984170198314,41.1395256668852]},"properties":{"OBJECTID":288,"Mile":1462,"Mile_SoBo":1193.1999999999998,"RouteID":"PCT"}},{"type":"Feature","id":289,"geometry":{"type":"Point","coordinates":[-121.979363682313,41.1393326352398]},"properties":{"OBJECTID":289,"Mile":1461.5,"Mile_SoBo":1193.6999999999998,"RouteID":"PCT"}},{"type":"Feature","id":290,"geometry":{"type":"Point","coordinates":[-121.973897328408,41.142514410462]},"properties":{"OBJECTID":290,"Mile":1460.5,"Mile_SoBo":1194.6999999999998,"RouteID":"PCT"}},{"type":"Feature","id":291,"geometry":{"type":"Point","coordinates":[-121.961271842678,41.1542030336265]},"properties":{"OBJECTID":291,"Mile":1459,"Mile_SoBo":1196.1999999999998,"RouteID":"PCT"}},{"type":"Feature","id":292,"geometry":{"type":"Point","coordinates":[-123.215542100485,41.6236026001985]},"properties":{"OBJECTID":292,"Mile":1631,"Mile_SoBo":1024.1999999999998,"RouteID":"PCT"}},{"type":"Feature","id":293,"geometry":{"type":"Point","coordinates":[-121.956888716886,41.1583107889454]},"properties":{"OBJECTID":293,"Mile":1458.5,"Mile_SoBo":1196.6999999999998,"RouteID":"PCT"}},{"type":"Feature","id":294,"geometry":{"type":"Point","coordinates":[-121.949310208997,41.1574847407837]},"properties":{"OBJECTID":294,"Mile":1458,"Mile_SoBo":1197.1999999999998,"RouteID":"PCT"}},{"type":"Feature","id":295,"geometry":{"type":"Point","coordinates":[-122.972050299273,41.3225987999133]},"properties":{"OBJECTID":295,"Mile":1592.5,"Mile_SoBo":1062.6999999999998,"RouteID":"PCT"}},{"type":"Feature","id":296,"geometry":{"type":"Point","coordinates":[-121.908811778445,41.1721640305419]},"properties":{"OBJECTID":296,"Mile":1454.5,"Mile_SoBo":1200.6999999999998,"RouteID":"PCT"}},{"type":"Feature","id":297,"geometry":{"type":"Point","coordinates":[-121.890014127025,41.1777195632877]},"properties":{"OBJECTID":297,"Mile":1453,"Mile_SoBo":1202.1999999999998,"RouteID":"PCT"}},{"type":"Feature","id":298,"geometry":{"type":"Point","coordinates":[-121.883947664115,41.1765157341049]},"properties":{"OBJECTID":298,"Mile":1452.5,"Mile_SoBo":1202.6999999999998,"RouteID":"PCT"}},{"type":"Feature","id":299,"geometry":{"type":"Point","coordinates":[-121.867111466872,41.1721641792767]},"properties":{"OBJECTID":299,"Mile":1451.5,"Mile_SoBo":1203.6999999999998,"RouteID":"PCT"}},{"type":"Feature","id":300,"geometry":{"type":"Point","coordinates":[-121.859171177703,41.1733305437813]},"properties":{"OBJECTID":300,"Mile":1451,"Mile_SoBo":1204.1999999999998,"RouteID":"PCT"}},{"type":"Feature","id":301,"geometry":{"type":"Point","coordinates":[-121.855399017299,41.1779848209007]},"properties":{"OBJECTID":301,"Mile":1450.5,"Mile_SoBo":1204.6999999999998,"RouteID":"PCT"}},{"type":"Feature","id":302,"geometry":{"type":"Point","coordinates":[-122.48224060074,42.1294253006135]},"properties":{"OBJECTID":302,"Mile":1736.5,"Mile_SoBo":918.6999999999998,"RouteID":"PCT"}},{"type":"Feature","id":303,"geometry":{"type":"Point","coordinates":[-121.837721317763,41.1743307941647]},"properties":{"OBJECTID":303,"Mile":1449,"Mile_SoBo":1206.1999999999998,"RouteID":"PCT"}},{"type":"Feature","id":304,"geometry":{"type":"Point","coordinates":[-121.827183459003,41.1784420696844]},"properties":{"OBJECTID":304,"Mile":1448,"Mile_SoBo":1207.1999999999998,"RouteID":"PCT"}},{"type":"Feature","id":305,"geometry":{"type":"Point","coordinates":[-121.821872962395,41.1757197875286]},"properties":{"OBJECTID":305,"Mile":1447.5,"Mile_SoBo":1207.6999999999998,"RouteID":"PCT"}},{"type":"Feature","id":306,"geometry":{"type":"Point","coordinates":[-121.81937537071,41.1701693412794]},"properties":{"OBJECTID":306,"Mile":1447,"Mile_SoBo":1208.1999999999998,"RouteID":"PCT"}},{"type":"Feature","id":307,"geometry":{"type":"Point","coordinates":[-121.811010171644,41.1718298415759]},"properties":{"OBJECTID":307,"Mile":1446.5,"Mile_SoBo":1208.6999999999998,"RouteID":"PCT"}},{"type":"Feature","id":308,"geometry":{"type":"Point","coordinates":[-121.964736895446,41.1503668575572]},"properties":{"OBJECTID":308,"Mile":1459.5,"Mile_SoBo":1195.6999999999998,"RouteID":"PCT"}},{"type":"Feature","id":309,"geometry":{"type":"Point","coordinates":[-121.780333676777,41.1630512256551]},"properties":{"OBJECTID":309,"Mile":1444,"Mile_SoBo":1211.1999999999998,"RouteID":"PCT"}},{"type":"Feature","id":310,"geometry":{"type":"Point","coordinates":[-121.775471002915,41.1579949400598]},"properties":{"OBJECTID":310,"Mile":1443.5,"Mile_SoBo":1211.6999999999998,"RouteID":"PCT"}},{"type":"Feature","id":311,"geometry":{"type":"Point","coordinates":[-122.226163321054,41.151044550618]},"properties":{"OBJECTID":311,"Mile":1491.5,"Mile_SoBo":1163.6999999999998,"RouteID":"PCT"}},{"type":"Feature","id":312,"geometry":{"type":"Point","coordinates":[-121.772399675094,41.1521669424249]},"properties":{"OBJECTID":312,"Mile":1443,"Mile_SoBo":1212.1999999999998,"RouteID":"PCT"}},{"type":"Feature","id":313,"geometry":{"type":"Point","coordinates":[-121.786579629219,41.102909696972]},"properties":{"OBJECTID":313,"Mile":1438,"Mile_SoBo":1217.1999999999998,"RouteID":"PCT"}},{"type":"Feature","id":314,"geometry":{"type":"Point","coordinates":[-121.790793154611,41.098237736055]},"properties":{"OBJECTID":314,"Mile":1437.5,"Mile_SoBo":1217.6999999999998,"RouteID":"PCT"}},{"type":"Feature","id":315,"geometry":{"type":"Point","coordinates":[-121.801016074475,41.0906192982668]},"properties":{"OBJECTID":315,"Mile":1436.5,"Mile_SoBo":1218.6999999999998,"RouteID":"PCT"}},{"type":"Feature","id":316,"geometry":{"type":"Point","coordinates":[-121.800143661403,41.0785758322568]},"properties":{"OBJECTID":316,"Mile":1435.5,"Mile_SoBo":1219.6999999999998,"RouteID":"PCT"}},{"type":"Feature","id":317,"geometry":{"type":"Point","coordinates":[-121.798223016373,41.0730778092857]},"properties":{"OBJECTID":317,"Mile":1435,"Mile_SoBo":1220.1999999999998,"RouteID":"PCT"}},{"type":"Feature","id":319,"geometry":{"type":"Point","coordinates":[-122.107416586652,41.1119435570465]},"properties":{"OBJECTID":319,"Mile":1476,"Mile_SoBo":1179.1999999999998,"RouteID":"PCT"}},{"type":"Feature","id":327,"geometry":{"type":"Point","coordinates":[-123.207321514735,41.6031377031299]},"properties":{"OBJECTID":327,"Mile":1629,"Mile_SoBo":1026.1999999999998,"RouteID":"PCT"}},{"type":"Feature","id":329,"geometry":{"type":"Point","coordinates":[-122.598609999638,41.3180558998263]},"properties":{"OBJECTID":329,"Mile":1549,"Mile_SoBo":1106.1999999999998,"RouteID":"PCT"}},{"type":"Feature","id":356,"geometry":{"type":"Point","coordinates":[-122.635661038001,42.0762666470049]},"properties":{"OBJECTID":356,"Mile":1717,"Mile_SoBo":938.1999999999998,"RouteID":"PCT"}},{"type":"Feature","id":358,"geometry":{"type":"Point","coordinates":[-121.785377604696,41.1084890106117]},"properties":{"OBJECTID":358,"Mile":1438.5,"Mile_SoBo":1216.6999999999998,"RouteID":"PCT"}},{"type":"Feature","id":360,"geometry":{"type":"Point","coordinates":[-123.206511499824,41.8449186996432]},"properties":{"OBJECTID":360,"Mile":1657.5,"Mile_SoBo":997.6999999999998,"RouteID":"PCT"}},{"type":"Feature","id":361,"geometry":{"type":"Point","coordinates":[-123.039308115225,41.4064582957631]},"properties":{"OBJECTID":361,"Mile":1604,"Mile_SoBo":1051.1999999999998,"RouteID":"PCT"}},{"type":"Feature","id":362,"geometry":{"type":"Point","coordinates":[-123.126536800551,41.5092977007202]},"properties":{"OBJECTID":362,"Mile":1617,"Mile_SoBo":1038.1999999999998,"RouteID":"PCT"}},{"type":"Feature","id":363,"geometry":{"type":"Point","coordinates":[-122.483350100675,42.0677901003234]},"properties":{"OBJECTID":363,"Mile":1731,"Mile_SoBo":924.1999999999998,"RouteID":"PCT"}},{"type":"Feature","id":364,"geometry":{"type":"Point","coordinates":[-122.506112000331,41.3224484000565]},"properties":{"OBJECTID":364,"Mile":1538,"Mile_SoBo":1117.1999999999998,"RouteID":"PCT"}},{"type":"Feature","id":365,"geometry":{"type":"Point","coordinates":[-122.478558300126,42.1172283995795]},"properties":{"OBJECTID":365,"Mile":1735.5,"Mile_SoBo":919.6999999999998,"RouteID":"PCT"}},{"type":"Feature","id":366,"geometry":{"type":"Point","coordinates":[-122.281961651793,41.1554392474099]},"properties":{"OBJECTID":366,"Mile":1500,"Mile_SoBo":1155.1999999999998,"RouteID":"PCT"}},{"type":"Feature","id":368,"geometry":{"type":"Point","coordinates":[-123.244204499935,41.7144745001035]},"properties":{"OBJECTID":368,"Mile":1642,"Mile_SoBo":1013.1999999999998,"RouteID":"PCT"}},{"type":"Feature","id":369,"geometry":{"type":"Point","coordinates":[-121.911632910813,41.1680950459831]},"properties":{"OBJECTID":369,"Mile":1455,"Mile_SoBo":1200.1999999999998,"RouteID":"PCT"}},{"type":"Feature","id":370,"geometry":{"type":"Point","coordinates":[-122.763888451301,42.0668444974023]},"properties":{"OBJECTID":370,"Mile":1707,"Mile_SoBo":948.1999999999998,"RouteID":"PCT"}},{"type":"Feature","id":371,"geometry":{"type":"Point","coordinates":[-121.782365255824,41.1685866372016]},"properties":{"OBJECTID":371,"Mile":1444.5,"Mile_SoBo":1210.6999999999998,"RouteID":"PCT"}},{"type":"Feature","id":372,"geometry":{"type":"Point","coordinates":[-122.502123500447,42.0570849996265]},"properties":{"OBJECTID":372,"Mile":1729.5,"Mile_SoBo":925.6999999999998,"RouteID":"PCT"}},{"type":"Feature","id":374,"geometry":{"type":"Point","coordinates":[-122.682164300564,41.2699851000029]},"properties":{"OBJECTID":374,"Mile":1559.5,"Mile_SoBo":1095.6999999999998,"RouteID":"PCT"}},{"type":"Feature","id":376,"geometry":{"type":"Point","coordinates":[-122.971850399783,41.3161045995224]},"properties":{"OBJECTID":376,"Mile":1592,"Mile_SoBo":1063.1999999999998,"RouteID":"PCT"}},{"type":"Feature","id":378,"geometry":{"type":"Point","coordinates":[-122.362066499893,41.1647171000316]},"properties":{"OBJECTID":378,"Mile":1508.5,"Mile_SoBo":1146.6999999999998,"RouteID":"PCT"}},{"type":"Feature","id":379,"geometry":{"type":"Point","coordinates":[-121.934023679555,41.1596760260816]},"properties":{"OBJECTID":379,"Mile":1457,"Mile_SoBo":1198.1999999999998,"RouteID":"PCT"}},{"type":"Feature","id":380,"geometry":{"type":"Point","coordinates":[-123.198825837618,41.569703733365]},"properties":{"OBJECTID":380,"Mile":1625.5,"Mile_SoBo":1029.6999999999998,"RouteID":"PCT"}},{"type":"Feature","id":381,"geometry":{"type":"Point","coordinates":[-122.965117070546,41.2926796876306]},"properties":{"OBJECTID":381,"Mile":1589.5,"Mile_SoBo":1065.6999999999998,"RouteID":"PCT"}},{"type":"Feature","id":382,"geometry":{"type":"Point","coordinates":[-121.969797896559,41.1474572303569]},"properties":{"OBJECTID":382,"Mile":1460,"Mile_SoBo":1195.1999999999998,"RouteID":"PCT"}},{"type":"Feature","id":383,"geometry":{"type":"Point","coordinates":[-122.696461869583,41.2784925150855]},"properties":{"OBJECTID":383,"Mile":1561,"Mile_SoBo":1094.1999999999998,"RouteID":"PCT"}},{"type":"Feature","id":384,"geometry":{"type":"Point","coordinates":[-123.118759153761,41.5076614556007]},"properties":{"OBJECTID":384,"Mile":1616,"Mile_SoBo":1039.1999999999998,"RouteID":"PCT"}},{"type":"Feature","id":386,"geometry":{"type":"Point","coordinates":[-122.832099196651,41.2063829961427]},"properties":{"OBJECTID":386,"Mile":1574.5,"Mile_SoBo":1080.6999999999998,"RouteID":"PCT"}},{"type":"Feature","id":387,"geometry":{"type":"Point","coordinates":[-122.052416635434,41.1134106687209]},"properties":{"OBJECTID":387,"Mile":1471,"Mile_SoBo":1184.1999999999998,"RouteID":"PCT"}},{"type":"Feature","id":391,"geometry":{"type":"Point","coordinates":[-122.573373399037,42.0328117997856]},"properties":{"OBJECTID":391,"Mile":1724,"Mile_SoBo":931.1999999999998,"RouteID":"PCT"}},{"type":"Feature","id":392,"geometry":{"type":"Point","coordinates":[-122.385161200414,41.2132716993918]},"properties":{"OBJECTID":392,"Mile":1516.5,"Mile_SoBo":1138.6999999999998,"RouteID":"PCT"}},{"type":"Feature","id":393,"geometry":{"type":"Point","coordinates":[-121.902819365762,41.1722342079551]},"properties":{"OBJECTID":393,"Mile":1454,"Mile_SoBo":1201.1999999999998,"RouteID":"PCT"}},{"type":"Feature","id":394,"geometry":{"type":"Point","coordinates":[-122.478002199745,42.0924757994538]},"properties":{"OBJECTID":394,"Mile":1733,"Mile_SoBo":922.1999999999998,"RouteID":"PCT"}},{"type":"Feature","id":395,"geometry":{"type":"Point","coordinates":[-123.167617118629,41.9351250880127]},"properties":{"OBJECTID":395,"Mile":1669.5,"Mile_SoBo":985.6999999999998,"RouteID":"PCT"}},{"type":"Feature","id":396,"geometry":{"type":"Point","coordinates":[-123.177221400481,41.9260809996326]},"properties":{"OBJECTID":396,"Mile":1668.5,"Mile_SoBo":986.6999999999998,"RouteID":"PCT"}},{"type":"Feature","id":397,"geometry":{"type":"Point","coordinates":[-123.132328976239,41.5312310949254]},"properties":{"OBJECTID":397,"Mile":1619,"Mile_SoBo":1036.1999999999998,"RouteID":"PCT"}},{"type":"Feature","id":398,"geometry":{"type":"Point","coordinates":[-123.157351000436,41.5441725999778]},"properties":{"OBJECTID":398,"Mile":1621,"Mile_SoBo":1034.1999999999998,"RouteID":"PCT"}},{"type":"Feature","id":399,"geometry":{"type":"Point","coordinates":[-123.224735499069,41.7876210999045]},"properties":{"OBJECTID":399,"Mile":1648.5,"Mile_SoBo":1006.6999999999998,"RouteID":"PCT"}},{"type":"Feature","id":400,"geometry":{"type":"Point","coordinates":[-123.070194399036,41.4850663999023]},"properties":{"OBJECTID":400,"Mile":1612,"Mile_SoBo":1043.1999999999998,"RouteID":"PCT"}},{"type":"Feature","id":401,"geometry":{"type":"Point","coordinates":[-122.734335699396,41.2356171004173]},"properties":{"OBJECTID":401,"Mile":1566,"Mile_SoBo":1089.1999999999998,"RouteID":"PCT"}},{"type":"Feature","id":402,"geometry":{"type":"Point","coordinates":[-122.065955506129,41.1144596652052]},"properties":{"OBJECTID":402,"Mile":1472.5,"Mile_SoBo":1182.6999999999998,"RouteID":"PCT"}},{"type":"Feature","id":403,"geometry":{"type":"Point","coordinates":[-122.093853880267,41.1140455818831]},"properties":{"OBJECTID":403,"Mile":1474.5,"Mile_SoBo":1180.6999999999998,"RouteID":"PCT"}},{"type":"Feature","id":404,"geometry":{"type":"Point","coordinates":[-122.574666399507,41.3268202008603]},"properties":{"OBJECTID":404,"Mile":1547.5,"Mile_SoBo":1107.6999999999998,"RouteID":"PCT"}},{"type":"Feature","id":407,"geometry":{"type":"Point","coordinates":[-122.726671700783,41.2464015994687]},"properties":{"OBJECTID":407,"Mile":1565,"Mile_SoBo":1090.1999999999998,"RouteID":"PCT"}},{"type":"Feature","id":408,"geometry":{"type":"Point","coordinates":[-122.504536617795,41.1988080997828]},"properties":{"OBJECTID":408,"Mile":1525.5,"Mile_SoBo":1129.6999999999998,"RouteID":"PCT"}},{"type":"Feature","id":409,"geometry":{"type":"Point","coordinates":[-122.11633475495,41.1080877002171]},"properties":{"OBJECTID":409,"Mile":1477,"Mile_SoBo":1178.1999999999998,"RouteID":"PCT"}},{"type":"Feature","id":411,"geometry":{"type":"Point","coordinates":[-123.254815985045,41.6756289207392]},"properties":{"OBJECTID":411,"Mile":1636,"Mile_SoBo":1019.1999999999998,"RouteID":"PCT"}},{"type":"Feature","id":412,"geometry":{"type":"Point","coordinates":[-122.089844809734,41.1142422272346]},"properties":{"OBJECTID":412,"Mile":1474,"Mile_SoBo":1181.1999999999998,"RouteID":"PCT"}},{"type":"Feature","id":413,"geometry":{"type":"Point","coordinates":[-123.186756900417,41.9196252996929]},"properties":{"OBJECTID":413,"Mile":1667.5,"Mile_SoBo":987.6999999999998,"RouteID":"PCT"}},{"type":"Feature","id":414,"geometry":{"type":"Point","coordinates":[-123.210063299192,41.8686764001158]},"properties":{"OBJECTID":414,"Mile":1662,"Mile_SoBo":993.1999999999998,"RouteID":"PCT"}},{"type":"Feature","id":415,"geometry":{"type":"Point","coordinates":[-122.865432070662,42.0343794271632]},"properties":{"OBJECTID":415,"Mile":1697.5,"Mile_SoBo":957.6999999999998,"RouteID":"PCT"}},{"type":"Feature","id":416,"geometry":{"type":"Point","coordinates":[-122.620888999427,42.0773630004778]},"properties":{"OBJECTID":416,"Mile":1718,"Mile_SoBo":937.1999999999998,"RouteID":"PCT"}},{"type":"Feature","id":417,"geometry":{"type":"Point","coordinates":[-123.109104699598,41.497515200045]},"properties":{"OBJECTID":417,"Mile":1615,"Mile_SoBo":1040.1999999999998,"RouteID":"PCT"}},{"type":"Feature","id":418,"geometry":{"type":"Point","coordinates":[-122.879178800079,41.2131038001985]},"properties":{"OBJECTID":418,"Mile":1578.5,"Mile_SoBo":1076.6999999999998,"RouteID":"PCT"}},{"type":"Feature","id":419,"geometry":{"type":"Point","coordinates":[-122.637142258141,41.3258353631251]},"properties":{"OBJECTID":419,"Mile":1552,"Mile_SoBo":1103.1999999999998,"RouteID":"PCT"}},{"type":"Feature","id":420,"geometry":{"type":"Point","coordinates":[-122.838381790527,42.0587815036151]},"properties":{"OBJECTID":420,"Mile":1700.5,"Mile_SoBo":954.6999999999998,"RouteID":"PCT"}},{"type":"Feature","id":421,"geometry":{"type":"Point","coordinates":[-121.771037076778,41.1366626599349]},"properties":{"OBJECTID":421,"Mile":1441.5,"Mile_SoBo":1213.6999999999998,"RouteID":"PCT"}},{"type":"Feature","id":422,"geometry":{"type":"Point","coordinates":[-122.768487499083,41.2295571999354]},"properties":{"OBJECTID":422,"Mile":1568.5,"Mile_SoBo":1086.6999999999998,"RouteID":"PCT"}},{"type":"Feature","id":423,"geometry":{"type":"Point","coordinates":[-121.775637721303,41.1259945212807]},"properties":{"OBJECTID":423,"Mile":1440.5,"Mile_SoBo":1214.6999999999998,"RouteID":"PCT"}},{"type":"Feature","id":424,"geometry":{"type":"Point","coordinates":[-122.500157324249,41.3016954501123]},"properties":{"OBJECTID":424,"Mile":1535.5,"Mile_SoBo":1119.6999999999998,"RouteID":"PCT"}},{"type":"Feature","id":425,"geometry":{"type":"Point","coordinates":[-122.840140799706,41.1983424000107]},"properties":{"OBJECTID":425,"Mile":1575.5,"Mile_SoBo":1079.6999999999998,"RouteID":"PCT"}},{"type":"Feature","id":426,"geometry":{"type":"Point","coordinates":[-122.67619359958,42.0688003000052]},"properties":{"OBJECTID":426,"Mile":1714,"Mile_SoBo":941.1999999999998,"RouteID":"PCT"}},{"type":"Feature","id":427,"geometry":{"type":"Point","coordinates":[-122.124708532963,41.114858206553]},"properties":{"OBJECTID":427,"Mile":1479,"Mile_SoBo":1176.1999999999998,"RouteID":"PCT"}},{"type":"Feature","id":428,"geometry":{"type":"Point","coordinates":[-122.898799899912,41.2199063003106]},"properties":{"OBJECTID":428,"Mile":1581,"Mile_SoBo":1074.1999999999998,"RouteID":"PCT"}},{"type":"Feature","id":429,"geometry":{"type":"Point","coordinates":[-122.961369300729,41.9395880999107]},"properties":{"OBJECTID":429,"Mile":1685,"Mile_SoBo":970.1999999999998,"RouteID":"PCT"}},{"type":"Feature","id":430,"geometry":{"type":"Point","coordinates":[-122.736536399696,41.2297639999826]},"properties":{"OBJECTID":430,"Mile":1566.5,"Mile_SoBo":1088.6999999999998,"RouteID":"PCT"}},{"type":"Feature","id":431,"geometry":{"type":"Point","coordinates":[-122.031101327144,41.1205990593377]},"properties":{"OBJECTID":431,"Mile":1469,"Mile_SoBo":1186.1999999999998,"RouteID":"PCT"}},{"type":"Feature","id":432,"geometry":{"type":"Point","coordinates":[-122.814598200088,41.2048942998787]},"properties":{"OBJECTID":432,"Mile":1573.5,"Mile_SoBo":1081.6999999999998,"RouteID":"PCT"}},{"type":"Feature","id":433,"geometry":{"type":"Point","coordinates":[-122.648366766008,41.2947226864096]},"properties":{"OBJECTID":433,"Mile":1555,"Mile_SoBo":1100.1999999999998,"RouteID":"PCT"}},{"type":"Feature","id":434,"geometry":{"type":"Point","coordinates":[-123.101343959604,41.9454940036899]},"properties":{"OBJECTID":434,"Mile":1675.5,"Mile_SoBo":979.6999999999998,"RouteID":"PCT"}},{"type":"Feature","id":435,"geometry":{"type":"Point","coordinates":[-122.856533900099,42.0359054998341]},"properties":{"OBJECTID":435,"Mile":1698,"Mile_SoBo":957.1999999999998,"RouteID":"PCT"}},{"type":"Feature","id":436,"geometry":{"type":"Point","coordinates":[-123.03318624764,41.4027536567445]},"properties":{"OBJECTID":436,"Mile":1603.5,"Mile_SoBo":1051.6999999999998,"RouteID":"PCT"}},{"type":"Feature","id":437,"geometry":{"type":"Point","coordinates":[-123.032707800065,41.4307801000096]},"properties":{"OBJECTID":437,"Mile":1606,"Mile_SoBo":1049.1999999999998,"RouteID":"PCT"}},{"type":"Feature","id":438,"geometry":{"type":"Point","coordinates":[-123.037439100779,41.4179036996982]},"properties":{"OBJECTID":438,"Mile":1605,"Mile_SoBo":1050.1999999999998,"RouteID":"PCT"}},{"type":"Feature","id":440,"geometry":{"type":"Point","coordinates":[-122.684945600147,42.0697639998415]},"properties":{"OBJECTID":440,"Mile":1713.5,"Mile_SoBo":941.6999999999998,"RouteID":"PCT"}},{"type":"Feature","id":442,"geometry":{"type":"Point","coordinates":[-122.592279599894,41.3220954124865]},"properties":{"OBJECTID":442,"Mile":1548.5,"Mile_SoBo":1106.6999999999998,"RouteID":"PCT"}},{"type":"Feature","id":443,"geometry":{"type":"Point","coordinates":[-122.979240408092,41.3849450495428]},"properties":{"OBJECTID":443,"Mile":1599.5,"Mile_SoBo":1055.6999999999998,"RouteID":"PCT"}},{"type":"Feature","id":444,"geometry":{"type":"Point","coordinates":[-122.51228910011,41.2405104999892]},"properties":{"OBJECTID":444,"Mile":1529.5,"Mile_SoBo":1125.6999999999998,"RouteID":"PCT"}},{"type":"Feature","id":445,"geometry":{"type":"Point","coordinates":[-122.857640700111,41.1978402003738]},"properties":{"OBJECTID":445,"Mile":1576.5,"Mile_SoBo":1078.6999999999998,"RouteID":"PCT"}},{"type":"Feature","id":446,"geometry":{"type":"Point","coordinates":[-122.969339599659,41.2980556998155]},"properties":{"OBJECTID":446,"Mile":1590,"Mile_SoBo":1065.1999999999998,"RouteID":"PCT"}},{"type":"Feature","id":447,"geometry":{"type":"Point","coordinates":[-122.513708811823,41.2284035782431]},"properties":{"OBJECTID":447,"Mile":1528.5,"Mile_SoBo":1126.6999999999998,"RouteID":"PCT"}},{"type":"Feature","id":448,"geometry":{"type":"Point","coordinates":[-123.017697299124,41.9483811998377]},"properties":{"OBJECTID":448,"Mile":1680.5,"Mile_SoBo":974.6999999999998,"RouteID":"PCT"}},{"type":"Feature","id":450,"geometry":{"type":"Point","coordinates":[-123.202144300982,41.5910206999754]},"properties":{"OBJECTID":450,"Mile":1628,"Mile_SoBo":1027.1999999999998,"RouteID":"PCT"}},{"type":"Feature","id":452,"geometry":{"type":"Point","coordinates":[-123.126349300574,41.5266137995212]},"properties":{"OBJECTID":452,"Mile":1618.5,"Mile_SoBo":1036.6999999999998,"RouteID":"PCT"}},{"type":"Feature","id":453,"geometry":{"type":"Point","coordinates":[-122.70991009931,42.0748993996563]},"properties":{"OBJECTID":453,"Mile":1711.5,"Mile_SoBo":943.6999999999998,"RouteID":"PCT"}},{"type":"Feature","id":454,"geometry":{"type":"Point","coordinates":[-121.783142273741,41.1124636151268]},"properties":{"OBJECTID":454,"Mile":1439,"Mile_SoBo":1216.1999999999998,"RouteID":"PCT"}},{"type":"Feature","id":455,"geometry":{"type":"Point","coordinates":[-123.150335699292,41.9341013996627]},"properties":{"OBJECTID":455,"Mile":1671,"Mile_SoBo":984.1999999999998,"RouteID":"PCT"}},{"type":"Feature","id":456,"geometry":{"type":"Point","coordinates":[-122.740385367163,42.0790525999699]},"properties":{"OBJECTID":456,"Mile":1709,"Mile_SoBo":946.1999999999998,"RouteID":"PCT"}},{"type":"Feature","id":457,"geometry":{"type":"Point","coordinates":[-122.911426074873,41.996888956241]},"properties":{"OBJECTID":457,"Mile":1692,"Mile_SoBo":963.1999999999998,"RouteID":"PCT"}},{"type":"Feature","id":458,"geometry":{"type":"Point","coordinates":[-122.202396889805,41.1374706483281]},"properties":{"OBJECTID":458,"Mile":1489,"Mile_SoBo":1166.1999999999998,"RouteID":"PCT"}},{"type":"Feature","id":459,"geometry":{"type":"Point","coordinates":[-122.374058600922,41.1819535001507]},"properties":{"OBJECTID":459,"Mile":1511,"Mile_SoBo":1144.1999999999998,"RouteID":"PCT"}},{"type":"Feature","id":460,"geometry":{"type":"Point","coordinates":[-122.197378900297,41.1390961680367]},"properties":{"OBJECTID":460,"Mile":1488.5,"Mile_SoBo":1166.6999999999998,"RouteID":"PCT"}},{"type":"Feature","id":461,"geometry":{"type":"Point","coordinates":[-122.379825299781,41.2131301005153]},"properties":{"OBJECTID":461,"Mile":1516,"Mile_SoBo":1139.1999999999998,"RouteID":"PCT"}},{"type":"Feature","id":462,"geometry":{"type":"Point","coordinates":[-122.542852517166,41.3445115089427]},"properties":{"OBJECTID":462,"Mile":1541,"Mile_SoBo":1114.1999999999998,"RouteID":"PCT"}},{"type":"Feature","id":463,"geometry":{"type":"Point","coordinates":[-122.233952354434,41.1502646336488]},"properties":{"OBJECTID":463,"Mile":1492,"Mile_SoBo":1163.1999999999998,"RouteID":"PCT"}},{"type":"Feature","id":464,"geometry":{"type":"Point","coordinates":[-122.727882399943,42.0799235000412]},"properties":{"OBJECTID":464,"Mile":1710,"Mile_SoBo":945.1999999999998,"RouteID":"PCT"}},{"type":"Feature","id":465,"geometry":{"type":"Point","coordinates":[-122.759564500393,41.2281553994944]},"properties":{"OBJECTID":465,"Mile":1568,"Mile_SoBo":1087.1999999999998,"RouteID":"PCT"}},{"type":"Feature","id":467,"geometry":{"type":"Point","coordinates":[-122.380357544416,41.188688596113]},"properties":{"OBJECTID":467,"Mile":1512.5,"Mile_SoBo":1142.6999999999998,"RouteID":"PCT"}},{"type":"Feature","id":468,"geometry":{"type":"Point","coordinates":[-122.544316000224,41.3504821001283]},"properties":{"OBJECTID":468,"Mile":1541.5,"Mile_SoBo":1113.6999999999998,"RouteID":"PCT"}},{"type":"Feature","id":470,"geometry":{"type":"Point","coordinates":[-123.038910100098,41.4520644000346]},"properties":{"OBJECTID":470,"Mile":1608,"Mile_SoBo":1047.1999999999998,"RouteID":"PCT"}},{"type":"Feature","id":471,"geometry":{"type":"Point","coordinates":[-121.834510919878,41.1744853560393]},"properties":{"OBJECTID":471,"Mile":1448.5,"Mile_SoBo":1206.6999999999998,"RouteID":"PCT"}},{"type":"Feature","id":472,"geometry":{"type":"Point","coordinates":[-122.776404082618,41.2162305880668]},"properties":{"OBJECTID":472,"Mile":1570,"Mile_SoBo":1085.1999999999998,"RouteID":"PCT"}},{"type":"Feature","id":473,"geometry":{"type":"Point","coordinates":[-122.587359844994,42.0594604773934]},"properties":{"OBJECTID":473,"Mile":1721.5,"Mile_SoBo":933.6999999999998,"RouteID":"PCT"}},{"type":"Feature","id":474,"geometry":{"type":"Point","coordinates":[-122.541789393212,42.038698930516]},"properties":{"OBJECTID":474,"Mile":1726.5,"Mile_SoBo":928.6999999999998,"RouteID":"PCT"}},{"type":"Feature","id":475,"geometry":{"type":"Point","coordinates":[-123.248931466414,41.6890026929311]},"properties":{"OBJECTID":475,"Mile":1637.5,"Mile_SoBo":1017.6999999999998,"RouteID":"PCT"}},{"type":"Feature","id":476,"geometry":{"type":"Point","coordinates":[-121.776183711982,41.1205418284962]},"properties":{"OBJECTID":476,"Mile":1440,"Mile_SoBo":1215.1999999999998,"RouteID":"PCT"}},{"type":"Feature","id":477,"geometry":{"type":"Point","coordinates":[-122.678995100226,41.2732305003243]},"properties":{"OBJECTID":477,"Mile":1559,"Mile_SoBo":1096.1999999999998,"RouteID":"PCT"}},{"type":"Feature","id":478,"geometry":{"type":"Point","coordinates":[-123.038460500394,41.4458490502742]},"properties":{"OBJECTID":478,"Mile":1607.5,"Mile_SoBo":1047.6999999999998,"RouteID":"PCT"}},{"type":"Feature","id":479,"geometry":{"type":"Point","coordinates":[-122.171740314826,41.1422284511334]},"properties":{"OBJECTID":479,"Mile":1486,"Mile_SoBo":1169.1999999999998,"RouteID":"PCT"}},{"type":"Feature","id":480,"geometry":{"type":"Point","coordinates":[-123.232380011599,41.6588821134722]},"properties":{"OBJECTID":480,"Mile":1634,"Mile_SoBo":1021.1999999999998,"RouteID":"PCT"}},{"type":"Feature","id":481,"geometry":{"type":"Point","coordinates":[-122.074039098745,41.1141952732792]},"properties":{"OBJECTID":481,"Mile":1473,"Mile_SoBo":1182.1999999999998,"RouteID":"PCT"}},{"type":"Feature","id":482,"geometry":{"type":"Point","coordinates":[-122.956659700212,41.257588100083]},"properties":{"OBJECTID":482,"Mile":1586.5,"Mile_SoBo":1068.6999999999998,"RouteID":"PCT"}},{"type":"Feature","id":484,"geometry":{"type":"Point","coordinates":[-123.077764100616,41.9543663998942]},"properties":{"OBJECTID":484,"Mile":1677,"Mile_SoBo":978.1999999999998,"RouteID":"PCT"}},{"type":"Feature","id":485,"geometry":{"type":"Point","coordinates":[-122.821202494478,42.0534917213211]},"properties":{"OBJECTID":485,"Mile":1702,"Mile_SoBo":953.1999999999998,"RouteID":"PCT"}},{"type":"Feature","id":486,"geometry":{"type":"Point","coordinates":[-122.62341939951,41.3276763002434]},"properties":{"OBJECTID":486,"Mile":1551,"Mile_SoBo":1104.1999999999998,"RouteID":"PCT"}},{"type":"Feature","id":487,"geometry":{"type":"Point","coordinates":[-122.972991800084,41.933461599854]},"properties":{"OBJECTID":487,"Mile":1684,"Mile_SoBo":971.1999999999998,"RouteID":"PCT"}},{"type":"Feature","id":488,"geometry":{"type":"Point","coordinates":[-122.60237899985,42.0618918003318]},"properties":{"OBJECTID":488,"Mile":1720,"Mile_SoBo":935.1999999999998,"RouteID":"PCT"}},{"type":"Feature","id":489,"geometry":{"type":"Point","coordinates":[-123.217283099635,41.6341760002495]},"properties":{"OBJECTID":489,"Mile":1632,"Mile_SoBo":1023.1999999999998,"RouteID":"PCT"}},{"type":"Feature","id":490,"geometry":{"type":"Point","coordinates":[-122.963879889955,41.3621452443993]},"properties":{"OBJECTID":490,"Mile":1597,"Mile_SoBo":1058.1999999999998,"RouteID":"PCT"}},{"type":"Feature","id":491,"geometry":{"type":"Point","coordinates":[-121.794972196223,41.1716359255073]},"properties":{"OBJECTID":491,"Mile":1445.5,"Mile_SoBo":1209.6999999999998,"RouteID":"PCT"}},{"type":"Feature","id":493,"geometry":{"type":"Point","coordinates":[-122.505762054933,41.2768626125859]},"properties":{"OBJECTID":493,"Mile":1532.5,"Mile_SoBo":1122.6999999999998,"RouteID":"PCT"}},{"type":"Feature","id":494,"geometry":{"type":"Point","coordinates":[-122.50306490037,41.2705077003304]},"properties":{"OBJECTID":494,"Mile":1532,"Mile_SoBo":1123.1999999999998,"RouteID":"PCT"}},{"type":"Feature","id":495,"geometry":{"type":"Point","coordinates":[-121.925880622672,41.1592563151284]},"properties":{"OBJECTID":495,"Mile":1456.5,"Mile_SoBo":1198.6999999999998,"RouteID":"PCT"}},{"type":"Feature","id":497,"geometry":{"type":"Point","coordinates":[-122.213111524135,41.1430311227581]},"properties":{"OBJECTID":497,"Mile":1490.5,"Mile_SoBo":1164.6999999999998,"RouteID":"PCT"}},{"type":"Feature","id":498,"geometry":{"type":"Point","coordinates":[-123.19957959994,41.9098922998485]},"properties":{"OBJECTID":498,"Mile":1666,"Mile_SoBo":989.1999999999998,"RouteID":"PCT"}},{"type":"Feature","id":499,"geometry":{"type":"Point","coordinates":[-122.44457627495,41.1887525669853]},"properties":{"OBJECTID":499,"Mile":1521.5,"Mile_SoBo":1133.6999999999998,"RouteID":"PCT"}},{"type":"Feature","id":500,"geometry":{"type":"Point","coordinates":[-122.342645500211,41.1613324007268]},"properties":{"OBJECTID":500,"Mile":1506.5,"Mile_SoBo":1148.6999999999998,"RouteID":"PCT"}},{"type":"Feature","id":501,"geometry":{"type":"Point","coordinates":[-121.875633407026,41.1746349519384]},"properties":{"OBJECTID":501,"Mile":1452,"Mile_SoBo":1203.1999999999998,"RouteID":"PCT"}},{"type":"Feature","id":503,"geometry":{"type":"Point","coordinates":[-122.645972600568,41.3015862999761]},"properties":{"OBJECTID":503,"Mile":1554.5,"Mile_SoBo":1100.6999999999998,"RouteID":"PCT"}},{"type":"Feature","id":504,"geometry":{"type":"Point","coordinates":[-123.237972581178,41.6633801052821]},"properties":{"OBJECTID":504,"Mile":1634.5,"Mile_SoBo":1020.6999999999998,"RouteID":"PCT"}},{"type":"Feature","id":505,"geometry":{"type":"Point","coordinates":[-122.864797999159,41.1975782245176]},"properties":{"OBJECTID":505,"Mile":1577,"Mile_SoBo":1078.1999999999998,"RouteID":"PCT"}},{"type":"Feature","id":506,"geometry":{"type":"Point","coordinates":[-123.051898200188,41.4645286001441]},"properties":{"OBJECTID":506,"Mile":1609.5,"Mile_SoBo":1045.6999999999998,"RouteID":"PCT"}},{"type":"Feature","id":508,"geometry":{"type":"Point","coordinates":[-122.182401941345,41.1356840013226]},"properties":{"OBJECTID":508,"Mile":1487,"Mile_SoBo":1168.1999999999998,"RouteID":"PCT"}},{"type":"Feature","id":509,"geometry":{"type":"Point","coordinates":[-123.070336700957,41.4755199000369]},"properties":{"OBJECTID":509,"Mile":1611,"Mile_SoBo":1044.1999999999998,"RouteID":"PCT"}},{"type":"Feature","id":510,"geometry":{"type":"Point","coordinates":[-122.282652715788,41.1634572038606]},"properties":{"OBJECTID":510,"Mile":1501,"Mile_SoBo":1154.1999999999998,"RouteID":"PCT"}},{"type":"Feature","id":511,"geometry":{"type":"Point","coordinates":[-122.564363500048,41.3457804002791]},"properties":{"OBJECTID":511,"Mile":1545,"Mile_SoBo":1110.1999999999998,"RouteID":"PCT"}},{"type":"Feature","id":512,"geometry":{"type":"Point","coordinates":[-123.227069100317,41.7754276002418]},"properties":{"OBJECTID":512,"Mile":1647.5,"Mile_SoBo":1007.6999999999998,"RouteID":"PCT"}},{"type":"Feature","id":513,"geometry":{"type":"Point","coordinates":[-122.912522600003,42.0050539000888]},"properties":{"OBJECTID":513,"Mile":1693,"Mile_SoBo":962.1999999999998,"RouteID":"PCT"}},{"type":"Feature","id":515,"geometry":{"type":"Point","coordinates":[-121.986661284248,41.1280247090844]},"properties":{"OBJECTID":515,"Mile":1463.5,"Mile_SoBo":1191.6999999999998,"RouteID":"PCT"}},{"type":"Feature","id":516,"geometry":{"type":"Point","coordinates":[-122.369136299426,41.1725020998245]},"properties":{"OBJECTID":516,"Mile":1510,"Mile_SoBo":1145.1999999999998,"RouteID":"PCT"}},{"type":"Feature","id":517,"geometry":{"type":"Point","coordinates":[-123.160037143446,41.9360435708049]},"properties":{"OBJECTID":517,"Mile":1670,"Mile_SoBo":985.1999999999998,"RouteID":"PCT"}},{"type":"Feature","id":518,"geometry":{"type":"Point","coordinates":[-122.608646501034,41.3253214000429]},"properties":{"OBJECTID":518,"Mile":1550,"Mile_SoBo":1105.1999999999998,"RouteID":"PCT"}},{"type":"Feature","id":519,"geometry":{"type":"Point","coordinates":[-122.041157783437,41.113718745905]},"properties":{"OBJECTID":519,"Mile":1470,"Mile_SoBo":1185.1999999999998,"RouteID":"PCT"}},{"type":"Feature","id":520,"geometry":{"type":"Point","coordinates":[-121.985058760828,41.1355931125783]},"properties":{"OBJECTID":520,"Mile":1462.5,"Mile_SoBo":1192.6999999999998,"RouteID":"PCT"}},{"type":"Feature","id":521,"geometry":{"type":"Point","coordinates":[-122.511558299869,41.2609008997516]},"properties":{"OBJECTID":521,"Mile":1531,"Mile_SoBo":1124.1999999999998,"RouteID":"PCT"}},{"type":"Feature","id":522,"geometry":{"type":"Point","coordinates":[-121.919469675839,41.1592823750714]},"properties":{"OBJECTID":522,"Mile":1456,"Mile_SoBo":1199.1999999999998,"RouteID":"PCT"}},{"type":"Feature","id":523,"geometry":{"type":"Point","coordinates":[-122.687837600598,41.2752968996122]},"properties":{"OBJECTID":523,"Mile":1560,"Mile_SoBo":1095.1999999999998,"RouteID":"PCT"}},{"type":"Feature","id":525,"geometry":{"type":"Point","coordinates":[-122.512688800183,41.335120900096]},"properties":{"OBJECTID":525,"Mile":1539,"Mile_SoBo":1116.1999999999998,"RouteID":"PCT"}},{"type":"Feature","id":526,"geometry":{"type":"Point","coordinates":[-122.972353599104,41.303802699787]},"properties":{"OBJECTID":526,"Mile":1590.5,"Mile_SoBo":1064.6999999999998,"RouteID":"PCT"}},{"type":"Feature","id":527,"geometry":{"type":"Point","coordinates":[-123.238844000607,41.7110008994138]},"properties":{"OBJECTID":527,"Mile":1641.5,"Mile_SoBo":1013.6999999999998,"RouteID":"PCT"}},{"type":"Feature","id":528,"geometry":{"type":"Point","coordinates":[-122.383190199374,41.2022274996496]},"properties":{"OBJECTID":528,"Mile":1515,"Mile_SoBo":1140.1999999999998,"RouteID":"PCT"}},{"type":"Feature","id":529,"geometry":{"type":"Point","coordinates":[-122.121978685125,41.1046051530599]},"properties":{"OBJECTID":529,"Mile":1477.5,"Mile_SoBo":1177.6999999999998,"RouteID":"PCT"}},{"type":"Feature","id":530,"geometry":{"type":"Point","coordinates":[-122.715437000387,41.2695384005225]},"properties":{"OBJECTID":530,"Mile":1563,"Mile_SoBo":1092.1999999999998,"RouteID":"PCT"}},{"type":"Feature","id":531,"geometry":{"type":"Point","coordinates":[-122.335806700212,41.1615645999912]},"properties":{"OBJECTID":531,"Mile":1506,"Mile_SoBo":1149.1999999999998,"RouteID":"PCT"}},{"type":"Feature","id":532,"geometry":{"type":"Point","coordinates":[-122.511628666973,41.2540508422344]},"properties":{"OBJECTID":532,"Mile":1530.5,"Mile_SoBo":1124.6999999999998,"RouteID":"PCT"}},{"type":"Feature","id":533,"geometry":{"type":"Point","coordinates":[-123.192723100193,41.8282648002299]},"properties":{"OBJECTID":533,"Mile":1654,"Mile_SoBo":1001.1999999999998,"RouteID":"PCT"}},{"type":"Feature","id":534,"geometry":{"type":"Point","coordinates":[-122.584359700365,42.0544515995752]},"properties":{"OBJECTID":534,"Mile":1722,"Mile_SoBo":933.1999999999998,"RouteID":"PCT"}},{"type":"Feature","id":535,"geometry":{"type":"Point","coordinates":[-122.189213648846,41.139787415628]},"properties":{"OBJECTID":535,"Mile":1488,"Mile_SoBo":1167.1999999999998,"RouteID":"PCT"}},{"type":"Feature","id":536,"geometry":{"type":"Point","coordinates":[-123.217416700747,41.6288150999824]},"properties":{"OBJECTID":536,"Mile":1631.5,"Mile_SoBo":1023.6999999999998,"RouteID":"PCT"}},{"type":"Feature","id":538,"geometry":{"type":"Point","coordinates":[-122.279329973684,41.1606295711219]},"properties":{"OBJECTID":538,"Mile":1499.5,"Mile_SoBo":1155.6999999999998,"RouteID":"PCT"}},{"type":"Feature","id":539,"geometry":{"type":"Point","coordinates":[-122.356923601045,41.1631118001329]},"properties":{"OBJECTID":539,"Mile":1508,"Mile_SoBo":1147.1999999999998,"RouteID":"PCT"}},{"type":"Feature","id":541,"geometry":{"type":"Point","coordinates":[-123.142054100938,41.5383136008112]},"properties":{"OBJECTID":541,"Mile":1620,"Mile_SoBo":1035.1999999999998,"RouteID":"PCT"}},{"type":"Feature","id":542,"geometry":{"type":"Point","coordinates":[-121.915783652587,41.1642296802738]},"properties":{"OBJECTID":542,"Mile":1455.5,"Mile_SoBo":1199.6999999999998,"RouteID":"PCT"}},{"type":"Feature","id":543,"geometry":{"type":"Point","coordinates":[-123.247008349376,41.6936165001582]},"properties":{"OBJECTID":543,"Mile":1638,"Mile_SoBo":1017.1999999999998,"RouteID":"PCT"}},{"type":"Feature","id":544,"geometry":{"type":"Point","coordinates":[-123.179705769083,41.8318513223998]},"properties":{"OBJECTID":544,"Mile":1655,"Mile_SoBo":1000.1999999999998,"RouteID":"PCT"}},{"type":"Feature","id":545,"geometry":{"type":"Point","coordinates":[-121.974047290323,41.1362212884619]},"properties":{"OBJECTID":545,"Mile":1461,"Mile_SoBo":1194.1999999999998,"RouteID":"PCT"}},{"type":"Feature","id":546,"geometry":{"type":"Point","coordinates":[-122.245124089295,41.1456391836579]},"properties":{"OBJECTID":546,"Mile":1493,"Mile_SoBo":1162.1999999999998,"RouteID":"PCT"}},{"type":"Feature","id":547,"geometry":{"type":"Point","coordinates":[-122.567574000058,42.0310698996645]},"properties":{"OBJECTID":547,"Mile":1724.5,"Mile_SoBo":930.6999999999998,"RouteID":"PCT"}},{"type":"Feature","id":549,"geometry":{"type":"Point","coordinates":[-121.773485471223,41.1308754733342]},"properties":{"OBJECTID":549,"Mile":1441,"Mile_SoBo":1214.1999999999998,"RouteID":"PCT"}},{"type":"Feature","id":550,"geometry":{"type":"Point","coordinates":[-122.964564500798,41.9336429801117]},"properties":{"OBJECTID":550,"Mile":1684.5,"Mile_SoBo":970.6999999999998,"RouteID":"PCT"}},{"type":"Feature","id":552,"geometry":{"type":"Point","coordinates":[-122.461490299434,41.1905204003038]},"properties":{"OBJECTID":552,"Mile":1522.5,"Mile_SoBo":1132.6999999999998,"RouteID":"PCT"}},{"type":"Feature","id":554,"geometry":{"type":"Point","coordinates":[-122.51027181766,41.2036036649527]},"properties":{"OBJECTID":554,"Mile":1526,"Mile_SoBo":1129.1999999999998,"RouteID":"PCT"}},{"type":"Feature","id":555,"geometry":{"type":"Point","coordinates":[-122.959318281046,41.2806287517026]},"properties":{"OBJECTID":555,"Mile":1588.5,"Mile_SoBo":1066.6999999999998,"RouteID":"PCT"}},{"type":"Feature","id":556,"geometry":{"type":"Point","coordinates":[-123.258004755807,41.682148698497]},"properties":{"OBJECTID":556,"Mile":1636.5,"Mile_SoBo":1018.6999999999998,"RouteID":"PCT"}},{"type":"Feature","id":557,"geometry":{"type":"Point","coordinates":[-123.07611109951,41.4871075002968]},"properties":{"OBJECTID":557,"Mile":1612.5,"Mile_SoBo":1042.6999999999998,"RouteID":"PCT"}},{"type":"Feature","id":559,"geometry":{"type":"Point","coordinates":[-122.371672600008,41.1764556996551]},"properties":{"OBJECTID":559,"Mile":1510.5,"Mile_SoBo":1144.6999999999998,"RouteID":"PCT"}},{"type":"Feature","id":560,"geometry":{"type":"Point","coordinates":[-122.726527500062,41.2599231997312]},"properties":{"OBJECTID":560,"Mile":1564,"Mile_SoBo":1091.1999999999998,"RouteID":"PCT"}},{"type":"Feature","id":561,"geometry":{"type":"Point","coordinates":[-122.430202500032,41.1927988002301]},"properties":{"OBJECTID":561,"Mile":1520.5,"Mile_SoBo":1134.6999999999998,"RouteID":"PCT"}},{"type":"Feature","id":562,"geometry":{"type":"Point","coordinates":[-122.24954461758,41.1457031363853]},"properties":{"OBJECTID":562,"Mile":1496,"Mile_SoBo":1159.1999999999998,"RouteID":"PCT"}},{"type":"Feature","id":563,"geometry":{"type":"Point","coordinates":[-122.881790100049,41.2099758999163]},"properties":{"OBJECTID":563,"Mile":1579,"Mile_SoBo":1076.1999999999998,"RouteID":"PCT"}},{"type":"Feature","id":564,"geometry":{"type":"Point","coordinates":[-123.219410500113,41.856240100677]},"properties":{"OBJECTID":564,"Mile":1660.5,"Mile_SoBo":994.6999999999998,"RouteID":"PCT"}},{"type":"Feature","id":565,"geometry":{"type":"Point","coordinates":[-122.918477700253,41.9830159003141]},"properties":{"OBJECTID":565,"Mile":1690,"Mile_SoBo":965.1999999999998,"RouteID":"PCT"}},{"type":"Feature","id":566,"geometry":{"type":"Point","coordinates":[-122.712737099814,41.2729683997962]},"properties":{"OBJECTID":566,"Mile":1562.5,"Mile_SoBo":1092.6999999999998,"RouteID":"PCT"}},{"type":"Feature","id":567,"geometry":{"type":"Point","coordinates":[-122.131841066939,41.1252206210911]},"properties":{"OBJECTID":567,"Mile":1480.5,"Mile_SoBo":1174.6999999999998,"RouteID":"PCT"}},{"type":"Feature","id":568,"geometry":{"type":"Point","coordinates":[-122.957637000838,41.3399926999344]},"properties":{"OBJECTID":568,"Mile":1594.5,"Mile_SoBo":1060.6999999999998,"RouteID":"PCT"}},{"type":"Feature","id":569,"geometry":{"type":"Point","coordinates":[-122.412590399995,41.2116157003861]},"properties":{"OBJECTID":569,"Mile":1518.5,"Mile_SoBo":1136.6999999999998,"RouteID":"PCT"}},{"type":"Feature","id":570,"geometry":{"type":"Point","coordinates":[-122.896334823987,42.0164759771097]},"properties":{"OBJECTID":570,"Mile":1694.5,"Mile_SoBo":960.6999999999998,"RouteID":"PCT"}},{"type":"Feature","id":571,"geometry":{"type":"Point","coordinates":[-122.062063676713,41.117751422468]},"properties":{"OBJECTID":571,"Mile":1472,"Mile_SoBo":1183.1999999999998,"RouteID":"PCT"}},{"type":"Feature","id":572,"geometry":{"type":"Point","coordinates":[-122.893126300056,42.0200130999329]},"properties":{"OBJECTID":572,"Mile":1695,"Mile_SoBo":960.1999999999998,"RouteID":"PCT"}},{"type":"Feature","id":573,"geometry":{"type":"Point","coordinates":[-123.218783107073,41.8035013935689]},"properties":{"OBJECTID":573,"Mile":1650,"Mile_SoBo":1005.1999999999998,"RouteID":"PCT"}},{"type":"Feature","id":574,"geometry":{"type":"Point","coordinates":[-122.716746500506,42.0738400000491]},"properties":{"OBJECTID":574,"Mile":1711,"Mile_SoBo":944.1999999999998,"RouteID":"PCT"}},{"type":"Feature","id":575,"geometry":{"type":"Point","coordinates":[-122.967047800652,41.3707088006676]},"properties":{"OBJECTID":575,"Mile":1598,"Mile_SoBo":1057.1999999999998,"RouteID":"PCT"}},{"type":"Feature","id":577,"geometry":{"type":"Point","coordinates":[-121.80208112968,41.1726438762382]},"properties":{"OBJECTID":577,"Mile":1446,"Mile_SoBo":1209.1999999999998,"RouteID":"PCT"}},{"type":"Feature","id":578,"geometry":{"type":"Point","coordinates":[-123.221993200304,41.7925418001226]},"properties":{"OBJECTID":578,"Mile":1649,"Mile_SoBo":1006.1999999999998,"RouteID":"PCT"}},{"type":"Feature","id":579,"geometry":{"type":"Point","coordinates":[-122.474052999703,42.1023735998458]},"properties":{"OBJECTID":579,"Mile":1734,"Mile_SoBo":921.1999999999998,"RouteID":"PCT"}},{"type":"Feature","id":580,"geometry":{"type":"Point","coordinates":[-122.161448364841,41.135512616086]},"properties":{"OBJECTID":580,"Mile":1485,"Mile_SoBo":1170.1999999999998,"RouteID":"PCT"}},{"type":"Feature","id":581,"geometry":{"type":"Point","coordinates":[-122.598831427231,42.0592286267712]},"properties":{"OBJECTID":581,"Mile":1720.5,"Mile_SoBo":934.6999999999998,"RouteID":"PCT"}},{"type":"Feature","id":582,"geometry":{"type":"Point","coordinates":[-122.977371199098,41.3083178004283]},"properties":{"OBJECTID":582,"Mile":1591,"Mile_SoBo":1064.1999999999998,"RouteID":"PCT"}},{"type":"Feature","id":583,"geometry":{"type":"Point","coordinates":[-122.809328699898,41.2016415999242]},"properties":{"OBJECTID":583,"Mile":1573,"Mile_SoBo":1082.1999999999998,"RouteID":"PCT"}},{"type":"Feature","id":584,"geometry":{"type":"Point","coordinates":[-122.59185299984,42.0590743001678]},"properties":{"OBJECTID":584,"Mile":1721,"Mile_SoBo":934.1999999999998,"RouteID":"PCT"}},{"type":"Feature","id":585,"geometry":{"type":"Point","coordinates":[-122.952616071838,41.2438470717914]},"properties":{"OBJECTID":585,"Mile":1585,"Mile_SoBo":1070.1999999999998,"RouteID":"PCT"}},{"type":"Feature","id":586,"geometry":{"type":"Point","coordinates":[-122.508215199749,41.3190935007819]},"properties":{"OBJECTID":586,"Mile":1537.5,"Mile_SoBo":1117.6999999999998,"RouteID":"PCT"}},{"type":"Feature","id":587,"geometry":{"type":"Point","coordinates":[-122.56688553976,41.3370691712318]},"properties":{"OBJECTID":587,"Mile":1546,"Mile_SoBo":1109.1999999999998,"RouteID":"PCT"}},{"type":"Feature","id":588,"geometry":{"type":"Point","coordinates":[-123.122704400396,41.5083154999341]},"properties":{"OBJECTID":588,"Mile":1616.5,"Mile_SoBo":1038.6999999999998,"RouteID":"PCT"}},{"type":"Feature","id":589,"geometry":{"type":"Point","coordinates":[-122.248521873726,41.1409762483419]},"properties":{"OBJECTID":589,"Mile":1493.5,"Mile_SoBo":1161.6999999999998,"RouteID":"PCT"}},{"type":"Feature","id":590,"geometry":{"type":"Point","coordinates":[-122.857367501995,42.0424964135848]},"properties":{"OBJECTID":590,"Mile":1698.5,"Mile_SoBo":956.6999999999998,"RouteID":"PCT"}},{"type":"Feature","id":592,"geometry":{"type":"Point","coordinates":[-122.692966700258,41.280790500045]},"properties":{"OBJECTID":592,"Mile":1560.5,"Mile_SoBo":1094.6999999999998,"RouteID":"PCT"}},{"type":"Feature","id":593,"geometry":{"type":"Point","coordinates":[-123.231027155072,41.7407345543488]},"properties":{"OBJECTID":593,"Mile":1644.5,"Mile_SoBo":1010.6999999999998,"RouteID":"PCT"}},{"type":"Feature","id":594,"geometry":{"type":"Point","coordinates":[-123.148089500298,41.9402280997985]},"properties":{"OBJECTID":594,"Mile":1671.5,"Mile_SoBo":983.6999999999998,"RouteID":"PCT"}},{"type":"Feature","id":595,"geometry":{"type":"Point","coordinates":[-123.153397599669,41.9324666000497]},"properties":{"OBJECTID":595,"Mile":1670.5,"Mile_SoBo":984.6999999999998,"RouteID":"PCT"}},{"type":"Feature","id":596,"geometry":{"type":"Point","coordinates":[-123.197438459599,41.9137109197079]},"properties":{"OBJECTID":596,"Mile":1666.5,"Mile_SoBo":988.6999999999998,"RouteID":"PCT"}},{"type":"Feature","id":598,"geometry":{"type":"Point","coordinates":[-122.029042128541,41.1254337835503]},"properties":{"OBJECTID":598,"Mile":1468.5,"Mile_SoBo":1186.6999999999998,"RouteID":"PCT"}},{"type":"Feature","id":601,"geometry":{"type":"Point","coordinates":[-122.671539299475,41.2767822999498]},"properties":{"OBJECTID":601,"Mile":1558.5,"Mile_SoBo":1096.6999999999998,"RouteID":"PCT"}},{"type":"Feature","id":603,"geometry":{"type":"Point","coordinates":[-122.29516470904,41.1610382970806]},"properties":{"OBJECTID":603,"Mile":1502,"Mile_SoBo":1153.1999999999998,"RouteID":"PCT"}},{"type":"Feature","id":604,"geometry":{"type":"Point","coordinates":[-122.241577152055,41.1482265105407]},"properties":{"OBJECTID":604,"Mile":1492.5,"Mile_SoBo":1162.6999999999998,"RouteID":"PCT"}},{"type":"Feature","id":605,"geometry":{"type":"Point","coordinates":[-122.57321870055,41.3462967994957]},"properties":{"OBJECTID":605,"Mile":1544.5,"Mile_SoBo":1110.6999999999998,"RouteID":"PCT"}},{"type":"Feature","id":606,"geometry":{"type":"Point","coordinates":[-121.848432632322,41.177136480737]},"properties":{"OBJECTID":606,"Mile":1450,"Mile_SoBo":1205.1999999999998,"RouteID":"PCT"}},{"type":"Feature","id":607,"geometry":{"type":"Point","coordinates":[-122.582021500135,42.0434854004195]},"properties":{"OBJECTID":607,"Mile":1723,"Mile_SoBo":932.1999999999998,"RouteID":"PCT"}},{"type":"Feature","id":608,"geometry":{"type":"Point","coordinates":[-122.650988399491,41.284404299245]},"properties":{"OBJECTID":608,"Mile":1556,"Mile_SoBo":1099.1999999999998,"RouteID":"PCT"}},{"type":"Feature","id":609,"geometry":{"type":"Point","coordinates":[-122.521266800046,41.2157692001469]},"properties":{"OBJECTID":609,"Mile":1527.5,"Mile_SoBo":1127.6999999999998,"RouteID":"PCT"}},{"type":"Feature","id":610,"geometry":{"type":"Point","coordinates":[-122.145652644826,41.1281240385384]},"properties":{"OBJECTID":610,"Mile":1482.5,"Mile_SoBo":1172.6999999999998,"RouteID":"PCT"}},{"type":"Feature","id":611,"geometry":{"type":"Point","coordinates":[-123.006620299754,41.9389279006354]},"properties":{"OBJECTID":611,"Mile":1681.5,"Mile_SoBo":973.6999999999998,"RouteID":"PCT"}},{"type":"Feature","id":612,"geometry":{"type":"Point","coordinates":[-122.368800099922,41.1667872994782]},"properties":{"OBJECTID":612,"Mile":1509.5,"Mile_SoBo":1145.6999999999998,"RouteID":"PCT"}},{"type":"Feature","id":615,"geometry":{"type":"Point","coordinates":[-123.236508698957,41.7296161006478]},"properties":{"OBJECTID":615,"Mile":1643.5,"Mile_SoBo":1011.6999999999998,"RouteID":"PCT"}},{"type":"Feature","id":616,"geometry":{"type":"Point","coordinates":[-122.669510599192,42.0659596999851]},"properties":{"OBJECTID":616,"Mile":1714.5,"Mile_SoBo":940.6999999999998,"RouteID":"PCT"}},{"type":"Feature","id":617,"geometry":{"type":"Point","coordinates":[-123.240851100441,41.7255502994619]},"properties":{"OBJECTID":617,"Mile":1643,"Mile_SoBo":1012.1999999999998,"RouteID":"PCT"}},{"type":"Feature","id":618,"geometry":{"type":"Point","coordinates":[-122.801541100763,41.1983325995951]},"properties":{"OBJECTID":618,"Mile":1572.5,"Mile_SoBo":1082.6999999999998,"RouteID":"PCT"}},{"type":"Feature","id":619,"geometry":{"type":"Point","coordinates":[-121.78809076283,41.1697606760237]},"properties":{"OBJECTID":619,"Mile":1445,"Mile_SoBo":1210.1999999999998,"RouteID":"PCT"}},{"type":"Feature","id":620,"geometry":{"type":"Point","coordinates":[-122.25417072929,41.1496584064482]},"properties":{"OBJECTID":620,"Mile":1496.5,"Mile_SoBo":1158.6999999999998,"RouteID":"PCT"}},{"type":"Feature","id":621,"geometry":{"type":"Point","coordinates":[-122.424223615723,41.202017169982]},"properties":{"OBJECTID":621,"Mile":1519.5,"Mile_SoBo":1135.6999999999998,"RouteID":"PCT"}},{"type":"Feature","id":622,"geometry":{"type":"Point","coordinates":[-122.988328300857,41.9319232999875]},"properties":{"OBJECTID":622,"Mile":1683,"Mile_SoBo":972.1999999999998,"RouteID":"PCT"}},{"type":"Feature","id":623,"geometry":{"type":"Point","coordinates":[-123.095819999211,41.4946699005222]},"properties":{"OBJECTID":623,"Mile":1614,"Mile_SoBo":1041.1999999999998,"RouteID":"PCT"}},{"type":"Feature","id":624,"geometry":{"type":"Point","coordinates":[-122.708977101006,41.2724792996099]},"properties":{"OBJECTID":624,"Mile":1562,"Mile_SoBo":1093.1999999999998,"RouteID":"PCT"}},{"type":"Feature","id":626,"geometry":{"type":"Point","coordinates":[-122.959786300627,41.9461983996669]},"properties":{"OBJECTID":626,"Mile":1685.5,"Mile_SoBo":969.6999999999998,"RouteID":"PCT"}},{"type":"Feature","id":627,"geometry":{"type":"Point","coordinates":[-122.643215900844,41.3061831004482]},"properties":{"OBJECTID":627,"Mile":1554,"Mile_SoBo":1101.1999999999998,"RouteID":"PCT"}},{"type":"Feature","id":628,"geometry":{"type":"Point","coordinates":[-122.352717065401,41.1612252811135]},"properties":{"OBJECTID":628,"Mile":1507.5,"Mile_SoBo":1147.6999999999998,"RouteID":"PCT"}},{"type":"Feature","id":630,"geometry":{"type":"Point","coordinates":[-123.245004900745,41.7004596001408]},"properties":{"OBJECTID":630,"Mile":1639.5,"Mile_SoBo":1015.6999999999998,"RouteID":"PCT"}},{"type":"Feature","id":634,"geometry":{"type":"Point","coordinates":[-122.730707429464,41.2409698584662]},"properties":{"OBJECTID":634,"Mile":1565.5,"Mile_SoBo":1089.6999999999998,"RouteID":"PCT"}},{"type":"Feature","id":635,"geometry":{"type":"Point","coordinates":[-122.791827699464,42.0584374003988]},"properties":{"OBJECTID":635,"Mile":1705,"Mile_SoBo":950.1999999999998,"RouteID":"PCT"}},{"type":"Feature","id":636,"geometry":{"type":"Point","coordinates":[-122.785041200023,41.2156289999755]},"properties":{"OBJECTID":636,"Mile":1570.5,"Mile_SoBo":1084.6999999999998,"RouteID":"PCT"}},{"type":"Feature","id":637,"geometry":{"type":"Point","coordinates":[-123.040082206873,41.4569347557734]},"properties":{"OBJECTID":637,"Mile":1608.5,"Mile_SoBo":1046.6999999999998,"RouteID":"PCT"}},{"type":"Feature","id":638,"geometry":{"type":"Point","coordinates":[-122.472270599965,42.0974283994548]},"properties":{"OBJECTID":638,"Mile":1733.5,"Mile_SoBo":921.6999999999998,"RouteID":"PCT"}},{"type":"Feature","id":639,"geometry":{"type":"Point","coordinates":[-122.284614739634,41.1590346615093]},"properties":{"OBJECTID":639,"Mile":1500.5,"Mile_SoBo":1154.6999999999998,"RouteID":"PCT"}},{"type":"Feature","id":641,"geometry":{"type":"Point","coordinates":[-122.481148500452,42.0800493994738]},"properties":{"OBJECTID":641,"Mile":1732,"Mile_SoBo":923.1999999999998,"RouteID":"PCT"}},{"type":"Feature","id":643,"geometry":{"type":"Point","coordinates":[-122.479981230399,41.1914384667246]},"properties":{"OBJECTID":643,"Mile":1523.5,"Mile_SoBo":1131.6999999999998,"RouteID":"PCT"}},{"type":"Feature","id":644,"geometry":{"type":"Point","coordinates":[-122.516190562965,41.2215552992039]},"properties":{"OBJECTID":644,"Mile":1528,"Mile_SoBo":1127.1999999999998,"RouteID":"PCT"}},{"type":"Feature","id":645,"geometry":{"type":"Point","coordinates":[-123.043545521606,41.9512987205956]},"properties":{"OBJECTID":645,"Mile":1679,"Mile_SoBo":976.1999999999998,"RouteID":"PCT"}},{"type":"Feature","id":646,"geometry":{"type":"Point","coordinates":[-122.149232685225,41.1287814582064]},"properties":{"OBJECTID":646,"Mile":1483,"Mile_SoBo":1172.1999999999998,"RouteID":"PCT"}},{"type":"Feature","id":648,"geometry":{"type":"Point","coordinates":[-122.690312899602,42.0726189995007]},"properties":{"OBJECTID":648,"Mile":1713,"Mile_SoBo":942.1999999999998,"RouteID":"PCT"}},{"type":"Feature","id":649,"geometry":{"type":"Point","coordinates":[-122.66161499905,41.2916446995982]},"properties":{"OBJECTID":649,"Mile":1557,"Mile_SoBo":1098.1999999999998,"RouteID":"PCT"}},{"type":"Feature","id":650,"geometry":{"type":"Point","coordinates":[-123.242502099981,41.7019417996766]},"properties":{"OBJECTID":650,"Mile":1640,"Mile_SoBo":1015.1999999999998,"RouteID":"PCT"}},{"type":"Feature","id":651,"geometry":{"type":"Point","coordinates":[-122.50474439967,41.2873360993445]},"properties":{"OBJECTID":651,"Mile":1533.5,"Mile_SoBo":1121.6999999999998,"RouteID":"PCT"}},{"type":"Feature","id":652,"geometry":{"type":"Point","coordinates":[-122.887420099983,42.0193296997876]},"properties":{"OBJECTID":652,"Mile":1695.5,"Mile_SoBo":959.6999999999998,"RouteID":"PCT"}},{"type":"Feature","id":653,"geometry":{"type":"Point","coordinates":[-122.003668088067,41.1278676109171]},"properties":{"OBJECTID":653,"Mile":1465,"Mile_SoBo":1190.1999999999998,"RouteID":"PCT"}},{"type":"Feature","id":655,"geometry":{"type":"Point","coordinates":[-123.226272780828,41.7458969764281]},"properties":{"OBJECTID":655,"Mile":1645,"Mile_SoBo":1010.1999999999998,"RouteID":"PCT"}},{"type":"Feature","id":656,"geometry":{"type":"Point","coordinates":[-121.895045443476,41.1746382046766]},"properties":{"OBJECTID":656,"Mile":1453.5,"Mile_SoBo":1201.6999999999998,"RouteID":"PCT"}},{"type":"Feature","id":660,"geometry":{"type":"Point","coordinates":[-123.128793799192,41.9402662005515]},"properties":{"OBJECTID":660,"Mile":1673.5,"Mile_SoBo":981.6999999999998,"RouteID":"PCT"}},{"type":"Feature","id":661,"geometry":{"type":"Point","coordinates":[-122.328417399952,41.1623612003742]},"properties":{"OBJECTID":661,"Mile":1505.5,"Mile_SoBo":1149.6999999999998,"RouteID":"PCT"}},{"type":"Feature","id":662,"geometry":{"type":"Point","coordinates":[-122.95277971732,41.3522189104472]},"properties":{"OBJECTID":662,"Mile":1596,"Mile_SoBo":1059.1999999999998,"RouteID":"PCT"}},{"type":"Feature","id":663,"geometry":{"type":"Point","coordinates":[-121.942546983175,41.159421169521]},"properties":{"OBJECTID":663,"Mile":1457.5,"Mile_SoBo":1197.6999999999998,"RouteID":"PCT"}},{"type":"Feature","id":665,"geometry":{"type":"Point","coordinates":[-122.250616123965,41.1410518590736]},"properties":{"OBJECTID":665,"Mile":1495.5,"Mile_SoBo":1159.6999999999998,"RouteID":"PCT"}},{"type":"Feature","id":666,"geometry":{"type":"Point","coordinates":[-123.248697400125,41.6982245999617]},"properties":{"OBJECTID":666,"Mile":1639,"Mile_SoBo":1016.1999999999998,"RouteID":"PCT"}},{"type":"Feature","id":669,"geometry":{"type":"Point","coordinates":[-123.202767300262,41.8916774003276]},"properties":{"OBJECTID":669,"Mile":1664.5,"Mile_SoBo":990.6999999999998,"RouteID":"PCT"}},{"type":"Feature","id":670,"geometry":{"type":"Point","coordinates":[-123.21495029939,41.8525619000985]},"properties":{"OBJECTID":670,"Mile":1659.5,"Mile_SoBo":995.6999999999998,"RouteID":"PCT"}},{"type":"Feature","id":671,"geometry":{"type":"Point","coordinates":[-122.755873700001,42.0697455001382]},"properties":{"OBJECTID":671,"Mile":1707.5,"Mile_SoBo":947.6999999999998,"RouteID":"PCT"}},{"type":"Feature","id":673,"geometry":{"type":"Point","coordinates":[-123.224942599129,41.7521072999929]},"properties":{"OBJECTID":673,"Mile":1645.5,"Mile_SoBo":1009.6999999999998,"RouteID":"PCT"}},{"type":"Feature","id":674,"geometry":{"type":"Point","coordinates":[-122.843143795183,42.0596294944736]},"properties":{"OBJECTID":674,"Mile":1700,"Mile_SoBo":955.1999999999998,"RouteID":"PCT"}},{"type":"Feature","id":675,"geometry":{"type":"Point","coordinates":[-123.114543101152,41.5020709004536]},"properties":{"OBJECTID":675,"Mile":1615.5,"Mile_SoBo":1039.6999999999998,"RouteID":"PCT"}},{"type":"Feature","id":676,"geometry":{"type":"Point","coordinates":[-123.19771059984,41.5525029001157]},"properties":{"OBJECTID":676,"Mile":1623.5,"Mile_SoBo":1031.6999999999998,"RouteID":"PCT"}},{"type":"Feature","id":677,"geometry":{"type":"Point","coordinates":[-123.184171200422,41.9234009996449]},"properties":{"OBJECTID":677,"Mile":1668,"Mile_SoBo":987.1999999999998,"RouteID":"PCT"}},{"type":"Feature","id":679,"geometry":{"type":"Point","coordinates":[-122.910239499677,41.2286642999547]},"properties":{"OBJECTID":679,"Mile":1582,"Mile_SoBo":1073.1999999999998,"RouteID":"PCT"}},{"type":"Feature","id":680,"geometry":{"type":"Point","coordinates":[-122.480060099806,42.1115409005561]},"properties":{"OBJECTID":680,"Mile":1735,"Mile_SoBo":920.1999999999998,"RouteID":"PCT"}},{"type":"Feature","id":681,"geometry":{"type":"Point","coordinates":[-123.009512199922,41.4056213001564]},"properties":{"OBJECTID":681,"Mile":1602,"Mile_SoBo":1053.1999999999998,"RouteID":"PCT"}},{"type":"Feature","id":682,"geometry":{"type":"Point","coordinates":[-123.212134054752,41.8184931595551]},"properties":{"OBJECTID":682,"Mile":1651.5,"Mile_SoBo":1003.6999999999998,"RouteID":"PCT"}},{"type":"Feature","id":683,"geometry":{"type":"Point","coordinates":[-122.898637599939,41.2141144996308]},"properties":{"OBJECTID":683,"Mile":1580.5,"Mile_SoBo":1074.6999999999998,"RouteID":"PCT"}},{"type":"Feature","id":684,"geometry":{"type":"Point","coordinates":[-121.797809986912,41.0961174874412]},"properties":{"OBJECTID":684,"Mile":1437,"Mile_SoBo":1218.1999999999998,"RouteID":"PCT"}},{"type":"Feature","id":685,"geometry":{"type":"Point","coordinates":[-122.297672923155,41.1592996004493]},"properties":{"OBJECTID":685,"Mile":1502.5,"Mile_SoBo":1152.6999999999998,"RouteID":"PCT"}},{"type":"Feature","id":687,"geometry":{"type":"Point","coordinates":[-122.126592322796,41.1166670531671]},"properties":{"OBJECTID":687,"Mile":1479.5,"Mile_SoBo":1175.6999999999998,"RouteID":"PCT"}},{"type":"Feature","id":688,"geometry":{"type":"Point","coordinates":[-122.379167999453,41.2081271997712]},"properties":{"OBJECTID":688,"Mile":1515.5,"Mile_SoBo":1139.6999999999998,"RouteID":"PCT"}},{"type":"Feature","id":689,"geometry":{"type":"Point","coordinates":[-122.954706100737,41.2749570997603]},"properties":{"OBJECTID":689,"Mile":1588,"Mile_SoBo":1067.1999999999998,"RouteID":"PCT"}},{"type":"Feature","id":690,"geometry":{"type":"Point","coordinates":[-122.630861400245,41.3310111005956]},"properties":{"OBJECTID":690,"Mile":1551.5,"Mile_SoBo":1103.6999999999998,"RouteID":"PCT"}},{"type":"Feature","id":691,"geometry":{"type":"Point","coordinates":[-122.926967699727,41.9715948003207]},"properties":{"OBJECTID":691,"Mile":1689,"Mile_SoBo":966.1999999999998,"RouteID":"PCT"}},{"type":"Feature","id":692,"geometry":{"type":"Point","coordinates":[-121.775412385888,41.1148696204633]},"properties":{"OBJECTID":692,"Mile":1439.5,"Mile_SoBo":1215.6999999999998,"RouteID":"PCT"}},{"type":"Feature","id":693,"geometry":{"type":"Point","coordinates":[-122.777196499268,41.2205838005359]},"properties":{"OBJECTID":693,"Mile":1569.5,"Mile_SoBo":1085.6999999999998,"RouteID":"PCT"}},{"type":"Feature","id":694,"geometry":{"type":"Point","coordinates":[-121.773995074502,41.1421502240432]},"properties":{"OBJECTID":694,"Mile":1442,"Mile_SoBo":1213.1999999999998,"RouteID":"PCT"}},{"type":"Feature","id":695,"geometry":{"type":"Point","coordinates":[-121.843370822367,41.1786851601889]},"properties":{"OBJECTID":695,"Mile":1449.5,"Mile_SoBo":1205.6999999999998,"RouteID":"PCT"}},{"type":"Feature","id":696,"geometry":{"type":"Point","coordinates":[-122.510524100519,41.2823722999188]},"properties":{"OBJECTID":696,"Mile":1533,"Mile_SoBo":1122.1999999999998,"RouteID":"PCT"}},{"type":"Feature","id":697,"geometry":{"type":"Point","coordinates":[-122.325412399796,41.1578748006008]},"properties":{"OBJECTID":697,"Mile":1505,"Mile_SoBo":1150.1999999999998,"RouteID":"PCT"}},{"type":"Feature","id":698,"geometry":{"type":"Point","coordinates":[-122.795591899056,42.053480300144]},"properties":{"OBJECTID":698,"Mile":1704.5,"Mile_SoBo":950.6999999999998,"RouteID":"PCT"}},{"type":"Feature","id":701,"geometry":{"type":"Point","coordinates":[-122.177816655036,41.1376091789447]},"properties":{"OBJECTID":701,"Mile":1486.5,"Mile_SoBo":1168.6999999999998,"RouteID":"PCT"}},{"type":"Feature","id":702,"geometry":{"type":"Point","coordinates":[-123.005448581361,41.9322284686541]},"properties":{"OBJECTID":702,"Mile":1682,"Mile_SoBo":973.1999999999998,"RouteID":"PCT"}},{"type":"Feature","id":703,"geometry":{"type":"Point","coordinates":[-122.60399989993,42.0684506001959]},"properties":{"OBJECTID":703,"Mile":1719.5,"Mile_SoBo":935.6999999999998,"RouteID":"PCT"}},{"type":"Feature","id":704,"geometry":{"type":"Point","coordinates":[-122.644360699904,41.3214148999136]},"properties":{"OBJECTID":704,"Mile":1552.5,"Mile_SoBo":1102.6999999999998,"RouteID":"PCT"}},{"type":"Feature","id":705,"geometry":{"type":"Point","coordinates":[-122.668244496447,41.287197641326]},"properties":{"OBJECTID":705,"Mile":1557.5,"Mile_SoBo":1097.6999999999998,"RouteID":"PCT"}},{"type":"Feature","id":706,"geometry":{"type":"Point","coordinates":[-122.70404278936,42.0787539966321]},"properties":{"OBJECTID":706,"Mile":1712,"Mile_SoBo":943.1999999999998,"RouteID":"PCT"}},{"type":"Feature","id":707,"geometry":{"type":"Point","coordinates":[-122.750658532721,42.0752959323208]},"properties":{"OBJECTID":707,"Mile":1708,"Mile_SoBo":947.1999999999998,"RouteID":"PCT"}},{"type":"Feature","id":708,"geometry":{"type":"Point","coordinates":[-122.364119299755,41.164439299351]},"properties":{"OBJECTID":708,"Mile":1509,"Mile_SoBo":1146.1999999999998,"RouteID":"PCT"}},{"type":"Feature","id":709,"geometry":{"type":"Point","coordinates":[-122.383278500435,41.1980935002627]},"properties":{"OBJECTID":709,"Mile":1514.5,"Mile_SoBo":1140.6999999999998,"RouteID":"PCT"}},{"type":"Feature","id":711,"geometry":{"type":"Point","coordinates":[-121.798626081487,41.0850564580774]},"properties":{"OBJECTID":711,"Mile":1436,"Mile_SoBo":1219.1999999999998,"RouteID":"PCT"}},{"type":"Feature","id":712,"geometry":{"type":"Point","coordinates":[-122.497872000612,41.2949039998137]},"properties":{"OBJECTID":712,"Mile":1535,"Mile_SoBo":1120.1999999999998,"RouteID":"PCT"}},{"type":"Feature","id":713,"geometry":{"type":"Point","coordinates":[-122.892804987405,41.2094526421068]},"properties":{"OBJECTID":713,"Mile":1580,"Mile_SoBo":1075.1999999999998,"RouteID":"PCT"}},{"type":"Feature","id":715,"geometry":{"type":"Point","coordinates":[-121.774604273662,41.1476202648489]},"properties":{"OBJECTID":715,"Mile":1442.5,"Mile_SoBo":1212.6999999999998,"RouteID":"PCT"}},{"type":"Feature","id":716,"geometry":{"type":"Point","coordinates":[-122.90401760064,41.2239714998117]},"properties":{"OBJECTID":716,"Mile":1581.5,"Mile_SoBo":1073.6999999999998,"RouteID":"PCT"}},{"type":"Feature","id":717,"geometry":{"type":"Point","coordinates":[-123.140903800383,41.9421423002516]},"properties":{"OBJECTID":717,"Mile":1672,"Mile_SoBo":983.1999999999998,"RouteID":"PCT"}},{"type":"Feature","id":718,"geometry":{"type":"Point","coordinates":[-122.911966599893,41.9927997995472]},"properties":{"OBJECTID":718,"Mile":1691.5,"Mile_SoBo":963.6999999999998,"RouteID":"PCT"}},{"type":"Feature","id":719,"geometry":{"type":"Point","coordinates":[-122.27354841035,41.1557736596122]},"properties":{"OBJECTID":719,"Mile":1498.5,"Mile_SoBo":1156.6999999999998,"RouteID":"PCT"}},{"type":"Feature","id":720,"geometry":{"type":"Point","coordinates":[-122.698416300231,42.0737536999765]},"properties":{"OBJECTID":720,"Mile":1712.5,"Mile_SoBo":942.6999999999998,"RouteID":"PCT"}},{"type":"Feature","id":721,"geometry":{"type":"Point","coordinates":[-122.967386514275,41.3269896612874]},"properties":{"OBJECTID":721,"Mile":1593,"Mile_SoBo":1062.1999999999998,"RouteID":"PCT"}},{"type":"Feature","id":722,"geometry":{"type":"Point","coordinates":[-123.24331009938,41.6677642003851]},"properties":{"OBJECTID":722,"Mile":1635,"Mile_SoBo":1020.1999999999998,"RouteID":"PCT"}},{"type":"Feature","id":723,"geometry":{"type":"Point","coordinates":[-122.792689199805,42.0487558999246]},"properties":{"OBJECTID":723,"Mile":1704,"Mile_SoBo":951.1999999999998,"RouteID":"PCT"}},{"type":"Feature","id":724,"geometry":{"type":"Point","coordinates":[-122.878654700672,42.0213109357107]},"properties":{"OBJECTID":724,"Mile":1696,"Mile_SoBo":959.1999999999998,"RouteID":"PCT"}}]}