{"type":"FeatureCollection","features":[{"type":"Feature","id":46186,"geometry":{"type":"LineString","coordinates":[[-121.5988909995798,42.01799600017442],[-121.59877199975412,42.01804199998085],[-121.59841799975179,42.018179999867904],[-121.59829999975099,42.018226999954535],[-121.59714200038287,42.018675999726824],[-121.59700500011553,42.018677000132996],[-121.59503699973718,42.01869599983912],[-121.59287000006549,42.018690999811625],[-121.59265699963015,42.018690999811625],[-121.59167099979113,42.01807100003031],[-121.5914840001934,42.0180680001179],[-121.59092599997655,42.01806899986623],[-121.59074000020372,42.018057000215194]]},"properties":{"OBJECTID":46186,"NAME":"Union Pacific RR","BASENAME":"Union Pacific","MTFCC":"R1011"}},{"type":"Feature","id":46187,"geometry":{"type":"LineString","coordinates":[[-121.5988909995798,42.01799600017442],[-121.59726000038364,42.01800799983697],[-121.59236999957497,42.01804400014577],[-121.59074000020372,42.018057000215194]]},"properties":{"OBJECTID":46187,"NAME":"Union Pacific RR","BASENAME":"Union Pacific","MTFCC":"R1011"}},{"type":"Feature","id":46190,"geometry":{"type":"LineString","coordinates":[[-121.88893600041402,42.009426999683406],[-121.88988799991783,42.011993999751205],[-121.89032099956289,42.013961999756354],[-121.89026399966149,42.015816000327646],[-121.89020799958499,42.01596299974197],[-121.88941000006695,42.01810599988831],[-121.88717700027303,42.02069500028526],[-121.88386900005334,42.02394900026417],[-121.8803170003345,42.027043000181386],[-121.87900000005938,42.02837200018846],[-121.87771499957134,42.03020500030361],[-121.87722400019996,42.03122499989617],[-121.87456799990845,42.036754000179826],[-121.87421700027916,42.03727899988346]]},"properties":{"OBJECTID":46190,"NAME":"Union Pacific RR","BASENAME":"Union Pacific","MTFCC":"R1011"}},{"type":"Feature","id":46191,"geometry":{"type":"LineString","coordinates":[[-121.88893600041402,42.009426999683406],[-121.88936300021129,42.00994399979573],[-121.88971700021361,42.010373999792016],[-121.89072700034207,42.01107399991718],[-121.89090300006916,42.01121999975616],[-121.89142100010302,42.01164800010519],[-121.89469900018547,42.01642299966849],[-121.89485399999616,42.01664900030254],[-121.89659700024363,42.01918800008727],[-121.89774600028925,42.020276999893106],[-121.89831700002655,42.02063899998021],[-121.8998819999988,42.02163199987253],[-121.90139900029043,42.022741999715066],[-121.90242699996224,42.02410400012858],[-121.90274099978161,42.02467200029856],[-121.90286100033052,42.02517099981222],[-121.90293300030054,42.02546799999181],[-121.90251999984866,42.02715099971435],[-121.90131800009958,42.03003300010458],[-121.90128299993947,42.03011999982115],[-121.90097499996793,42.030857000075265],[-121.89909000032856,42.03538000018006],[-121.89863099984593,42.03639000018789],[-121.89860400008173,42.03645200005521],[-121.89833600029313,42.036871000306355],[-121.89768000016703,42.03789700029803],[-121.89647300039508,42.038864999966215],[-121.89645800032646,42.03887799978147],[-121.89551500014515,42.03942499970778],[-121.89441200013032,42.0397189997815],[-121.89317100002317,42.039889000310886],[-121.89236900030717,42.03981400017263],[-121.89153400008092,42.039735999721486],[-121.89026100018675,42.039401999871586],[-121.88327700039963,42.0368269996853],[-121.88284100038153,42.03666700020272],[-121.88126499964035,42.03630799968937],[-121.88020500018149,42.03595399982157],[-121.87950300002463,42.03585999980051],[-121.87882400033229,42.03577000018951],[-121.87738800023149,42.035824999707486],[-121.87705199977252,42.03583900028076],[-121.8766989995951,42.03595399982157],[-121.87615499962196,42.03612899973877],[-121.87561099964884,42.036306000099],[-121.87465099974911,42.036864000133775],[-121.8746290000078,42.03688399986231],[-121.87421700027916,42.03727899988346]]},"properties":{"OBJECTID":46191,"NAME":"Union Pacific RR","BASENAME":"Union Pacific","MTFCC":"R1011"}},{"type":"Feature","id":46192,"geometry":{"type":"LineString","coordinates":[[-121.8913270003917,42.00325899969064],[-121.89082199987828,42.00341499989767],[-121.89066700006762,42.00346000025859],[-121.88954999980903,42.00408999996704],[-121.8892879998682,42.00423899971175],[-121.88852399978707,42.00552100030136],[-121.88846600006073,42.00602900001188],[-121.88837399999922,42.00682500011499],[-121.88853600038094,42.00769700025814],[-121.88859699958199,42.00802800010932],[-121.88877700040536,42.00899799985135],[-121.88893600041402,42.009426999683406]]},"properties":{"OBJECTID":46192,"NAME":"Union Pacific RR","BASENAME":"Union Pacific","MTFCC":"R1011"}},{"type":"Feature","id":49850,"geometry":{"type":"LineString","coordinates":[[-122.35995599993389,41.06480999968695],[-122.35946600038744,41.06553399968341],[-122.35823399960282,41.06753899977685],[-122.35744799978036,41.06851700031898],[-122.35687000037038,41.069203000056035],[-122.35614700029709,41.07007100001172],[-122.35585000019617,41.0704300003052],[-122.35563199973798,41.07064600025229],[-122.35512200010004,41.071489999725685],[-122.35497800015997,41.07201399991711],[-122.3549589998934,41.07253199982172],[-122.35500300027432,41.07300699991486],[-122.3550280003887,41.07354000032867],[-122.35511000040447,41.0742160002204],[-122.35507799971911,41.07479700006845],[-122.35493999962682,41.075536999765404],[-122.35478300016631,41.076131000019814],[-122.3546629996174,41.076403999872085],[-122.35453799994391,41.076601000231946],[-122.35418599959142,41.076849999694296],[-122.35378999975629,41.07708499968151],[-122.35336200013415,41.0772680001847],[-122.35294700003243,41.077497999813325],[-122.35252600008296,41.077972999914344]]},"properties":{"OBJECTID":49850,"NAME":"Union Pacific RR","BASENAME":"Union Pacific","MTFCC":"R1011"}},{"type":"Feature","id":49851,"geometry":{"type":"LineString","coordinates":[[-122.35995599993389,41.06480999968695],[-122.35939699989214,41.06578400010584],[-122.35824600019671,41.06763000000753],[-122.35807700014232,41.06784599967138],[-122.35766700006349,41.06834800023172],[-122.35644100002496,41.0698210003115],[-122.35585600004396,41.07048600008375],[-122.35564299960863,41.070715999738006],[-122.35526600004007,41.07134000027713],[-122.3550910001379,41.07187699968866],[-122.35504099990919,41.07227099986217],[-122.35506199982557,41.07276999974565],[-122.35509000031298,41.07331700006385],[-122.35516499975773,41.0738740002063],[-122.35517300015366,41.07464700003876],[-122.3550149999699,41.07551499990371],[-122.35488600009847,41.07608199968324],[-122.35475399985398,41.07637400008515],[-122.35466699981535,41.07655699985905],[-122.3544519997302,41.07675300024709],[-122.35407599998658,41.077027999920276],[-122.35315999956946,41.07745400004086],[-122.35252600008296,41.077972999914344]]},"properties":{"OBJECTID":49851,"NAME":"Union Pacific RR","BASENAME":"Union Pacific","MTFCC":"R1011"}},{"type":"Feature","id":49858,"geometry":{"type":"LineString","coordinates":[[-122.29481500038094,41.16082600003922],[-122.29493500003151,41.16109999978751],[-122.2951290002003,41.16181899987044],[-122.29567999984613,41.16366400001877],[-122.29662600040047,41.16662399991642],[-122.29681800002108,41.16731099975426],[-122.296862000402,41.16765599991492],[-122.29683700028767,41.16811600023373],[-122.2968249996938,41.168902999809966],[-122.29690599988464,41.169704999958846],[-122.29684999980813,41.17003100006971],[-122.29672500013466,41.170241999841004],[-122.29632900029955,41.17089899972803],[-122.2953550001561,41.172314000143274],[-122.29514099989585,41.172783999667445],[-122.29495199974997,41.17383000023647],[-122.29483899977207,41.17415700016612],[-122.29457000015854,41.174496999844706],[-122.29419299969167,41.174822999776545],[-122.29372800025959,41.17509200027621],[-122.29318099991342,41.17527500015061],[-122.29228799996083,41.17542799967542]]},"properties":{"OBJECTID":49858,"NAME":"Union Pacific RR","BASENAME":"Union Pacific","MTFCC":"R1011"}},{"type":"Feature","id":49859,"geometry":{"type":"LineString","coordinates":[[-122.29481500038094,41.16082600003922],[-122.29490300024449,41.161286999866384],[-122.29560200002831,41.16368199990953],[-122.29643499970645,41.166210000153455],[-122.29673000015752,41.16720099989934],[-122.296778999663,41.16772499999953],[-122.29672000011179,41.168498999674505],[-122.29679100025689,41.169335999962925],[-122.29681499964802,41.169840000097835],[-122.29675100007394,41.17009499975166],[-122.29642899985866,41.17059800002015],[-122.29601499958186,41.17127900017226],[-122.294919000138,41.17285299976119],[-122.29388100042047,41.17427200012563],[-122.29335800036375,41.17476200013048],[-122.29228799996083,41.17542799967542]]},"properties":{"OBJECTID":49859,"NAME":"Union Pacific RR","BASENAME":"Union Pacific","MTFCC":"R1011"}},{"type":"Feature","id":64331,"geometry":{"type":"LineString","coordinates":[[-121.47068099971099,41.9537019996876],[-121.46684600013495,41.95021599997246],[-121.46639500004824,41.9498219999135],[-121.46348299966365,41.947331999910354],[-121.46215899971585,41.946127000262734],[-121.46160499969699,41.94562999997516],[-121.45896199982425,41.94324599972932]]},"properties":{"OBJECTID":64331,"NAME":"Union Pacific RR","BASENAME":"Union Pacific","MTFCC":"R1011"}},{"type":"Feature","id":65084,"geometry":{"type":"LineString","coordinates":[[-121.47068099971099,41.9537019996876],[-121.47075100003119,41.953370999913254],[-121.47063800005331,41.952947000226054],[-121.4705600002355,41.952720999832884],[-121.47050699963373,41.9525779997407],[-121.47045300010535,41.952470999989764],[-121.47036400041692,41.95234499992168],[-121.47000600021663,41.951994000088874],[-121.4699059997592,41.95190199982059]]},"properties":{"OBJECTID":65084,"NAME":"Union Pacific RR","BASENAME":"Union Pacific","MTFCC":"R1011"}},{"type":"Feature","id":65085,"geometry":{"type":"LineString","coordinates":[[-122.55766400006183,41.91245799976968],[-122.5570199996313,41.91173000015461],[-122.55667700039793,41.91139199982681],[-122.55569499985856,41.91038799982605],[-122.55451900004878,41.90922599993461],[-122.55415599982561,41.90885699981885],[-122.55256699956391,41.90718499989641],[-122.55177300024386,41.90634600006477],[-122.55098099967532,41.90549499976217]]},"properties":{"OBJECTID":65085,"NAME":"Central Oregon & Pacific RR","BASENAME":"Central Oregon & Pacific","MTFCC":"R1011"}},{"type":"Feature","id":65086,"geometry":{"type":"LineString","coordinates":[[-122.55766400006183,41.91245799976968],[-122.55716100009658,41.91200800011518],[-122.55701200013368,41.911865000303514],[-122.55688699956191,41.91178700008887],[-122.55668700044366,41.91157000030166],[-122.55655900039716,41.91143600028331],[-122.55623899983168,41.91116599989086],[-122.55604300001312,41.91099899998016],[-122.55561100019298,41.91059899969461],[-122.5555140001086,41.91048500032746],[-122.5552239996804,41.91020799985582],[-122.554986000029,41.910043999767865],[-122.55471800024038,41.90982700007191],[-122.55448300006377,41.90957400018205],[-122.55400199983983,41.909097999742926],[-122.55360400035488,41.90867499995281],[-122.55290300002291,41.907960999941736],[-122.55257300031005,41.90761300026092],[-122.55216700042918,41.907106999980144],[-122.55177999991656,41.90659600022836],[-122.55143299958694,41.90615500021341],[-122.55098099967532,41.90549499976217]]},"properties":{"OBJECTID":65086,"NAME":"Central Oregon & Pacific RR","BASENAME":"Central Oregon & Pacific","MTFCC":"R1011"}},{"type":"Feature","id":71761,"geometry":{"type":"LineString","coordinates":[[-121.51950999956777,41.99767099980634],[-121.51988000036195,41.997975000021015]]},"properties":{"OBJECTID":71761,"NAME":"Union Pacific RR","BASENAME":"Union Pacific","MTFCC":"R1011"}},{"type":"Feature","id":71762,"geometry":{"type":"LineString","coordinates":[[-121.94938000040045,41.915023000057204],[-121.95360300031405,41.908905999976945],[-121.95578400022943,41.90574799977216],[-121.95836000015501,41.9020179998277],[-121.95905399991595,41.90091200006407]]},"properties":{"OBJECTID":71762,"NAME":"Union Pacific RR","BASENAME":"Union Pacific","MTFCC":"R1011"}},{"type":"Feature","id":71763,"geometry":{"type":"LineString","coordinates":[[-121.59074000020372,42.018057000215194],[-121.58938500029379,42.018060999876695],[-121.58532100038886,42.01807399994264],[-121.58413200016027,42.018078000270414],[-121.58404900031961,42.018078000270414],[-121.58396700030383,42.01807900001864],[-121.58387600006722,42.01807900001864],[-121.58378599965556,42.01807900001864],[-121.58149599996024,42.01807399994264],[-121.5740870000257,42.018060999876695],[-121.57180200035324,42.018057000215194],[-121.57161700040533,42.018057000215194],[-121.57082499983674,42.01806399978944],[-121.57002399994566,42.018070000282],[-121.56524399964019,42.01810899979899],[-121.56365199990377,42.018123000270066],[-121.56310299990778,42.0181290000896],[-121.56145599991977,42.01814700021231],[-121.56090699992379,42.01815300002965],[-121.55503100017444,42.01816399991569],[-121.55133899981519,42.01818200002849],[-121.5490959999755,42.018195000069746],[-121.54664700027153,42.01814400030349],[-121.54596600003107,42.01811699978254],[-121.54490300019917,42.01795999983839],[-121.54401299972132,42.017782999780884],[-121.54303100008028,42.01749699974411],[-121.54239599987054,42.01726699974284],[-121.54119699959622,42.016743000034445],[-121.54060099974454,42.01640600016713],[-121.53958099957036,42.01569699991728],[-121.53752199985371,42.01385300003109],[-121.53457500020737,42.01121899990015],[-121.53106299977318,42.00806099967536],[-121.53059199959498,42.007642999679426],[-121.53046400044677,42.00751500010227],[-121.5301770003916,42.007244000064226],[-121.5281150003019,42.005402999935235],[-121.5261159999614,42.00362099985037],[-121.52283000038133,42.00066000025592],[-121.52227899983721,42.00016500012272]]},"properties":{"OBJECTID":71763,"NAME":"Union Pacific RR","BASENAME":"Union Pacific","MTFCC":"R1011"}},{"type":"Feature","id":71764,"geometry":{"type":"LineString","coordinates":[[-122.33219800016242,41.10648600003493],[-122.33148699978472,41.106571999780215],[-122.33098399981947,41.10667800020859],[-122.33053799975565,41.10682699981895],[-122.32998499956169,41.10704200022352],[-122.32952599997736,41.10731100000906],[-122.32922399985357,41.10754600003702],[-122.32818100011316,41.10844699974957],[-122.32634499997928,41.10998200010062],[-122.32583000031846,41.110422999692666],[-122.32563500032481,41.11061499986028],[-122.32541500021676,41.11088799993555],[-122.32526399970573,41.11123800024576],[-122.32519500010875,41.11151600009851],[-122.32518199968996,41.11183300028111],[-122.32523299974358,41.11205300015722],[-122.32536499998805,41.11248499984835],[-122.32567299995964,41.113251999789405],[-122.32638900036021,41.11494000009719],[-122.32684799994453,41.11633100016002],[-122.32696099992243,41.11700699974312],[-122.32704899978597,41.11810999983758],[-122.32703100024263,41.11843100024111],[-122.32686700021111,41.11897800012004],[-122.32651800023164,41.11954199978959]]},"properties":{"OBJECTID":71764,"NAME":"Union Pacific RR","BASENAME":"Union Pacific","MTFCC":"R1011"}},{"type":"Feature","id":71765,"geometry":{"type":"LineString","coordinates":[[-122.31936799986488,41.13768400021159],[-122.3189750004028,41.13813299986973],[-122.31850800042258,41.13863900031209],[-122.31824899995648,41.13889799994794],[-122.31726899996525,41.139967000006955],[-122.31701100022242,41.14025500030529],[-122.31645800002843,41.14092600025238],[-122.3159919998731,41.141573000275926],[-122.31555199965707,41.14228299991695],[-122.31526999962476,41.14283899996144],[-122.31516900024073,41.14326600001118],[-122.31517500008853,41.14372700021369]]},"properties":{"OBJECTID":71765,"NAME":"Union Pacific RR","BASENAME":"Union Pacific","MTFCC":"R1011"}},{"type":"Feature","id":72336,"geometry":{"type":"LineString","coordinates":[[-121.94938000040045,41.915023000057204],[-121.94965700040993,41.91490999993266],[-121.9500869996819,41.91458999972486],[-121.95387600012555,41.909128000072],[-121.95402799956317,41.90889999989139],[-121.95908200040337,41.90134299975389],[-121.95905399991595,41.90091200006407]]},"properties":{"OBJECTID":72336,"NAME":"Union Pacific RR","BASENAME":"Union Pacific","MTFCC":"R1011"}},{"type":"Feature","id":76173,"geometry":{"type":"LineString","coordinates":[[-122.38677499972204,41.427365999854025],[-122.38669299970627,41.42766799985005],[-122.38668299966052,41.42801000033512],[-122.38676499967627,41.42833200020087],[-122.38688699987502,41.42861300013421],[-122.38701999994441,41.428811999763674],[-122.38714799999093,41.42897599985614],[-122.38755100039707,41.429369000022284],[-122.38785599999558,41.429750000261876],[-122.38811299991353,41.430079000191824],[-122.38826600007441,41.430415999881845],[-122.3883070000823,41.43066100001122],[-122.3882869999908,41.43100799972019],[-122.38815399992143,41.431385999953505],[-122.38799999993564,41.431672999745814],[-122.3877039996596,41.432020000107016],[-122.38723400020467,41.43234699968534],[-122.38602800025764,41.43302100003549],[-122.38539100039809,41.433381999764265],[-122.3848640001434,41.43363399970406],[-122.38453699990524,41.43377699977733],[-122.38402600044239,41.43395100001622],[-122.38346400002762,41.43415500005071],[-122.3829640004354,41.43431400019751],[-122.38239100014998,41.43438200012445],[-122.38209800024698,41.434367999828375],[-122.38186399989529,41.434372999742024],[-122.38062299978814,41.43428799981044],[-122.37942799971177,41.434226999949374],[-122.3788860002868,41.434258000283386]]},"properties":{"OBJECTID":76173,"NAME":"Central Oregon & Pacific RR","BASENAME":"Central Oregon & Pacific","MTFCC":"R1011"}},{"type":"Feature","id":76635,"geometry":{"type":"LineString","coordinates":[[-122.29228799996083,41.17542799967542],[-122.29075399995074,41.176027999918375],[-122.28916200021433,41.176675999741576],[-122.28879700034136,41.176831000087915],[-122.28869100003614,41.17687700024664],[-122.28836999964578,41.17706900000176],[-122.28801700036668,41.17730000032407],[-122.28768400028073,41.17759300028679],[-122.2865059999228,41.17898499978668],[-122.2852740000365,41.18041500011491],[-122.28516299970842,41.18054799989557],[-122.2847679996982,41.18120599981855],[-122.28459399962095,41.18189200028029],[-122.28453099987173,41.18259299995291],[-122.2845690004049,41.1828609997161],[-122.2846820003828,41.18349899970372],[-122.28483399982046,41.18389400008608],[-122.28494699979836,41.18414999970155],[-122.28520799991429,41.18490599988648]]},"properties":{"OBJECTID":76635,"NAME":"Union Pacific RR","BASENAME":"Union Pacific","MTFCC":"R1011"}},{"type":"Feature","id":79658,"geometry":{"type":"LineString","coordinates":[[-122.40669199973883,41.00553999981241],[-122.40683999987684,41.0063170002685],[-122.40684300024986,41.006692999668005],[-122.40684700044784,41.00694800011141],[-122.4068869997325,41.00929999989435],[-122.40697799996909,41.00973400025819],[-122.40712299973404,41.01011700011026],[-122.40727000004713,41.01042900008754],[-122.4078580004012,41.011493000336294],[-122.40825400023634,41.01191999971175],[-122.40890299979144,41.012363999937406],[-122.40909199993732,41.01249300021141],[-122.40945199978742,41.01265400024638],[-122.4099360003844,41.01283100018859],[-122.41014899992142,41.01294600024471],[-122.41039099977075,41.01310900013355],[-122.410821999766,41.01350500009227],[-122.41101000008696,41.01372799977625],[-122.41117699959321,41.0140180001815],[-122.41124000024071,41.01422200016918],[-122.41127799987558,41.01445499999365],[-122.41127799987558,41.01473500009764],[-122.41124299971547,41.01499899991904],[-122.4111520003772,41.01518099987301],[-122.41092200022342,41.015499999990816],[-122.41067700000104,41.01572799986997],[-122.41058900013748,41.01579500021655],[-122.41020599982285,41.01598399967374],[-122.40974700023853,41.01609900032615],[-122.40967500026849,41.016106999739335],[-122.4093449996573,41.01614499998866],[-122.40893700012663,41.01610500022502],[-122.40821300022844,41.01597700000479]]},"properties":{"OBJECTID":79658,"NAME":"Union Pacific RR","BASENAME":"Union Pacific","MTFCC":"R1011"}},{"type":"Feature","id":79951,"geometry":{"type":"LineString","coordinates":[[-122.18798500039391,41.59740099974887],[-122.18743499967468,41.596931000101875],[-122.18630099969768,41.59432699997938],[-122.18501000026016,41.58943100001359],[-122.18479199980196,41.5873639998889],[-122.18478699977906,41.58536399972388],[-122.18481000024363,41.58290900001164],[-122.18482399958901,41.58264200018282],[-122.1854710003926,41.58202700028044]]},"properties":{"OBJECTID":79951,"NAME":"Union Pacific RR","BASENAME":"Union Pacific","MTFCC":"R1011"}},{"type":"Feature","id":79952,"geometry":{"type":"LineString","coordinates":[[-122.35252600008296,41.077972999914344],[-122.35195699999547,41.0788109998473],[-122.35179700016191,41.07904799990642],[-122.35142399989302,41.07971699969673],[-122.35137000036464,41.07981400018717],[-122.35133000018166,41.07990099978622],[-122.3507410000027,41.08119099977831],[-122.35035699986314,41.08283399982913],[-122.3503180004034,41.08300199982421],[-122.35027400002248,41.08311599976973],[-122.35021700012105,41.083265000018116],[-122.35016299969439,41.08362199986145],[-122.35018199996097,41.08390000015643],[-122.35032000005322,41.084226000270725],[-122.35051300039707,41.08451700030687],[-122.35080200010206,41.08479500020121],[-122.35100899979129,41.0850539997338],[-122.35117299982284,41.085408999897346],[-122.35122300005155,41.085687000080625],[-122.35116600015014,41.086142000310225],[-122.35081399979762,41.08695800026175],[-122.35082100036865,41.08748000032286],[-122.35098399967696,41.0878590000879],[-122.35124800016591,41.08818000011381],[-122.35177000039772,41.08869399987596],[-122.35200300002623,41.089068000070895],[-122.35210299958533,41.08947500007447],[-122.35201499972179,41.08986399975269],[-122.35179499961377,41.0902760001656],[-122.35153100002312,41.09055400006898],[-122.35122899989933,41.090764999675635],[-122.35120899980787,41.09077500012469],[-122.35085200033079,41.09091900005812],[-122.35019200000669,41.09104800008313],[-122.34917199983254,41.09113199979003],[-122.34851400005658,41.09121600006659],[-122.34790999980899,41.09140299968397],[-122.34718099988794,41.091728999811544],[-122.34675999993846,41.09195399981379],[-122.34618199963015,41.09230899993533],[-122.34577900012233,41.0926780001224],[-122.34528899967756,41.09333500001471],[-122.34473600038191,41.09415000007494],[-122.34459800028964,41.09438599973135],[-122.34436499976283,41.0948029997998],[-122.34424599993714,41.09521499970463],[-122.34410100017219,41.09574700020237],[-122.34400699956255,41.09627500020292],[-122.34399400004204,41.096926999906856],[-122.3441510004009,41.09754099996378],[-122.3441510004009,41.09783799982147],[-122.34407600005784,41.098144999694306],[-122.34384400025425,41.098587000115735],[-122.34352399968877,41.098956000240236],[-122.34321599971723,41.09924899972294],[-122.34288900037738,41.09949399996897],[-122.34218499967236,41.09988699992476],[-122.34090900030345,41.100624999740255],[-122.34027999994152,41.1010089999525],[-122.3398280000299,41.10132500027658],[-122.33846999974688,41.10233200005428],[-122.33726299997495,41.1031429996683],[-122.33619400029527,41.103799999812395],[-122.33528399972593,41.10445299972318],[-122.33485699992869,41.10476499998797],[-122.33463699982067,41.10506199966984],[-122.33438999994846,41.105469999839215],[-122.33392200014332,41.10590800003648],[-122.33368399959362,41.106017000095186],[-122.33342300037602,41.1061360001142],[-122.33219800016242,41.10648600003493]]},"properties":{"OBJECTID":79952,"NAME":"Union Pacific RR","BASENAME":"Union Pacific","MTFCC":"R1011"}},{"type":"Feature","id":79953,"geometry":{"type":"LineString","coordinates":[[-122.33219800016242,41.10648600003493],[-122.33102200035263,41.10673499997225],[-122.3303310000664,41.1069800000437],[-122.3298029999868,41.107214999902574],[-122.32936299977074,41.10753199986885],[-122.32711200043347,41.109449999841615],[-122.32597500008342,41.11037999998709],[-122.32564799984529,41.1107010002891],[-122.32543399958503,41.111008000271454],[-122.32529600039108,41.11136799996312],[-122.3252699995535,41.11172700005308],[-122.32535199956926,41.11218799990071],[-122.32542799973724,41.11241300021004],[-122.32559699979166,41.11282100004925],[-122.32649599959203,41.11488800009258],[-122.32687300005888,41.11608200006884],[-122.32701799982384,41.11672400019216],[-122.3270999998396,41.117448000195935],[-122.32713099980174,41.118120000183715],[-122.32714400022053,41.118344999787276],[-122.32702399967162,41.11879099983173],[-122.32686700021111,41.11912700023982],[-122.32651800023164,41.11954199978959]]},"properties":{"OBJECTID":79953,"NAME":"Union Pacific RR","BASENAME":"Union Pacific","MTFCC":"R1011"}},{"type":"Feature","id":79954,"geometry":{"type":"LineString","coordinates":[[-122.32651800023164,41.11954199978959],[-122.3241769995844,41.12205699988826],[-122.32378699959705,41.122631999995086],[-122.3233470002793,41.123489999820755],[-122.32293800002537,41.124290999896814],[-122.32273100033615,41.12469899966706],[-122.32264299957428,41.12500099983689],[-122.3226090001374,41.12520400007071],[-122.32252399974861,41.12572999982154],[-122.32248199991582,41.12594899969415],[-122.32229299976991,41.12692699978974],[-122.32215899987561,41.127701000105716],[-122.32202599980623,41.12830200027228],[-122.32181400009411,41.128680999954135],[-122.3212569997022,41.12952699976966],[-122.32062400004061,41.130313999860896],[-122.32034200000832,41.13073800012213],[-122.32024800029697,41.13097300018779],[-122.32019800006826,41.1312300002461],[-122.32008099989241,41.13167800007059],[-122.31989599994449,41.1323980001213],[-122.31980499970788,41.13291999966562],[-122.31983900004305,41.13328700033622],[-122.32001499977017,41.13363700029091],[-122.32022300018262,41.13389600005653],[-122.32054299984976,41.134212999731155],[-122.32079499974485,41.13455300028776],[-122.32097700021802,41.13488399992087],[-122.32105300038603,41.13532499999914],[-122.32097700021802,41.1357380000152],[-122.32073199999567,41.13615999980137],[-122.32049000014631,41.13647600007929],[-122.32036899977251,41.13660699983165],[-122.31976399969999,41.13726200008163],[-122.31936799986488,41.13768400021159]]},"properties":{"OBJECTID":79954,"NAME":"Union Pacific RR","BASENAME":"Union Pacific","MTFCC":"R1011"}},{"type":"Feature","id":79955,"geometry":{"type":"LineString","coordinates":[[-122.31936799986488,41.13768400021159],[-122.31862600042335,41.13840200011223],[-122.31843899992728,41.1386009997753],[-122.3182930003374,41.13876299966717],[-122.31718100010173,41.13992400003715],[-122.31692300035886,41.14020699966686],[-122.31629599964674,41.1410089998605],[-122.31589200031402,41.1416070002491],[-122.31571200038896,41.14187200027177],[-122.31539699984639,41.14241000010278],[-122.3152379998377,41.142719000321556],[-122.3151440001264,41.14303100001096],[-122.31510599959323,41.143247000071234],[-122.31511200033934,41.143409999839925],[-122.31517500008853,41.14372700021369]]},"properties":{"OBJECTID":79955,"NAME":"Union Pacific RR","BASENAME":"Union Pacific","MTFCC":"R1011"}},{"type":"Feature","id":84508,"geometry":{"type":"LineString","coordinates":[[-122.18798500039391,41.59740099974887],[-122.18692699968659,41.59497700029557],[-122.18595400026639,41.59163200020701],[-122.18544700010317,41.58945400008251],[-122.18534199962288,41.58776899978345],[-122.18544899975298,41.585950000023644],[-122.185272000201,41.58318800014048],[-122.1852880000945,41.582939999786845],[-122.1854710003926,41.58202700028044]]},"properties":{"OBJECTID":84508,"NAME":"Union Pacific RR","BASENAME":"Union Pacific","MTFCC":"R1011"}},{"type":"Feature","id":84509,"geometry":{"type":"LineString","coordinates":[[-122.31511900001202,41.14792700007299],[-122.31471599960588,41.14831100025575],[-122.31439000009097,41.14851700006463],[-122.3137799999956,41.148799999817285],[-122.3130190002875,41.149096999800115],[-122.31227100009987,41.14933199970771],[-122.3117940000739,41.149452999858376],[-122.31152999958495,41.14951600026209],[-122.30820399982191,41.150305999906564]]},"properties":{"OBJECTID":84509,"NAME":"Union Pacific RR","BASENAME":"Union Pacific","MTFCC":"R1011"}},{"type":"Feature","id":84510,"geometry":{"type":"LineString","coordinates":[[-122.43198699956262,40.97610200012301],[-122.43203099994355,40.9765909999906],[-122.43192600036156,40.97692399989778],[-122.4316409999562,40.977314999885365],[-122.43127600008323,40.977654999877906],[-122.43096200026386,40.97779899992091],[-122.43071100019368,40.977870999824496],[-122.42996700020403,40.97807099982264],[-122.42939700029162,40.97838900020544],[-122.42903200041864,40.97886899988873],[-122.42890699984687,40.97933800007534],[-122.42898200018993,40.98077700018712],[-122.42896299992337,40.98152500023726],[-122.42876200008192,40.98246000006855],[-122.4285419999739,40.98345799986836],[-122.42849799959295,40.98365900012839],[-122.42826499996445,40.984646999784346],[-122.4280769996435,40.9852990002329],[-122.4278940002437,40.98562999981583],[-122.42758600027211,40.98593700004378],[-122.4271400002083,40.98625300005587],[-122.4266909997714,40.98646100002707],[-122.42627300019497,40.98658400027515],[-122.42549999989299,40.9868189999017],[-122.4250089996233,40.98707800004642],[-122.4246639998418,40.98741399979958],[-122.42462600020698,40.98748399967391],[-122.42450599965805,40.98770599975261],[-122.42441199994673,40.987964999803864],[-122.4243679995658,40.98858899985711],[-122.42432400008316,40.989087000194075],[-122.42427399985445,40.98967699985665],[-122.42417299957214,40.99004600022383],[-122.42401000026383,40.99036799973898],[-122.42379000015579,40.99059800007657],[-122.4234939998798,40.990852000271886],[-122.42282000021032,40.991142999781445],[-122.42215800023644,40.991304999902525],[-122.4213830002846,40.991414000119974],[-122.42073300000628,40.99140900013886],[-122.42010000034468,40.99128399980884],[-122.41954700015074,40.99106799971611],[-122.41858399987795,40.990618999710726],[-122.41780300007835,40.99028199986656],[-122.41721600044754,40.990204999877704],[-122.416715999957,40.99020399972755],[-122.4162220002126,40.99030399974996],[-122.41574699983646,40.99050400001786],[-122.41536100004707,40.99079199996162],[-122.41507399999189,40.99118399991669],[-122.41495900036416,40.99140599974313],[-122.41489200041701,40.99153400023184],[-122.41484700021118,40.99163400027119],[-122.41475699979947,40.991830000071126],[-122.41463100030109,40.992156000170596],[-122.41460600018675,40.99249199981343],[-122.41475699979947,40.992967000053554],[-122.41497100005972,40.99336000006186],[-122.41520899971111,40.99369099986273],[-122.41530999999345,40.99414599983052],[-122.41527300018353,40.99438800023438],[-122.41523499965037,40.99458800031796],[-122.41500200002186,40.99496599966632],[-122.41457500022462,40.995392999688086],[-122.41379500024992,40.99569999988739],[-122.412688999862,40.995809999683736],[-122.41242299972325,40.99583600001558],[-122.41215499993464,40.99586699998061],[-122.41096599970604,40.99600199970211],[-122.41036300018168,40.99606500020071],[-122.40982900025429,40.9961560002873],[-122.40940800030482,40.99631400006479],[-122.40911200002883,40.99650099969824],[-122.4088290001716,40.99676900023487],[-122.40864699969839,40.997037999728406],[-122.40849600008568,40.99747899976949],[-122.40847699981909,40.99779099992131],[-122.40862199958404,40.99823199967055],[-122.40896100041607,40.99869200026847],[-122.40915600040975,40.99907599990677],[-122.40919400004456,40.99936399969286],[-122.40919999989235,40.9995889997942],[-122.40913700014316,40.99983399988988],[-122.40896800008876,41.000222000325536],[-122.40860900006355,41.000572000115035],[-122.40817600041852,41.00080700005425],[-122.40786099987594,41.00090300031343],[-122.4077169999359,41.000941999827916],[-122.40752799978999,41.00098499994385],[-122.40697499959603,41.00116200004673],[-122.40647199963078,41.00151200026817],[-122.40625200042109,41.00171800028503],[-122.40608900021446,41.00201099990736],[-122.40599399977991,41.002289000082456],[-122.40599399977991,41.00266300017017],[-122.40608900021446,41.003023000113366],[-122.40643399999597,41.00405799967344],[-122.40654699997387,41.004384000315476],[-122.40661700029406,41.00476800000962],[-122.40669199973883,41.00553999981241]]},"properties":{"OBJECTID":84510,"NAME":"Union Pacific RR","BASENAME":"Union Pacific","MTFCC":"R1011"}},{"type":"Feature","id":84571,"geometry":{"type":"LineString","coordinates":[[-122.40669199973883,41.00553999981241],[-122.40673500029486,41.00686399997066],[-122.40679899986894,41.00887000020705],[-122.40682999983107,41.00926099990283],[-122.4068370004021,41.009411999758974],[-122.40688400025776,41.00957100015372],[-122.40694000033427,41.00981499989395],[-122.40705699961183,41.01012200002812],[-122.40752799978999,41.01107100007276],[-122.4078299999138,41.01158499996095],[-122.40819399996185,41.01195100024607],[-122.40879800020943,41.01238999983954],[-122.40886099995865,41.012422999778785],[-122.40906699982297,41.012529000211295],[-122.4093379999846,41.01265599986538],[-122.41003900031657,41.01293200026037],[-122.41028399964064,41.013081000231274],[-122.41065500025972,41.013390000334134],[-122.41098499997261,41.013769000098],[-122.4111609996997,41.01408500023381],[-122.4112179996011,41.014355999790716],[-122.41124299971547,41.01459799987351],[-122.41120900027857,41.014835999961676],[-122.41117400011849,41.01502299991194],[-122.41093200026917,41.01542600029442],[-122.41065799973445,41.01567500021519],[-122.41055200032756,41.01575200027511],[-122.41023099993721,41.015917000197206],[-122.4099289998134,41.016019999799376],[-122.40966600004768,41.01606699995261],[-122.40959999992543,41.016078999755585],[-122.40928199990812,41.01609700013383],[-122.40821300022844,41.01597700000479]]},"properties":{"OBJECTID":84571,"NAME":"Union Pacific RR","BASENAME":"Union Pacific","MTFCC":"R1011"}},{"type":"Feature","id":84572,"geometry":{"type":"LineString","coordinates":[[-122.40821300022844,41.01597700000479],[-122.40767000008022,41.01586400001666],[-122.40721399997064,41.015779999719975],[-122.40665699957871,41.01575600000286],[-122.40601600041951,41.01577099982708],[-122.40561200018848,41.015832999968104],[-122.4055000000355,41.01583200020679],[-122.40529900019406,41.01584000033016],[-122.40459600021225,41.0158669999769],[-122.40375199976516,41.01593799989885],[-122.40323399973131,41.01610500022502],[-122.40281699997978,41.016338000167515],[-122.40248300006894,41.0165959998114],[-122.40208300003586,41.016932000260134],[-122.40167200013212,41.017230000071244],[-122.40138900027492,41.017506000281394],[-122.40098199967083,41.01802399970992],[-122.40051399986567,41.01863300003816],[-122.39982199975454,41.01944900003151],[-122.39941099985083,41.01972899991905],[-122.39896099958901,41.01993000006774],[-122.39806199978865,41.02015800020206],[-122.39739099959391,41.02034499995492],[-122.39705000001038,41.02047099976086],[-122.39689900039764,41.020577999810214],[-122.39661599964212,41.02079400011502],[-122.39635200005145,41.02111999996156],[-122.39618800001993,41.021498999983436],[-122.3960580003236,41.022795999828375],[-122.39606300034647,41.02317200006643],[-122.39594899964531,41.02360399989607],[-122.39569500010042,41.02393999983755],[-122.39548900023611,41.024185999845294],[-122.39497500040021,41.02465399995126],[-122.39434699986316,41.02508100008743],[-122.39399799988372,41.02532600028203],[-122.39361799994211,41.0257309998774],[-122.39315099996189,41.02639600014381],[-122.39306700029631,41.026516000266405],[-122.39300199999896,41.02661900023679],[-122.39282299989884,41.02690299986668],[-122.39229700036736,41.02774200024994],[-122.39164399971597,41.028673000263616],[-122.39140100004174,41.02906600013602],[-122.39130999980513,41.029290999788216],[-122.39125999957642,41.02960800023124],[-122.39128499969078,41.02987099984877],[-122.39138599997314,41.030126000028574],[-122.39188899993837,41.030710999898254],[-122.39213400016074,41.03085900010021],[-122.39255500011025,41.03101299986561],[-122.39341600027575,41.03120500031825],[-122.39391300039321,41.03133899994949],[-122.39454100003194,41.03170299985691],[-122.3948049996226,41.03198100011373],[-122.39497500040021,41.032354999709064],[-122.39500700018723,41.032709999809164],[-122.39496299980631,41.03298799987959],[-122.39481200019357,41.03333799976637],[-122.39449099980322,41.03378400028672],[-122.39354199977416,41.03505500032272],[-122.39319699999264,41.03564800019003],[-122.3928060001804,41.037111999756206],[-122.39271199957075,41.03745299975963],[-122.3926809996086,41.03782200026697],[-122.392857000234,41.0383689999086],[-122.39306399992326,41.038910999982676],[-122.3931019995581,41.03946199970352],[-122.39300000034918,41.03983600016195],[-122.39297000021193,41.03994600013149],[-122.39292400018117,41.04012099976569],[-122.39292599983101,41.04014199988025],[-122.39276900037049,41.04050299970491],[-122.39273099983734,41.04078599968819],[-122.39269400002742,41.04099100015866],[-122.39252400014809,41.04193200024663],[-122.39217199979558,41.04256000030569],[-122.3916749996781,41.04299100028026],[-122.3907149997784,41.04361100026045],[-122.39060099997558,41.043702999738],[-122.39044299979183,41.04383100027],[-122.3902870001562,41.043996000302634],[-122.39021699983603,41.044069999739456],[-122.38995900009314,41.04431999976662],[-122.38973300013733,41.04465999968868],[-122.38967100021306,41.04486700028335],[-122.38963199985501,41.045000999882596],[-122.38949399976273,41.045508999950215],[-122.38931100036295,41.04589299974603],[-122.38900300039138,41.04617600026437],[-122.38851299994661,41.04643400021496],[-122.38833700021952,41.046469999954326],[-122.3881110002637,41.046516000081965],[-122.38744500009184,41.04656400012194],[-122.38668699985847,41.04645499967014],[-122.38630100006911,41.04633400000755],[-122.3856969998215,41.0462329996709],[-122.38523800023721,41.046267000244214],[-122.3849429997861,41.04632900012866],[-122.38460999970016,41.04643000031796],[-122.3843519999573,41.0465779997318],[-122.38379899976337,41.04700000012361],[-122.3834280000426,41.04736999991009],[-122.38297500030605,41.047681000281884],[-122.38255400035656,41.04792599970529],[-122.38198799974384,41.04813699998183],[-122.38093900015564,41.048396000317744],[-122.38019099996801,41.048558999860006],[-122.37967499958397,41.04873600018155],[-122.37901099996023,41.04912100004831],[-122.37846799981203,41.049590000328145],[-122.37806000028135,41.05001199969427],[-122.37775200030977,41.05037099974547],[-122.37750700008739,41.05076899969399],[-122.37745600003377,41.05106199995918],[-122.37745000018599,41.05139299982895],[-122.37753800004951,41.051713999771906],[-122.37770799992884,41.051934999679176],[-122.37802000009837,41.0523619996838],[-122.37821500009204,41.05264099995717],[-122.37832200022216,41.05295199980221],[-122.37835900003208,41.05335999976316],[-122.3782460000542,41.05380600009657],[-122.37805100006052,41.05424200020639],[-122.37771200012679,41.054592000201694],[-122.37744799963785,41.05476499980591],[-122.37718400004721,41.054865999916615],[-122.37684400028857,41.054970999927626],[-122.3764669998217,41.05501899989616],[-122.375839000183,41.05504300020605],[-122.37539899996695,41.05498999967944],[-122.3750779995766,41.054966000027676],[-122.37468199974147,41.054970999927626],[-122.37425599976909,41.05501899989616],[-122.37377799991822,41.05510499994987],[-122.3733319998544,41.05526799980615],[-122.37285999985129,41.055502999710846],[-122.37240200009188,41.055860999773884],[-122.37181000043817,41.056289999686186],[-122.37133900025997,41.05655800018059],[-122.37089300019613,41.05678399983482],[-122.37023899971986,41.057118999967884],[-122.36983000036425,41.05739299999524],[-122.36950999979881,41.057723999848506],[-122.36929600043686,41.05803100017995],[-122.36909499969708,41.05839999978094],[-122.36893200038881,41.059074999757506],[-122.36882500025867,41.05972199986707],[-122.36869899986198,41.0606380002754],[-122.36858599988405,41.06119899980934],[-122.36839099989041,41.06160700009773],[-122.36807000039835,41.062004999802944],[-122.36756700043311,41.06235499981005],[-122.36702699975962,41.062580000137245],[-122.36630399968635,41.06274299975803],[-122.36553799995538,41.06275799971528],[-122.36435600029779,41.06253700026968],[-122.36340100042094,41.06232600011823],[-122.3629419999383,41.0622780000631],[-122.36255899962366,41.062283000084605],[-122.36186700041085,41.06244099975505],[-122.36133900033126,41.062747999744175],[-122.36091599983362,41.063206999832474],[-122.36050900012785,41.063851000127734],[-122.36010599972172,41.06456399977475],[-122.35995599993389,41.06480999968695]]},"properties":{"OBJECTID":84572,"NAME":"Union Pacific RR","BASENAME":"Union Pacific","MTFCC":"R1011"}},{"type":"Feature","id":85574,"geometry":{"type":"LineString","coordinates":[[-122.31517500008853,41.14372700021369],[-122.31546399979352,41.14488799997605],[-122.31555900022808,41.14514600013837],[-122.31559299966494,41.145239000089575],[-122.31562799982505,41.145319000182106],[-122.31582899966652,41.14577899966576],[-122.31591700042837,41.14608599994623],[-122.31592800029902,41.14649899984982],[-122.31579799970439,41.146887000150905],[-122.31562199997727,41.14721300012832],[-122.31538299960268,41.14759200013963],[-122.31511900001202,41.14792700007299]]},"properties":{"OBJECTID":85574,"NAME":"Union Pacific RR","BASENAME":"Union Pacific","MTFCC":"R1011"}},{"type":"Feature","id":85575,"geometry":{"type":"LineString","coordinates":[[-122.30820399982191,41.150305999906564],[-122.3073240002881,41.150488000268524],[-122.30589099966205,41.15079500014669],[-122.30446999962987,41.15076600025495],[-122.30379099993753,41.150602999831634],[-122.30318800041317,41.150305999906564],[-122.30214499977444,41.15003699978813],[-122.30125199982187,41.15012299996614],[-122.30062300035823,41.15026299995173],[-122.29995700018637,41.15045400016495],[-122.29856200009347,41.1513459997113],[-122.29793299973153,41.151759000303905],[-122.29737399968978,41.15193100008794],[-122.2967009998452,41.15204599982554],[-122.2959030003272,41.15208999968356],[-122.29527999981302,41.15202699972398],[-122.29476500015222,41.151916999917866],[-122.29425600033919,41.15177799980672],[-122.29387899987233,41.15171599994916],[-122.29355800038029,41.151658000291214],[-122.29318099991342,41.15168199980605],[-122.29284799982747,41.151748999673366],[-122.29230700022741,41.151887999846004],[-122.29182900037654,41.15204599982554],[-122.29130100029691,41.15239599978545],[-122.2909559996171,41.152803999954244],[-122.2908550002331,41.153135000145305],[-122.29084900038531,41.15346100017122],[-122.29101199969361,41.15409899971381],[-122.2913079999696,41.15477000004357],[-122.29150899981109,41.15537400011635],[-122.29158400015415,41.156548999801856],[-122.2916090002685,41.15736399969761],[-122.29172300007131,41.157939999747036],[-122.29192399991277,41.15825599991128],[-122.29223799973211,41.15857300020197],[-122.29254599970369,41.158749999812414],[-122.29302699992765,41.15893699983309],[-122.29380899955213,41.15927300024764],[-122.29414900020907,41.15949800007559],[-122.29438799968536,41.159790999851],[-122.29461399964119,41.16031299982464],[-122.29481500038094,41.16082600003922]]},"properties":{"OBJECTID":85575,"NAME":"Union Pacific RR","BASENAME":"Union Pacific","MTFCC":"R1011"}},{"type":"Feature","id":85576,"geometry":{"type":"LineString","coordinates":[[-122.31511900001202,41.14792700007299],[-122.31488600038352,41.14822000016035],[-122.31461000019901,41.148445000047374],[-122.31422000021163,41.14864699967005],[-122.3134970001384,41.1489680001778],[-122.31264199982066,41.14927900013598],[-122.3120069996109,41.14948099989495],[-122.31184299957938,41.14953499973851],[-122.31155300004947,41.149595999871536],[-122.30820399982191,41.150305999906564]]},"properties":{"OBJECTID":85576,"NAME":"Union Pacific RR","BASENAME":"Union Pacific","MTFCC":"R1011"}},{"type":"Feature","id":88392,"geometry":{"type":"LineString","coordinates":[[-122.28520799991429,41.18490599988648],[-122.28563800008457,41.18590399992631],[-122.28567200041977,41.18637800013302],[-122.28564200028255,41.18685800015745],[-122.28561200014532,41.18715900019029],[-122.28553699980226,41.18759399971557],[-122.28537100012088,41.18801399998845],[-122.28520600026444,41.18832999978907],[-122.28493599992771,41.18877999989362],[-122.28454599994036,41.18932100022608],[-122.28407999978505,41.1898160003177],[-122.280938000145,41.193200000141125],[-122.27939200043936,41.19465400033007],[-122.27839200035666,41.19567100011824],[-122.27666900020068,41.19728999987716],[-122.27609199971728,41.1978189997529],[-122.27535699994846,41.198480000253596],[-122.27482200019615,41.198998000115814],[-122.27410800034372,41.19977100030884],[-122.27378600012845,41.200247000152864],[-122.27371400015842,41.20043999998931],[-122.27366599957949,41.201243999886884],[-122.27362000044707,41.202176999940974],[-122.27357600006614,41.20233400001541],[-122.27352900021049,41.202499999731835],[-122.27345100039267,41.2026950002818],[-122.27341100020972,41.202801999789095],[-122.27326300007171,41.20320099978222],[-122.2716639997643,41.20562299972018],[-122.27165899974143,41.205715999682205],[-122.27163899964992,41.20617699990435],[-122.27183000034397,41.20682999993369],[-122.27193800029897,41.208027000034114],[-122.27179400035894,41.20853000025106],[-122.2701230000815,41.211909999691194],[-122.27009999961697,41.21245600018058],[-122.27054400003098,41.21362099989655],[-122.27187999967437,41.215284999671425],[-122.27236699974608,41.217145999906826],[-122.27266700022005,41.21802799967116],[-122.27284899979492,41.21882900021148],[-122.27324299998023,41.219355000170374],[-122.27378799977825,41.219675000182555],[-122.27454600001164,41.219904000116976],[-122.27490300038701,41.21993099974071],[-122.27505599964957,41.21994300017051],[-122.27573199986718,41.21989599982591],[-122.2758199997307,41.21987300033509],[-122.27623700038055,41.21987799984317],[-122.27680399991988,41.219946000277616],[-122.27717100034101,41.22004000018541],[-122.27851899967993,41.22067199985322],[-122.278626999635,41.220743000208344],[-122.27887100003245,41.22093899978936],[-122.27922300038496,41.22121300010142],[-122.27927400043859,41.221253000065744],[-122.27960999999925,41.22203100021579],[-122.27979400012227,41.223314999919815],[-122.27988299981071,41.2235700001141],[-122.27998099972004,41.223877000091335],[-122.28001800042826,41.22422300018245],[-122.28004099999447,41.22459099969586],[-122.28002599992588,41.22501900005744],[-122.27997300022243,41.2253940001634],[-122.27991299994795,41.225694000051085],[-122.27983000010728,41.225994999856816],[-122.27973300002292,41.226175000191944],[-122.27962000004501,41.22631699968631],[-122.27933899983759,41.22656300025014],[-122.27898599966018,41.227047999787715],[-122.27835100034879,41.227712999936564],[-122.27820099966264,41.22821700003145],[-122.27838800015871,41.22894099987297],[-122.27893499960656,41.22969499978745],[-122.27902500001824,41.23014099971],[-122.27906400037631,41.230298000238754],[-122.27926199984469,41.23113700006849],[-122.27951999958758,41.23220500003596],[-122.2796409999614,41.232691999964686],[-122.27946000021142,41.233196000185295],[-122.27906600002613,41.233606999861316],[-122.27849000026595,41.233997000044305],[-122.27800499984404,41.23452300027459],[-122.27790000026206,41.2346880002466],[-122.27761200038199,41.23514099985857],[-122.27756700017615,41.235325999687554],[-122.277460000046,41.23578099986955],[-122.27691500024797,41.23644499990333],[-122.27630900035058,41.23690299973159],[-122.2762969997567,41.236907000187955],[-122.27593500025677,41.23703400002591],[-122.27569699970707,41.23711700015898],[-122.2754599998806,41.23720000018666],[-122.2733690003769,41.2372689999423],[-122.27182299977294,41.237497999735],[-122.27036900012878,41.23793299972169],[-122.26982299960753,41.23841399966442],[-122.26981199973687,41.238437000064536],[-122.26927600015968,41.23955299982763],[-122.26915099958791,41.24020900021381],[-122.2689120001116,41.240708999669565],[-122.26784699973157,41.241838999681484],[-122.26776899991378,41.24193900008646],[-122.26728400039019,41.242569000132356],[-122.26714499957471,41.24275100014068],[-122.26707799962755,41.24283799986171],[-122.26703999999272,41.24293400000173],[-122.26686400026563,41.24338000011147],[-122.26668099996752,41.24475699985155],[-122.2666230002412,41.24488300031679],[-122.26620099956848,41.24580299999547],[-122.2661949997207,41.24608699986412],[-122.266188000048,41.24637200015621],[-122.26627699973649,41.24651800022718],[-122.26639300008742,41.246709000058864],[-122.26651299973803,41.24688999972004],[-122.26681400003692,41.247180000008896],[-122.266849000197,41.24721399988395],[-122.26760900008018,41.247560999682854],[-122.26843799956038,41.24759500003507],[-122.26882500007297,41.24761099991654],[-122.27030999967926,41.247474000171074],[-122.27125000038582,41.247565000162226],[-122.27145899972489,41.2476339997816],[-122.27200799972087,41.24781700015171],[-122.2732210002389,41.24875499986307],[-122.27355500014976,41.249554999925614],[-122.27355599997468,41.24956700032136],[-122.2736150004242,41.25069900027857],[-122.27382799996124,41.25120300009913],[-122.27443399985863,41.25163699981195],[-122.27601100042475,41.252323000187815],[-122.27637499957449,41.252987000320424],[-122.27637600029772,41.25426799997572],[-122.27652799973536,41.25472599983597],[-122.27680100044518,41.25509200017917],[-122.27819599963975,41.25582299995383],[-122.27907500024695,41.25639499975403],[-122.28001500005523,41.2574249997928],[-122.28128899977429,41.258408000126465],[-122.28195599977107,41.25863700012534],[-122.28292700043978,41.2587050000883],[-122.28377600001141,41.258933999721165],[-122.28473300043643,41.25962599972467],[-122.28527900005938,41.261162000275064],[-122.28543100039533,41.26136400001344],[-122.28565399997811,41.261663000184186],[-122.28603599956953,41.26208900009992],[-122.28659499961128,41.262668000123945],[-122.28704700042121,41.26313000003299],[-122.28720100040698,41.26327200027496],[-122.28748500008913,41.263458000191406],[-122.28782099964977,41.26360499993576],[-122.28819499974361,41.26373199988019],[-122.28884699967176,41.26396400023098],[-122.28936899990356,41.26416600008052],[-122.28985500015038,41.264382999774284],[-122.29030399968894,41.26459199987425]]},"properties":{"OBJECTID":88392,"NAME":"Union Pacific RR","BASENAME":"Union Pacific","MTFCC":"R1011"}},{"type":"Feature","id":88393,"geometry":{"type":"LineString","coordinates":[[-122.31099599965756,41.29322699979703],[-122.31108500024433,41.29298599978857],[-122.31109399956684,41.2928370001921],[-122.31109299974193,41.292737999687674],[-122.311244000253,41.292830000324976],[-122.31117899995566,41.29230300017017],[-122.31120400007002,41.290688999939185],[-122.31135399985784,41.29054100012656],[-122.31170500038543,41.29018200018499],[-122.31273899990501,41.289651999956206],[-122.31312200021966,41.28945700022126],[-122.31363000020778,41.289038999936906],[-122.31405299980707,41.288414000227604],[-122.31513400008065,41.284943999892526],[-122.31509800009562,41.284343000273935],[-122.3148479998504,41.283833999667706],[-122.31432599961855,41.28339400013633],[-122.31377699962255,41.283100000321035],[-122.3124550002229,41.282391999862746],[-122.31087000015916,41.28217499994537],[-122.30863599964202,41.28211099983506],[-122.30787300028412,41.281944999699476],[-122.30711199967767,41.281596999858465],[-122.3061750002425,41.28100499980711],[-122.3041690002293,41.27973799990632],[-122.30384500036418,41.27952400001309],[-122.30355900013394,41.27936999969361],[-122.30163500013651,41.27817600017663],[-122.30065099994734,41.277860000291426],[-122.29671000006604,41.27693300022932],[-122.29177400012492,41.275772000019415],[-122.28593799966023,41.27426500005907],[-122.28559399970364,41.27402500010899],[-122.28529300030308,41.273819000156976],[-122.28349599962895,41.271183000012755],[-122.28251800018587,41.2704779997262],[-122.27915600043782,41.26832900010578],[-122.27820099966264,41.2677799996915],[-122.2779859995775,41.26754800006966],[-122.27738999972583,41.26572300008919],[-122.27684800030083,41.264365999917665],[-122.27673500032293,41.26408599997418],[-122.27663900006345,41.26353200012705],[-122.27662599964466,41.2602819998282],[-122.27663700041363,41.259070000308526],[-122.27612400040265,41.25816000030139],[-122.27485300015829,41.256728000039224],[-122.2738260003114,41.25581799981778],[-122.27334199971442,41.25554699984073],[-122.27254699967112,41.255322999987854],[-122.27222199998113,41.25523000032973],[-122.2715249998471,41.2552979997878],[-122.26710399956683,41.25446399967788],[-122.2664740002783,41.25412599974145],[-122.26626800041396,41.25353799988039],[-122.26707099995485,41.25218000023511],[-122.26774499962433,41.25177499983234],[-122.26869200000355,41.25187300012005],[-122.26973200026926,41.252109999794676],[-122.2707709998117,41.2525069997939],[-122.2724250003707,41.25350600031497],[-122.27543200029152,41.25610200005],[-122.27665900015492,41.25705300018128],[-122.27790299973681,41.25774399972196],[-122.27883300039764,41.25826200028897],[-122.27942900024928,41.25882700020201],[-122.28019499998027,41.2595509999849],[-122.28052200021841,41.25986100010739],[-122.28205299985548,41.260628999771335],[-122.28225899971979,41.2608200002163],[-122.28312999993105,41.26162199988718],[-122.28368899997278,41.26177999981966],[-122.28424399981658,41.262009000150144],[-122.28467999983467,41.26219300015823],[-122.28508200041588,41.26241700008494],[-122.28525700031808,41.262567000323756],[-122.285518000434,41.262894999933714],[-122.28589699965234,41.263368000101984],[-122.2861760002099,41.26366000025572],[-122.28651500014362,41.26392300002809],[-122.28683800018382,41.26413000017984],[-122.28721800012543,41.26431300025677],[-122.28758999967108,41.264547999979825],[-122.28797100033592,41.26485800001612],[-122.28816899980431,41.26509299980358],[-122.28836799999597,41.26542400027634],[-122.28870799975459,41.265926999914306],[-122.28896399984764,41.26619600002997],[-122.28926199977344,41.26641299972989],[-122.28967100002737,41.26664600000507],[-122.29021900019845,41.26683899971928],[-122.29084900038531,41.266988999928856],[-122.29164199988047,41.267122999968706],[-122.29210800003578,41.26718499994448],[-122.29241500018244,41.26722400014956],[-122.29282100006331,41.26718799990911],[-122.29341699991497,41.26704600008018],[-122.29386800000168,41.26693999966422],[-122.29463299990776,41.26676400016047],[-122.2951169996064,41.266670999912705],[-122.29557400043923,41.26658300019524],[-122.29605700031297,41.26658800018238],[-122.29646499984366,41.26665799996194],[-122.29694500024267,41.26687000018698],[-122.29733900042798,41.26705100003187],[-122.29787900020315,41.26728800000279],[-122.29826099979458,41.26752299982254],[-122.29851900043573,41.267747999676274],[-122.29881300016362,41.268070999722276],[-122.29901099963203,41.26827500031402],[-122.2993260001746,41.268468999908116],[-122.29974700012409,41.26867999968932],[-122.30010500032438,41.26882799979451],[-122.30043300038743,41.26897199972089],[-122.3007689999481,41.269049000038855],[-122.30120999998906,41.26908799980569],[-122.30165100003,41.26908100009166],[-122.30240500006543,41.26897199972089],[-122.30274099962611,41.26893099996174],[-122.30306600021443,41.26885600010515],[-122.30338500005666,41.26872200024599],[-122.30363000027906,41.26857199996649],[-122.30385799988467,41.268315999809914],[-122.30397599988544,41.26804199977505],[-122.3040019998247,41.26773699989949],[-122.30396500001478,41.26749800024107],[-122.3037959999604,41.267218000223416],[-122.30357900022541,41.267008999750686],[-122.3032810002996,41.26685500028922],[-122.30280699974833,41.26670199978494],[-122.30253800013485,41.26668399986093],[-122.3022050000489,41.26670499977182],[-122.30192100036676,41.266772000117506],[-122.30129299982974,41.267008999750686],[-122.30095399989604,41.267120000001036],[-122.30060499991657,41.26719299984994],[-122.3000159997376,41.26720099975441],[-122.29972299983466,41.267154000301566],[-122.29938399990093,41.26705300001243],[-122.2989250003166,41.266830999770455],[-122.29835899970388,41.26644099972579],[-122.29786499995944,41.26605900009698],[-122.29739499960617,41.2657850000439],[-122.29672099993671,41.265536999872005],[-122.29626599965204,41.26542400027634],[-122.29541500043055,41.26540800003093],[-122.29425299996613,41.265448999976655],[-122.29334199957191,41.26552999977723],[-122.29286000042137,41.26554499997937],[-122.29250600041902,41.265501000051906],[-122.29202799966984,41.26537200013972],[-122.29120900023541,41.26500499998506]]},"properties":{"OBJECTID":88393,"NAME":"Union Pacific RR","BASENAME":"Union Pacific","MTFCC":"R1011"}},{"type":"Feature","id":88394,"geometry":{"type":"LineString","coordinates":[[-122.31153100030818,41.30251100032155],[-122.31250100025365,41.303279000319336],[-122.31332600043417,41.30402700010023],[-122.31396199957047,41.30467700023189],[-122.31429300000659,41.30511499980192],[-122.31447799995452,41.305416000151865],[-122.31462100006964,41.30572499969348],[-122.31472499982672,41.306061999664436],[-122.31478000007831,41.30632700012029],[-122.31481900043639,41.30692600022511],[-122.31477099985747,41.30746200006083],[-122.31466700010041,41.307950999773574],[-122.31450200024398,41.30880600004274],[-122.3142710002653,41.310134999913004],[-122.31416300031026,41.31068900029694],[-122.31407999957126,41.311228000200806],[-122.31403000024086,41.3120480001931],[-122.31407999957126,41.31255599998756],[-122.3142029995949,41.31303800023145],[-122.31440099996162,41.31360199975486],[-122.31458599990955,41.31396500012583],[-122.31516800041584,41.314799999778536],[-122.31561799977929,41.31522800022404],[-122.31608899995751,41.315610000161996],[-122.31729200042982,41.31654599974906],[-122.31818399965917,41.31723800026204],[-122.31856000030112,41.31769399981351],[-122.31888199961806,41.31813499996709],[-122.31935899964407,41.31876700005656],[-122.31978200014167,41.31933900019614],[-122.3201510002126,41.31986900004364],[-122.32040499975751,41.32038799995643],[-122.32082800025512,41.32120999975765],[-122.3213699996801,41.322235000054405],[-122.321490000229,41.322456000228335],[-122.32227600005149,41.32398799976699],[-122.32250700003016,41.32460900013101],[-122.32260800031251,41.324807000019625],[-122.32268199993233,41.325212000003],[-122.3226789995593,41.32558800015952],[-122.32266600003884,41.32584100030679],[-122.32263900027465,41.32616599969977],[-122.32264500012244,41.326696000017066],[-122.322692999803,41.32695800033041],[-122.32279699956005,41.3272239999107],[-122.32290100021545,41.32744599976881],[-122.32305400037633,41.32770700002933],[-122.32324900037001,41.327937000144416],[-122.32347000030295,41.328177999830935],[-122.32373800009154,41.328369000242475],[-122.3239370002832,41.32849999986549],[-122.3242400002319,41.328673000318304],[-122.32454700037854,41.32879200000833],[-122.32481799964188,41.32888700020001],[-122.32526200005589,41.32898799989688],[-122.32592599967963,41.3290750000646],[-122.3269170004398,41.32920299980546],[-122.32732499997051,41.329242000045475],[-122.32792699966996,41.32932499968284],[-122.32851699967384,41.329465000156326],[-122.3290079999435,41.329596000273916],[-122.32928999997581,41.32969199967274],[-122.32969800040479,41.329847000293725],[-122.33014500029357,41.33002499971638],[-122.33066099977928,41.33029600009398],[-122.33120399992751,41.33055399998097],[-122.33162200040222,41.330754999757445],[-122.33187199974918,41.330873999691946],[-122.33276100040212,41.3313030001627],[-122.33418499990904,41.331965000262635],[-122.33578500004137,41.33271900005227],[-122.3361819997014,41.332927000179666],[-122.33656300036624,41.33310899991499],[-122.33767899990156,41.33365100019157],[-122.33830400006555,41.33402399994888],[-122.33891199961278,41.334441000281075],[-122.33947400002756,41.334890999745966],[-122.34010900023729,41.33550699996566],[-122.34058399971514,41.336074000146745],[-122.34096500037995,41.33654099974045],[-122.34155899968347,41.33733099985345],[-122.34192000025682,41.33776899989554],[-122.34252899962897,41.33837099980375],[-122.34325599990018,41.33897300021796],[-122.34379499985046,41.33933300021578],[-122.34417899999,41.33957400023584],[-122.34470399969655,41.33984900022718],[-122.34526799976116,41.340135000119474],[-122.34585500029031,41.3403879997555],[-122.34640900030917,41.34058399982686],[-122.34688600033515,41.3407360002056],[-122.3475159996237,41.34088800022958],[-122.34810300015282,41.34101599969063],[-122.3485230002774,41.34108499967512],[-122.3492200004114,41.341177000215175],[-122.35025300010605,41.341276000013345],[-122.35186400010906,41.341432999773026],[-122.35203599963819,41.34144900025996],[-122.35327799957022,41.34155299995699],[-122.35514100036661,41.34174300007713],[-122.35572700017251,41.34182899987825],[-122.35638199957542,41.341926000325415],[-122.3571609997252,41.342077000080394],[-122.35755400008556,41.34218999978858],[-122.35810800010444,41.342356999869715],[-122.35877799957593,41.34259299993265],[-122.35897500011777,41.342666999821944],[-122.35948899995365,41.34291100017357],[-122.36035900034003,41.343393999986816],[-122.36105700029893,41.3437810001884],[-122.3619979999321,41.34428799997837],[-122.36293699991543,41.344722999995916],[-122.36355600023163,41.34496700006224],[-122.36400300012038,41.34509199984431],[-122.36777800032029,41.34638499989097],[-122.36871399993059,41.346689000188945],[-122.36939299962293,41.346921000277774],[-122.36985200010557,41.3470819996908],[-122.37047700026956,41.3472599998979],[-122.37123799997764,41.347541999866266],[-122.37165499972917,41.347743999925065],[-122.37202999964788,41.3479340001896],[-122.37227400004537,41.34807200026128],[-122.37256000027563,41.348274000024524],[-122.37282800006423,41.34850100008221],[-122.37312000014228,41.34879300025815],[-122.37342100044117,41.34913200024685],[-122.37401100044505,41.34981199979039],[-122.37448799957272,41.35035399998668],[-122.37464300028172,41.350558000205645],[-122.3748750000853,41.35081099980738],[-122.37515100026982,41.35108800032544],[-122.37552600018856,41.35143100001043],[-122.37602099975788,41.3518209997667],[-122.37650299980673,41.35216400030999],[-122.37681099977829,41.35235699990769],[-122.37737599966782,41.352681999851804],[-122.37815700036572,41.35306600008281],[-122.37952599962105,41.353737000252266],[-122.38023799982369,41.35415099977569],[-122.38074800035993,41.354517000142216],[-122.38106600037725,41.354778999815046],[-122.38150900006802,41.35523800023863],[-122.38192300034481,41.355705999942685],[-122.38311900024611,41.357208000333124],[-122.38398500043452,41.358367000012095],[-122.38456600021756,41.3591469997096],[-122.38493100009053,41.359710000035186],[-122.38508000005346,41.359997000258744],[-122.3851899996583,41.360250000258965],[-122.38526599982629,41.36049699983805],[-122.38532600010075,41.36073400012795],[-122.38537100030659,41.3611529998032],[-122.38536200008575,41.36156700002853],[-122.38530799965909,41.36205800006724],[-122.38516999956681,41.363145999818585],[-122.38508400025141,41.36377700028525],[-122.38504700044149,41.36407200026257],[-122.38495399965674,41.36471700031938],[-122.38469300043914,41.36661999983201],[-122.38463599963943,41.36711199997712],[-122.38453000023256,41.36816699974423],[-122.38435399960711,41.36918699980455],[-122.38423999980432,41.36977600016478],[-122.38394100005357,41.37032099990424],[-122.38363399990693,41.37077799975611],[-122.38339600025554,41.37105800014752],[-122.38308900010887,41.37142800011641],[-122.38262299995355,41.37186800012779],[-122.38205100039134,41.37228099986838],[-122.38120799976916,41.37278199982914],[-122.38024899969435,41.37325599971538],[-122.3775709996615,41.374594000052106],[-122.37573399970267,41.37562999996114],[-122.37562400009786,41.37572499990831],[-122.37518800007975,41.376099999977036],[-122.37425199957114,41.37683799978934],[-122.37382800014693,41.37754799984563],[-122.3737489996059,41.37784800029335],[-122.37372199984173,41.378245000286555]]},"properties":{"OBJECTID":88394,"NAME":"Union Pacific RR","BASENAME":"Union Pacific","MTFCC":"R1011"}},{"type":"Feature","id":88395,"geometry":{"type":"LineString","coordinates":[[-122.37306200041596,41.39986000009052],[-122.37266400003269,41.39991500004717],[-122.3722289998395,41.40006700000394],[-122.37149099969763,41.400452000192246],[-122.37106499972528,41.400696000203695],[-122.37042799986574,41.401095000096035],[-122.3699190000527,41.401502999783176],[-122.36967700020337,41.40171099980055],[-122.36950800014895,41.401857999877805],[-122.36911899998657,41.402250999744155],[-122.36863299973973,41.4028250002246],[-122.36766899964206,41.40399299970617],[-122.36707299979038,41.40474399967867],[-122.36672800000889,41.40516699978957],[-122.36633200017376,41.40561399981959],[-122.36599200041512,41.405983000046156],[-122.36564599991041,41.40628100025895],[-122.36541099973377,41.406418000015705],[-122.36504099983792,41.4066089999667],[-122.36472000034587,41.40670999968912],[-122.36447500012349,41.406758000155925],[-122.36410600005254,41.40676999993018],[-122.36379899990588,41.406771999667775],[-122.36340899991855,41.40666799975692],[-122.36297999957314,41.406530999853466],[-122.36264999986025,41.40631500008783]]},"properties":{"OBJECTID":88395,"NAME":"Central Oregon & Pacific RR","BASENAME":"Central Oregon & Pacific","MTFCC":"R1011"}},{"type":"Feature","id":88396,"geometry":{"type":"LineString","coordinates":[[-122.38677499972204,41.427365999854025],[-122.38655499961399,41.42766199987273],[-122.38641499987193,41.42786499992009],[-122.38625400021344,41.428097000159255],[-122.3859980001204,41.4283220001161],[-122.38581399999738,41.428460000072064],[-122.38558999969139,41.42857700011241],[-122.38540100044384,41.42866399985032],[-122.3851040003429,41.428738999716614],[-122.38484900007477,41.42873599977751],[-122.38459399980664,41.42873400004251],[-122.38416399963634,41.42870500017413],[-122.3838580002129,41.42865900017049],[-122.38355100006625,41.42856199970454],[-122.38323100039909,41.42841900026708],[-122.3829019996128,41.42820899979218],[-122.38267800020513,41.42802999992567],[-122.38251400017361,41.427642000168824],[-122.38245300007425,41.427263999689664],[-122.3824430000285,41.42698799978865],[-122.38250400012788,41.42665099981704],[-122.38254500013575,41.426186000056425],[-122.3825910001665,41.4257159997534],[-122.38255500018148,41.42548099967323],[-122.38243200015785,41.42521599975203],[-122.38222799994335,41.424928999705315],[-122.38173400019893,41.42431900015936],[-122.38071499984964,41.42341299974524],[-122.38068100041278,41.423382999907886],[-122.3785420003302,41.42230800006925],[-122.37785100004399,41.42173099968292],[-122.37734100040603,41.421064000242254],[-122.37719400009294,41.42061300011245],[-122.37728299978141,41.420315999959534],[-122.37732899981216,41.420162000218745],[-122.3777399997159,41.41985499998264],[-122.37803099996903,41.41973799971922],[-122.37856200042167,41.41941900004315],[-122.37960000013922,41.41884700002196],[-122.38024100019672,41.418480999845606],[-122.38083500039858,41.41815900030408],[-122.38127899991426,41.417887999935985],[-122.38156199977149,41.41770299968659],[-122.38177900040478,41.4175129997194],[-122.38189400003249,41.41736100015387],[-122.38205800006403,41.417103999804496],[-122.38214099990469,41.41685399980211],[-122.3821769998897,41.41658599987881],[-122.38213699970674,41.41629100029097],[-122.38204499964525,41.416038000001876],[-122.38178199987951,41.41570700019927],[-122.38143100025025,41.41540900010639],[-122.38085700013987,41.415045999990895],[-122.38024399967145,41.414693999778926],[-122.37965100019284,41.414389999898084],[-122.37879400022527,41.41407400017148],[-122.37842799962905,41.41392199996858],[-122.37816200038861,41.41375500029743],[-122.37784699984601,41.41345999997855],[-122.37769000038547,41.41322500001043],[-122.37760099979873,41.41293599997054],[-122.37756700036184,41.41256100013288],[-122.37765900042335,41.41217000021379],[-122.3778119996859,41.41147300032102],[-122.37799599980895,41.410830000030586],[-122.37807899964962,41.41034400004005],[-122.37809500044145,41.41007900033369],[-122.37808299984756,41.409920999946095]]},"properties":{"OBJECTID":88396,"NAME":"Central Oregon & Pacific RR","BASENAME":"Central Oregon & Pacific","MTFCC":"R1011"}},{"type":"Feature","id":88397,"geometry":{"type":"LineString","coordinates":[[-122.37790399974745,41.4093000000937],[-122.37765400040047,41.40883199987585],[-122.3774300000945,41.40846000013103],[-122.37728600015444,41.40817700020994],[-122.37719699956767,41.4077799997143],[-122.37717900002433,41.40738999985067],[-122.37720400013868,41.407146000044605],[-122.37727299973565,41.406866000065904],[-122.3773189997664,41.406744999836455],[-122.37737499984293,41.40658299993934],[-122.37750899973723,41.40632299976753],[-122.37778599974664,41.40598399992708],[-122.3780229995731,41.405734000249225],[-122.3784290003523,41.40544800024126],[-122.37871800005729,41.405296000068695],[-122.37894999986088,41.405183999997675],[-122.37982799974488,41.404856999732566],[-122.38020000018885,41.4047270000292],[-122.38041699992381,41.404548000120954],[-122.380888000102,41.40419900002238],[-122.38114599984486,41.404007999725074],[-122.3815569997486,41.40363599998621],[-122.38179799977301,41.403410000151844],[-122.38191999997176,41.403213000015825],[-122.38204100034561,41.40298099982175],[-122.38209200039923,41.40269699968808],[-122.38209499987396,41.40231299993463],[-122.3819650001776,41.40197599994679],[-122.38179799977301,41.401725999672436],[-122.38151200044109,41.40144599992139],[-122.3811759999821,41.40123200000577],[-122.38070599962883,41.401062000187736],[-122.38033800028109,41.40099800023611]]},"properties":{"OBJECTID":88397,"NAME":"Central Oregon & Pacific RR","BASENAME":"Central Oregon & Pacific","MTFCC":"R1011"}},{"type":"Feature","id":88403,"geometry":{"type":"LineString","coordinates":[[-122.38033800028109,41.40099800023611],[-122.38001500024092,41.40098400015409],[-122.37962199988054,41.40100100010893],[-122.37898800039402,41.40106699997072],[-122.3783740001007,41.40114100008319],[-122.3778379996252,41.401171000086535],[-122.37740900017809,41.40117699981602],[-122.376965999589,41.40112700003193],[-122.37657599960166,41.40105799968724],[-122.37639999987456,41.40100000015134],[-122.37615300000236,41.400918000208016],[-122.3756070003794,41.40069800012822],[-122.37506099985815,41.400399999916715],[-122.37462300019023,41.400155000171026],[-122.37411000017921,41.39994399996884],[-122.37367199961302,41.399857000165035],[-122.37306200041596,41.39986000009052]]},"properties":{"OBJECTID":88403,"NAME":null,"BASENAME":null,"MTFCC":"R1011"}},{"type":"Feature","id":88405,"geometry":{"type":"LineString","coordinates":[[-122.31153100030818,41.30251100032155],[-122.31116300006215,41.30226599969522],[-122.31065199970098,41.30193900030912],[-122.31018999974361,41.3016530001086],[-122.30972799978626,41.30133699986321],[-122.30934500036994,41.30100099991312],[-122.30907099983521,41.30072599994115],[-122.30889500010812,41.30049100021192],[-122.30886099977293,41.30044300028079],[-122.30880700024456,41.30033899974651],[-122.30861899992362,41.300017000272156],[-122.30851500016654,41.29974600018257],[-122.30843300015077,41.299478000147],[-122.30838799994493,41.29923099992976],[-122.30837600024934,41.29898299995083],[-122.3083929999678,41.29862900013241],[-122.30844599967122,41.29823599986778],[-122.30869799956632,41.29760399982727],[-122.30890400032894,41.297241000149135],[-122.30935399969245,41.29658500021364],[-122.30963400007491,41.296102000276555],[-122.30976899979413,41.295831000117694],[-122.30985400018292,41.29563400017463],[-122.30994299987141,41.29544099988297],[-122.3102440001703,41.29479100015939],[-122.31043699961582,41.29438600013514],[-122.31070799977749,41.293811000314385],[-122.31084599986973,41.29356600007751],[-122.31099599965756,41.29322699979703]]},"properties":{"OBJECTID":88405,"NAME":null,"BASENAME":null,"MTFCC":"R1011"}},{"type":"Feature","id":88406,"geometry":{"type":"LineString","coordinates":[[-121.45712300021565,41.94158100004191],[-121.45672499983237,41.94122000020956],[-121.45548399972523,41.94008600030145]]},"properties":{"OBJECTID":88406,"NAME":null,"BASENAME":null,"MTFCC":"R1011"}},{"type":"Feature","id":88438,"geometry":{"type":"LineString","coordinates":[[-121.45896199982425,41.94324599972932],[-121.45712300021565,41.94158100004191]]},"properties":{"OBJECTID":88438,"NAME":null,"BASENAME":null,"MTFCC":"R1011"}},{"type":"Feature","id":89252,"geometry":{"type":"LineString","coordinates":[[-121.42012700004844,41.91261100026649],[-121.42209899972643,41.91381099989893],[-121.4233499998793,41.91457499984287],[-121.42403699996757,41.914993999855035],[-121.42527100040202,41.91574700014234],[-121.42893799974858,41.917984000206495],[-121.43305299970712,41.92049300013879],[-121.43332200021895,41.920657000115455],[-121.43421299962341,41.92120499980051],[-121.4345630003261,41.9214459998906],[-121.43548399986774,41.92214599992754],[-121.43646999970676,41.922984000050974],[-121.43879200008746,41.925093000211554],[-121.44261099977,41.92851799987469]]},"properties":{"OBJECTID":89252,"NAME":null,"BASENAME":null,"MTFCC":"R1011"}},{"type":"Feature","id":89302,"geometry":{"type":"LineString","coordinates":[[-121.45548399972523,41.94008600030145],[-121.45228099998586,41.93723099986085],[-121.4516840003093,41.93668599990962],[-121.44285699981728,41.92874200022115],[-121.44266400037175,41.928568999945135],[-121.44261099977,41.92851799987469]]},"properties":{"OBJECTID":89302,"NAME":"Union Pacific RR","BASENAME":"Union Pacific","MTFCC":"R1011"}},{"type":"Feature","id":89359,"geometry":{"type":"LineString","coordinates":[[-122.28537100012088,41.18801399998845],[-122.28516500025657,41.188664999717936],[-122.28477199989618,41.18937300003877],[-122.28445999972665,41.189873000186296],[-122.28418000024247,41.19022400006247],[-122.2837459998742,41.190687999995944],[-122.28310900001466,41.191347999702096],[-122.2825919998057,41.19185999981169],[-122.28116999994862,41.19332599992461],[-122.28040500004253,41.194115000313296],[-122.27909899963808,41.19543000033277],[-122.27887299968228,41.19563899993697],[-122.27840200040242,41.19603699993824],[-122.27770000024553,41.1966559999685],[-122.27720599960281,41.19706700014988],[-122.27609199971728,41.1978189997529]]},"properties":{"OBJECTID":89359,"NAME":null,"BASENAME":null,"MTFCC":"R1011"}},{"type":"Feature","id":89361,"geometry":{"type":"LineString","coordinates":[[-122.37338100025819,41.37970599992334],[-122.37321800005157,41.380571000211454],[-122.37303300010363,41.38117900022289],[-122.37287200044516,41.38163200028427],[-122.37268400012417,41.38202499977208],[-122.3723979998939,41.38250199975681],[-122.37211199966364,41.38289500005301],[-122.3717550001866,41.38338399977057],[-122.37133199968896,41.383819000026236],[-122.37092599980811,41.384217999724065],[-122.37053599982077,41.38456999990964],[-122.3702560003366,41.384784000090605],[-122.36975500002116,41.38512400018326],[-122.36904500036671,41.38562199971464]]},"properties":{"OBJECTID":89361,"NAME":null,"BASENAME":null,"MTFCC":"R1011"}},{"type":"Feature","id":89399,"geometry":{"type":"LineString","coordinates":[[-122.3601810000648,41.39912900000715],[-122.36049499988414,41.39923099988556],[-122.36078699996219,41.39934900000761],[-122.36117699994954,41.39959000017939],[-122.36141899979887,41.39980700003922],[-122.3616049995717,41.40005499966562],[-122.36173500016636,41.40031499998582],[-122.36181100033434,41.40069400027911],[-122.3618299997026,41.40123899968354],[-122.3618299997026,41.40172299983308],[-122.36187599973336,41.40304299998956],[-122.36192599996207,41.404357000175644],[-122.36194699987846,41.40484000011266],[-122.36200299995497,41.4053359997585],[-122.36205300018368,41.405522000081326],[-122.36215199991787,41.405719999839945],[-122.36226300024599,41.40591900022463],[-122.3625050000953,41.40617899999177],[-122.36264999986025,41.40631500008783]]},"properties":{"OBJECTID":89399,"NAME":null,"BASENAME":null,"MTFCC":"R1011"}},{"type":"Feature","id":89400,"geometry":{"type":"LineString","coordinates":[[-122.38755100039707,41.429369000022284],[-122.3873489998324,41.42924500003484],[-122.38707000017314,41.42905299976074],[-122.38680700040737,41.42893800030692],[-122.38655899981197,41.42885400019647],[-122.38636700019133,41.4287989998167],[-122.38613100018978,41.428751999675654],[-122.38608099996107,41.428745000267945],[-122.38590199986092,41.42871800013999],[-122.38554399966063,41.42871800013999],[-122.3851040003429,41.428738999716614]]},"properties":{"OBJECTID":89400,"NAME":null,"BASENAME":null,"MTFCC":"R1011"}},{"type":"Feature","id":89401,"geometry":{"type":"LineString","coordinates":[[-122.51942799961245,41.52185399980826],[-122.5197210004137,41.52237300013598],[-122.51977800031513,41.52255199993677],[-122.51978599981271,41.52258000011636],[-122.5199740001337,41.523171000022565],[-122.52002400036241,41.5233439997636],[-122.52005199995149,41.52343900021772],[-122.5202360000745,41.524071000247865],[-122.52088299997982,41.525822999665785],[-122.52113300022506,41.52653800005119],[-122.52124700002787,41.52687300017538],[-122.52177400028256,41.52841500020689],[-122.52202100015477,41.529113000173105],[-122.52273599983214,41.53113800003249],[-122.52342200009547,41.53284700015943]]},"properties":{"OBJECTID":89401,"NAME":null,"BASENAME":null,"MTFCC":"R1011"}},{"type":"Feature","id":89402,"geometry":{"type":"LineString","coordinates":[[-122.51905799971658,41.5214049997509],[-122.51897400005099,41.521277999800084],[-122.51895700033255,41.521226000140224],[-122.51879300030103,41.521026000075985],[-122.51874600044535,41.52096699999611],[-122.51824900032791,41.52034700021347],[-122.51711500035088,41.51883400021192]]},"properties":{"OBJECTID":89402,"NAME":null,"BASENAME":null,"MTFCC":"R1011"}},{"type":"Feature","id":89409,"geometry":{"type":"LineString","coordinates":[[-122.51942799961245,41.52185399980826],[-122.51905799971658,41.5214049997509]]},"properties":{"OBJECTID":89409,"NAME":"Central Oregon & Pacific RR","BASENAME":"Central Oregon & Pacific","MTFCC":"R1011"}},{"type":"Feature","id":89410,"geometry":{"type":"LineString","coordinates":[[-122.38677499972204,41.427365999854025],[-122.38726000014391,41.426022999898116],[-122.38747000020622,41.425552999762374],[-122.38795200025507,41.42444600026223],[-122.3882150000208,41.42399199988639],[-122.38838900009804,41.42378699996725],[-122.38850999957356,41.423723999779945],[-122.38858300026679,41.423685000242784],[-122.38871100031334,41.42361800017151],[-122.38884799968237,41.423547000241705],[-122.38902199975965,41.42348599971826],[-122.38933399992919,41.4233770002082],[-122.38972300009159,41.42333799978903],[-122.38999300042835,41.423342999878635],[-122.39028999963095,41.423384000194595],[-122.39064199998344,41.42344500014031],[-122.390918000168,41.42352199986847],[-122.39175500004406,41.4238120002385],[-122.39361999959195,41.424103000262555],[-122.39462999972042,41.42448000001425],[-122.39527400015095,41.42487599989589],[-122.39699399993388,41.42650399993113],[-122.39707400029984,41.426593999790825],[-122.39778099958123,41.42738600031647],[-122.39808199988012,41.42804199981174],[-122.39819999988092,41.4293080002536],[-122.39840900011828,41.43009899981857],[-122.39874200020422,41.43064200005903],[-122.3992259999029,41.43093399995144],[-122.40007299982472,41.431062000080715],[-122.40108399977808,41.43102399973193],[-122.40411199961527,41.43093500012183],[-122.405479999944,41.431070000080446],[-122.40700100043361,41.43143399969736],[-122.40836899986405,41.43150099978563],[-122.41095300018556,41.43124599982443],[-122.41262500028792,41.43154100017727],[-122.4138439997554,41.43224899986513],[-122.41463499960075,41.43249899986982],[-122.4156380000565,41.43259000031951],[-122.41639799993969,41.43245100023997],[-122.417004999662,41.43208399980604],[-122.41836899979279,41.43048099999252],[-122.41903699961446,41.430090999699175],[-122.41967500019724,41.43004399981997],[-122.42040499994322,41.43018099997486],[-122.42274999989013,41.4320080002827],[-122.42415199965573,41.43317199985281],[-122.42494400022429,41.43392600028155],[-122.4251280003473,41.43445200021251],[-122.42485800001057,41.435847999885745],[-122.42485200016279,41.43596799968548],[-122.42480899960675,41.43691299970012],[-122.42463600025272,41.43914900012066],[-122.42457599997826,41.43931599981262],[-122.42442299981738,41.43977000010571],[-122.42336400018344,41.442689000032],[-122.42327499959667,41.44362000017986],[-122.42336699965817,41.4443019996812],[-122.42367200015501,41.444869999865176],[-122.424249999565,41.44550500023769],[-122.42707999993381,41.44761000025388],[-122.42750699973108,41.4482679998705],[-122.42753799969321,41.449041999839785],[-122.4273259999811,41.44983700015931],[-122.42644499972411,41.450563999756184],[-122.4248339997211,41.45140399982488],[-122.42431800023537,41.45204000005761],[-122.424249999565,41.45247099988266],[-122.4242269999988,41.452615000031095],[-122.42434800037262,41.45306699986082],[-122.42477299962175,41.453616000107225],[-122.42616699988974,41.45481499976837],[-122.42768400018142,41.455899999784016],[-122.42856200006537,41.45723399970896],[-122.4292950001844,41.45785000018488],[-122.42987599996744,41.458077999935476],[-122.43173700021568,41.45832599991157],[-122.43245100006813,41.458304000060636],[-122.43452999987625,41.45819699994463],[-122.43520799974367,41.45825800016453],[-122.43674699977664,41.458411000000105],[-122.4377870000423,41.45849599997719],[-122.4379900004319,41.45851299968995],[-122.4388080000414,41.45859199972232],[-122.43987900026922,41.45907899985917],[-122.44080099963581,41.45975200022123],[-122.4414750002036,41.46072200009463],[-122.44190700002373,41.46180799994963],[-122.44198099964356,41.46257100005438],[-122.44179099967276,41.465690000021674],[-122.44195899990227,41.46631399997724],[-122.44236999980599,41.4669379999858],[-122.44591700040027,41.47056899985774],[-122.44668999980398,41.47117099977567],[-122.44752300038039,41.471542000118475],[-122.44856899959554,41.471754000130346],[-122.44973299970978,41.471717000267155],[-122.45059499970021,41.47146999989326],[-122.45131199992571,41.47117099977567],[-122.45161499987442,41.471046000011036],[-122.45217399991614,41.47081500007031],[-122.45377700042152,41.46937999980627],[-122.45479300039776,41.469181000046206],[-122.4550340004222,41.46919299972771],[-122.45569700022101,41.46929499995985],[-122.4565490001657,41.469522000283135],[-122.45719000022322,41.46997899994358],[-122.45765100035565,41.471739999820755],[-122.45801799987846,41.47222000005631],[-122.45878000030979,41.472697999703605],[-122.4597539995549,41.472970999814684],[-122.46051500016134,41.47329000015697],[-122.46225300038591,41.47452100033122],[-122.46331899969256,41.47497700025864],[-122.46687999963224,41.475496000142684],[-122.47473100033098,41.476349999682384],[-122.47488899961641,41.476404000000095],[-122.47571600034507,41.476673000102366],[-122.47690100037569,41.477304000242206],[-122.4775850000909,41.47800999975111],[-122.47762199990085,41.47804700006046],[-122.4793879997145,41.47985799993317],[-122.4816409995999,41.48216900014007],[-122.48194000024897,41.48247300024431],[-122.48414499955548,41.48544600006929],[-122.48489699994106,41.48626000011524],[-122.48570600022803,41.48684200002904],[-122.48977199978277,41.489016000018815],[-122.49122999962492,41.489672000223734],[-122.49221800001206,41.48993199968136],[-122.49988399986455,41.491327999880085],[-122.50149099966956,41.49172600006729],[-122.50408500003682,41.49230399973826],[-122.5051960004476,41.49266300018549],[-122.50751200008219,41.4932430000086],[-122.50846899960888,41.49357599978661],[-122.50970700024126,41.49435099983296],[-122.5106749996386,41.49581799999993],[-122.51114300034207,41.496307999908716],[-122.51179100007225,41.497091000168375],[-122.5120680000817,41.49836999970518],[-122.51251400014554,41.49986699982086],[-122.51283800001062,41.50024600026864],[-122.51440800000573,41.50540800005206],[-122.51477200005381,41.50842500018132],[-122.51519100035345,41.5148639999308],[-122.51538200014917,41.51597700014271],[-122.5156089999299,41.51676999991527],[-122.51598700022164,41.51754100013728],[-122.51711500035088,41.51883400021192]]},"properties":{"OBJECTID":89410,"NAME":"Central Oregon & Pacific RR","BASENAME":"Central Oregon & Pacific","MTFCC":"R1011"}},{"type":"Feature","id":89463,"geometry":{"type":"LineString","coordinates":[[-122.3601810000648,41.39912900000715],[-122.35996699980456,41.39908499991767],[-122.35972499995522,41.39904499974926],[-122.35942799985428,41.39902899994454],[-122.3592529999521,41.39904899969985],[-122.35914300034726,41.399047999712224],[-122.35875199963668,41.39911900014259],[-122.35835999999954,41.39930200011601],[-122.35806799992147,41.399458000084145],[-122.35773599966045,41.399816999797906],[-122.3573570004421,41.400242000249754]]},"properties":{"OBJECTID":89463,"NAME":null,"BASENAME":null,"MTFCC":"R1011"}},{"type":"Feature","id":89464,"geometry":{"type":"LineString","coordinates":[[-122.35904000041509,41.39663899970073],[-122.35903799986693,41.396873999687365],[-122.35896699972184,41.39729099972565],[-122.35890899999553,41.3976070002206],[-122.35892999991192,41.397880000300404],[-122.35900199988193,41.3980999998118],[-122.35908499972263,41.39827899996129],[-122.35915800041586,41.39839399979724],[-122.35920500027153,41.398445000333204],[-122.35928800011222,41.39853699998328],[-122.35951400006799,41.398771999845955],[-122.35977199981087,41.398914999874144],[-122.3601810000648,41.39912900000715]]},"properties":{"OBJECTID":89464,"NAME":null,"BASENAME":null,"MTFCC":"R1011"}},{"type":"Feature","id":89465,"geometry":{"type":"LineString","coordinates":[[-122.37338100025819,41.37970599992334],[-122.3733839997329,41.38004399971909],[-122.37337100021246,41.380198999791766],[-122.37344800020533,41.38056499992806],[-122.37357700007678,41.38116699976769],[-122.37363300015326,41.38146199975621],[-122.37367300033624,41.381790000027635],[-122.37368199965874,41.38207899974246],[-122.37365300024473,41.38230799966797],[-122.37359600034334,41.38245400024729],[-122.37356899968086,41.38257400030261]]},"properties":{"OBJECTID":89465,"NAME":null,"BASENAME":null,"MTFCC":"R1011"}},{"type":"Feature","id":89466,"geometry":{"type":"LineString","coordinates":[[-122.37372199984173,41.378245000286555],[-122.37359899981807,41.37850099967444],[-122.37349199968796,41.378911999846615],[-122.37344099963433,41.37921299968795],[-122.37338100025819,41.37965099971861],[-122.37338100025819,41.37970599992334]]},"properties":{"OBJECTID":89466,"NAME":null,"BASENAME":null,"MTFCC":"R1011"}},{"type":"Feature","id":89504,"geometry":{"type":"LineString","coordinates":[[-122.25039799968533,41.286673999703595],[-122.25025299992036,41.286611000321265],[-122.2499800001089,41.286491999897066]]},"properties":{"OBJECTID":89504,"NAME":null,"BASENAME":null,"MTFCC":"R1011"}},{"type":"Feature","id":89505,"geometry":{"type":"LineString","coordinates":[[-122.21517400007791,41.27168400000771],[-122.21482400027352,41.27168400000771],[-122.21426100003384,41.27170199990364],[-122.2134619997926,41.27178000029553],[-122.21263699961204,41.27192900004067],[-122.21223900012713,41.27203000021374],[-122.2113429998015,41.272268000250975],[-122.21085699955468,41.27241000020032],[-122.21065700043646,41.27246800025244],[-122.20976299976063,41.272733000137684],[-122.20891300036406,41.27297599981049]]},"properties":{"OBJECTID":89505,"NAME":null,"BASENAME":null,"MTFCC":"R1011"}},{"type":"Feature","id":89506,"geometry":{"type":"LineString","coordinates":[[-122.29120900023541,41.26500499998506],[-122.29066600008719,41.26475700022692],[-122.29030399968894,41.26459199987425]]},"properties":{"OBJECTID":89506,"NAME":null,"BASENAME":null,"MTFCC":"R1011"}},{"type":"Feature","id":89507,"geometry":{"type":"LineString","coordinates":[[-122.36967700020337,41.40171099980055],[-122.36951399999676,41.40192099971288],[-122.36940900041476,41.40210200000081],[-122.36934099974437,41.40230199994862],[-122.36927399979723,41.40319300019438]]},"properties":{"OBJECTID":89507,"NAME":null,"BASENAME":null,"MTFCC":"R1011"}},{"type":"Feature","id":89508,"geometry":{"type":"LineString","coordinates":[[-122.37808299984756,41.409920999946095],[-122.37804600003766,41.40969099976957],[-122.37801500007551,41.40953800026456],[-122.37800500002976,41.409492000157954],[-122.37790399974745,41.4093000000937]]},"properties":{"OBJECTID":89508,"NAME":null,"BASENAME":null,"MTFCC":"R1011"}},{"type":"Feature","id":89509,"geometry":{"type":"LineString","coordinates":[[-122.6451929999752,42.00474199985664],[-122.64532699986952,42.004851999797715],[-122.645418999931,42.004964000124836]]},"properties":{"OBJECTID":89509,"NAME":null,"BASENAME":null,"MTFCC":"R1011"}},{"type":"Feature","id":89510,"geometry":{"type":"LineString","coordinates":[[-122.62188400007312,41.99331000021847],[-122.62205999980021,41.99337099989767],[-122.62248900014562,41.99357600018617],[-122.62337600025042,41.99402499971302],[-122.62423800024088,41.994453999693704],[-122.62445199960278,41.99457000010066],[-122.62461800018245,41.99466100006474],[-122.62489400036698,41.994845999942775],[-122.62509199983539,41.99500599985468],[-122.62532700001204,41.99524399975569],[-122.62540099963188,41.99533500009135],[-122.62553899972416,41.995432999691],[-122.62570199993074,41.99555500026254]]},"properties":{"OBJECTID":89510,"NAME":null,"BASENAME":null,"MTFCC":"R1011"}},{"type":"Feature","id":89511,"geometry":{"type":"LineString","coordinates":[[-122.60629299990207,41.9742649997004],[-122.60603599998413,41.9742570002133],[-122.60584000016553,41.974249999826405],[-122.6057459995559,41.974238999693945],[-122.60566400043844,41.97422899999688],[-122.6054369997594,41.97418800008714],[-122.60517099962064,41.974112999923335],[-122.60488399956544,41.97401200023995],[-122.60457800014203,41.97386200007735],[-122.60422599978949,41.973667999984315]]},"properties":{"OBJECTID":89511,"NAME":null,"BASENAME":null,"MTFCC":"R1011"}},{"type":"Feature","id":89515,"geometry":{"type":"LineString","coordinates":[[-122.52732100014397,41.67694500002169],[-122.5278879996833,41.677842000071806]]},"properties":{"OBJECTID":89515,"NAME":null,"BASENAME":null,"MTFCC":"R1011"}},{"type":"Feature","id":89516,"geometry":{"type":"LineString","coordinates":[[-122.53504800009581,41.70245699979961],[-122.53477600010925,41.70255399973406],[-122.5344630001148,41.70266400015336]]},"properties":{"OBJECTID":89516,"NAME":null,"BASENAME":null,"MTFCC":"R1011"}},{"type":"Feature","id":89517,"geometry":{"type":"LineString","coordinates":[[-122.61140299992044,41.73934899988809],[-122.61162300002849,41.73936600018481],[-122.61173299963333,41.739374000283426],[-122.61226300026105,41.73938100028517],[-122.61252000017902,41.739372000091294],[-122.61270699977678,41.73936600018481],[-122.61305599975621,41.73934799979164],[-122.61342300017735,41.73929500001979],[-122.61374200001956,41.73924700002428],[-122.61412000031135,41.73917500029886],[-122.61484400020953,41.73901500032215]]},"properties":{"OBJECTID":89517,"NAME":null,"BASENAME":null,"MTFCC":"R1011"}},{"type":"Feature","id":89523,"geometry":{"type":"LineString","coordinates":[[-122.63833200021175,42.02778699991513],[-122.63835599960291,42.02774299967807],[-122.63848199999957,42.02757199975653],[-122.63851399978665,42.02718700018516],[-122.63839900015891,42.026659999969496],[-122.63826500026461,42.02572200011194],[-122.63817200037818,42.02534299982021],[-122.63811799995152,42.02510099984648],[-122.63809700003512,42.024552999777285],[-122.63803500011083,42.0241239998683],[-122.63800800034664,42.023520999946285],[-122.63800999999648,42.02317900028759],[-122.63802199969204,42.023081999715885],[-122.6380600002252,42.02288000007982],[-122.638138000043,42.02269199993447],[-122.63826299971647,42.0225300002153],[-122.6384619999081,42.02231800000868],[-122.63886799978897,42.02198800013156],[-122.63906199995772,42.02183899991699],[-122.63978900022896,42.02128700030293],[-122.64007600028414,42.02093199982663],[-122.64031200028568,42.02039700012084],[-122.64058599992207,42.020056999777246],[-122.64088700022093,42.01944999975135],[-122.64130599962228,42.01901600011315],[-122.64177000012779,42.018794000165],[-122.64244899982012,42.01863999977575],[-122.64287800016552,42.01855199995791],[-122.64340399969699,42.01838399990687],[-122.64404899995245,42.01813700007064],[-122.64420799996113,42.01803699990193],[-122.64464700035226,42.01774400006398],[-122.64598899984341,42.01672599995126],[-122.64666900025898,42.01616400021635],[-122.64694299989537,42.01586999997494],[-122.64730100009564,42.01547900022003],[-122.64759800019655,42.01513000012567],[-122.64783199965,42.014785999785865],[-122.64802199962077,42.014402999824256],[-122.64818300017757,42.01397700028565],[-122.6484019995624,42.01330899976067],[-122.64858900005844,42.01280599993969],[-122.64871100025718,42.01249399981127],[-122.64898200041884,42.012017000160604],[-122.64915499977288,42.01173100022467],[-122.6494610000946,42.01136900015609],[-122.64958800031623,42.01123799983197],[-122.64968299985249,42.01105999989675],[-122.64980000002835,42.01077199993649],[-122.64985799975466,42.01059200030034],[-122.6498949995646,42.01036799990834],[-122.64990499961033,42.01000299979964],[-122.649846999884,42.00958499988212],[-122.6497189998375,42.00917600021688],[-122.64952800004177,42.0088249997913],[-122.64934399991876,42.00853599982604],[-122.64886299969483,42.0081079998976],[-122.64644699960282,42.00608100008453],[-122.64606900020934,42.00575000011586],[-122.64577899978113,42.00546300009216],[-122.64559800003117,42.0051569997015],[-122.645418999931,42.004964000124836]]},"properties":{"OBJECTID":89523,"NAME":null,"BASENAME":null,"MTFCC":"R1011"}},{"type":"Feature","id":89581,"geometry":{"type":"LineString","coordinates":[[-122.53854799993613,41.73418299971552],[-122.5377939999007,41.733935999791804],[-122.53737999962391,41.7338589999063],[-122.53652199983142,41.733818999990326],[-122.53591699975897,41.73382300005012],[-122.53491000000355,41.733817000295545],[-122.53383700012591,41.73380500011441],[-122.53297900033343,41.73382300005012],[-122.53232900005507,41.73372800007191],[-122.53165299983749,41.73352499994401],[-122.53098599984071,41.73326899979264],[-122.53054499979973,41.73310199983533],[-122.53008700004033,41.73290500025075],[-122.52886600002469,41.73241700023636],[-122.52730400042552,41.73180899978994],[-122.52655700006278,41.73149899978395],[-122.52631400038855,41.73137099982083],[-122.52603400000606,41.731138000270285],[-122.52582099957075,41.73086999993207],[-122.52569599989727,41.73066799971863],[-122.52556399965279,41.73035200016166],[-122.5255779998965,41.72997400013909],[-122.52561100040677,41.72956800031898]]},"properties":{"OBJECTID":89581,"NAME":"Yreka Western RR","BASENAME":"Yreka Western","MTFCC":"R1011"}},{"type":"Feature","id":89703,"geometry":{"type":"LineString","coordinates":[[-122.60422599978949,41.973667999984315],[-122.60386900031244,41.97345899990792],[-122.60350600008928,41.973224000060654],[-122.6032259997068,41.973020999929446],[-122.6029160000854,41.97272600022719],[-122.60263900007595,41.97239799981672],[-122.60235200002079,41.97209800021846],[-122.6021550003773,41.97187099981266],[-122.60185400007843,41.97162100029203],[-122.60149900025117,41.97137700001148],[-122.60115799976933,41.97121000009908],[-122.60076500030726,41.971063999960975],[-122.60028800028127,41.970938999741456],[-122.59981999957783,41.97087600029658],[-122.59920100015995,41.970885000030286],[-122.59873900020257,41.97098900012584],[-122.59843399970573,41.97109600017541],[-122.59812699955907,41.97126299971879],[-122.59781100008989,41.9715260002036],[-122.597509999791,41.97179700006746],[-122.59730700029975,41.97193699969337],[-122.5969809998865,41.972088999988244],[-122.59671899994568,41.97217499968686],[-122.5963609997454,41.97224700005973],[-122.5960369998803,41.97228199974781],[-122.5956019996871,41.97225000012914],[-122.59525899955544,41.972156999914894],[-122.59494800010914,41.97202899975702],[-122.59458499988598,41.97188900033333],[-122.5942929998079,41.97166300032819],[-122.59407799972278,41.971304999990956],[-122.59395200022438,41.97087899976271],[-122.59393100030798,41.9703810002957],[-122.59395800007216,41.970053999666774],[-122.59394600037662,41.969743999981695],[-122.59388500027724,41.9692929998251],[-122.59377599959898,41.96867099984119],[-122.59366299962107,41.9680339997932],[-122.59360300024493,41.9675090001694],[-122.59366900036714,41.96723499979122],[-122.59389199994993,41.96695500026912],[-122.59404099991283,41.96669300016947],[-122.59407699989787,41.966252000069545],[-122.59404099991283,41.965954000045684],[-122.59380300026145,41.96557299986321],[-122.59344199968811,41.96528700025751],[-122.59310299975442,41.96486299969394],[-122.5929119999587,41.96410700027072],[-122.59293899972289,41.96367199991639],[-122.59290899958567,41.96336199990142],[-122.59275399977494,41.96298599997941],[-122.59238499970402,41.962343000130076],[-122.59190799967804,41.9617529999877],[-122.5916719996765,41.961573999945564],[-122.59122599961265,41.96137799989363],[-122.59062399991322,41.96122300017204],[-122.59027199956071,41.961210999820146],[-122.58980100028081,41.961252000066736],[-122.58932500007975,41.96134200025477],[-122.58886599959713,41.96141300020952],[-122.58852599983851,41.96145500029606],[-122.58812099978256,41.961406999717774],[-122.58777500017614,41.96133599975633],[-122.58744799993801,41.96119900013404],[-122.58699900039943,41.96090399979123],[-122.58643000031194,41.960456999787304],[-122.58578400023154,41.95992099991628],[-122.58540099991691,41.95949199971237],[-122.58507299985386,41.95897899994647],[-122.58470200013309,41.958511000132226],[-122.58446399958339,41.958291000213784],[-122.58415099958896,41.958111999798746],[-122.5837809996931,41.95796899977767],[-122.58342800041397,41.957889999787255]]},"properties":{"OBJECTID":89703,"NAME":"Central Oregon & Pacific RR","BASENAME":"Central Oregon & Pacific","MTFCC":"R1011"}},{"type":"Feature","id":89704,"geometry":{"type":"LineString","coordinates":[[-122.6451929999752,42.00474199985664],[-122.6448900000265,42.00451900018754],[-122.6444120001756,42.00438899973844],[-122.64373799960785,42.004179999702245],[-122.64346700034451,42.004072999839586],[-122.64327200035085,42.00395100024452],[-122.6430399996489,42.00373900018386],[-122.64274799957086,42.0034499998103],[-122.64250300024679,42.00316400007472],[-122.64226300004727,42.002950000089925],[-122.64192400011359,42.00265500019427],[-122.64164100025636,42.00241000001064],[-122.64126799998746,42.0022230000967],[-122.6405249998227,42.001901000106415],[-122.63963699989297,42.001525000058166],[-122.63915099964618,42.00132300004153],[-122.63805299965418,42.00085500024239],[-122.63753200014558,42.00063200030121],[-122.63724599991532,42.000488000244275],[-122.63703599985304,42.0004229999403],[-122.63645500006997,42.000172999692886],[-122.63536299992576,41.99970500011427],[-122.63463900002758,41.99939800002753],[-122.63434199992666,41.99926799979666],[-122.6339999996199,41.99912700012927],[-122.63291000002383,41.998671000173964],[-122.63092999994991,41.9978220000286],[-122.62859199967569,41.99683600015532],[-122.62652899976109,41.995947999835025],[-122.62570199993074,41.99555500026254],[-122.62526599991266,41.99535099977742],[-122.62423999989066,41.99481400031267],[-122.62369699974246,41.99454300025502],[-122.62273900039087,41.99405299990422],[-122.6223950004343,41.99385600018107],[-122.62218700002182,41.993693999785776],[-122.62197000028684,41.99347799973005],[-122.62191900023323,41.99339200009108],[-122.62188400007312,41.99331000021847],[-122.62144800005504,41.99279299980191],[-122.62130400011497,41.9924670002305],[-122.62107200031141,41.99202000004338],[-122.62092099980035,41.99175499974379],[-122.6208260002641,41.99157300005545],[-122.6207280003548,41.99131099973706],[-122.62070700043841,41.99104599982407],[-122.62073699967733,41.990754000025575],[-122.62084200015762,41.9904199998988],[-122.62096500018127,41.99012500000448],[-122.62105100039498,41.98990800033216],[-122.62108499983185,41.9897349997773],[-122.62108200035715,41.98947299990587],[-122.62096900037925,41.98920199980901],[-122.62085100037847,41.988984000123224],[-122.62064899981377,41.988733999674864],[-122.62032999997155,41.988493000164084],[-122.61986700018927,41.98826000014088],[-122.61948800007261,41.98815300021702],[-122.61889899989362,41.988101999734475],[-122.61849999968545,41.9881400000455],[-122.61798400019974,41.98825400017484],[-122.61744799972422,41.988397000323715],[-122.6172360000121,41.98842700008073],[-122.61701099988119,41.9884479999022],[-122.61673999971957,41.98844900011611],[-122.61649299984734,41.98841899970176],[-122.61631399974722,41.98839000015581],[-122.61608500031667,41.98832699994544],[-122.61577800017,41.988211000179334],[-122.61539700040349,41.9880409996797],[-122.61501499991375,41.98785600005376],[-122.61483499998872,41.987755000132154],[-122.61464699966773,41.987629999954436],[-122.61444500000135,41.987462999926926],[-122.61431699995484,41.987317000323564],[-122.61420599962675,41.98713199992912],[-122.61411100009053,41.98689699978975],[-122.61408000012837,41.98678700019363],[-122.61404099977031,41.98662900013769],[-122.61404099977031,41.986440999678535],[-122.61407699975533,41.9862620002314],[-122.6141660003421,41.986021000042754],[-122.61428699981762,41.985743999738034],[-122.6145310002151,41.98523399981663],[-122.61483599981361,41.984579000215916],[-122.61492399967717,41.98439099971283],[-122.61541599977173,41.983378000202656],[-122.61562699965896,41.98302699969825],[-122.61598499985922,41.98276999977791],[-122.61640800035686,41.98250799995541],[-122.61710499959254,41.98232900013472],[-122.61752499971709,41.98216800009742],[-122.61773999980227,41.98207900026293],[-122.61800799959087,41.981882000209374],[-122.61825799983612,41.98162599999523],[-122.61857400020362,41.981262999935694],[-122.61864000032584,41.98045800023153],[-122.61861900040947,41.98026800023123],[-122.61861299966334,41.97997000033314],[-122.61886899975637,41.97952299987451],[-122.61897000003876,41.979124000238876],[-122.61897000003876,41.9787899998651],[-122.61880299963417,41.978306999735196],[-122.61850899990627,41.97791999970447],[-122.61818099984322,41.97741299971369],[-122.61786500037404,41.97691299978841],[-122.61776099971864,41.976752000081525],[-122.61694399993405,41.975559999768876],[-122.61646500025826,41.974952000160954],[-122.61549299976465,41.97398099992809],[-122.61493299989799,41.97347499974948],[-122.6144829996362,41.97320599991727],[-122.61388699978451,41.97297399983972],[-122.61299999967974,41.97291399977429],[-122.61183200026584,41.972897000001474],[-122.61075900038821,41.972872999685876],[-122.61040100018792,41.97291999985012],[-122.61012699965322,41.97297999990996],[-122.60957900038044,41.973183000171844],[-122.60836099983953,41.9736649999817],[-122.60764500033727,41.973945000064056],[-122.60713300015121,41.9741360000008],[-122.60672200024747,41.974225000251195],[-122.60629299990207,41.9742649997004]]},"properties":{"OBJECTID":89704,"NAME":"Central Oregon & Pacific RR","BASENAME":"Central Oregon & Pacific","MTFCC":"R1011"}},{"type":"Feature","id":89705,"geometry":{"type":"LineString","coordinates":[[-122.5344630001148,41.70266400015336],[-122.5337440002395,41.702917000202355],[-122.53328300010703,41.70308200016457],[-122.53262000030823,41.70332999997798],[-122.53222000027515,41.70351899983173],[-122.53194900011349,41.70370399987801],[-122.53174099970103,41.703899999817665],[-122.53153800020975,41.70423700011699],[-122.53146200004177,41.70444500007491],[-122.53122100001733,41.70519600002643],[-122.53116599976578,41.70536899981523],[-122.53110899986434,41.70556200018939],[-122.5309990002595,41.705895000039234],[-122.53089899980208,41.70623599970726],[-122.53083900042593,41.70656700021785],[-122.53083900042593,41.706823000130946],[-122.53091499969557,41.707544000168575],[-122.53099000003866,41.708017999854725],[-122.53115800026816,41.70916200013713],[-122.5312670000481,41.709770000298434],[-122.53135300026182,41.71010899976977],[-122.53149600037696,41.710466999785034],[-122.53155900012615,41.71059499981616],[-122.53177599986114,41.7110660002091],[-122.5319630003572,41.71150700003707],[-122.53215900017577,41.71200999973316],[-122.53223000032088,41.712394999748895],[-122.53226100028301,41.713082999754725],[-122.53221400042735,41.71351500003382],[-122.53214499993206,41.71432499985629],[-122.5320629999163,41.714875999767266],[-122.53185799987688,41.71549299971685],[-122.53163000027125,41.716103999710654],[-122.53155199955515,41.71633000030988],[-122.53148200013324,41.716575999750226],[-122.53138300039905,41.71719099993128],[-122.53123600008597,41.72026599972659],[-122.5312179996443,41.72064599998017],[-122.5307239998999,41.72217800032303],[-122.529957000344,41.72329700008515],[-122.52843199965642,41.72552499971322],[-122.52794799995775,41.72626199993911],[-122.52764599983394,41.726721000004],[-122.52683499989715,41.727890999718],[-122.52561100040677,41.72956800031898],[-122.52449300032329,41.73127099979791],[-122.52235199969257,41.73441100009119],[-122.52209200029988,41.734794000314814],[-122.52168999971866,41.735013999891855],[-122.52125500042379,41.73550299977218],[-122.52011800007374,41.73681999977688],[-122.51891600032467,41.73807700001442],[-122.51742699962212,41.73960299975185],[-122.51427400011144,41.74282100024288],[-122.51179799974494,41.745352999963515],[-122.50917900016165,41.74801700010604],[-122.50865699992987,41.74861099992396],[-122.50855999984547,41.74872900020603],[-122.50801199967438,41.74945400033127],[-122.50749500036373,41.750142000292136],[-122.50719499988976,41.75055500019874],[-122.50460800009353,41.75420599997447],[-122.50113099981945,41.75893699999267],[-122.49585900031768,41.76561200023153],[-122.49200499957671,41.77064399979246],[-122.49191300041352,41.77067799988661],[-122.49153599994668,41.77114799969632],[-122.49106300011864,41.771738000127826],[-122.48130400021432,41.78407200031715],[-122.48088499991466,41.78459100012183],[-122.48049599975226,41.78507800004025],[-122.47989700042585,41.785840999710665],[-122.47955199974604,41.78626600003432],[-122.47939500028552,41.78645100026434],[-122.4789369996278,41.78703799984249],[-122.47877099994643,41.78725399980764],[-122.47864299989992,41.78742300026218],[-122.47844000040867,41.7876730000621],[-122.47812400004115,41.78819100018318],[-122.47790399993313,41.78853599972481],[-122.47777900025964,41.78890399995791],[-122.47767200012953,41.78926700014582],[-122.47760099998442,41.7896000001268],[-122.47755499995368,41.78983499978235]]},"properties":{"OBJECTID":89705,"NAME":"Central Oregon & Pacific RR","BASENAME":"Central Oregon & Pacific","MTFCC":"R1011"}},{"type":"Feature","id":89706,"geometry":{"type":"LineString","coordinates":[[-122.5278879996833,41.677842000071806],[-122.52817499973848,41.678281000224416],[-122.52846000014384,41.67872400020082],[-122.52875800006967,41.6791590002681],[-122.52903500007909,41.679555000289774],[-122.52932200013427,41.679929999914066],[-122.5298319997722,41.680487999754206],[-122.53037699957024,41.681014999856906],[-122.53103199987144,41.68157500033117],[-122.53172399998257,41.6821109997476],[-122.53315099986256,41.683291000027104],[-122.53365700020082,41.68371399994117],[-122.53426999977094,41.68415500018813],[-122.53473400027643,41.6844529997938],[-122.5350410004231,41.6846379996741],[-122.53537600015888,41.684915000037925],[-122.53559999956654,41.685173999740094],[-122.53580799997901,41.68554999975504],[-122.5359140002842,41.685781999967034],[-122.53594400042144,41.686009000076034],[-122.53593799967533,41.686437999717526],[-122.53587999994902,41.68710200005742],[-122.53585499983467,41.687444999891596],[-122.53586099968243,41.68790299988386],[-122.5359219997818,41.68842000013346],[-122.53605900004915,41.68888399981841],[-122.53623999979914,41.689345999773906],[-122.53663499980935,41.69025999990936],[-122.5372099997446,41.69163700025215],[-122.53822599972084,41.69396099997839],[-122.53834799991958,41.69428800011556],[-122.53845000002683,41.69467599996801],[-122.53843199958517,41.695135000242594],[-122.53834799991958,41.69560499975705],[-122.537863000396,41.69738100027611],[-122.53764199956474,41.698125999825976],[-122.53737700014918,41.69885299979889],[-122.53717499958451,41.69942499984626],[-122.53703400001751,41.69980499990269],[-122.53677000042687,41.700608999928036],[-122.53656399966422,41.7011640001124],[-122.5364080000286,41.70147000019575],[-122.53618799992059,41.70177100011079],[-122.53591299956099,41.702025000326714],[-122.53556500030476,41.70223600007323],[-122.53504800009581,41.70245699979961]]},"properties":{"OBJECTID":89706,"NAME":"Central Oregon & Pacific RR","BASENAME":"Central Oregon & Pacific","MTFCC":"R1011"}},{"type":"Feature","id":89751,"geometry":{"type":"LineString","coordinates":[[-122.5805699995578,41.73690399973593],[-122.57901299998147,41.738069999870554],[-122.57727200028214,41.73951400017253],[-122.57686700022622,41.73997300006218],[-122.57644899975146,41.74044900003259],[-122.57591300017425,41.740907999942145],[-122.57536500000316,41.741200000242024],[-122.57443199986761,41.741760000141305],[-122.57385000025965,41.742161999770005],[-122.57330799993635,41.7425920001852],[-122.57280099977312,41.74285999987275],[-122.57198499981344,41.743163999784954],[-122.5711429999145,41.74342899966747],[-122.57048099994059,41.743619000275956],[-122.57005800034129,41.74366699968452],[-122.56977200011103,41.74366699968452],[-122.5691939998027,41.743566000007526],[-122.56887199958742,41.743451999749894],[-122.5685800004077,41.74329199970539],[-122.56812099992507,41.7429279999957],[-122.56761200011204,41.74248099968192],[-122.56725999975954,41.742176999887505],[-122.56684300000803,41.74182599997288],[-122.56658699991499,41.74162299996965],[-122.56625300000415,41.741391000137654],[-122.56581399961301,41.74116700001301],[-122.56510800015648,41.740994000058244],[-122.56310899981597,41.740512000306445],[-122.56109500030517,41.74027899973005],[-122.56044099982888,41.74015400008789],[-122.55976399978636,41.74011799973826],[-122.55912000025413,41.740074000028336],[-122.55874500033539,41.7400319997896],[-122.55850699978572,41.73996600012502],[-122.55814600011068,41.73984400013988],[-122.5577739996667,41.739623999679786],[-122.55734299967149,41.73930200003013],[-122.556929000293,41.73897400016341],[-122.55652099986399,41.738623000169135],[-122.55618600012825,41.73832199987597],[-122.55551999995639,41.73789600016753],[-122.55486700020332,41.73763899988634],[-122.55420600005432,41.73745800014569],[-122.55347100028548,41.737281999867996],[-122.55203699983451,41.736963999735195],[-122.5515990001666,41.7368899998621],[-122.55115499975257,41.73682999979374],[-122.55077300016117,41.73680300014687],[-122.5501980002259,41.73677900022778],[-122.54963199961314,41.73673500024111],[-122.54916600035614,41.736668999869444],[-122.54846300037435,41.73647500025314],[-122.54788500006605,41.73630299986819],[-122.54752699986575,41.73618000015229]]},"properties":{"OBJECTID":89751,"NAME":"Yreka Western RR","BASENAME":"Yreka Western","MTFCC":"R1011"}},{"type":"Feature","id":89752,"geometry":{"type":"LineString","coordinates":[[-122.58797199981963,41.73326299998633],[-122.5834369997365,41.73529099979595],[-122.5826960001199,41.735634000008474]]},"properties":{"OBJECTID":89752,"NAME":"Yreka Western RR","BASENAME":"Yreka Western","MTFCC":"R1011"}},{"type":"Feature","id":89755,"geometry":{"type":"LineString","coordinates":[[-122.50817700042913,41.898501000276575],[-122.50768100013659,41.89822700017218],[-122.50708500028492,41.897888000268125],[-122.50640200039463,41.897368999839856],[-122.50602599975268,41.89719000024839],[-122.50574299989545,41.897101000085456],[-122.50545900021332,41.89704700000877],[-122.5048940003238,41.89700300033357],[-122.50457799995631,41.89698800033094],[-122.50428900025132,41.89694599990376],[-122.5037319998594,41.8968269999922],[-122.50288699958737,41.89664200031867],[-122.50241100028465,41.896553000060685],[-122.50210400013798,41.89650799972531],[-122.50157600005838,41.896461000054344],[-122.50115000008603,41.89645799976121],[-122.5007330003345,41.89644900021821],[-122.50047700024146,41.89644399995148],[-122.49919699977626,41.896422000244264],[-122.49876499995615,41.896422000244264],[-122.49792200023226,41.89644199997838],[-122.49749999955955,41.896493000275086],[-122.49701699968581,41.89660899985433],[-122.49637900000134,41.8968360001506],[-122.49578499979951,41.89712799977235],[-122.49537100042103,41.897324999717846],[-122.49496499964185,41.89754500002482],[-122.49441399999604,41.89778300029379],[-122.49411299969715,41.89785499977897],[-122.49382399999216,41.897890000195886],[-122.49349400027927,41.89790499998661],[-122.49310900031482,41.8978639997925],[-122.49281399986371,41.89780099967121],[-122.49258299988504,41.89771499992535],[-122.49231799957116,41.89759299986956],[-122.49206499985118,41.897434999966066],[-122.4917219997195,41.897110000205245],[-122.49111599982209,41.896493000275086],[-122.49070499991835,41.896063999931705],[-122.49057500022202,41.89590899990786],[-122.49042299988604,41.89567399967198],[-122.49033099982454,41.895378999745205],[-122.49023899976302,41.89498800030832],[-122.49016299959504,41.89478899981597],[-122.49008200030251,41.89463400004128],[-122.48996000010376,41.89447600017281],[-122.48978400037667,41.89422300030157],[-122.48960199990348,41.893998999819615],[-122.48951300021503,41.89380000025797],[-122.48929300010698,41.8933289997492],[-122.48905999958018,41.89278699971976],[-122.48890999979236,41.89247999991934],[-122.48875800035468,41.892274000278064],[-122.48849300004085,41.892044999705575],[-122.4881440000614,41.891841999840274],[-122.48763000022547,41.89167500020528],[-122.48712700026024,41.89154099989017],[-122.48672700022716,41.89141299968595],[-122.48646500028633,41.89127299975397],[-122.48598099968935,41.89090999997243],[-122.48498599962952,41.89013799967799],[-122.48421599970058,41.8895269998377],[-122.4838729995689,41.88923999973315],[-122.48350600004612,41.88899500001012],[-122.48253600010062,41.88823299979255],[-122.48193199985303,41.88777200025153],[-122.48164899999583,41.88755300017876],[-122.48129099979553,41.887189999989516],[-122.48110500002271,41.8869430001591],[-122.48094000016627,41.886534000034956],[-122.48083600040918,41.886120000230086],[-122.48070900018757,41.88577199988896],[-122.48057199992022,41.885566000016176],[-122.48035699983507,41.885340000287634],[-122.47996400037299,41.88506299974008],[-122.47967099957171,41.88486299992605],[-122.479479999776,41.884708000141174],[-122.47928300013251,41.88450499969884],[-122.4790839999409,41.884195999866286],[-122.47901699999373,41.883960000160734],[-122.47898400038179,41.88374600032025],[-122.47899899955208,41.88350100026041],[-122.4790939999866,41.88318900000625],[-122.47921500036045,41.882904999779385],[-122.4792949998281,41.88262800004475],[-122.4793309998131,41.882411000140486],[-122.47928999980523,41.882107000265044],[-122.4792329999038,41.88190699989261],[-122.47913699964433,41.88169299986428],[-122.47897900035889,41.88147399968706],[-122.4786830000829,41.88119499998661],[-122.47816199967599,41.880970999968746],[-122.47794300029118,41.88088799998966],[-122.47766799993155,41.88081500020905],[-122.47727100027156,41.88071900001328],[-122.47698800041432,41.88061100020586],[-122.47681199978892,41.880532000032964],[-122.47663799971164,41.88043299970387],[-122.47637400012098,41.88023400001723],[-122.47617699957918,41.880004999758825],[-122.47602199976849,41.879737000052764],[-122.47592800005714,41.879468999891586],[-122.47591999966124,41.879143999680586],[-122.47600300040023,41.87876000002994],[-122.47613899994437,41.87824100002284],[-122.47629999960286,41.87775899978139],[-122.47639000001452,41.877250999819076],[-122.4765089998402,41.8767830002459],[-122.47654599965013,41.8764549998573],[-122.47653700032761,41.87624300023584],[-122.47648700009889,41.87603799971228],[-122.47636900009815,41.87574899992911],[-122.47616300023381,41.87543999989343],[-122.47609000043889,41.8753570000882],[-122.47583599999564,41.87513400032751],[-122.47547799979537,41.8748800001172],[-122.47511600029544,41.87469699974295],[-122.47487899957065,41.87455999995319],[-122.47409500029632,41.87414000014942],[-122.47285699966392,41.87349000006082],[-122.47249099996604,41.873291000158915],[-122.47215000038253,41.87310599988263],[-122.47190299961198,41.8730050000518],[-122.47159299999059,41.8729030000408],[-122.47108400017757,41.87282599974763],[-122.47060700015159,41.87273399968404],[-122.47029300033223,41.872616000179285],[-122.46995600004834,41.87244499967711],[-122.46971699967374,41.872268999903],[-122.46953799957359,41.87209000021337],[-122.46939500035677,41.87190000029335],[-122.46929900009731,41.87167000023301],[-122.46922399975423,41.87140799995293],[-122.46923899982286,41.87102399997644],[-122.46931199961779,41.8699029996785],[-122.46931599981573,41.869655999917775],[-122.46923899982286,41.869390999852584],[-122.46914400028659,41.86916699993535],[-122.46895900033869,41.86891699975785],[-122.46871199956817,41.86870900022975],[-122.46804000044683,41.868268000165635],[-122.46744399969684,41.86792199979824],[-122.46688200018038,41.867584999830775],[-122.4663759998421,41.86729599995838],[-122.46597099978612,41.86714699970353],[-122.46552100042264,41.867051999826714],[-122.46494300011432,41.86701599979423],[-122.46460300035571,41.86696299982104],[-122.46416899998744,41.86684099990516],[-122.46368199991572,41.866577000331944]]},"properties":{"OBJECTID":89755,"NAME":"Central Oregon & Pacific RR","BASENAME":"Central Oregon & Pacific","MTFCC":"R1011"}},{"type":"Feature","id":89756,"geometry":{"type":"LineString","coordinates":[[-122.58051600002942,41.95775900027222],[-122.58019100033943,41.957579999698936],[-122.57994699994197,41.95740099995889],[-122.57974399955236,41.95720399972729],[-122.57965499986392,41.95704999991225],[-122.579541999886,41.956774999937274],[-122.5795129995737,41.956679999755174],[-122.57946200041837,41.95643699974893],[-122.5794709997409,41.95628500018675],[-122.5795129995737,41.95610099988004],[-122.57958700009186,41.95589200028874],[-122.57969099984892,41.955698000249704],[-122.57983399996404,41.95551400025242],[-122.58008000001134,41.955275000076405],[-122.5802530002637,41.95514399986244],[-122.58053899959563,41.954948000074666],[-122.58085800033619,41.954769000290675],[-122.58143099972334,41.95445899971806],[-122.58174399971777,41.954288999970764],[-122.58194700010735,41.954170000078214],[-122.58213100023039,41.95406000006979],[-122.582394999821,41.95385099979801],[-122.58262499997478,41.95365700022695],[-122.58277999978549,41.95348799977157],[-122.58301900016008,41.953165999786414],[-122.58337700036037,41.95271300031274],[-122.58380699963237,41.95210800012089],[-122.58397099966392,41.95184900012861],[-122.58401900024279,41.95172099992184],[-122.58408399964182,41.951414999732435],[-122.58412800002274,41.951100999687704],[-122.58409799988553,41.950862999802006],[-122.58401900024279,41.950582999820604],[-122.58387000027987,41.95030599971207],[-122.58367299973807,41.95003700026111],[-122.58337800018529,41.94966499983553],[-122.58296899993137,41.94911099978997],[-122.5827809996104,41.948877999992014],[-122.58266199978472,41.94860099982378],[-122.58259200036281,41.94828500026293],[-122.58257100044642,41.947954999933316],[-122.5826390002185,41.947648000186305],[-122.5827320001049,41.947389000111826],[-122.58307000021371,41.94689999989108],[-122.58337399998734,41.94656300032124],[-122.58358800024757,41.946354999727404],[-122.58415899998488,41.9458630002859],[-122.58446899960629,41.94558899970048],[-122.58464299968354,41.94540099970038],[-122.58481900030897,41.945096999692865],[-122.5849079999974,41.94471899978061],[-122.58491100037045,41.94447199999893],[-122.58484000022534,41.94419200000895],[-122.58466299977505,41.94387299990599],[-122.58449600026877,41.94357500012943],[-122.58439900018439,41.94331600021249],[-122.58432300001641,41.942917999896885],[-122.58430499957475,41.94264700014555],[-122.58422699975694,41.94234899998443],[-122.58411700015208,41.942006000099596],[-122.58397999988473,41.94169899976969],[-122.58380400015764,41.941376999702925],[-122.58336300011669,41.94067399997466],[-122.58275200019641,41.93967299987474],[-122.5821329998802,41.93868400001689],[-122.58189699987864,41.938266999866805],[-122.58175399976352,41.93804599990125],[-122.58166500007506,41.93787900016915],[-122.58155200009716,41.93765899987046],[-122.5814919998227,41.93746200010102],[-122.58148000012713,41.93723000017905],[-122.58152199995992,41.93697400027654],[-122.58159300010503,41.93676500011887],[-122.5816950002123,41.936527000173115],[-122.58178999974854,41.936288000310874],[-122.58186699974142,41.9360560001276],[-122.58187599996226,41.93580599975154],[-122.5818519996728,41.935520000209856],[-122.58173299984712,41.93518000015617],[-122.58153100018076,41.934620000204816],[-122.58136700014923,41.93406000001434],[-122.58126900023993,41.93374500029426],[-122.58125499999625,41.9333770000087],[-122.5812399999276,41.933002000032246],[-122.58121599963816,41.93283499978941],[-122.58115100023916,41.93265600006407],[-122.58106699967526,41.932478000260915],[-122.58083800024471,41.93201900022243],[-122.5807470000081,41.931872999841],[-122.58060399989299,41.93166399967464],[-122.580387000158,41.931476999824646],[-122.58012900041513,41.93128300033365],[-122.57926499987657,41.93095799979182],[-122.57850199962033,41.93070800015034],[-122.57807599964798,41.93046100022934],[-122.57771699962278,41.93022499973337],[-122.57738600008496,41.93010599969865],[-122.5770639998697,41.93003200023905],[-122.5766770002554,41.92999900032595],[-122.57637699978144,41.9300049997646],[-122.57613900013006,41.92999600027225],[-122.57589200025788,41.92997400009687],[-122.57561100005046,41.92993400024459],[-122.57541100003392,41.92989599996076],[-122.57516400016172,41.92981600013337],[-122.57490200022089,41.92969700000399],[-122.57476499995356,41.92961600012589],[-122.57461799964047,41.92950599985454],[-122.57445500033216,41.929378000235594],[-122.57430399982108,41.92919600007421],[-122.57421000010976,41.92907300021818],[-122.57412999974383,41.92890599971354],[-122.57407899969019,41.928765999782016],[-122.57403799968232,41.928560000250194],[-122.57401900031405,41.92838400001945],[-122.5739809997809,41.92821100010921],[-122.57395099964366,41.92806200022389],[-122.57388600024466,41.92790100005079],[-122.57380199968078,41.92774899995035],[-122.5737129999923,41.92762400031311],[-122.5734800003638,41.92737999998935],[-122.573282999822,41.927228999822766],[-122.57306299971395,41.92709800012348],[-122.57284000013121,41.92701199974094],[-122.5724469997708,41.92685399979293],[-122.57171500037505,41.926579999733775],[-122.57015500042567,41.925990999918305],[-122.56923900000855,41.925640000031954],[-122.5688490000212,41.92547000029923],[-122.56858399970734,41.925340000198],[-122.56833299963716,41.925161000159775],[-122.56807099969636,41.92495600022352],[-122.56772300044013,41.924587000148705],[-122.5673760001105,41.92413199969038],[-122.56682899976433,41.92341999993867],[-122.56591700044346,41.9222660000222],[-122.56505799992777,41.921159000195736],[-122.56415499992941,41.92001099987067],[-122.56359699971262,41.91929800029205],[-122.56343400040431,41.91906799974198],[-122.5628569999209,41.918300000194165],[-122.56167000024044,41.91680700020239],[-122.5607589998462,41.915693999810884],[-122.56003599977294,41.91483700026047],[-122.55916999958453,41.913917999681466],[-122.55766400006183,41.91245799976968]]},"properties":{"OBJECTID":89756,"NAME":"Central Oregon & Pacific RR","BASENAME":"Central Oregon & Pacific","MTFCC":"R1011"}},{"type":"Feature","id":89757,"geometry":{"type":"LineString","coordinates":[[-122.55098099967532,41.90549499976217],[-122.5472559997041,41.901359999889884],[-122.54500700001665,41.89887500014687],[-122.54397000012402,41.897798000109645],[-122.54361500029681,41.89754500002482],[-122.54313200042301,41.89709799982234],[-122.54269100038206,41.89669299978699],[-122.54245299983239,41.896489999983466],[-122.54222100002879,41.89632899972658],[-122.5418989998135,41.89613299970913],[-122.54153200029072,41.895948000031254],[-122.54095999983018,41.89571600026701],[-122.54063699979,41.89559599973542],[-122.53998499986184,41.895444999921956],[-122.53919499984141,41.895327999896224],[-122.53875299997554,41.8952870000537],[-122.53801400000872,41.895266000287236],[-122.53762599967122,41.89528399970541],[-122.53728099988972,41.8953039997959],[-122.53605800022426,41.895372999725765],[-122.53496100005715,41.89543000022209],[-122.53371400010228,41.895497999680124],[-122.5319709998548,41.89559599973542],[-122.53084400044878,41.89567700000194],[-122.52871600023688,41.89578699974539],[-122.52728599998386,41.89586500011732],[-122.52659899989557,41.895896999968016],[-122.52558299991937,41.89595399999667],[-122.52514799972617,41.89597799985278],[-122.5249250001434,41.89598999977742],[-122.52466900005038,41.895969000242154],[-122.52443300004883,41.89592400016391],[-122.52409099974207,41.895808000009175],[-122.52363299998265,41.89561100006493],[-122.52309099965935,41.8953070001433],[-122.5228820003203,41.89519700024182],[-122.52259000024225,41.89506200028621],[-122.52225899980616,41.89490800018156],[-122.52203899969811,41.894807000037225],[-122.52175300036616,41.894705999733176],[-122.52148700022738,41.89465799972468],[-122.52122799976128,41.89463100033095],[-122.5209120002921,41.8946279999518],[-122.52049100034266,41.89469099985979],[-122.52017499997513,41.89477700033434],[-122.51988299989708,41.89490200011788],[-122.51963299965185,41.89506600031867],[-122.51941500009197,41.895250999876694],[-122.51924600003757,41.89542099986554],[-122.51896300018034,41.89574200020755],[-122.51863199974423,41.896139000325846],[-122.51821099979475,41.896591999790814],[-122.51791000039418,41.89685700006946],[-122.51756999973723,41.89709799982234],[-122.5173210002152,41.89724400020412],[-122.51690399956537,41.89744400003879],[-122.51601900000873,41.89777100003736],[-122.51489599990235,41.89819799969455],[-122.5127939996297,41.898980999944165],[-122.51224600035695,41.89919000018336],[-122.51198699989085,41.899287999922386],[-122.5117440002166,41.89935099991395],[-122.51146999968192,41.89938300002388],[-122.51116599990829,41.89939499997737],[-122.51093900012756,41.899386000179604],[-122.51068300003452,41.89934799975659],[-122.51039699980426,41.899287999922386],[-122.50977400018843,41.899079000003915],[-122.50901299958197,41.898847000246775]]},"properties":{"OBJECTID":89757,"NAME":"Central Oregon & Pacific RR","BASENAME":"Central Oregon & Pacific","MTFCC":"R1011"}},{"type":"Feature","id":89763,"geometry":{"type":"LineString","coordinates":[[-122.07306000020903,41.671426999830494],[-122.07246400035736,41.67132600000286],[-122.07159300014608,41.671140000284325]]},"properties":{"OBJECTID":89763,"NAME":null,"BASENAME":null,"MTFCC":"R1011"}},{"type":"Feature","id":89764,"geometry":{"type":"LineString","coordinates":[[-122.53854799993613,41.73418299971552],[-122.53946000015527,41.73445199981126],[-122.5408419998294,41.734886999725205],[-122.54134599961957,41.73503899996371],[-122.54208499958636,41.73526199985227],[-122.54254400006897,41.73539900018746],[-122.54273599968961,41.73545199982282],[-122.54314999996639,41.73558499980293],[-122.54351499983936,41.73570299989246],[-122.54381899961298,41.73579800030119],[-122.54387999971236,41.73581699982982],[-122.54418299966103,41.73587700017424],[-122.5448200004189,41.73589400004935],[-122.54578000031863,41.73592399985742],[-122.54654799969944,41.73598400010187],[-122.54752699986575,41.73618000015229]]},"properties":{"OBJECTID":89764,"NAME":null,"BASENAME":null,"MTFCC":"R1011"}},{"type":"Feature","id":89765,"geometry":{"type":"LineString","coordinates":[[-122.59268699982779,41.731306000192355],[-122.59262499990352,41.73119400006965],[-122.5925799996977,41.7310079998056],[-122.5925179997734,41.7308309997246],[-122.59244300032866,41.73061599972018]]},"properties":{"OBJECTID":89765,"NAME":null,"BASENAME":null,"MTFCC":"R1011"}},{"type":"Feature","id":89766,"geometry":{"type":"LineString","coordinates":[[-122.59325699974019,41.73150799974034],[-122.59306699976942,41.731511999944004],[-122.59297100040826,41.73147300012631],[-122.59291399960854,41.73144999977581],[-122.59281499987432,41.73138800021817],[-122.59268699982779,41.731306000192355]]},"properties":{"OBJECTID":89766,"NAME":null,"BASENAME":null,"MTFCC":"R1011"}},{"type":"Feature","id":89807,"geometry":{"type":"LineString","coordinates":[[-121.77075800026101,42.18388400001027],[-121.77013100044722,42.183151999738975],[-121.76953800007027,42.18258299989582],[-121.76567500000682,42.17887599994868],[-121.76467499992413,42.177917000043145],[-121.764499000197,42.17771900001795],[-121.76440999961024,42.17761900020671],[-121.7635069996119,42.17659300026538],[-121.76080000016508,42.173518000321025],[-121.75989799999167,42.172492999737585],[-121.75960400026378,42.172162000134584],[-121.75935700039157,42.17188400027415],[-121.75913200026066,42.17163099970556],[-121.75883400033484,42.1712960002561],[-121.75799200043589,42.17034700006148],[-121.75773399979472,42.17005699999119],[-121.75770200000767,42.17001999995775],[-121.75717999977586,42.169461000076154],[-121.75664500002355,42.16888900010041],[-121.75503999986833,42.167173999831384],[-121.75450599994096,42.16660299988968],[-121.75382700024865,42.165872000077435],[-121.75179000027329,42.16367899990062],[-121.75111200040587,42.16294800026183],[-121.75075599985541,42.16256500020646],[-121.74968999965047,42.16141899991307],[-121.7493349998232,42.16103700008587],[-121.74909200014896,42.16077399976214],[-121.74871700023024,42.16034799980473],[-121.74784299964591,42.15935699996865],[-121.74688199992127,42.158266000151485],[-121.74627100000099,42.1575719999167],[-121.74524099978107,42.15641100024309],[-121.74422999982771,42.15527200014141],[-121.74215100001956,42.15292900024922],[-121.74112099979963,42.151769000286215],[-121.74110300025629,42.15174900012339],[-121.7403709999622,42.15092799967311],[-121.73989200028639,42.150391000191966],[-121.73782699982364,42.14807700006788],[-121.73620499995002,42.14625899986747],[-121.7349770002617,42.14488200013009],[-121.7349019999186,42.144801000309855],[-121.73467900033586,42.14456299967112],[-121.73460300016788,42.144482000108844],[-121.73455999961185,42.1444320002615],[-121.73451699995415,42.14438300013301],[-121.7339219999274,42.14370400006306],[-121.73187800027935,42.14137399973791],[-121.73138700000969,42.14081300026377],[-121.73129199957513,42.14070500020056],[-121.73119799986378,42.14059699995314],[-121.73114699981018,42.14054000030337],[-121.73108400006099,42.14046799997124],[-121.73072500003578,42.140064999894356],[-121.72993599984027,42.139177999686595],[-121.72615200031784,42.13492299976478],[-121.72489100011921,42.13350500018903],[-121.7236090000042,42.1320580002158],[-121.71976500020732,42.127718999865145],[-121.7184839999172,42.126272999674],[-121.71837699978708,42.12615300024558],[-121.71805899976977,42.12579500003399],[-121.71795300036287,42.12567599975386],[-121.71773200042993,42.12543000006181],[-121.71705200001436,42.12467099979384],[-121.71435399989002,42.12165799977488],[-121.71367799967243,42.120904000273384],[-121.7134559999146,42.120653000044754],[-121.71330899960151,42.12048000012594],[-121.7132380003547,42.12039599999891],[-121.71287000010868,42.11996100020096],[-121.7127239996205,42.11978799972551],[-121.71117799991482,42.11815899980642],[-121.70654099972445,42.11327500010239],[-121.70499599984372,42.11164700030589],[-121.7043459995654,42.11018900027136],[-121.7023970003519,42.10581700028969],[-121.7017479998985,42.104359999847],[-121.70113500032838,42.10412800022902],[-121.69929900019451,42.103435000161596],[-121.69868699955099,42.103204000233156],[-121.69863999969533,42.10323200032989],[-121.69849800030343,42.10331899976607],[-121.69845200027268,42.10334899995763],[-121.69796600002589,42.10286000013019],[-121.69651099965849,42.101395999992036],[-121.69602600013492,42.1009080002103],[-121.69599699982261,42.100875999973205],[-121.69590999978395,42.10077999983154],[-121.69588100036997,42.10074899997693],[-121.69258700039397,42.09712400003027],[-121.69219200038376,42.09668899981585],[-121.68863800011678,42.09260300006594],[-121.68694199972498,42.090653000265156],[-121.68282799959135,42.08614099980122],[-121.67952899959249,42.08252200001234],[-121.67939999972106,42.08237399979322],[-121.67901599958151,42.08193099980864],[-121.67888800043329,42.08178400029063],[-121.67884999990012,42.081743999764164],[-121.67873600009733,42.08162700027972],[-121.67869900028741,42.08158799973687],[-121.67791299956663,42.08070000017417],[-121.67756799978514,42.08032500017663],[-121.67537799964893,42.077942999977395],[-121.6740379998076,42.07666900011833],[-121.67281000011926,42.07550199987697],[-121.672235000184,42.075033999949916],[-121.67051100020309,42.073630999674585],[-121.66993700009273,42.073164000169236],[-121.66881999983418,42.07232000015856],[-121.66778200011663,42.07158999973648],[-121.66123400034763,42.06698299971295],[-121.65905199970902,42.0654479998763],[-121.65854999956869,42.065082000203844],[-121.65704400004601,42.06398500022438],[-121.6565429997306,42.06361999981981],[-121.65571699972514,42.06299899973069],[-121.65324200008192,42.061137999844775],[-121.65241699990138,42.06051799990498],[-121.64985799969425,42.05869099974718],[-121.6421809999711,42.0532100000508],[-121.63962199976395,42.05138400031882],[-121.63757300009304,42.04995399998579],[-121.63301299989557,42.04677299980635],[-121.63176900031371,42.04579999996659],[-121.63151200039574,42.045556999842105],[-121.6308319999802,42.04491300005417],[-121.62991899993614,42.043646999869615],[-121.62968799995744,42.043193000228236],[-121.62941500014597,42.04264399999043],[-121.62879199963182,42.04138599968402],[-121.62796499980146,42.039606999945605],[-121.62749199997346,42.03858999971006],[-121.62738200036858,42.03837199977495],[-121.62705299958232,42.03772099980529],[-121.62694399980236,42.03750399966778],[-121.62560700033409,42.03481200027187],[-121.62159799978242,42.02673999967824],[-121.62026200013906,42.02404899981095],[-121.61963199995222,42.02282999974045],[-121.6184820000817,42.02135800016035],[-121.61715099956287,42.02024800018228],[-121.61594499961582,42.01949599984074],[-121.61424699957423,42.018840000061594],[-121.61205399996328,42.0183960001636],[-121.61004700012516,42.018198999722514],[-121.60880199982007,42.018203000042426],[-121.60208199962364,42.018012000168895],[-121.60171500010081,42.01801299991812],[-121.60061700010884,42.018015000083956],[-121.60025100041095,42.01801700024978],[-121.59997799970114,42.018012000168895],[-121.59916299956636,42.0179999998397],[-121.5988909995798,42.01799600017442]]},"properties":{"OBJECTID":89807,"NAME":"Union Pacific RR","BASENAME":"Union Pacific","MTFCC":"R1011"}},{"type":"Feature","id":89812,"geometry":{"type":"LineString","coordinates":[[-121.95905399991595,41.90091200006407],[-121.96333200008115,41.8946279999518],[-121.9734829996226,41.880007000246586],[-121.97635700037237,41.875141000226876],[-121.97659500002374,41.87477599977144],[-121.98243099959012,41.86578999974485],[-121.98718400013142,41.85857899968283],[-121.99719699958065,41.84430499973751],[-122.00069200029641,41.83817699980736],[-122.00144399978367,41.83696599974908],[-122.00146399987517,41.83683700008907],[-122.00172800036411,41.83542600022272],[-122.00191400013695,41.834671000193474],[-122.00299899971016,41.83105900011111],[-122.00297299977089,41.83005299992947],[-122.00286399999094,41.82761699997927],[-122.00271699967784,41.82506599978203],[-122.00254199977567,41.82280100000928],[-122.00252500005723,41.82238199980087],[-122.00243100034591,41.82016499989904],[-122.00228800023076,41.81666600015594],[-122.00221200006278,41.815160999855664],[-122.00185499968741,41.80848699997546],[-122.0013269996078,41.800624000194006],[-122.00126600040676,41.79954999967241],[-122.00110599967489,41.796844999902284],[-122.00095400023721,41.79397300015225],[-122.00091599970408,41.793455999793764],[-122.00075800041863,41.790720999697534],[-122.00055599985394,41.78718799980245],[-122.00035800038556,41.784665999994],[-122.00026899979878,41.78250899991831],[-122.00010200029253,41.78022100020551],[-122.00000100001017,41.778611999992435],[-121.99995300032961,41.776954999667005],[-121.99990399992579,41.77636599984824],[-121.99966700009934,41.7723420000081],[-121.99949700022003,41.76961899984394],[-121.99931599957175,41.76658599986992],[-121.99920199976893,41.7644290000679],[-121.99898199966091,41.76060299995909],[-121.99873800016174,41.75686100022061],[-121.9983680002659,41.750723000263754],[-121.9983680002659,41.749233999956815],[-121.99842799964203,41.74764899983558],[-121.99853499977218,41.74652900002034],[-121.99896999996534,41.743096999949955],[-121.99927399973896,41.74029599978052],[-121.99955400012144,41.7379959999312],[-121.99960400035017,41.73748699976812],[-122.00022600014108,41.73245900009215],[-122.00035699966233,41.73083799998706],[-122.00035699966233,41.73008800018859],[-122.00024600023256,41.72938500012419],[-122.00007999965288,41.72880100003512],[-121.99993099968998,41.72841300028713],[-121.9996000001522,41.72775799989675],[-121.99922500023347,41.72708999982116],[-121.99870100035182,41.726399000027186],[-121.99696399995213,41.724307999718775],[-121.99573899973852,41.72279400021717],[-121.9941450003523,41.72085700029936],[-121.99278899971915,41.71922499997792],[-121.99111800034002,41.71718100020981],[-121.99060799980376,41.716578999762106]]},"properties":{"OBJECTID":89812,"NAME":"Union Pacific RR","BASENAME":"Union Pacific","MTFCC":"R1011"}},{"type":"Feature","id":89813,"geometry":{"type":"LineString","coordinates":[[-122.07306000020903,41.671426999830494],[-122.07343199975469,41.67148699989892],[-122.07422900034614,41.67159399966958],[-122.07476599974824,41.671644999968045],[-122.0755790002332,41.67169600022611],[-122.0762200002907,41.67172199990794],[-122.07754400023852,41.67170099993346],[-122.0781700002274,41.67167200014917],[-122.07903399986768,41.671591000242856],[-122.07957500036608,41.67152299977893],[-122.08029000004339,41.67140899986618],[-122.08086800035173,41.671316999671674],[-122.0818669997112,41.67107299983197],[-122.08244500001953,41.67093599993173],[-122.08293100026633,41.67080500000917],[-122.08402599988527,41.670426000248106],[-122.08472300001927,41.67015200008639],[-122.08536099970371,41.66987800010046],[-122.08620799962554,41.669440000184096],[-122.0870689997911,41.66898400000047],[-122.08795000004811,41.66843300008266],[-122.08863399976332,41.66794700016244],[-122.08914199975143,41.667544999949676],[-122.08978399963388,41.66697599993317],[-122.09038500040671,41.66636199984689],[-122.09088199962585,41.665793000112366],[-122.0912719996132,41.66529600008061],[-122.09191699986866,41.66433599994454],[-122.09218499965726,41.66386299971636],[-122.09271199991196,41.66299800032709],[-122.0940319996618,41.66065700002266],[-122.09559699963401,41.658023000128466],[-122.09693400000063,41.65571099978795],[-122.09824799990268,41.65342800031274],[-122.09924600033557,41.65170599981742],[-122.09971699961544,41.65092599992268],[-122.0999810001044,41.650505999733355],[-122.10010300030314,41.65030299992441],[-122.1006990001548,41.64963600007553],[-122.10125300017366,41.64922500026627],[-122.10230500013492,41.64852200002965],[-122.10287099984936,41.648301000298225],[-122.103394999731,41.64809899975602],[-122.10440800023247,41.64785399968735],[-122.10515300004705,41.64773499993151],[-122.10587399957218,41.647687000029876],[-122.10665500027011,41.647699000176445],[-122.10736099972661,41.64774700006919],[-122.10819500012798,41.64790200013583],[-122.10930099961756,41.648218000182005],[-122.10988200029895,41.6484740000431],[-122.11127599966863,41.649284000060376],[-122.11218200004001,41.64982700022467],[-122.11339399983481,41.65060099986404],[-122.11420700031977,41.6510750003019],[-122.1151029997471,41.651625999746564],[-122.11569299975098,41.651900000214326],[-122.1162290002265,41.652090999691794],[-122.11674800008527,41.652210000127155],[-122.11731999964749,41.65229399990721],[-122.11790999965135,41.65235300024661],[-122.1184460001269,41.65235300024661],[-122.11901199984132,41.65228799992656],[-122.12010099961249,41.6520489996831],[-122.12075099989079,41.65181399968841],[-122.12134400026773,41.65149000020359],[-122.12184600040808,41.65116099980082],[-122.12226900000738,41.650797999956914],[-122.1225870000247,41.65046100029383],[-122.1231900004474,41.649527999909296],[-122.12353100003092,41.64898300026103],[-122.12427400019568,41.6477290001975],[-122.12451199984704,41.64730000031333],[-122.12495799991086,41.64655500031731],[-122.12510400039906,41.64629299967592],[-122.12531500028626,41.64598300015429],[-122.12553000037141,41.64572099987197],[-122.12610899960632,41.645057000236896],[-122.12660300024903,41.644606999930225],[-122.12687199986259,41.644368000055884],[-122.127846000006,41.64367700007806],[-122.12880599990572,41.643146999672545],[-122.13005500040879,41.64258199993667],[-122.13170200039677,41.642194999765884],[-122.13313599994943,41.64194500006778],[-122.13382999971039,41.64188199985655],[-122.13497399973312,41.641873000109065],[-122.13579300006589,41.64190899976284],[-122.13695600035521,41.641956999941186],[-122.13783199969104,41.641965999676934],[-122.13824000012005,41.641956999941186],[-122.13849100019021,41.64193899979459],[-122.13870200007739,41.64190600029595],[-122.13909899973744,41.64183199975167],[-122.13965699995425,41.64168600029748],[-122.14017900018608,41.64151299978028],[-122.14063699994549,41.6413400001413],[-122.14114699958341,41.64110500001971],[-122.14178900036414,41.64085100031865],[-122.1423490002308,41.64063699979867],[-122.14303700014398,41.640442999723305],[-122.1434749998119,41.64035700001523],[-122.14397299975425,41.64030399985696],[-122.14511699977702,41.640300000020545],[-122.14574000029117,41.64036900018436],[-122.14627599986837,41.64049399985507],[-122.14687199972003,41.64068500025318],[-122.1487420001891,41.6415610002536],[-122.1497489999445,41.6420639997765],[-122.15033399992554,41.64227899984953],[-122.15084399956346,41.64244199972342],[-122.15128499960441,41.64253499981268],[-122.15167499959176,41.64260900022097],[-122.15205000040879,41.64264200003087],[-122.15246999963506,41.64266300008422],[-122.15289300013266,41.6426599999811],[-122.15365800003875,41.64258800015003],[-122.15426200028632,41.64245999972951],[-122.1547750002973,41.642293000188445],[-122.15540499958584,41.64206100031682],[-122.15614799975062,41.64171099974008],[-122.15768699978354,41.64093899993725],[-122.1584929996975,41.6406879997769],[-122.15912799990723,41.64052399987422],[-122.159618000352,41.640451999670496],[-122.16035399994574,41.640392999844565],[-122.16085799973588,41.64041000012992],[-122.16135200037863,41.640442999723305],[-122.16205500036041,41.640571000122335],[-122.16273200040294,41.64076499981237],[-122.16441899967556,41.64129799983678],[-122.16526300012266,41.64151000029496],[-122.16565599958476,41.641595999806974],[-122.16633199980232,41.641661999776154],[-122.1668570004072,41.64167100022444],[-122.16768000003958,41.64161099989743],[-122.16812699992835,41.64151900009313],[-122.16859200025876,41.64140599970138],[-122.16905400021611,41.641254000287624],[-122.17006599999439,41.640881000171596],[-122.1711229999785,41.640520999671566],[-122.17221799959744,41.64021699966728],[-122.17266200001147,41.64012199966559],[-122.17322500025115,41.64008899990782],[-122.1740510002566,41.64006500013439],[-122.17700299992582,41.64007099991072],[-122.1782130000708,41.64008899990782],[-122.17877600031052,41.64007699968654],[-122.17950900042952,41.64008899990782],[-122.17997399986164,41.64002900012182],[-122.18028400038135,41.63999300008919],[-122.1808380004002,41.639844000262265],[-122.18126699984728,41.639713000192955],[-122.18190999955462,41.63943299975152],[-122.18271499964365,41.638997999805525],[-122.18420199979808,41.6381219998753],[-122.18536400026251,41.63746100015737],[-122.18639399958411,41.63679299994369],[-122.18791099987574,41.63591199978276],[-122.18934699997656,41.63502999995915],[-122.19035399973195,41.6343920002507],[-122.19163199964902,41.63336700012555],[-122.1924839995937,41.63256899970168],[-122.1931099995826,41.63188300021633],[-122.19347399963067,41.63135900008602],[-122.19372700024896,41.63079299996002],[-122.19380400024185,41.63047699973274],[-122.19383199983096,41.63031000002599],[-122.19386799981599,41.6298560003293],[-122.19382000013542,41.62941299985187],[-122.19374800016539,41.629019999699366],[-122.19356999989016,41.62856700012377],[-122.19321199968984,41.627898999725254],[-122.19286600008344,41.62736300021052],[-122.19252100030195,41.626851000271],[-122.19223500007166,41.626337999782905],[-122.19205599997154,41.62575399992536],[-122.19195200021446,41.625361000298774],[-122.1919339997728,41.62483700020404],[-122.19195200021446,41.624407999680564],[-122.19207699988795,41.62381199990895],[-122.19243099989028,41.6225310002725],[-122.19279499993834,41.621082000009075],[-122.19311999962834,41.61986099967497],[-122.19336400002582,41.61889600023519],[-122.19343000014804,41.61854999996315],[-122.19343299962277,41.61812699972501],[-122.19342099992723,41.61768000002105],[-122.1933070001244,41.61715000007006],[-122.19306600009999,41.616040999896896],[-122.19285799968752,41.615022000242966],[-122.19242000001962,41.6128769999002],[-122.19221099978225,41.61195899968238],[-122.1915759995725,41.60890200008686],[-122.19139499982255,41.60777000024581],[-122.1912159997224,41.60712700010682],[-122.19103699962226,41.606375999669034],[-122.19091799979657,41.605798000000284],[-122.19052500033449,41.60435599987635],[-122.19029799965547,41.603729999853364],[-122.19007199969964,41.60319400029534],[-122.18946099977939,41.60182299996033],[-122.18925400009016,41.60133500020865],[-122.18988400027699,41.60083600022408],[-122.18798500039391,41.59740099974887]]},"properties":{"OBJECTID":89813,"NAME":"Union Pacific RR","BASENAME":"Union Pacific","MTFCC":"R1011"}},{"type":"Feature","id":89814,"geometry":{"type":"LineString","coordinates":[[-121.98943600019193,41.715152000199765],[-121.98853599966831,41.714067999821914],[-121.98640300033186,41.7114340002061],[-121.98573899980981,41.71064699992367],[-121.9853510003706,41.71020600023122],[-121.98497599955358,41.709598000169855],[-121.98473700007727,41.7090500003097],[-121.98454399973345,41.70850799990866],[-121.98442499990774,41.707971999789294],[-121.98435299993771,41.70711399985519],[-121.9843799997019,41.70664300001551],[-121.98454700010647,41.70581400028885],[-121.98476100036672,41.705277999840916],[-121.98505599991951,41.70464700023488],[-121.98523699966947,41.70436599978],[-121.98562300035715,41.70383299993973],[-121.98636200032396,41.70312999968388],[-121.98720800042088,41.70227200018971],[-121.98822699987184,41.701294999940565],[-121.98879900033238,41.70068700011636],[-121.98920199984018,41.70032399980277],[-121.98951099963668,41.69991799977761],[-121.98980899956251,41.69946000014833],[-121.9900479999371,41.69888699968595],[-121.99013999999862,41.698584000236245],[-121.9901819998314,41.697898000145464],[-121.99011599970919,41.69747500025658],[-121.99001500032516,41.69698700013314],[-121.98976799955464,41.69648599979535],[-121.989391999811,41.69592600031728],[-121.98906999959571,41.695527000112435],[-121.9886410001486,41.69500799973301],[-121.98818300038923,41.69451999967247],[-121.98764899956353,41.69393600002258],[-121.98732800007149,41.69347099974398],[-121.98697599971896,41.69283900017463],[-121.98673200021982,41.692088000128486],[-121.98668700001396,41.69183800023213],[-121.98664199980811,41.691569999672055],[-121.98634700025534,41.689896000250336],[-121.98591200006214,41.68735800031407],[-121.98586199983346,41.68716799968648],[-121.98570700002276,41.68670900025456],[-121.98542099979251,41.68620200018897],[-121.98514700015609,41.6858149997962],[-121.98493100024602,41.685552999873],[-121.98422900008916,41.68496200009758],[-121.98280600040715,41.683965999781535],[-121.98184099958624,41.683768000229676],[-121.98078299977722,41.68375099998222],[-121.9789230002522,41.68400599986773],[-121.97602400028643,41.68398899968321],[-121.97376499965492,41.68390200012856],[-121.96625699998619,41.68355099985157],[-121.96435599955497,41.68337300026579],[-121.96340400005116,41.68307799991695],[-121.9607879999426,41.68139300000715],[-121.95678099993907,41.67817900003878],[-121.95474499978866,41.67630999992722],[-121.95221400006892,41.67377800018439],[-121.95190500027243,41.67332100008168],[-121.95134899970542,41.672774000213444],[-121.95038700015587,41.671243999846865],[-121.95025599973631,41.670262000222834],[-121.95378800026197,41.663584000141704],[-121.95472200022245,41.66243899990402],[-121.95574700041949,41.66147900012294],[-121.95701799976554,41.66058500017054],[-121.95862200009584,41.65983000021012],[-121.96004800015089,41.65930199980321],[-121.9616809998952,41.65824900014497],[-121.96219200025634,41.65756200016018],[-121.96263499994713,41.656076000234705],[-121.96286699975073,41.65488799982575],[-121.96219899992904,41.64899299984653],[-121.96252600016717,41.64814599984899],[-121.96279499978073,41.64764300014451],[-121.96357999977825,41.64693300009799],[-121.9646679997245,41.64626999973014],[-121.9658500002804,41.645857000182254],[-121.96623000022203,41.64578199993804],[-121.96765899975179,41.64550599987185],[-121.96900000031636,41.64543300032061],[-121.96961399971138,41.645368999947124],[-121.97083800010004,41.64524900008248],[-121.98201899986147,41.64414799973623],[-121.98956599988826,41.64341100017376],[-121.99540099962974,41.642841999717575],[-122.00103700007789,41.64229699990116],[-122.00214199974259,41.641995999682145],[-122.00422300009885,41.64187699984785],[-122.00515600023442,41.64178400015154],[-122.00581200036052,41.6418369997639],[-122.00605699968462,41.6418580000796],[-122.0072459999132,41.642095000002996],[-122.00843799961652,41.64244699968833],[-122.0087819995731,41.64265899972296],[-122.00917999995637,41.64290500033282],[-122.00940799956199,41.64310799995688],[-122.00998000002254,41.64366100022589],[-122.0103859999034,41.64417800006813],[-122.01326899997564,41.65037899974266],[-122.01368499990225,41.65085199966934],[-122.01458600025073,41.65184100013122],[-122.01522499976012,41.652347999708034],[-122.01708199981039,41.65326099966695],[-122.01796700026537,41.65353800015994],[-122.02041400031953,41.65426599996579],[-122.02097500001109,41.654447999806216],[-122.02234499998967,41.654883000155145],[-122.02356400035549,41.65524899998745],[-122.02780800018546,41.65658099995205],[-122.03019900016311,41.657316999838805],[-122.03229100039003,41.6579840000216],[-122.03319299966515,41.65822899981911],[-122.03386200021004,41.658387000210524],[-122.03450900011535,41.65852700000401],[-122.03534000014365,41.658679000278994],[-122.03595699991169,41.65877699978915],[-122.03680600038167,41.65888099985961],[-122.03736000040053,41.6589290001452],[-122.03825199962988,41.65900599985752],[-122.03900300019058,41.659051000038986],[-122.04002199964154,41.65912000025619],[-122.04057800020855,41.659166999690626],[-122.04156400004754,41.659220999769595],[-122.0423980004489,41.65930399980275],[-122.04330100044723,41.6594119996857],[-122.04401299975154,41.65950700010413],[-122.044954000283,41.65967100000923],[-122.04549999990594,41.65977799995549],[-122.04586099958097,41.65986099994187],[-122.04623899987276,41.65994799978043],[-122.04813699993092,41.66045999988185],[-122.05170100024365,41.66192600014264],[-122.05316599975845,41.66270099997419],[-122.05428999968969,41.66324299984015],[-122.0545440001329,41.66336999996866],[-122.05891099998655,41.66551899969304],[-122.06074799994533,41.66639100001006],[-122.06258900010208,41.667284000005054],[-122.06382299963819,41.66789800002211],[-122.0653159996404,41.66861299976823],[-122.06592300026104,41.6689229997619],[-122.06712099981215,41.66950099993279],[-122.06824700029155,41.67004300026592],[-122.06903099956587,41.670358999723604],[-122.0699250002417,41.67067500031424],[-122.07070500021638,41.67091300006197],[-122.07159300014608,41.671140000284325]]},"properties":{"OBJECTID":89814,"NAME":"Union Pacific RR","BASENAME":"Union Pacific","MTFCC":"R1011"}},{"type":"Feature","id":89816,"geometry":{"type":"LineString","coordinates":[[-121.51988000036195,41.997975000021015],[-121.52018800033353,41.99827199970229]]},"properties":{"OBJECTID":89816,"NAME":null,"BASENAME":null,"MTFCC":"R1011"}},{"type":"Feature","id":89817,"geometry":{"type":"LineString","coordinates":[[-121.52227899983721,42.00016500012272],[-121.52208999969132,42.00000699989393],[-121.52171499977258,41.99965899973024],[-121.52138099986175,41.99937599977089],[-121.52083600006371,41.998866000247304],[-121.52048100023647,41.9985769997711],[-121.52018800033353,41.99827199970229]]},"properties":{"OBJECTID":89817,"NAME":null,"BASENAME":null,"MTFCC":"R1011"}},{"type":"Feature","id":89860,"geometry":{"type":"LineString","coordinates":[[-122.52342200009547,41.53284700015943],[-122.52455400042264,41.538077999870204],[-122.52467200042344,41.53861099981023],[-122.52502700025067,41.5416310001592],[-122.52573299970719,41.54904399999497],[-122.52580999970009,41.55316200027818],[-122.52516799981765,41.564757999723795],[-122.52463200024046,41.57447599989027],[-122.52461899982167,41.57471899997937],[-122.52446300018605,41.57753300001785],[-122.5243250000938,41.5813069999338],[-122.52355500016485,41.593670000098285],[-122.52313800041334,41.60141599978829],[-122.52300500034397,41.60359100008981],[-122.52261899965626,41.613472999993235],[-122.5224379999063,41.61809200018751],[-122.52188700026046,41.626994000268596],[-122.52184500042767,41.627450000293166],[-122.5218050002447,41.627878000232805],[-122.52174900016821,41.628647999756886],[-122.52121900043879,41.63890600029885],[-122.52077300037493,41.64718699999059],[-122.520761999606,41.64765000006727],[-122.52062100003897,41.65013800018704],[-122.52059199972666,41.65180200030829],[-122.52052800015255,41.65449299981652],[-122.52049299999247,41.655107999715156],[-122.5205170002819,41.655554000272524],[-122.52048700014468,41.65655500019617],[-122.52049100034266,41.65720400030787],[-122.52046600022828,41.65783000007451],[-122.52047200007607,41.65859900014368],[-122.52049600036553,41.658957000295274],[-122.52060000012258,41.65954699995581],[-122.52073700038993,41.66010100004449],[-122.52095699959966,41.66072699983903],[-122.52121100004284,41.66151300029951],[-122.52143699999867,41.662127000320254],[-122.52152200038746,41.662380000079274],[-122.52230099963894,41.6646519999003],[-122.52252599976983,41.665280000229195],[-122.5227700001673,41.6660549999567],[-122.52309400003242,41.66699399979491],[-122.52341399969953,41.66791399989401],[-122.52350300028634,41.66817199971171],[-122.52371800037147,41.668781000049655],[-122.52390300031941,41.66933300018823],[-122.52429300030674,41.670517999702916],[-122.52507800030428,41.67278899975415],[-122.52537700005503,41.67357799992351],[-122.52556200000296,41.67400699991122],[-122.52581800009601,41.67450800019079],[-122.5260149997395,41.67487099992174],[-122.52670799967552,41.67601000003332],[-122.52732100014397,41.67694500002169]]},"properties":{"OBJECTID":89860,"NAME":"Central Oregon & Pacific RR","BASENAME":"Central Oregon & Pacific","MTFCC":"R1011"}},{"type":"Feature","id":89862,"geometry":{"type":"LineString","coordinates":[[-121.8913270003917,42.00325899969064],[-121.89197900031985,42.003056999838485],[-121.90063400038437,42.00093999979271],[-121.90170700026204,42.00067900000359],[-121.90653299969996,41.99964799998181],[-121.90773699999716,41.99940699973583],[-121.90891899965474,41.999219999675105],[-121.91227799992807,41.99851100012966],[-121.9127669996496,41.998408999699556],[-121.91285399968824,41.998382000147345],[-121.91588800027156,41.9973609996995],[-121.91617199995366,41.99733599985121],[-121.9173340004181,41.997021999798726],[-121.91772699988014,41.996792999948646],[-121.91840399992267,41.99582800021274],[-121.91880599960557,41.994657000267125],[-121.91871699991711,41.99348700027556],[-121.91819899988326,41.99238599998587],[-121.91795799985884,41.9910320000701],[-121.91894600024597,41.98797900001294],[-121.91894899972071,41.98722200027841],[-121.91888900034458,41.986418000038874],[-121.91760800005446,41.98419400013515],[-121.91660200012399,41.982405000280444],[-121.91220199976009,41.97972100023176],[-121.91125500027916,41.97889500010543],[-121.91112200020974,41.97869800021819],[-121.91027899958758,41.97745099972644],[-121.9100629996775,41.97697000024662],[-121.9099990001034,41.97578099991032],[-121.91033300001423,41.97452199988671],[-121.91133899994473,41.97223399997986],[-121.9115339999384,41.97161199999447],[-121.91227000043045,41.97057899968902],[-121.91317599990353,41.969249999714506],[-121.91463000044597,41.96707400033327],[-121.91631000004594,41.964598999833214],[-121.91765200043538,41.96265199980791],[-121.91949199986894,41.96008700003922],[-121.92126000023075,41.95718599973342],[-121.92467200020752,41.95207799995645],[-121.92672500007639,41.94910900013082],[-121.94938000040045,41.915023000057204]]},"properties":{"OBJECTID":89862,"NAME":"Union Pacific RR","BASENAME":"Union Pacific","MTFCC":"R1011"}},{"type":"Feature","id":89863,"geometry":{"type":"LineString","coordinates":[[-122.63225600044585,41.7286129996896],[-122.63210699958464,41.73029000021467],[-122.63209400006413,41.730375000234886],[-122.63205399988118,41.73083900021603],[-122.63195099994901,41.73111499979984],[-122.63180799983388,41.73134399989029],[-122.63155199974084,41.731562000122516],[-122.63125700018804,41.73176100023288],[-122.63080399955322,41.73195200004537],[-122.63024500040979,41.73234500022806],[-122.62981900043744,41.73272099997741],[-122.62955499994847,41.733043999969354],[-122.62931899994693,41.733296999775085],[-122.62899199970877,41.73357300019395],[-122.62869600033109,41.7337870001737],[-122.62834599962841,41.73395399969075],[-122.62791200015843,41.73413499992139],[-122.62692700014436,41.73446200019678],[-122.62638300017122,41.73466500004477],[-122.62610699998672,41.7347890001481],[-122.62597999976508,41.73485800026951],[-122.62584900024383,41.73495800007101],[-122.62476799997029,41.7356759997718],[-122.6240230001557,41.73621600002814],[-122.623311999778,41.73675199988917],[-122.62302200024807,41.73692999987657],[-122.62266300022289,41.73713599969056],[-122.62233799963455,41.73731199969807],[-122.62176100004949,41.73755199984507],[-122.62127099960472,41.7377500000453],[-122.61992900011356,41.7380660000753],[-122.61850200023359,41.73836100022734],[-122.61679300032131,41.73867699993218],[-122.61484400020953,41.73901500032215]]},"properties":{"OBJECTID":89863,"NAME":"Yreka Western RR","BASENAME":"Yreka Western","MTFCC":"R1011"}},{"type":"Feature","id":89864,"geometry":{"type":"LineString","coordinates":[[-122.61140299992044,41.73934899988809],[-122.61047300015795,41.739257999761115],[-122.60956400031183,41.73922499987469],[-122.60895099984342,41.739204999914975],[-122.60831399998389,41.73924599992624],[-122.60777300038379,41.73938199971078],[-122.60686799983732,41.739667000276874],[-122.60629799992493,41.73999000019371],[-122.60581800042422,41.74022499997346],[-122.6055289998209,41.74035299971991],[-122.60516300012301,41.740510000149754],[-122.6046960001428,41.74067099982899],[-122.60408900042046,41.74080399972586],[-122.60357300003642,41.74086199995748],[-122.60292399958303,41.74086999986973],[-122.60260399991587,41.74080399972586],[-122.60219899985992,41.74063399969277],[-122.60181800009343,41.74036999975084],[-122.60158700011472,41.74000199988955],[-122.60150400027406,41.73974999977349],[-122.60155600015258,41.73931200033079],[-122.60168400019913,41.73910500002296],[-122.60190799960678,41.738808999832116],[-122.6025639997329,41.738406999992556],[-122.60307699974389,41.73815900011042],[-122.6033179997683,41.73799399969614],[-122.60352000033298,41.73777900020622],[-122.60361900006718,41.73765300026724],[-122.60373500041814,41.73740899999118],[-122.60378399992365,41.73727300005029],[-122.60378399992365,41.73712400012952],[-122.6037310002202,41.73684300021549],[-122.60353200002855,41.736570000190305],[-122.60323099972966,41.736259999700025],[-122.60285699963585,41.735963000324325],[-122.60259600041825,41.73576899991612],[-122.60237700013515,41.73550799988331],[-122.60221599957835,41.73521499968465],[-122.60212900043805,41.73483499979035],[-122.60196200003347,41.7343220000203],[-122.60176399966674,41.733573999709996],[-122.60163800016836,41.73323600018072],[-122.6013810002504,41.732884000136934],[-122.60088800033091,41.732470999854364],[-122.60033799961168,41.73219800001644],[-122.5992970004194,41.731955000009805],[-122.59828399991791,41.73175599983005],[-122.59656300031007,41.73147499989406],[-122.59548100021159,41.731379999795166],[-122.59417099960919,41.73141699989978],[-122.59359400002408,41.7314709996881],[-122.59325699974019,41.73150799974034],[-122.59286900030101,41.73158700019723],[-122.59183800025615,41.73180200030368],[-122.59095299980119,41.73203699987754],[-122.59052099998105,41.732195000063356]]},"properties":{"OBJECTID":89864,"NAME":"Yreka Western RR","BASENAME":"Yreka Western","MTFCC":"R1011"}},{"type":"Feature","id":89866,"geometry":{"type":"LineString","coordinates":[[-122.1854710003926,41.58202700028044],[-122.18508899990287,41.58140900030301],[-122.18568499975456,41.57769099999127],[-122.18597099998482,41.57580799970298],[-122.18620899963618,41.574915000142894],[-122.18638799973631,41.57436600020755],[-122.18657900043033,41.57392500029511],[-122.1867459999366,41.573580000102304],[-122.1870680001519,41.57310299978685],[-122.18736500025281,41.57263799998573],[-122.18788999995937,41.57193499999497],[-122.1882950000153,41.57133900000045],[-122.18858700009335,41.57090999990927],[-122.18874199990407,41.57050499978903],[-122.1888370003386,41.57006399972755],[-122.18882499974472,41.56954000009783],[-122.18869400022348,41.56912300014262],[-122.18822399987022,41.56800199967286],[-122.18754400035296,41.56653699983483],[-122.18704399986244,41.5657860002804],[-122.18649599969135,41.56486800030848],[-122.18533400012527,41.563068999673135],[-122.18453499988402,41.561781000024325],[-122.18367700009154,41.560435000054234],[-122.18339099986126,41.55994599980312],[-122.18324799974611,41.55955299993397],[-122.18303900040708,41.55893300026863],[-122.18286100013185,41.55792000031605],[-122.18274099958292,41.557038000154016],[-122.18256900005377,41.55529799975095],[-122.18245500025098,41.554208000206785],[-122.18235700034168,41.55349000026512],[-122.18229700006721,41.55245399991238],[-122.18217800024154,41.55152400023378],[-122.18208299980698,41.55061800007217],[-122.18207100011139,41.550021999746924],[-122.18213600040875,41.54950999987161],[-122.18237499988503,41.548997000281126],[-122.18292300005612,41.54836600009939],[-122.18336400009707,41.54787699996758],[-122.18384000029813,41.547340999925595],[-122.18418599990456,41.546923999913986],[-122.18454400010484,41.5463639996899],[-122.18481799974123,41.545803000250736],[-122.18499099999359,41.54535099974198],[-122.18533599977508,41.54427799995648],[-122.18571800026481,41.54319299975407],[-122.18612300032078,41.54214500017234],[-122.18646200025448,41.541226999902754],[-122.18667700033966,41.540798000265866],[-122.18702299994605,41.54027400000017],[-122.18745200029144,41.53979699990717],[-122.18784499975352,41.53941600002883],[-122.18850000005473,41.53893900033129],[-122.18929900029597,41.53840300015947],[-122.19018399985265,41.53802100027391],[-122.19155399983121,41.53756899983255],[-122.19410299999262,41.536968000181744],[-122.19728900001355,41.53620300013893],[-122.19794199976663,41.53609100006774],[-122.19919100026969,41.535739000310436],[-122.19968400018921,41.5355879999382],[-122.20047000001166,41.535215000072846],[-122.20147699976705,41.53438899968647],[-122.20758100002037,41.52949400021954],[-122.21521599991071,41.523390999963205],[-122.21618300038143,41.52265400024429],[-122.2173419995745,41.52163099967186],[-122.2184189996501,41.52093200024251],[-122.21900600017925,41.52058299978086],[-122.21942899977854,41.520333000314736],[-122.22012000006475,41.51992300001425],[-122.222382000171,41.51876499988507],[-122.22278800005184,41.518535000057845],[-122.22312699998558,41.5183450000812],[-122.22346599991928,41.5181280003141],[-122.22373700008093,41.517890999690714],[-122.22404800042557,41.51758600015709],[-122.22432600025992,41.517167000286825],[-122.22487899955554,41.515882999702036],[-122.22593399988983,41.51363900016012],[-122.2262059998764,41.51302500028705],[-122.22648799990871,41.51263199975016],[-122.22687000039845,41.512249000119944],[-122.22746500042518,41.511936999712326],[-122.22823000033127,41.51170600023977],[-122.22925200015528,41.511545999842355],[-122.22933599982088,41.51157299980259],[-122.2296210002262,41.51159999975161],[-122.23039299980498,41.51166800004667],[-122.23130800039718,41.511830000006675],[-122.23205300021178,41.5119049999132],[-122.2327029995918,41.5119319997237],[-122.23308500008152,41.51190699977495],[-122.23348799958933,41.51182600027829],[-122.23407199974542,41.51165499988697],[-122.23472700004663,41.511383000241665],[-122.23576399993927,41.51087999972415],[-122.23650999957876,41.51046699988656],[-122.23744699991228,41.51027499985806],[-122.2384129996598,41.51028500009085],[-122.23946100032137,41.51045699968188],[-122.24287300029815,41.511718000119096],[-122.24379499966474,41.51208800012755],[-122.24679499991285,41.51315799975896],[-122.24738400009181,41.513408000034545],[-122.24786699996557,41.513552000034856],[-122.24837300030386,41.51376000021718],[-122.24898900024701,41.5139840001317],[-122.24954499991571,41.51414599967696],[-122.25032300024056,41.51430200012643],[-122.2506150003186,41.514341999905184],[-122.25112400013164,41.51437999987384],[-122.25133099982087,41.51439099970132],[-122.25185800007556,41.514396999728696],[-122.2522959997435,41.514393999715104],[-122.25265399994376,41.51435200018231],[-122.25313000014482,41.51429499985994],[-122.25354600007145,41.51423299967647],[-122.25400499965575,41.51412899975618],[-122.25449799957526,41.51400299988762],[-122.26081199989085,41.51226200016035],[-122.26152699956822,41.512042000056184],[-122.26242700009178,41.51180000001976],[-122.26298699995843,41.51163299997296],[-122.26335500020448,41.51151399984994],[-122.26431900030218,41.51118300003051],[-122.2650530002461,41.510868999972736],[-122.26635299990444,41.51017799967274],[-122.26978499997271,41.5083919996701],[-122.27039599989297,41.508064999994104],[-122.27108600035429,41.50772000009452],[-122.27204799990385,41.507307000279376],[-122.27263700008281,41.50708300013285],[-122.27348099963159,41.50687999973007],[-122.27461499960859,41.506621000031956],[-122.279768000183,41.505436999942916],[-122.28078400015923,41.5052480002351],[-122.28150200020964,41.5052480002351],[-122.28235499997923,41.5054509997],[-122.2831679995659,41.5057219996872],[-122.28380500032374,41.505964999930086],[-122.28504999973052,41.50645299972836],[-122.28586300021547,41.506724000230804],[-122.28628300034005,41.50673799970961],[-122.28693299972007,41.50680500005654],[-122.2877589997255,41.5066020001276],[-122.28827400028462,41.50633099978721],[-122.28877499970173,41.50591100002967],[-122.28896499967253,41.50561400010876],[-122.28999400006755,41.503961000209785],[-122.29057599967553,41.50317600012742],[-122.29077900006511,41.50297199985252],[-122.29107699999092,41.50278299967729],[-122.29145699993254,41.502607000256866],[-122.29248600032756,41.502133000203266],[-122.29377299956712,41.50154999998933],[-122.29430099964671,41.50133400019079],[-122.29465299999924,41.501102999889355],[-122.29495099992508,41.50080499967844],[-122.29543899982168,41.5003450000788],[-122.29607499985632,41.49977600022637],[-122.29659899973798,41.499281000022506],[-122.29747699962195,41.497936000084316],[-122.29794100012742,41.49713200031129],[-122.29822200033485,41.49621200016635],[-122.29841300013051,41.495179000321095],[-122.2987899996991,41.493846999678105],[-122.29906599988361,41.49356599966461],[-122.29942599973371,41.49329599982517],[-122.29982199956885,41.49305700003005],[-122.30041999996864,41.4927490002296],[-122.30133100036288,41.49230700010261],[-122.30302000018366,41.49147899991095],[-122.30342400041472,41.4912940001632],[-122.30474900018744,41.49062599981146],[-122.30797899969103,41.489155000034195],[-122.3082259995632,41.48904299995312],[-122.30973899965691,41.48840799988828],[-122.31070899960238,41.48811099977223],[-122.31348799991756,41.4870620002929],[-122.31393900000425,41.48676700002835],[-122.3142150001888,41.48652799969819],[-122.31444500034254,41.48631600023019],[-122.31468399981885,41.486030999874515],[-122.31487700016268,41.48570900033269],[-122.3149419995617,41.48551600024362],[-122.31505200006488,41.485248999845595],[-122.3150610002857,41.48472399991481],[-122.31508899987477,41.48416200027912],[-122.31512700040794,41.483725000261586],[-122.31518400030937,41.48247699976688],[-122.31508700022499,41.481871999690384],[-122.314934999889,41.48134399979219],[-122.31460699982595,41.480644000050205],[-122.31427799993799,41.48003899968586],[-122.31400099992854,41.47948800017086],[-122.31384000027006,41.47900599970962],[-122.31377599979766,41.47868400025541],[-122.31378500001847,41.4779450001387],[-122.3138639996612,41.477464999895794],[-122.31407200007365,41.47694100030003],[-122.31438099987015,41.476401999714966],[-122.31496800039928,41.4754360001429],[-122.31526100030224,41.4749560001642],[-122.3163400000277,41.473238999838465],[-122.31715799963717,41.47188199983999],[-122.31748700042348,41.47132500032813],[-122.31772300042502,41.47094300028775],[-122.31834600004086,41.46993899968661],[-122.31854100003453,41.46968099992654],[-122.31876100014254,41.469365000079044],[-122.319074000137,41.46892299996211],[-122.31963999985146,41.46834400012152],[-122.32006800037193,41.46803999971032],[-122.32074399969122,41.46778199979754],[-122.3212130002196,41.467630000135316],[-122.32175600036781,41.46751499970686],[-122.32224400026443,41.467464999837404],[-122.32301199964523,41.467437000055234],[-122.32370200010654,41.467459999781035],[-122.32438400017193,41.46744599989036],[-122.3249730003509,41.46734499972414],[-122.32546000042261,41.46720700032903],[-122.3259299998776,41.466995000256816],[-122.32638099996429,41.466700999809575],[-122.32707999974812,41.46619500005324],[-122.33125800035417,41.463111999877896],[-122.33169099999922,41.46276199977583],[-122.33249100006536,41.46220099989924],[-122.33318099962838,41.4618879997008],[-122.33353299998086,41.461708000121945],[-122.33483799966211,41.46104100012034],[-122.33504000022678,41.460820000003615],[-122.33547299987184,41.46014900006671],[-122.33553700034425,41.45950400031222],[-122.33523299967233,41.45875000017165],[-122.33460800040667,41.45814200019382],[-122.33415700031996,41.457881000006104],[-122.33310299981056,41.45719200013672],[-122.3324159997223,41.45646800009317],[-122.33212799984223,41.45606100008162],[-122.33207699978857,41.45582300008587],[-122.33045699956477,41.45134200003612],[-122.3302180000885,41.45070700023228],[-122.3283040001368,41.44548000023978],[-122.32825800010606,41.445194000171064],[-122.32822999961863,41.44477999975498],[-122.32822100029614,41.444504000254675],[-122.32835000016756,41.44410800023856],[-122.32848800025984,41.44371299979935],[-122.32864399989543,41.44346399986719],[-122.32930699969424,41.44271899970255],[-122.32969400020687,41.44233200019416],[-122.32995100012481,41.44199199974124],[-122.33015399961606,41.44167900033611],[-122.3302830003858,41.4413110002148],[-122.3302830003858,41.44088799978843],[-122.3302730003401,41.44047300015962],[-122.33020899986768,41.44016999977027],[-122.3301629998369,41.43986599995376],[-122.33011699980617,41.43962699976718],[-122.33003399996551,41.439388000047245],[-122.33003399996551,41.43916700023311],[-122.3300709997754,41.4388590002394],[-122.33007999999622,41.438642000177296],[-122.33026400011926,41.43825599998364],[-122.33037500044735,41.438071999906846],[-122.33063200036528,41.437851000325544],[-122.33117499961516,41.43748300004767],[-122.33164400014354,41.43717899976692],[-122.33272100021915,41.43662700026034],[-122.33358900005737,41.43612600001512],[-122.3342030003507,41.43578900033497],[-122.3345890001401,41.435384000099056],[-122.33482900033958,41.43502599970369],[-122.33502199978513,41.43443699981513],[-122.33502199978513,41.43400399982603],[-122.334810000073,41.4334329997749],[-122.33328799975848,41.431587000159396],[-122.33254600031698,41.430620000249185],[-122.33234299992738,41.43020000006197],[-122.33230199991948,41.42994199982169],[-122.33231100014032,41.42937799975143],[-122.33230199991948,41.42904900031026],[-122.33243800036192,41.428682999707895],[-122.33275800002907,41.42828799968169],[-122.33320999994068,41.427599000077365],[-122.33358499985943,41.42714699997739],[-122.33396700034916,41.42673899967658],[-122.33486500032461,41.42589800000782],[-122.33547600024487,41.42555400001566],[-122.33610100040886,41.42523800004591],[-122.33688800005622,41.425091999915665],[-122.33769200032035,41.42516800012595],[-122.33843799995985,41.42528300019518],[-122.34057799986735,41.42575699991813],[-122.3416879995549,41.42594700001506],[-122.34216200010614,41.42590599997026],[-122.34263599975908,41.42587900000881],[-122.34320499984656,41.42566299991277],[-122.3440040000878,41.42530999973092],[-122.34451899974863,41.42493100023108],[-122.34485799968235,41.424498000153086],[-122.34511499960028,41.42406400027947],[-122.3454810001965,41.423007999760905],[-122.34565699992359,41.42248000013462],[-122.34690300005357,41.41916700016473],[-122.34724100016238,41.4181460002451],[-122.34734999994234,41.41752300012153],[-122.34734999994234,41.417007999976676],[-122.3473769997065,41.41637100025451],[-122.34722799974362,41.41526099995904],[-122.34710600044316,41.41424500005877],[-122.34718699973573,41.41341900013416],[-122.34789100044073,41.412118999670035],[-122.34859600007233,41.41152300022883],[-122.34916699980964,41.41118300009673],[-122.34953099985772,41.41094300027959],[-122.34964100036088,41.41088500013458],[-122.3500020000359,41.41065299971052],[-122.35162499973447,41.40957199973653],[-122.35289099995593,41.40871000010011],[-122.35340099959389,41.40821799999393],[-122.35398099955201,41.40762000008802],[-122.35428000020106,41.40695899978842],[-122.3573570004421,41.400242000249754],[-122.35844899968797,41.39786000018542],[-122.35904000041509,41.39663899970073],[-122.35973300035114,41.395213000062746],[-122.36006200023908,41.39453299983895],[-122.36189699964977,41.390786000042645],[-122.36222700026096,41.39026000023787],[-122.36261899989812,41.3897149997525],[-122.36336899973557,41.38903100008166],[-122.36360200026238,41.388821999776496],[-122.36367900025527,41.388742000262305],[-122.36473500041448,41.38798199996743],[-122.3649630000201,41.387860000137195],[-122.36771100037315,41.38630200014209],[-122.36904500036671,41.38562199971464],[-122.36966100030983,41.385307999991525],[-122.37218299980876,41.38385900012834],[-122.3728320002622,41.38342599992217],[-122.37314199988359,41.38320199969885],[-122.37334899957281,41.38299600023262],[-122.37347199959646,41.382819999824875],[-122.37356899968086,41.38257400030261]]},"properties":{"OBJECTID":89866,"NAME":"Union Pacific RR","BASENAME":"Union Pacific","MTFCC":"R1011"}},{"type":"Feature","id":89947,"geometry":{"type":"LineString","coordinates":[[-121.58381099976991,42.027111999737315],[-121.58317599956017,42.02711600016382],[-121.58207599991839,42.02712300007548],[-121.58127000000441,42.02712899971313],[-121.58063599961959,42.02713399974442],[-121.57972799959839,42.02711699976995],[-121.57700699990785,42.02706599981925],[-121.57609999971157,42.02704899982665],[-121.57500599991755,42.02703699986831],[-121.57172399963713,42.02700099997987],[-121.570630999668,42.0269900002879],[-121.56964900002697,42.02698599985348],[-121.56670300020552,42.02697700004286],[-121.56572200038937,42.0269739998833],[-121.56474400004798,42.02697099972355],[-121.56181400012007,42.026963999795164],[-121.5608369996036,42.02696199991082],[-121.55814600005027,42.02697000011513],[-121.5579159998965,42.02697099972355],[-121.5555650001018,42.02698000020233],[-121.5540920001911,42.02698599985348],[-121.55383699992295,42.026992000171376],[-121.54968400032958,42.02700200025506],[-121.54915700007487,42.02700299986299],[-121.54645200027787,42.027012999944944],[-121.54623700019272,42.027012999944944],[-121.5452849997906,42.02701900026029],[-121.54495799955244,42.02702199975047],[-121.54243199985557,42.02703800014299],[-121.54148100017666,42.02704500006318],[-121.54000900009086,42.02700900017928],[-121.5394130002392,42.02693600007397],[-121.53829900035366,42.02680100000572],[-121.53644999980101,42.026133000056255],[-121.5335779995994,42.024893999744684],[-121.53331200035893,42.02477900021254],[-121.53165399960197,42.024127999815484],[-121.52772100011663,42.022518999749785],[-121.51592299968883,42.01769500011193],[-121.51199100002837,42.01608699988724],[-121.51006100018316,42.01529400026128],[-121.50427300029735,42.012915000124394],[-121.50233699970605,42.01230899984671],[-121.50088499971173,42.01175099985125],[-121.49975400010777,42.01130400028885],[-121.49898400017882,42.011054999936334],[-121.49840300039578,42.01086899992968],[-121.4976300000938,42.010649999838265],[-121.49676599955521,42.010433000064566],[-121.49614600031244,42.01030599996439],[-121.49508500013036,42.010117000149904],[-121.49421599956887,42.01000399967476],[-121.4936599999002,42.00992500014484],[-121.49290199966683,42.009855000082254],[-121.4919769999272,42.00980299975704],[-121.49063100023808,42.009775999699805],[-121.48596300008559,42.00976700012314],[-121.48277799988954,42.00976100018216],[-121.47825299985216,42.00975299981505],[-121.46937500020485,42.00975600011967],[-121.46525500022344,42.0097780001247],[-121.46314600027807,42.00975600011967],[-121.45477999991854,42.009740999929875],[-121.44778000023793,42.009734999986456],[-121.44753699966536,42.00974400023512],[-121.44302699969658,42.00973199968083],[-121.43791900022637,42.00973199968083],[-121.43006300040308,42.00973300022768],[-121.428156999949,42.009730999801384],[-121.42803300010044,42.00972800016301],[-121.42751500006659,42.00970899978016],[-121.4269309999105,42.009658999764234],[-121.4263700002189,42.00959599991514],[-121.42573300035937,42.00950699971482],[-121.42502399963148,42.00934899998982],[-121.42431499980194,42.00913400022803],[-121.42358000003308,42.0089049999123],[-121.42297800033363,42.00867799989913],[-121.4222569999102,42.00835699977115],[-121.42163199974621,42.007984000216226],[-121.4207780001517,42.00737100027014],[-121.42031899966906,42.00700399980806],[-121.41976200017544,42.00648000031875],[-121.4195189996029,42.00621099974639],[-121.41908099993499,42.005698999715506],[-121.41867599987901,42.00507600025483],[-121.4183229997016,42.004355000306305],[-121.41797299989723,42.003386999820215],[-121.41787699963778,42.00299700008273],[-121.41778100027663,42.0025030000988],[-121.41777500042885,42.00169799994264],[-121.41776200001006,41.999823999734325],[-121.41777600025374,41.997810999962624],[-121.4177799995534,41.99773099991105],[-121.41778799994933,41.99762800016386]]},"properties":{"OBJECTID":89947,"NAME":"Bnsf","BASENAME":"Bnsf","MTFCC":"R1011"}},{"type":"Feature","id":89988,"geometry":{"type":"LineString","coordinates":[[-121.51605900013125,41.99458399974411],[-121.51642599965407,41.994912000046966],[-121.51703099972656,41.99546900009194],[-121.51782400012002,41.99617000007526],[-121.51835399984945,41.99665499972558],[-121.51901900019642,41.997235999692215],[-121.51950999956777,41.99767099980634]]},"properties":{"OBJECTID":89988,"NAME":null,"BASENAME":null,"MTFCC":"R1011"}},{"type":"Feature","id":89989,"geometry":{"type":"LineString","coordinates":[[-122.47755499995368,41.78983499978235],[-122.47755400012876,41.790386000239536],[-122.47758400026598,41.7907620002907],[-122.47770499974148,41.79140000032617]]},"properties":{"OBJECTID":89989,"NAME":null,"BASENAME":null,"MTFCC":"R1011"}},{"type":"Feature","id":89990,"geometry":{"type":"LineString","coordinates":[[-122.17973399966212,41.28106900032699],[-122.17947500009434,41.281112000113616]]},"properties":{"OBJECTID":89990,"NAME":null,"BASENAME":null,"MTFCC":"R1011"}},{"type":"Feature","id":89991,"geometry":{"type":"LineString","coordinates":[[-122.31801100030512,41.317388999898675],[-122.31729200042982,41.31654599974906]]},"properties":{"OBJECTID":89991,"NAME":null,"BASENAME":null,"MTFCC":"R1011"}},{"type":"Feature","id":89992,"geometry":{"type":"LineString","coordinates":[[-122.29244199994663,41.3239939998705],[-122.29225299980075,41.32424199984358],[-122.29203600006576,41.324468000232024],[-122.29178499999558,41.32463199985594],[-122.29166299979686,41.32468600023416],[-122.29163000018488,41.32470100033126],[-122.2914669999783,41.324754000197025],[-122.29117900009817,41.32478999971206],[-122.2908900003932,41.32478999971206],[-122.29062500007932,41.32475700021355],[-122.29031799993265,41.32464699996552],[-122.28998700039487,41.32452200007147],[-122.28966500017958,41.32443499989582],[-122.28932000039809,41.32436400024016],[-122.28893600025853,41.32428299993041],[-122.28871899962523,41.32421800019207],[-122.28860499982243,41.32416799993406],[-122.2885680000125,41.32415199992437],[-122.28841599967654,41.32405100015188],[-122.28822800025388,41.323859999900364],[-122.28807599991792,41.32364000023784]]},"properties":{"OBJECTID":89992,"NAME":null,"BASENAME":null,"MTFCC":"R1011"}},{"type":"Feature","id":89994,"geometry":{"type":"LineString","coordinates":[[-122.14902900024428,41.269125000307454],[-122.1486490003027,41.269159000239064],[-122.14810299978141,41.26923700029327],[-122.14754000044003,41.26935000004209],[-122.14745500005121,41.26936000026737],[-122.14717100036908,41.269394000076595],[-122.14688500013881,41.26943600017395],[-122.14662099964987,41.26946300027051],[-122.14641499978553,41.26945699987491],[-122.14622200033999,41.269429999775866],[-122.14600100040708,41.269387999674656],[-122.14570900032903,41.26930200015476],[-122.14538799993866,41.26916799986055],[-122.14511299957904,41.269043000280405],[-122.14494400042298,41.268887000290405],[-122.14478700006413,41.26874200021219],[-122.14451599990248,41.26842899980232],[-122.14440200009965,41.26822099980235]]},"properties":{"OBJECTID":89994,"NAME":null,"BASENAME":null,"MTFCC":"R1011"}},{"type":"Feature","id":89995,"geometry":{"type":"LineString","coordinates":[[-122.17284799978431,41.26997699992884],[-122.17313700038764,41.27026000009141],[-122.17366100026926,41.270729999771994],[-122.17444299989376,41.271451000156794],[-122.17517199981481,41.27212500008016],[-122.1757049999173,41.27259000031028]]},"properties":{"OBJECTID":89995,"NAME":null,"BASENAME":null,"MTFCC":"R1011"}},{"type":"Feature","id":90000,"geometry":{"type":"LineString","coordinates":[[-122.4630690003456,41.865660999998724],[-122.46296100039059,41.865360999940464],[-122.46260900003809,41.86440199968001],[-122.4624059996485,41.86379399975464],[-122.4621679999971,41.863102999739034],[-122.46190000020852,41.86232200032329],[-122.46181399999479,41.86194099986695],[-122.46175399972034,41.861624999943636],[-122.46174799987256,41.861004999900835],[-122.46182499986543,41.86067199978005],[-122.46211699994348,41.859874000311436],[-122.46254899976361,41.858752999864834],[-122.46271299979514,41.857954999866244],[-122.46265099987089,41.85762100032985],[-122.46260400001519,41.85739699998807],[-122.46254399974075,41.85707000008471],[-122.46240700037171,41.85678399966816],[-122.46222099970056,41.85653300030516],[-122.4619620001328,41.85623000006564],[-122.46173500035205,41.85595499970534],[-122.46151000022117,41.85561300010867],[-122.46141800015967,41.85538000011867],[-122.46140899993884,41.85497199969105],[-122.46153899963517,41.85450699985297],[-122.4618509998047,41.85382199975375],[-122.46200300014065,41.85343199992654],[-122.46234799992217,41.85277899972317],[-122.4628840003977,41.8515099998307],[-122.46355999971698,41.85018099974045],[-122.46420099977449,41.84925300007256],[-122.4645189997918,41.84855299991884],[-122.46506399958982,41.84779399986692],[-122.46552100042264,41.84710900014846],[-122.46598699967966,41.84640399978882],[-122.46639099991069,41.845763000101755],[-122.4666520000266,41.845422999777306],[-122.46728700023633,41.84492000011478],[-122.46797500014948,41.844567999784445],[-122.46885100038365,41.84415699991764],[-122.46990199962167,41.843589000017424],[-122.4705860002352,41.84306600028659],[-122.47097100019965,41.84274600016289],[-122.47168800042515,41.84221100025057],[-122.47202200033598,41.842027000225166],[-122.47241800017112,41.84183900032191],[-122.47272799979251,41.841645000155985],[-122.47307500012214,41.841349999759544],[-122.47390399960231,41.8402710001329],[-122.47424699973399,41.83975899995848],[-122.4749530000888,41.83878999974973],[-122.47586500030798,41.83728899972355],[-122.47658900020616,41.83613899981068],[-122.47696999997267,41.83551300007223],[-122.47722100004285,41.83516699984749],[-122.47755999997655,41.834774000232734],[-122.47870999984706,41.833629999766224],[-122.47985200022,41.83256300028021],[-122.48048300023176,41.83207499977603],[-122.48115699990123,41.83162200013555],[-122.4816270002545,41.831258000252824],[-122.48198200008177,41.830846999905255],[-122.48222599958092,41.830436000265514],[-122.48265499992631,41.82975100013369],[-122.48304599973855,41.829066000034885],[-122.48318300000591,41.82865400029644],[-122.48332600012102,41.82805300029501],[-122.4834929996273,41.82738499983527],[-122.48374000039782,41.826264999778374],[-122.4837820002306,41.82587800024831],[-122.4837389996746,41.825555999679814],[-122.48350699987101,41.82500800002406],[-122.48267599984271,41.82398900031112],[-122.4822239999311,41.82346500027137],[-122.48193900042405,41.823118999856746],[-122.48133400035157,41.82239500029587],[-122.4809359999683,41.821914999783885],[-122.48067099965444,41.821577999741606],[-122.48055500020176,41.82134900027812],[-122.48048300023176,41.82103599981537],[-122.48047099963789,41.820671999992385],[-122.48049099972937,41.820363000258716],[-122.4804849998816,41.820124000042185],[-122.48043399982797,41.819927999972016],[-122.48033000007088,41.8195339996691],[-122.48006599958191,41.81860199994349],[-122.4799500001293,41.8182050002358],[-122.47981000038722,41.81789899994346],[-122.47948999982174,41.81742199986008],[-122.47903100023744,41.81690900012545],[-122.47870599964914,41.816516000226926],[-122.47851200037867,41.816155999767446],[-122.4783740002864,41.81585500027367],[-122.47832300023279,41.815544999812296],[-122.47831300018706,41.81526800015868],[-122.47832800025566,41.81501099974944],[-122.47837799958606,41.81476999979384],[-122.47843500038577,41.81460000021592],[-122.4785209997012,41.81439500026262],[-122.47868100043306,41.81413000021618],[-122.47890999986362,41.81383799969879],[-122.47907999974292,41.813662000000434],[-122.47933300036124,41.813435000242215],[-122.47961600021846,41.81320000008149],[-122.47985200022,41.812988000327856],[-122.48005300006146,41.81277700016371],[-122.48020500039742,41.81254400018718],[-122.48032099985006,41.81226400004815],[-122.48037699992655,41.81199300007754],[-122.48039799984294,41.81169800027621],[-122.48037600010164,41.81121599996982],[-122.4803729997286,41.81071499993852],[-122.4803640004061,41.81005100004678],[-122.48034199976647,41.80920200031757],[-122.48033599991867,41.808662000145866],[-122.48030599978144,41.80840299996486],[-122.48022299994076,41.80820300007033],[-122.48008999987137,41.80795299999368],[-122.47977400040222,41.80755700027017],[-122.47952400015696,41.80719899976277],[-122.47943700011832,41.80694300017077],[-122.47939500028552,41.806657000013175],[-122.47942200004968,41.80635300023923],[-122.47950800026341,41.806096999945176],[-122.4797390002421,41.80576800022575],[-122.47991199959614,41.805540000212716],[-122.48009099969629,41.805286999903416],[-122.48022499959059,41.805038999985776],[-122.48026899997151,41.80485500024739],[-122.48027800019236,41.804619000333425],[-122.4802589999258,41.804342000304445],[-122.48011900018368,41.80365400029234],[-122.47991599979412,41.80260500020308],[-122.47934199968373,41.79968499975431],[-122.47871099967197,41.79646599974082],[-122.47827700020203,41.794098000127235],[-122.47798900032195,41.792741999813394],[-122.4778310001382,41.791998000208395],[-122.47770499974148,41.79140000032617]]},"properties":{"OBJECTID":90000,"NAME":"Central Oregon & Pacific RR","BASENAME":"Central Oregon & Pacific","MTFCC":"R1011"}},{"type":"Feature","id":90062,"geometry":{"type":"LineString","coordinates":[[-122.5255779998965,41.72997400013909],[-122.52544400000217,41.73023600010398],[-122.52527099974982,41.73051599986268],[-122.52355199979182,41.732964999963606],[-122.52293500002375,41.73385300015514],[-122.52278600006082,41.734054999737914],[-122.52258900041733,41.734246000103134],[-122.52235199969257,41.73441100009119]]},"properties":{"OBJECTID":90062,"NAME":null,"BASENAME":null,"MTFCC":"R1011"}},{"type":"Feature","id":90063,"geometry":{"type":"LineString","coordinates":[[-122.59268699982779,41.731306000192355],[-122.59254299988775,41.73121099984347],[-122.59242300023716,41.73110700001318],[-122.59224900015988,41.73065300026486]]},"properties":{"OBJECTID":90063,"NAME":null,"BASENAME":null,"MTFCC":"R1011"}},{"type":"Feature","id":90064,"geometry":{"type":"LineString","coordinates":[[-122.59052099998105,41.732195000063356],[-122.590152999735,41.732368000258084],[-122.58924700026195,41.73273999974587],[-122.58821200001914,41.73316399974972],[-122.58797199981963,41.73326299998633]]},"properties":{"OBJECTID":90064,"NAME":null,"BASENAME":null,"MTFCC":"R1011"}},{"type":"Feature","id":90065,"geometry":{"type":"LineString","coordinates":[[-122.5826960001199,41.735634000008474],[-122.5805699995578,41.73690399973593]]},"properties":{"OBJECTID":90065,"NAME":null,"BASENAME":null,"MTFCC":"R1011"}},{"type":"Feature","id":90066,"geometry":{"type":"LineString","coordinates":[[-121.99060799980376,41.716578999762106],[-121.99031800027386,41.71622599985986],[-121.98943600019193,41.715152000199765]]},"properties":{"OBJECTID":90066,"NAME":null,"BASENAME":null,"MTFCC":"R1011"}},{"type":"Feature","id":90067,"geometry":{"type":"LineString","coordinates":[[-122.4630690003456,41.865660999998724],[-122.46310699998047,41.865779999763504],[-122.46313600029276,41.86587199980085],[-122.46325599994334,41.866108000076586],[-122.46344300043944,41.86635500016638],[-122.46368199991572,41.866577000331944]]},"properties":{"OBJECTID":90067,"NAME":null,"BASENAME":null,"MTFCC":"R1011"}},{"type":"Feature","id":90068,"geometry":{"type":"LineString","coordinates":[[-122.50901299958197,41.898847000246775],[-122.50869200008992,41.89872799986557],[-122.50857099971613,41.898682999725466],[-122.50832899986679,41.89858499972665],[-122.50817700042913,41.898501000276575]]},"properties":{"OBJECTID":90068,"NAME":null,"BASENAME":null,"MTFCC":"R1011"}},{"type":"Feature","id":90069,"geometry":{"type":"LineString","coordinates":[[-122.58342800041397,41.957889999787255],[-122.58326799968212,41.95787199998714],[-122.58310100017584,41.95785700026114],[-122.58284799955754,41.957862999751164],[-122.5825079997989,41.95789299986475],[-122.58207000013101,41.9579399997249],[-122.58181099966491,41.95796699972837],[-122.58157899986132,41.95798500016968],[-122.58147500010426,41.95799199967193],[-122.58126900023993,41.95797299987607],[-122.58103700043635,41.9579399997249],[-122.58065699959643,41.95782400004994],[-122.58051600002942,41.95775900027222]]},"properties":{"OBJECTID":90069,"NAME":null,"BASENAME":null,"MTFCC":"R1011"}},{"type":"Feature","id":90194,"geometry":{"type":"LineString","coordinates":[[-121.51605900013125,41.99458399974411],[-121.51590799962021,41.9944530002418],[-121.51578600031979,41.994348000288035],[-121.51568199966441,41.9942490002302],[-121.51547999999802,41.994074999998155],[-121.51536600019523,41.99396299986575],[-121.5151600003309,41.99377900022181],[-121.51462700022842,41.99334699995424],[-121.51303600031693,41.99193399976978],[-121.51106000044093,41.99014700012074],[-121.51072099960894,41.98981000023768],[-121.50251800035431,41.98241699997889],[-121.50064200003747,41.98073399982649],[-121.49874700035235,41.97903799990621],[-121.49613200006873,41.97669000010659],[-121.49157699989412,41.97258199981515],[-121.49133400021987,41.97237600024594],[-121.48644699978422,41.96796600014053],[-121.48182399983757,41.96381900023016],[-121.48158100016335,41.96360800002824],[-121.47902899962887,41.961304999955345],[-121.4787139999846,41.96101300003393],[-121.47813400002649,41.96056900007821],[-121.47772599959745,41.96021400015521],[-121.4774100001283,41.95992199991028],[-121.47537599962769,41.95807699967376],[-121.47232900042222,41.95527400000949],[-121.47211400033707,41.95508100016337],[-121.47204200036704,41.95501799973406],[-121.47175600013676,41.95476199976642],[-121.47068099971099,41.9537019996876]]},"properties":{"OBJECTID":90194,"NAME":"Union Pacific RR","BASENAME":"Union Pacific","MTFCC":"R1011"}}]}