{"type":"FeatureCollection","features":[{"type":"Feature","id":7166,"geometry":{"type":"Point","coordinates":[-123.631714432075,40.994669268572]},"properties":{"OBJECTID":7166,"HANDLER_ID":"CAD981372642","HANDLER_NAME":"PG&E WILLOW CREEK SERVICE CENTER ","LOCATION_ADDRESS":"700 Hwy 96, Willow Creek, CA 95573","FEDERAL_GENERATOR_STATUS":"VSG","OPERATING_TSDF":"------","OPERATING_TSDF_DESC":"Not a TSDF","IS_CA":"No","PERMITTED_STATUS":"Not Permitted","TSDF_YES_NO":"No"}},{"type":"Feature","id":10340,"geometry":{"type":"Point","coordinates":[-122.536693613519,41.7265492408549]},"properties":{"OBJECTID":10340,"HANDLER_ID":"CAD983648239","HANDLER_NAME":"RIDAL CORP","LOCATION_ADDRESS":"508 Old Montague Rd, Montague, CA 96064","FEDERAL_GENERATOR_STATUS":"SQG","OPERATING_TSDF":"------","OPERATING_TSDF_DESC":"Not a TSDF","IS_CA":"No","PERMITTED_STATUS":"Not Permitted","TSDF_YES_NO":"No"}},{"type":"Feature","id":10454,"geometry":{"type":"Point","coordinates":[-122.633903132124,41.727001599844]},"properties":{"OBJECTID":10454,"HANDLER_ID":"CAT000619171","HANDLER_NAME":"SISKIYOU CO DEPT OF AGRI","LOCATION_ADDRESS":"525 S Foothill Dr, Yreka, CA 96097","FEDERAL_GENERATOR_STATUS":"SQG","OPERATING_TSDF":"------","OPERATING_TSDF_DESC":"Not a TSDF","IS_CA":"No","PERMITTED_STATUS":"Not Permitted","TSDF_YES_NO":"No"}},{"type":"Feature","id":10530,"geometry":{"type":"Point","coordinates":[-122.272240771294,41.2144303017171]},"properties":{"OBJECTID":10530,"HANDLER_ID":"CAT080027709","HANDLER_NAME":"PACIFIC BELL","LOCATION_ADDRESS":"6 Mi N/O Dunsmiur, Dunsmuir, CA 96025","FEDERAL_GENERATOR_STATUS":"LQG","OPERATING_TSDF":"------","OPERATING_TSDF_DESC":"Not a TSDF","IS_CA":"No","PERMITTED_STATUS":"Not Permitted","TSDF_YES_NO":"No"}},{"type":"Feature","id":10531,"geometry":{"type":"Point","coordinates":[-122.272522259095,41.2115263908303]},"properties":{"OBJECTID":10531,"HANDLER_ID":"CAT080027717","HANDLER_NAME":"PACIFIC BELL","LOCATION_ADDRESS":"964 Shasta Avenue, Dunsmuir, CA 96025","FEDERAL_GENERATOR_STATUS":"LQG","OPERATING_TSDF":"------","OPERATING_TSDF_DESC":"Not a TSDF","IS_CA":"No","PERMITTED_STATUS":"Not Permitted","TSDF_YES_NO":"No"}},{"type":"Feature","id":10846,"geometry":{"type":"Point","coordinates":[-122.842509873931,41.6058746114243]},"properties":{"OBJECTID":10846,"HANDLER_ID":"CAT080016603","HANDLER_NAME":"PACIFIC BELL","LOCATION_ADDRESS":"6 Miles N/W Weed, Gazelle, CA 96034","FEDERAL_GENERATOR_STATUS":"LQG","OPERATING_TSDF":"------","OPERATING_TSDF_DESC":"Not a TSDF","IS_CA":"No","PERMITTED_STATUS":"Not Permitted","TSDF_YES_NO":"No"}},{"type":"Feature","id":12067,"geometry":{"type":"Point","coordinates":[-122.584427829081,41.5915915786885]},"properties":{"OBJECTID":12067,"HANDLER_ID":"CAT080018559","HANDLER_NAME":"PACIFIC BELL","LOCATION_ADDRESS":"Pythian Cave, Yreka, CA 96097","FEDERAL_GENERATOR_STATUS":"SQG","OPERATING_TSDF":"------","OPERATING_TSDF_DESC":"Not a TSDF","IS_CA":"No","PERMITTED_STATUS":"Not Permitted","TSDF_YES_NO":"No"}},{"type":"Feature","id":12068,"geometry":{"type":"Point","coordinates":[-122.640823415268,41.7369337125209]},"properties":{"OBJECTID":12068,"HANDLER_ID":"CAT080018567","HANDLER_NAME":"PACIFIC BELL","LOCATION_ADDRESS":"Antelope Hill, Yreka, CA 96097","FEDERAL_GENERATOR_STATUS":"LQG","OPERATING_TSDF":"------","OPERATING_TSDF_DESC":"Not a TSDF","IS_CA":"No","PERMITTED_STATUS":"Not Permitted","TSDF_YES_NO":"No"}},{"type":"Feature","id":12541,"geometry":{"type":"Point","coordinates":[-122.30756883923,41.3029577652887]},"properties":{"OBJECTID":12541,"HANDLER_ID":"CAT080026594","HANDLER_NAME":"PACIFIC BELL","LOCATION_ADDRESS":"1219 S Mt Shasta Blvd, Mount Shasta, CA 96067","FEDERAL_GENERATOR_STATUS":"VSG","OPERATING_TSDF":"------","OPERATING_TSDF_DESC":"Not a TSDF","IS_CA":"No","PERMITTED_STATUS":"Not Permitted","TSDF_YES_NO":"No"}},{"type":"Feature","id":12722,"geometry":{"type":"Point","coordinates":[-122.276713999152,41.2297781317554]},"properties":{"OBJECTID":12722,"HANDLER_ID":"CAT080016546","HANDLER_NAME":"PACIFIC BELL","LOCATION_ADDRESS":"Shiloah Springs, Dunsmuir, CA 96025","FEDERAL_GENERATOR_STATUS":"SQG","OPERATING_TSDF":"------","OPERATING_TSDF_DESC":"Not a TSDF","IS_CA":"No","PERMITTED_STATUS":"Not Permitted","TSDF_YES_NO":"No"}},{"type":"Feature","id":13075,"geometry":{"type":"Point","coordinates":[-121.476644731369,41.9509291920287]},"properties":{"OBJECTID":13075,"HANDLER_ID":"CAR000058834","HANDLER_NAME":"TULELAKE HIGH SCHOOL","LOCATION_ADDRESS":"400 G St, Tulelake, CA 96134","FEDERAL_GENERATOR_STATUS":"SQG","OPERATING_TSDF":"------","OPERATING_TSDF_DESC":"Not a TSDF","IS_CA":"No","PERMITTED_STATUS":"Not Permitted","TSDF_YES_NO":"No"}},{"type":"Feature","id":13122,"geometry":{"type":"Point","coordinates":[-122.311003350124,41.3134861284821]},"properties":{"OBJECTID":13122,"HANDLER_ID":"CAT080015878","HANDLER_NAME":"PACIFIC BELL","LOCATION_ADDRESS":"100 Orem Street, Mount Shasta, CA 96067","FEDERAL_GENERATOR_STATUS":"LQG","OPERATING_TSDF":"------","OPERATING_TSDF_DESC":"Not a TSDF","IS_CA":"No","PERMITTED_STATUS":"Not Permitted","TSDF_YES_NO":"No"}},{"type":"Feature","id":13123,"geometry":{"type":"Point","coordinates":[-122.306753154135,41.3022077307023]},"properties":{"OBJECTID":13123,"HANDLER_ID":"CAT080015886","HANDLER_NAME":"PACIFIC BELL","LOCATION_ADDRESS":"3/4 Miles N/E Mount Shasta, Mount Shasta, CA 96067","FEDERAL_GENERATOR_STATUS":"LQG","OPERATING_TSDF":"------","OPERATING_TSDF_DESC":"Not a TSDF","IS_CA":"No","PERMITTED_STATUS":"Not Permitted","TSDF_YES_NO":"No"}},{"type":"Feature","id":13135,"geometry":{"type":"Point","coordinates":[-123.448547712307,41.7081697961992]},"properties":{"OBJECTID":13135,"HANDLER_ID":"CAT000614685","HANDLER_NAME":"CHEVRON USA INC HAPPY CAMP BULK PLT","LOCATION_ADDRESS":"E Of State 96, Happy Camp, CA 96039","FEDERAL_GENERATOR_STATUS":"SQG","OPERATING_TSDF":"------","OPERATING_TSDF_DESC":"Not a TSDF","IS_CA":"No","PERMITTED_STATUS":"Not Permitted","TSDF_YES_NO":"No"}},{"type":"Feature","id":13333,"geometry":{"type":"Point","coordinates":[-122.593332016659,41.7383096752514]},"properties":{"OBJECTID":13333,"HANDLER_ID":"CAD983664038","HANDLER_NAME":"HI RIDGE","LOCATION_ADDRESS":"329 N Phillipe Ln, Yreka, CA 96097","FEDERAL_GENERATOR_STATUS":"SQG","OPERATING_TSDF":"------","OPERATING_TSDF_DESC":"Not a TSDF","IS_CA":"No","PERMITTED_STATUS":"Not Permitted","TSDF_YES_NO":"No"}},{"type":"Feature","id":13782,"geometry":{"type":"Point","coordinates":[-122.555410303942,41.910572115211]},"properties":{"OBJECTID":13782,"HANDLER_ID":"CAT080016280","HANDLER_NAME":"PACIFIC BELL","LOCATION_ADDRESS":"1 3/4 Mile S/E, Hornbrook, CA 96044","FEDERAL_GENERATOR_STATUS":"LQG","OPERATING_TSDF":"------","OPERATING_TSDF_DESC":"Not a TSDF","IS_CA":"No","PERMITTED_STATUS":"Not Permitted","TSDF_YES_NO":"No"}},{"type":"Feature","id":15601,"geometry":{"type":"Point","coordinates":[-122.266164052229,41.2543251270031]},"properties":{"OBJECTID":15601,"HANDLER_ID":"CAD982402299","HANDLER_NAME":"CAL TRANS MT SHASTA","LOCATION_ADDRESS":"1500 Mott Rd, Mt Shasta, CA 96067","FEDERAL_GENERATOR_STATUS":"SQG","OPERATING_TSDF":"------","OPERATING_TSDF_DESC":"Not a TSDF","IS_CA":"No","PERMITTED_STATUS":"Not Permitted","TSDF_YES_NO":"No"}},{"type":"Feature","id":16108,"geometry":{"type":"Point","coordinates":[-122.378691723244,41.4320626395792]},"properties":{"OBJECTID":16108,"HANDLER_ID":"CAD982324519","HANDLER_NAME":"ROSEBURG FOREST PROD CO","LOCATION_ADDRESS":"98 Mill St, Weed, CA 96094","FEDERAL_GENERATOR_STATUS":"SQG","OPERATING_TSDF":"------","OPERATING_TSDF_DESC":"Not a TSDF","IS_CA":"No","PERMITTED_STATUS":"Not Permitted","TSDF_YES_NO":"No"}},{"type":"Feature","id":16687,"geometry":{"type":"Point","coordinates":[-121.451836932728,40.9993871120257]},"properties":{"OBJECTID":16687,"HANDLER_ID":"CAD982314973","HANDLER_NAME":"CALTRANS","LOCATION_ADDRESS":"Hat Cr Dit Riv Fall Riv Rt 299, Fall River Mills, CA 96028","FEDERAL_GENERATOR_STATUS":"SQG","OPERATING_TSDF":"------","OPERATING_TSDF_DESC":"Not a TSDF","IS_CA":"No","PERMITTED_STATUS":"Not Permitted","TSDF_YES_NO":"No"}},{"type":"Feature","id":17550,"geometry":{"type":"Point","coordinates":[-122.637654204378,41.7284540049484]},"properties":{"OBJECTID":17550,"HANDLER_ID":"CAD982348153","HANDLER_NAME":"ELK METAL PRODUCTS","LOCATION_ADDRESS":"217 South 17th Po Box 188, Montague, CA 96064","FEDERAL_GENERATOR_STATUS":"SQG","OPERATING_TSDF":"------","OPERATING_TSDF_DESC":"Not a TSDF","IS_CA":"No","PERMITTED_STATUS":"Not Permitted","TSDF_YES_NO":"No"}},{"type":"Feature","id":19208,"geometry":{"type":"Point","coordinates":[-122.638278333878,41.7258477696589]},"properties":{"OBJECTID":19208,"HANDLER_ID":"CAD981403447","HANDLER_NAME":"DOHS SISKIYOU COUNTY","LOCATION_ADDRESS":"806 S Main St, Yreka, CA 96097","FEDERAL_GENERATOR_STATUS":"SQG","OPERATING_TSDF":"------","OPERATING_TSDF_DESC":"Not a TSDF","IS_CA":"No","PERMITTED_STATUS":"Not Permitted","TSDF_YES_NO":"No"}},{"type":"Feature","id":19887,"geometry":{"type":"Point","coordinates":[-122.617200923084,41.7122850938821]},"properties":{"OBJECTID":19887,"HANDLER_ID":"CAD982014821","HANDLER_NAME":"GEORGIA PACIFIC CORPORATION","LOCATION_ADDRESS":"Oberlin Rd, Yreka, CA 96097","FEDERAL_GENERATOR_STATUS":"SQG","OPERATING_TSDF":"------","OPERATING_TSDF_DESC":"Not a TSDF","IS_CA":"No","PERMITTED_STATUS":"Not Permitted","TSDF_YES_NO":"No"}},{"type":"Feature","id":22165,"geometry":{"type":"Point","coordinates":[-123.631714432075,40.994669268572]},"properties":{"OBJECTID":22165,"HANDLER_ID":"CAD981968753","HANDLER_NAME":"CAL TRANS WILLOW ACREEK M S","LOCATION_ADDRESS":"Highway 96, Willow Creek, CA 95573","FEDERAL_GENERATOR_STATUS":"LQG","OPERATING_TSDF":"------","OPERATING_TSDF_DESC":"Not a TSDF","IS_CA":"No","PERMITTED_STATUS":"Not Permitted","TSDF_YES_NO":"No"}},{"type":"Feature","id":24057,"geometry":{"type":"Point","coordinates":[-122.519623581763,41.5198742428021]},"properties":{"OBJECTID":24057,"HANDLER_ID":"CAD064783418","HANDLER_NAME":"WORLD CIRCUITS","LOCATION_ADDRESS":"Old Highway 99, Gazelle, CA 96034","FEDERAL_GENERATOR_STATUS":"SQG","OPERATING_TSDF":"------","OPERATING_TSDF_DESC":"Not a TSDF","IS_CA":"No","PERMITTED_STATUS":"Not Permitted","TSDF_YES_NO":"No"}},{"type":"Feature","id":24117,"geometry":{"type":"Point","coordinates":[-122.645732814318,41.701939293064]},"properties":{"OBJECTID":24117,"HANDLER_ID":"CA0000972059","HANDLER_NAME":"RALEYS 247","LOCATION_ADDRESS":"1840 Ft Jones Rd, Yreka, CA 96097","FEDERAL_GENERATOR_STATUS":"LQG","OPERATING_TSDF":"------","OPERATING_TSDF_DESC":"Not a TSDF","IS_CA":"No","PERMITTED_STATUS":"Not Permitted","TSDF_YES_NO":"No"}},{"type":"Feature","id":25356,"geometry":{"type":"Point","coordinates":[-123.405164416804,41.8602289663938]},"properties":{"OBJECTID":25356,"HANDLER_ID":"CAD000629923","HANDLER_NAME":"NORANDA MINING INC GRAY EAGLE MINE","LOCATION_ADDRESS":"North Of, Happy Camp, CA 96039","FEDERAL_GENERATOR_STATUS":"SQG","OPERATING_TSDF":"------","OPERATING_TSDF_DESC":"Not a TSDF","IS_CA":"No","PERMITTED_STATUS":"Not Permitted","TSDF_YES_NO":"No"}},{"type":"Feature","id":25698,"geometry":{"type":"Point","coordinates":[-121.488374588816,41.970103637373]},"properties":{"OBJECTID":25698,"HANDLER_ID":"CAD043259522","HANDLER_NAME":"MACYS FLYING SERV","LOCATION_ADDRESS":"Hwy 139, Tulelake, CA 96134","FEDERAL_GENERATOR_STATUS":"SQG","OPERATING_TSDF":"------","OPERATING_TSDF_DESC":"Not a TSDF","IS_CA":"No","PERMITTED_STATUS":"Not Permitted","TSDF_YES_NO":"No"}},{"type":"Feature","id":29402,"geometry":{"type":"Point","coordinates":[-122.639783798983,41.7176018858185]},"properties":{"OBJECTID":29402,"HANDLER_ID":"CA0000194118","HANDLER_NAME":"COUNTY OF SISKIYOU","LOCATION_ADDRESS":"1455 S Main St, Yreka, CA 96097","FEDERAL_GENERATOR_STATUS":"SQG","OPERATING_TSDF":"------","OPERATING_TSDF_DESC":"Not a TSDF","IS_CA":"No","PERMITTED_STATUS":"Not Permitted","TSDF_YES_NO":"No"}},{"type":"Feature","id":60677,"geometry":{"type":"Point","coordinates":[-121.673163685556,41.0404501566495]},"properties":{"OBJECTID":60677,"HANDLER_ID":"CAR000243667","HANDLER_NAME":"PSEA CAMP BRITTON","LOCATION_ADDRESS":"37256 Clark Creek Rd, Burney, CA 96013","FEDERAL_GENERATOR_STATUS":"LQG","OPERATING_TSDF":"------","OPERATING_TSDF_DESC":"Not a TSDF","IS_CA":"No","PERMITTED_STATUS":"Not Permitted","TSDF_YES_NO":"No"}},{"type":"Feature","id":84181,"geometry":{"type":"Point","coordinates":[-122.634535355522,41.7313354327841]},"properties":{"OBJECTID":84181,"HANDLER_ID":"CA0001039502","HANDLER_NAME":"TOSCO NORTHWEST CO NO 11243","LOCATION_ADDRESS":"118 E Miner St, Yreka, CA 96097","FEDERAL_GENERATOR_STATUS":"SQG","OPERATING_TSDF":"------","OPERATING_TSDF_DESC":"Not a TSDF","IS_CA":"No","PERMITTED_STATUS":"Not Permitted","TSDF_YES_NO":"No"}},{"type":"Feature","id":86628,"geometry":{"type":"Point","coordinates":[-122.52807001442,41.7298767324253]},"properties":{"OBJECTID":86628,"HANDLER_ID":"CAT080014764","HANDLER_NAME":"PACIFIC BELL","LOCATION_ADDRESS":"12th Street, Montague, CA 96064","FEDERAL_GENERATOR_STATUS":"LQG","OPERATING_TSDF":"------","OPERATING_TSDF_DESC":"Not a TSDF","IS_CA":"No","PERMITTED_STATUS":"Not Permitted","TSDF_YES_NO":"No"}},{"type":"Feature","id":87161,"geometry":{"type":"Point","coordinates":[-121.646008656374,41.0591569545299]},"properties":{"OBJECTID":87161,"HANDLER_ID":"CAD089924633","HANDLER_NAME":"LOUISIANA-PACIFIC CORP BURNEY OPERATION","LOCATION_ADDRESS":"Hwy 89 9 Mi Ne Of Burney, Burney, CA 96013","FEDERAL_GENERATOR_STATUS":"SQG","OPERATING_TSDF":"------","OPERATING_TSDF_DESC":"Not a TSDF","IS_CA":"No","PERMITTED_STATUS":"Not Permitted","TSDF_YES_NO":"No"}},{"type":"Feature","id":87299,"geometry":{"type":"Point","coordinates":[-123.49346525122,41.5630309091492]},"properties":{"OBJECTID":87299,"HANDLER_ID":"CAT080027675","HANDLER_NAME":"PACIFIC BELL","LOCATION_ADDRESS":"Harlow Pnb, Harlow Pnb-Pondosa-, CA 96077","FEDERAL_GENERATOR_STATUS":"SQG","OPERATING_TSDF":"------","OPERATING_TSDF_DESC":"Not a TSDF","IS_CA":"No","PERMITTED_STATUS":"Not Permitted","TSDF_YES_NO":"No"}},{"type":"Feature","id":88349,"geometry":{"type":"Point","coordinates":[-122.868445422418,41.4517371079812]},"properties":{"OBJECTID":88349,"HANDLER_ID":"CAD982401887","HANDLER_NAME":"CAL TRANS ETNA MAINT STN","LOCATION_ADDRESS":"1239 S Hwy 3 11/2 S Of Etna, Etna, CA 96027","FEDERAL_GENERATOR_STATUS":"SQG","OPERATING_TSDF":"------","OPERATING_TSDF_DESC":"Not a TSDF","IS_CA":"No","PERMITTED_STATUS":"Not Permitted","TSDF_YES_NO":"No"}},{"type":"Feature","id":89929,"geometry":{"type":"Point","coordinates":[-123.676240765899,41.0484604181139]},"properties":{"OBJECTID":89929,"HANDLER_ID":"CAR000015248","HANDLER_NAME":"BIA CAMPUS BLDG 200","LOCATION_ADDRESS":"Loop Rd And Willow St, Hoopa, CA 95546","FEDERAL_GENERATOR_STATUS":"SQG","OPERATING_TSDF":"------","OPERATING_TSDF_DESC":"Not a TSDF","IS_CA":"No","PERMITTED_STATUS":"Not Permitted","TSDF_YES_NO":"No"}},{"type":"Feature","id":90602,"geometry":{"type":"Point","coordinates":[-122.524130084536,41.6463872709559]},"properties":{"OBJECTID":90602,"HANDLER_ID":"CAT080015977","HANDLER_NAME":"PACIFIC BELL","LOCATION_ADDRESS":"31/2 Miles S/O Grenada, Grenada, CA 96038","FEDERAL_GENERATOR_STATUS":"LQG","OPERATING_TSDF":"------","OPERATING_TSDF_DESC":"Not a TSDF","IS_CA":"No","PERMITTED_STATUS":"Not Permitted","TSDF_YES_NO":"No"}},{"type":"Feature","id":90603,"geometry":{"type":"Point","coordinates":[-122.52374967131,41.6455742838262]},"properties":{"OBJECTID":90603,"HANDLER_ID":"CAT080015985","HANDLER_NAME":"PACIFIC BELL","LOCATION_ADDRESS":"Third & Shasta Boulevard, Grenada, CA 96038","FEDERAL_GENERATOR_STATUS":"LQG","OPERATING_TSDF":"------","OPERATING_TSDF_DESC":"Not a TSDF","IS_CA":"No","PERMITTED_STATUS":"Not Permitted","TSDF_YES_NO":"No"}},{"type":"Feature","id":92724,"geometry":{"type":"Point","coordinates":[-123.515557996604,41.3283393313951]},"properties":{"OBJECTID":92724,"HANDLER_ID":"CAD981968639","HANDLER_NAME":"CAL TRANS ORLEANS M S","LOCATION_ADDRESS":"Highway 96, Orleans, CA 95556","FEDERAL_GENERATOR_STATUS":"SQG","OPERATING_TSDF":"------","OPERATING_TSDF_DESC":"Not a TSDF","IS_CA":"No","PERMITTED_STATUS":"Not Permitted","TSDF_YES_NO":"No"}},{"type":"Feature","id":93617,"geometry":{"type":"Point","coordinates":[-121.519538795679,41.9982928869073]},"properties":{"OBJECTID":93617,"HANDLER_ID":"CAD982476012","HANDLER_NAME":"EZELL OIL CO INC","LOCATION_ADDRESS":"Stateline Rd & Hwy 139 S, Tulelake, CA 96134","FEDERAL_GENERATOR_STATUS":"Other","OPERATING_TSDF":"------","OPERATING_TSDF_DESC":"Not a TSDF","IS_CA":"No","PERMITTED_STATUS":"Not Permitted","TSDF_YES_NO":"No"}},{"type":"Feature","id":93729,"geometry":{"type":"Point","coordinates":[-121.941515988172,41.9277068981549]},"properties":{"OBJECTID":93729,"HANDLER_ID":"CAD983671819","HANDLER_NAME":"CALTRANS DORRIS SANDHOUSE","LOCATION_ADDRESS":"Hwy 97 Post Mile 49.9, Dorris, CA 96023","FEDERAL_GENERATOR_STATUS":"SQG","OPERATING_TSDF":"------","OPERATING_TSDF_DESC":"Not a TSDF","IS_CA":"No","PERMITTED_STATUS":"Not Permitted","TSDF_YES_NO":"No"}},{"type":"Feature","id":94573,"geometry":{"type":"Point","coordinates":[-122.520586755674,41.5226882214843]},"properties":{"OBJECTID":94573,"HANDLER_ID":"CAT080016611","HANDLER_NAME":"PACIFIC BELL","LOCATION_ADDRESS":"A Between Second & Third, Gazelle, CA 96034","FEDERAL_GENERATOR_STATUS":"LQG","OPERATING_TSDF":"------","OPERATING_TSDF_DESC":"Not a TSDF","IS_CA":"No","PERMITTED_STATUS":"Not Permitted","TSDF_YES_NO":"No"}},{"type":"Feature","id":95104,"geometry":{"type":"Point","coordinates":[-121.695616159758,41.0234062052323]},"properties":{"OBJECTID":95104,"HANDLER_ID":"CAD981426547","HANDLER_NAME":"DICALITE CORPORATION","LOCATION_ADDRESS":"Summit Lake Road, Burney, CA 96013","FEDERAL_GENERATOR_STATUS":"SQG","OPERATING_TSDF":"------","OPERATING_TSDF_DESC":"Not a TSDF","IS_CA":"No","PERMITTED_STATUS":"Not Permitted","TSDF_YES_NO":"No"}},{"type":"Feature","id":95353,"geometry":{"type":"Point","coordinates":[-122.639555371183,41.6988177462421]},"properties":{"OBJECTID":95353,"HANDLER_ID":"CAD983592288","HANDLER_NAME":"BUILT RITE TRANSMISSION SERVICE","LOCATION_ADDRESS":"2140 Fairlane Rd Ste 5, Yreka, CA 96097","FEDERAL_GENERATOR_STATUS":"SQG","OPERATING_TSDF":"------","OPERATING_TSDF_DESC":"Not a TSDF","IS_CA":"No","PERMITTED_STATUS":"Not Permitted","TSDF_YES_NO":"No"}},{"type":"Feature","id":95625,"geometry":{"type":"Point","coordinates":[-122.275204936758,41.2212543574028]},"properties":{"OBJECTID":95625,"HANDLER_ID":"CAD982318891","HANDLER_NAME":"CALTRANS DISTRICT 2 BIBSON MTC STA","LOCATION_ADDRESS":"Jct Of I-5 Gibson Rd, Dunsmuir, CA 96025","FEDERAL_GENERATOR_STATUS":"LQG","OPERATING_TSDF":"------","OPERATING_TSDF_DESC":"Not a TSDF","IS_CA":"No","PERMITTED_STATUS":"Not Permitted","TSDF_YES_NO":"No"}},{"type":"Feature","id":96001,"geometry":{"type":"Point","coordinates":[-122.638365568116,41.7256067513506]},"properties":{"OBJECTID":96001,"HANDLER_ID":"CAD983616806","HANDLER_NAME":"SISKIYOU GENERAL HOSP","LOCATION_ADDRESS":"818 S Main St, Yreka, CA 96097","FEDERAL_GENERATOR_STATUS":"SQG","OPERATING_TSDF":"------","OPERATING_TSDF_DESC":"Not a TSDF","IS_CA":"No","PERMITTED_STATUS":"Not Permitted","TSDF_YES_NO":"No"}},{"type":"Feature","id":97201,"geometry":{"type":"Point","coordinates":[-122.561951073183,41.7284171327445]},"properties":{"OBJECTID":97201,"HANDLER_ID":"CAT080016421","HANDLER_NAME":"PACIFIC BELL","LOCATION_ADDRESS":"3/4 Miles S/O Montague, Montague, CA 96064","FEDERAL_GENERATOR_STATUS":"LQG","OPERATING_TSDF":"------","OPERATING_TSDF_DESC":"Not a TSDF","IS_CA":"No","PERMITTED_STATUS":"Not Permitted","TSDF_YES_NO":"No"}},{"type":"Feature","id":98206,"geometry":{"type":"Point","coordinates":[-122.633938205684,41.7310863205773]},"properties":{"OBJECTID":98206,"HANDLER_ID":"CAD004858825","HANDLER_NAME":"YREKA WESTERN RAILROAD CO#","LOCATION_ADDRESS":"300 E Miner, Yreka, CA 96097","FEDERAL_GENERATOR_STATUS":"Other","OPERATING_TSDF":"------","OPERATING_TSDF_DESC":"Not a TSDF","IS_CA":"No","PERMITTED_STATUS":"Not Permitted","TSDF_YES_NO":"No"}},{"type":"Feature","id":99877,"geometry":{"type":"Point","coordinates":[-122.318825653281,41.3080461294254]},"properties":{"OBJECTID":99877,"HANDLER_ID":"CAP000102095","HANDLER_NAME":"CALTRANS DUNSMUIR GRADE","LOCATION_ADDRESS":"Interstate 5 K P 4 4/10 Throug, Mt Shasta, CA 96067","FEDERAL_GENERATOR_STATUS":"SQG","OPERATING_TSDF":"------","OPERATING_TSDF_DESC":"Not a TSDF","IS_CA":"No","PERMITTED_STATUS":"Not Permitted","TSDF_YES_NO":"No"}},{"type":"Feature","id":102200,"geometry":{"type":"Point","coordinates":[-122.339871587803,41.3435576590588]},"properties":{"OBJECTID":102200,"HANDLER_ID":"CAP000140673","HANDLER_NAME":"CCDA WATERS LLC","LOCATION_ADDRESS":"1400 Spring Hill Rd, Mount Shasta City, CA 96067","FEDERAL_GENERATOR_STATUS":"SQG","OPERATING_TSDF":"------","OPERATING_TSDF_DESC":"Not a TSDF","IS_CA":"No","PERMITTED_STATUS":"Not Permitted","TSDF_YES_NO":"No"}},{"type":"Feature","id":108960,"geometry":{"type":"Point","coordinates":[-122.898543932656,41.4590189185883]},"properties":{"OBJECTID":108960,"HANDLER_ID":"CAL000045071","HANDLER_NAME":"ETNA CITY SHOP","LOCATION_ADDRESS":"625 Howell Ave, Etna, CA 96027-0000","FEDERAL_GENERATOR_STATUS":"Other","OPERATING_TSDF":"------","OPERATING_TSDF_DESC":"Not a TSDF","IS_CA":"No","PERMITTED_STATUS":"Not Permitted","TSDF_YES_NO":"No"}},{"type":"Feature","id":111307,"geometry":{"type":"Point","coordinates":[-122.384298996202,41.4269086249332]},"properties":{"OBJECTID":111307,"HANDLER_ID":"CAL000122954","HANDLER_NAME":"INTERNATIONAL PAPER REMEDIATION PROJECT","LOCATION_ADDRESS":"#1 Alamo Ave, Weed, CA 96094","FEDERAL_GENERATOR_STATUS":"LQG","OPERATING_TSDF":"------","OPERATING_TSDF_DESC":"Not a TSDF","IS_CA":"No","PERMITTED_STATUS":"Not Permitted","TSDF_YES_NO":"No"}},{"type":"Feature","id":138095,"geometry":{"type":"Point","coordinates":[-122.383139770084,41.4199460736525]},"properties":{"OBJECTID":138095,"HANDLER_ID":"CAL000276999","HANDLER_NAME":"CONOCOPHILLIPS SITE #2611242","LOCATION_ADDRESS":"188 S Weed Blvd, Weed, CA 96094","FEDERAL_GENERATOR_STATUS":"SQG","OPERATING_TSDF":"------","OPERATING_TSDF_DESC":"Not a TSDF","IS_CA":"No","PERMITTED_STATUS":"Not Permitted","TSDF_YES_NO":"No"}},{"type":"Feature","id":139445,"geometry":{"type":"Point","coordinates":[-122.2709070767,41.2109400328563]},"properties":{"OBJECTID":139445,"HANDLER_ID":"CAL000081835","HANDLER_NAME":"CITY OF DUNSMUIR CORP YARD","LOCATION_ADDRESS":"4200 Sacramento Ave, Dunsmuir, CA 96025-0000","FEDERAL_GENERATOR_STATUS":"Other","OPERATING_TSDF":"------","OPERATING_TSDF_DESC":"Not a TSDF","IS_CA":"No","PERMITTED_STATUS":"Not Permitted","TSDF_YES_NO":"No"}},{"type":"Feature","id":181358,"geometry":{"type":"Point","coordinates":[-122.642366651899,41.7168086837738]},"properties":{"OBJECTID":181358,"HANDLER_ID":"CAD982349417","HANDLER_NAME":"FINWALL'S DIAGNOSTIC & AUTO REPAIR INC","LOCATION_ADDRESS":"1532 S Oregon St, Yreka, CA 96097-0000","FEDERAL_GENERATOR_STATUS":"Other","OPERATING_TSDF":"------","OPERATING_TSDF_DESC":"Not a TSDF","IS_CA":"No","PERMITTED_STATUS":"Not Permitted","TSDF_YES_NO":"No"}},{"type":"Feature","id":181647,"geometry":{"type":"Point","coordinates":[-122.315273331199,41.311648813542]},"properties":{"OBJECTID":181647,"HANDLER_ID":"CAL000282557","HANDLER_NAME":"RITE AID #6103","LOCATION_ADDRESS":"310 W Lake, Mount Shasta, CA 96067","FEDERAL_GENERATOR_STATUS":"LQG","OPERATING_TSDF":"------","OPERATING_TSDF_DESC":"Not a TSDF","IS_CA":"No","PERMITTED_STATUS":"Not Permitted","TSDF_YES_NO":"No"}},{"type":"Feature","id":181910,"geometry":{"type":"Point","coordinates":[-122.273455755379,41.2076880843377]},"properties":{"OBJECTID":181910,"HANDLER_ID":"CAL000098673","HANDLER_NAME":"KENS PAYLESS INC","LOCATION_ADDRESS":"5986 Dunsmuir Avenue, Dunsmuir, CA 96025-0000","FEDERAL_GENERATOR_STATUS":"Other","OPERATING_TSDF":"------","OPERATING_TSDF_DESC":"Not a TSDF","IS_CA":"No","PERMITTED_STATUS":"Not Permitted","TSDF_YES_NO":"No"}},{"type":"Feature","id":181976,"geometry":{"type":"Point","coordinates":[-122.637683882005,41.7319991324541]},"properties":{"OBJECTID":181976,"HANDLER_ID":"CAL000149692","HANDLER_NAME":"GOLD NUGGET PRINTING","LOCATION_ADDRESS":"317 Miner St, Yreka, CA 96097-0000","FEDERAL_GENERATOR_STATUS":"Other","OPERATING_TSDF":"------","OPERATING_TSDF_DESC":"Not a TSDF","IS_CA":"No","PERMITTED_STATUS":"Not Permitted","TSDF_YES_NO":"No"}},{"type":"Feature","id":184581,"geometry":{"type":"Point","coordinates":[-122.593201614962,41.7350631226651]},"properties":{"OBJECTID":184581,"HANDLER_ID":"CAL000113504","HANDLER_NAME":"TIMBER PRODUCTS COMPANY","LOCATION_ADDRESS":"130 North Phillipe Lane, Yreka, CA 96097-0000","FEDERAL_GENERATOR_STATUS":"Other","OPERATING_TSDF":"------","OPERATING_TSDF_DESC":"Not a TSDF","IS_CA":"No","PERMITTED_STATUS":"Not Permitted","TSDF_YES_NO":"No"}},{"type":"Feature","id":189685,"geometry":{"type":"Point","coordinates":[-122.848433708249,41.5991027164173]},"properties":{"OBJECTID":189685,"HANDLER_ID":"CAL000368519","HANDLER_NAME":"VALLEY TIRE & TACKLE INC","LOCATION_ADDRESS":"11211 N State Highway 3, Fort Jones, CA 96032-9702","FEDERAL_GENERATOR_STATUS":"Other","OPERATING_TSDF":"------","OPERATING_TSDF_DESC":"Not a TSDF","IS_CA":"No","PERMITTED_STATUS":"Not Permitted","TSDF_YES_NO":"No"}},{"type":"Feature","id":190950,"geometry":{"type":"Point","coordinates":[-122.660421441296,41.6888145871236]},"properties":{"OBJECTID":190950,"HANDLER_ID":"CAR000205138","HANDLER_NAME":"WALMART SUPERCENTER #1630","LOCATION_ADDRESS":"1906 Fort Jones Rd, Yreka, CA 96097","FEDERAL_GENERATOR_STATUS":"SQG","OPERATING_TSDF":"------","OPERATING_TSDF_DESC":"Not a TSDF","IS_CA":"No","PERMITTED_STATUS":"Not Permitted","TSDF_YES_NO":"No"}},{"type":"Feature","id":192063,"geometry":{"type":"Point","coordinates":[-122.645567339061,41.707637397548]},"properties":{"OBJECTID":192063,"HANDLER_ID":"CAL000047665","HANDLER_NAME":"NOR-CAL PRODUCTS INC.","LOCATION_ADDRESS":"1967 South Oregon Street, Yreka, CA 96097","FEDERAL_GENERATOR_STATUS":"LQG","OPERATING_TSDF":"------","OPERATING_TSDF_DESC":"Not a TSDF","IS_CA":"No","PERMITTED_STATUS":"Not Permitted","TSDF_YES_NO":"No"}},{"type":"Feature","id":196420,"geometry":{"type":"Point","coordinates":[-122.383879012806,41.4205162438297]},"properties":{"OBJECTID":196420,"HANDLER_ID":"CAT080018518","HANDLER_NAME":"PACIFIC BELL","LOCATION_ADDRESS":"117 South Weed Boulevard, Weed, CA 96094","FEDERAL_GENERATOR_STATUS":"LQG","OPERATING_TSDF":"------","OPERATING_TSDF_DESC":"Not a TSDF","IS_CA":"No","PERMITTED_STATUS":"Not Permitted","TSDF_YES_NO":"No"}},{"type":"Feature","id":196486,"geometry":{"type":"Point","coordinates":[-121.922444065541,41.9642103800051]},"properties":{"OBJECTID":196486,"HANDLER_ID":"CAD982044521","HANDLER_NAME":"BUTTE VALLEY USD","LOCATION_ADDRESS":"W 3rd St, Dorris, CA 96023","FEDERAL_GENERATOR_STATUS":"SQG","OPERATING_TSDF":"------","OPERATING_TSDF_DESC":"Not a TSDF","IS_CA":"No","PERMITTED_STATUS":"Not Permitted","TSDF_YES_NO":"No"}},{"type":"Feature","id":196519,"geometry":{"type":"Point","coordinates":[-122.650000097427,41.709999916563]},"properties":{"OBJECTID":196519,"HANDLER_ID":"CAD982503864","HANDLER_NAME":"UPS - YREKA","LOCATION_ADDRESS":"1535 Lucas Road, Yreka, CA 96097","FEDERAL_GENERATOR_STATUS":"SQG","OPERATING_TSDF":"------","OPERATING_TSDF_DESC":"Not a TSDF","IS_CA":"No","PERMITTED_STATUS":"Not Permitted","TSDF_YES_NO":"No"}},{"type":"Feature","id":197243,"geometry":{"type":"Point","coordinates":[-122.38021517479,41.4311902971945]},"properties":{"OBJECTID":197243,"HANDLER_ID":"CAT080018526","HANDLER_NAME":"PACIFIC BELL","LOCATION_ADDRESS":"1/2 Mile W/O Weed, Weed, CA 96094","FEDERAL_GENERATOR_STATUS":"LQG","OPERATING_TSDF":"------","OPERATING_TSDF_DESC":"Not a TSDF","IS_CA":"No","PERMITTED_STATUS":"Not Permitted","TSDF_YES_NO":"No"}},{"type":"Feature","id":197411,"geometry":{"type":"Point","coordinates":[-122.639367412876,41.7211182350186]},"properties":{"OBJECTID":197411,"HANDLER_ID":"CAD982349839","HANDLER_NAME":"ELLIS BROOKS MOTORS INC","LOCATION_ADDRESS":"1113 S Main St, Yreka, CA 96097","FEDERAL_GENERATOR_STATUS":"SQG","OPERATING_TSDF":"------","OPERATING_TSDF_DESC":"Not a TSDF","IS_CA":"No","PERMITTED_STATUS":"Not Permitted","TSDF_YES_NO":"No"}},{"type":"Feature","id":203387,"geometry":{"type":"Point","coordinates":[-122.891807111209,41.4578453033182]},"properties":{"OBJECTID":203387,"HANDLER_ID":"CAH111000971","HANDLER_NAME":"SISKIYOU COUNTY","LOCATION_ADDRESS":"253 Main St, Etna, CA 96027","FEDERAL_GENERATOR_STATUS":"Other","OPERATING_TSDF":"------","OPERATING_TSDF_DESC":"Not a TSDF","IS_CA":"No","PERMITTED_STATUS":"Not Permitted","TSDF_YES_NO":"No"}},{"type":"Feature","id":222634,"geometry":{"type":"Point","coordinates":[-121.435823604376,41.0008862818765]},"properties":{"OBJECTID":222634,"HANDLER_ID":"CAD981411978","HANDLER_NAME":"FALL RIVER J.U. SCHOOL DISTRICT","LOCATION_ADDRESS":"Fall River Elementary, Fall River Mills, CA 96028","FEDERAL_GENERATOR_STATUS":"SQG","OPERATING_TSDF":"------","OPERATING_TSDF_DESC":"Not a TSDF","IS_CA":"No","PERMITTED_STATUS":"Not Permitted","TSDF_YES_NO":"No"}},{"type":"Feature","id":231128,"geometry":{"type":"Point","coordinates":[-122.384408713491,41.4247358628699]},"properties":{"OBJECTID":231128,"HANDLER_ID":"CAP000049569","HANDLER_NAME":"J J ENTERPRISES","LOCATION_ADDRESS":"272 Main St, Weed, CA 96094","FEDERAL_GENERATOR_STATUS":"SQG","OPERATING_TSDF":"------","OPERATING_TSDF_DESC":"Not a TSDF","IS_CA":"No","PERMITTED_STATUS":"Not Permitted","TSDF_YES_NO":"No"}},{"type":"Feature","id":236366,"geometry":{"type":"Point","coordinates":[-122.555907629034,41.9057904198921]},"properties":{"OBJECTID":236366,"HANDLER_ID":"CAT080027618","HANDLER_NAME":"PACIFIC BELL","LOCATION_ADDRESS":"Hilt N/W Of Hornbrook, Hornbrook, CA 96044","FEDERAL_GENERATOR_STATUS":"LQG","OPERATING_TSDF":"------","OPERATING_TSDF_DESC":"Not a TSDF","IS_CA":"No","PERMITTED_STATUS":"Not Permitted","TSDF_YES_NO":"No"}},{"type":"Feature","id":237811,"geometry":{"type":"Point","coordinates":[-122.632183628372,41.7445338831323]},"properties":{"OBJECTID":237811,"HANDLER_ID":"CAD982318651","HANDLER_NAME":"CALTRANS DIST 2 YERKA MTC STA","LOCATION_ADDRESS":"1745 Main St, Yreka, CA 96097","FEDERAL_GENERATOR_STATUS":"LQG","OPERATING_TSDF":"------","OPERATING_TSDF_DESC":"Not a TSDF","IS_CA":"No","PERMITTED_STATUS":"Not Permitted","TSDF_YES_NO":"No"}},{"type":"Feature","id":239568,"geometry":{"type":"Point","coordinates":[-122.27044122788,41.212065084736]},"properties":{"OBJECTID":239568,"HANDLER_ID":"CAT080010168","HANDLER_NAME":"UNION PACIFIC RAILROAD DUNSMUIR","LOCATION_ADDRESS":"5750 Sacramento Avenue, Dunsmuir, CA 96025","FEDERAL_GENERATOR_STATUS":"LQG","OPERATING_TSDF":"------","OPERATING_TSDF_DESC":"Not a TSDF","IS_CA":"No","PERMITTED_STATUS":"Not Permitted","TSDF_YES_NO":"No"}},{"type":"Feature","id":243982,"geometry":{"type":"Point","coordinates":[-122.828991264935,41.4742030720142]},"properties":{"OBJECTID":243982,"HANDLER_ID":"CAL000224165","HANDLER_NAME":"GRO-PRO INC","LOCATION_ADDRESS":"1838 Eastside Rd, Etna, CA 96027-0000","FEDERAL_GENERATOR_STATUS":"Other","OPERATING_TSDF":"------","OPERATING_TSDF_DESC":"Not a TSDF","IS_CA":"No","PERMITTED_STATUS":"Not Permitted","TSDF_YES_NO":"No"}},{"type":"Feature","id":248135,"geometry":{"type":"Point","coordinates":[-121.481964221272,41.029118698869]},"properties":{"OBJECTID":248135,"HANDLER_ID":"CAR000245183","HANDLER_NAME":"PG&E FORMER TRAP CLUB FALL RIVER MILLS","LOCATION_ADDRESS":"Glenburn Rd, Fall River Mills, CA 96028","FEDERAL_GENERATOR_STATUS":"Other","OPERATING_TSDF":"------","OPERATING_TSDF_DESC":"Not a TSDF","IS_CA":"No","PERMITTED_STATUS":"Not Permitted","TSDF_YES_NO":"No"}},{"type":"Feature","id":263001,"geometry":{"type":"Point","coordinates":[-122.326322401857,41.2940886512703]},"properties":{"OBJECTID":263001,"HANDLER_ID":"CAL000444456","HANDLER_NAME":"NEW CINGULAR WIRELESS PCS LLC","LOCATION_ADDRESS":"1100 North Shore Rd, Mount Shasta, CA 96067","FEDERAL_GENERATOR_STATUS":"Other","OPERATING_TSDF":"------","OPERATING_TSDF_DESC":"Not a TSDF","IS_CA":"No","PERMITTED_STATUS":"Not Permitted","TSDF_YES_NO":"No"}},{"type":"Feature","id":263200,"geometry":{"type":"Point","coordinates":[-122.4010443727,41.4070201178842]},"properties":{"OBJECTID":263200,"HANDLER_ID":"CAL000002029","HANDLER_NAME":"COLLEGE OF THE SISKIYOUS","LOCATION_ADDRESS":"800 College Ave, Weed, CA 96094","FEDERAL_GENERATOR_STATUS":"LQG","OPERATING_TSDF":"------","OPERATING_TSDF_DESC":"Not a TSDF","IS_CA":"No","PERMITTED_STATUS":"Not Permitted","TSDF_YES_NO":"No"}},{"type":"Feature","id":281443,"geometry":{"type":"Point","coordinates":[-122.344093005488,41.5842054467241]},"properties":{"OBJECTID":281443,"HANDLER_ID":"CAT080027667","HANDLER_NAME":"PACIFIC BELL","LOCATION_ADDRESS":"Eagles Roost 17 Mi Se/O Hwy 99, Dunsmuir, CA 96025","FEDERAL_GENERATOR_STATUS":"SQG","OPERATING_TSDF":"------","OPERATING_TSDF_DESC":"Not a TSDF","IS_CA":"No","PERMITTED_STATUS":"Not Permitted","TSDF_YES_NO":"No"}},{"type":"Feature","id":281532,"geometry":{"type":"Point","coordinates":[-122.738407051844,41.659056919941]},"properties":{"OBJECTID":281532,"HANDLER_ID":"CA5122390540","HANDLER_NAME":"USDA FS SCOTT RIVER RANGER DISTRICT","LOCATION_ADDRESS":"11263 S Highway 3, Fort Jones, CA 96032","FEDERAL_GENERATOR_STATUS":"SQG","OPERATING_TSDF":"------","OPERATING_TSDF_DESC":"Not a TSDF","IS_CA":"No","PERMITTED_STATUS":"Not Permitted","TSDF_YES_NO":"No"}},{"type":"Feature","id":286208,"geometry":{"type":"Point","coordinates":[-122.633413001609,41.7400129912066]},"properties":{"OBJECTID":286208,"HANDLER_ID":"CAR000142828","HANDLER_NAME":"TESORO WEST COAST COMPANY LLC NO 68240","LOCATION_ADDRESS":"735 N Main St, Yreka, CA 96097","FEDERAL_GENERATOR_STATUS":"SQG","OPERATING_TSDF":"------","OPERATING_TSDF_DESC":"Not a TSDF","IS_CA":"No","PERMITTED_STATUS":"Not Permitted","TSDF_YES_NO":"No"}},{"type":"Feature","id":289426,"geometry":{"type":"Point","coordinates":[-121.503228691051,42.0168459007178]},"properties":{"OBJECTID":289426,"HANDLER_ID":"ORQ000029423","HANDLER_NAME":"KLAMATH CO SD LOST RIVER JR/SR HIGH","LOCATION_ADDRESS":"23330 Highway 50, Merrill, OR 97633","FEDERAL_GENERATOR_STATUS":"VSG","OPERATING_TSDF":"------","OPERATING_TSDF_DESC":"Not a TSDF","IS_CA":"No","PERMITTED_STATUS":"Not Permitted","TSDF_YES_NO":"No"}},{"type":"Feature","id":300682,"geometry":{"type":"Point","coordinates":[-122.311174221313,41.3031322337657]},"properties":{"OBJECTID":300682,"HANDLER_ID":"CAL000240075","HANDLER_NAME":"CUSTOM DESIGN","LOCATION_ADDRESS":"1108 Ream Ave, Mount Shasta, CA 96067-0000","FEDERAL_GENERATOR_STATUS":"Other","OPERATING_TSDF":"------","OPERATING_TSDF_DESC":"Not a TSDF","IS_CA":"No","PERMITTED_STATUS":"Not Permitted","TSDF_YES_NO":"No"}},{"type":"Feature","id":309103,"geometry":{"type":"Point","coordinates":[-122.193338751582,41.6325565972093]},"properties":{"OBJECTID":309103,"HANDLER_ID":"CAD982402224","HANDLER_NAME":"CAL TRANS GRASS LAKE MAINT STN","LOCATION_ADDRESS":"21131 Hwy 97 (20 Mi N Of Weed), Weed, CA 96094","FEDERAL_GENERATOR_STATUS":"LQG","OPERATING_TSDF":"------","OPERATING_TSDF_DESC":"Not a TSDF","IS_CA":"No","PERMITTED_STATUS":"Not Permitted","TSDF_YES_NO":"No"}},{"type":"Feature","id":309803,"geometry":{"type":"Point","coordinates":[-123.310196908061,41.8621157440464]},"properties":{"OBJECTID":309803,"HANDLER_ID":"CAD982402521","HANDLER_NAME":"SEIAD MAINT STN","LOCATION_ADDRESS":"Route 96 P M 608, Seiad Valley, CA 96086","FEDERAL_GENERATOR_STATUS":"LQG","OPERATING_TSDF":"------","OPERATING_TSDF_DESC":"Not a TSDF","IS_CA":"No","PERMITTED_STATUS":"Not Permitted","TSDF_YES_NO":"No"}},{"type":"Feature","id":313773,"geometry":{"type":"Point","coordinates":[-122.639783798983,41.7176018858185]},"properties":{"OBJECTID":313773,"HANDLER_ID":"CAD983660507","HANDLER_NAME":"USDA FS EQUIPMENT SHOP","LOCATION_ADDRESS":"1030 S Main St, Yreka, CA 96097","FEDERAL_GENERATOR_STATUS":"SQG","OPERATING_TSDF":"------","OPERATING_TSDF_DESC":"Not a TSDF","IS_CA":"No","PERMITTED_STATUS":"Not Permitted","TSDF_YES_NO":"No"}},{"type":"Feature","id":313775,"geometry":{"type":"Point","coordinates":[-122.636884384707,41.7298452561537]},"properties":{"OBJECTID":313775,"HANDLER_ID":"CAD983660119","HANDLER_NAME":"SISKIYOU DAILY NEWS","LOCATION_ADDRESS":"309 S Broadway, Yreka, CA 96097","FEDERAL_GENERATOR_STATUS":"SQG","OPERATING_TSDF":"------","OPERATING_TSDF_DESC":"Not a TSDF","IS_CA":"No","PERMITTED_STATUS":"Not Permitted","TSDF_YES_NO":"No"}},{"type":"Feature","id":320243,"geometry":{"type":"Point","coordinates":[-122.295663613985,41.1739347293044]},"properties":{"OBJECTID":320243,"HANDLER_ID":"CAD983661992","HANDLER_NAME":"HAZMAT CLEANUP CENTER","LOCATION_ADDRESS":"928 Crag View, Dunsmuir, CA 96025","FEDERAL_GENERATOR_STATUS":"Other","OPERATING_TSDF":"------","OPERATING_TSDF_DESC":"Not a TSDF","IS_CA":"No","PERMITTED_STATUS":"Not Permitted","TSDF_YES_NO":"No"}},{"type":"Feature","id":321368,"geometry":{"type":"Point","coordinates":[-122.380723291746,41.4077125958597]},"properties":{"OBJECTID":321368,"HANDLER_ID":"CAR000000786","HANDLER_NAME":"TOSCO NORTHWEST CO NO 11242","LOCATION_ADDRESS":"188 S Weed Blvd, Weed, CA 96094","FEDERAL_GENERATOR_STATUS":"SQG","OPERATING_TSDF":"------","OPERATING_TSDF_DESC":"Not a TSDF","IS_CA":"No","PERMITTED_STATUS":"Not Permitted","TSDF_YES_NO":"No"}},{"type":"Feature","id":323351,"geometry":{"type":"Point","coordinates":[-122.705901056489,40.9938868583919]},"properties":{"OBJECTID":323351,"HANDLER_ID":"CAD982402034","HANDLER_NAME":"CAL TRANS TRINTITY CENTER MAINT STN","LOCATION_ADDRESS":"Trinity Center Rt 3 Pm 59 64, Trinity Center, CA 96091","FEDERAL_GENERATOR_STATUS":"LQG","OPERATING_TSDF":"------","OPERATING_TSDF_DESC":"Not a TSDF","IS_CA":"No","PERMITTED_STATUS":"Not Permitted","TSDF_YES_NO":"No"}},{"type":"Feature","id":325550,"geometry":{"type":"Point","coordinates":[-122.274578109292,41.2188360804208]},"properties":{"OBJECTID":325550,"HANDLER_ID":"CAT080016520","HANDLER_NAME":"PACIFIC BELL","LOCATION_ADDRESS":"Florence Avenue And Oak, Dunsmuir, CA 96025","FEDERAL_GENERATOR_STATUS":"SQG","OPERATING_TSDF":"------","OPERATING_TSDF_DESC":"Not a TSDF","IS_CA":"No","PERMITTED_STATUS":"Not Permitted","TSDF_YES_NO":"No"}},{"type":"Feature","id":326452,"geometry":{"type":"Point","coordinates":[-122.136952158615,41.2582317819712]},"properties":{"OBJECTID":326452,"HANDLER_ID":"CAR000183806","HANDLER_NAME":"MATT HARRISON TRUCKING","LOCATION_ADDRESS":"524 Siskiyou Ave, Mccloud, CA 96057","FEDERAL_GENERATOR_STATUS":"Other","OPERATING_TSDF":"------","OPERATING_TSDF_DESC":"Not a TSDF","IS_CA":"No","PERMITTED_STATUS":"Not Permitted","TSDF_YES_NO":"No"}},{"type":"Feature","id":329247,"geometry":{"type":"Point","coordinates":[-121.476661818488,41.9509516750798]},"properties":{"OBJECTID":329247,"HANDLER_ID":"CAL000249768","HANDLER_NAME":"10-A DISTRICT AGRICULTURAL ASSOCIATION","LOCATION_ADDRESS":"800 Main St, Tulelake, CA 96134","FEDERAL_GENERATOR_STATUS":"Other","OPERATING_TSDF":"------","OPERATING_TSDF_DESC":"Not a TSDF","IS_CA":"No","PERMITTED_STATUS":"Not Permitted","TSDF_YES_NO":"No"}},{"type":"Feature","id":330754,"geometry":{"type":"Point","coordinates":[-122.384769341632,41.4213463180782]},"properties":{"OBJECTID":330754,"HANDLER_ID":"CAR000201970","HANDLER_NAME":"CHEVRON 307155","LOCATION_ADDRESS":"51 S Weed Blvd, Weed, CA 96094","FEDERAL_GENERATOR_STATUS":"SQG","OPERATING_TSDF":"------","OPERATING_TSDF_DESC":"Not a TSDF","IS_CA":"No","PERMITTED_STATUS":"Not Permitted","TSDF_YES_NO":"No"}},{"type":"Feature","id":331332,"geometry":{"type":"Point","coordinates":[-122.269821594991,41.2557721361752]},"properties":{"OBJECTID":331332,"HANDLER_ID":"CAL912061416","HANDLER_NAME":"CALTRANS MT SHASTA MAINTENANCE STATION","LOCATION_ADDRESS":"1625 Mott Rd, Mt Shasta, CA 96067","FEDERAL_GENERATOR_STATUS":"LQG","OPERATING_TSDF":"------","OPERATING_TSDF_DESC":"Not a TSDF","IS_CA":"No","PERMITTED_STATUS":"Not Permitted","TSDF_YES_NO":"No"}},{"type":"Feature","id":332948,"geometry":{"type":"Point","coordinates":[-122.641006876966,41.7114622142099]},"properties":{"OBJECTID":332948,"HANDLER_ID":"CAL000386743","HANDLER_NAME":"CROSS PETROLEUM YREKA","LOCATION_ADDRESS":"1500 Fairlane Rd, Yreka, CA 96097-9549","FEDERAL_GENERATOR_STATUS":"Other","OPERATING_TSDF":"------","OPERATING_TSDF_DESC":"Not a TSDF","IS_CA":"No","PERMITTED_STATUS":"Not Permitted","TSDF_YES_NO":"No"}},{"type":"Feature","id":348502,"geometry":{"type":"Point","coordinates":[-122.372745405876,41.373815349299]},"properties":{"OBJECTID":348502,"HANDLER_ID":"CAL000262372","HANDLER_NAME":"AQUARIUS WELL DRILLING INC","LOCATION_ADDRESS":"5707 Truck Village Dr, Mount Shasta, CA 96067","FEDERAL_GENERATOR_STATUS":"Other","OPERATING_TSDF":"------","OPERATING_TSDF_DESC":"Not a TSDF","IS_CA":"No","PERMITTED_STATUS":"Not Permitted","TSDF_YES_NO":"No"}},{"type":"Feature","id":354939,"geometry":{"type":"Point","coordinates":[-122.315273331199,41.311648813542]},"properties":{"OBJECTID":354939,"HANDLER_ID":"CAR000305250","HANDLER_NAME":"CVS PHARMACY #11346","LOCATION_ADDRESS":"101 West Lake St, Mount Shasta, CA 96067","FEDERAL_GENERATOR_STATUS":"LQG","OPERATING_TSDF":"------","OPERATING_TSDF_DESC":"Not a TSDF","IS_CA":"No","PERMITTED_STATUS":"Not Permitted","TSDF_YES_NO":"No"}},{"type":"Feature","id":360269,"geometry":{"type":"Point","coordinates":[-122.377144889325,41.4335654067182]},"properties":{"OBJECTID":360269,"HANDLER_ID":"CAD000625731","HANDLER_NAME":"J H BAXTER & CO-WEED","LOCATION_ADDRESS":"422 Mill Street, Weed, CA 96094-0000","FEDERAL_GENERATOR_STATUS":"LQG","OPERATING_TSDF":"------","OPERATING_TSDF_DESC":"Not a TSDF","IS_CA":"No","PERMITTED_STATUS":"Not Permitted","TSDF_YES_NO":"No"}},{"type":"Feature","id":362436,"geometry":{"type":"Point","coordinates":[-122.522397090953,41.6465806251958]},"properties":{"OBJECTID":362436,"HANDLER_ID":"CAL000441546","HANDLER_NAME":"TWO JACKS MOBILE","LOCATION_ADDRESS":"6025 Siskiyou Blvd, Grenada, CA 96038","FEDERAL_GENERATOR_STATUS":"Other","OPERATING_TSDF":"------","OPERATING_TSDF_DESC":"Not a TSDF","IS_CA":"No","PERMITTED_STATUS":"Not Permitted","TSDF_YES_NO":"No"}},{"type":"Feature","id":363236,"geometry":{"type":"Point","coordinates":[-122.320832940088,41.3172857641268]},"properties":{"OBJECTID":363236,"HANDLER_ID":"CAL000441049","HANDLER_NAME":"SISKIYOU MEDICAL GROUP","LOCATION_ADDRESS":"828 Pine St, Mount Shasta, CA 96067","FEDERAL_GENERATOR_STATUS":"Other","OPERATING_TSDF":"------","OPERATING_TSDF_DESC":"Not a TSDF","IS_CA":"No","PERMITTED_STATUS":"Not Permitted","TSDF_YES_NO":"No"}},{"type":"Feature","id":374312,"geometry":{"type":"Point","coordinates":[-123.40686773276,41.7432811275221]},"properties":{"OBJECTID":374312,"HANDLER_ID":"CAC002976350","HANDLER_NAME":"USDA FOREST SERVICE","LOCATION_ADDRESS":"400 River Park Rd, Happy Camp, CA 96039","FEDERAL_GENERATOR_STATUS":"Other","OPERATING_TSDF":"------","OPERATING_TSDF_DESC":"Not a TSDF","IS_CA":"No","PERMITTED_STATUS":"Not Permitted","TSDF_YES_NO":"No"}},{"type":"Feature","id":374453,"geometry":{"type":"Point","coordinates":[-122.388824384738,41.4311426331261]},"properties":{"OBJECTID":374453,"HANDLER_ID":"CAL000197220","HANDLER_NAME":"BLACK BUTTE AUTO DISMANTLERS","LOCATION_ADDRESS":"800 Hwy 97, Weed, CA 96094-0000","FEDERAL_GENERATOR_STATUS":"Other","OPERATING_TSDF":"------","OPERATING_TSDF_DESC":"Not a TSDF","IS_CA":"No","PERMITTED_STATUS":"Not Permitted","TSDF_YES_NO":"No"}},{"type":"Feature","id":374494,"geometry":{"type":"Point","coordinates":[-122.261126949449,41.2768900164612]},"properties":{"OBJECTID":374494,"HANDLER_ID":"CAL000142809","HANDLER_NAME":"MT SHASTA SKI PARK/WINTUN DEV CO","LOCATION_ADDRESS":"Highway 89, Mount Shasta, CA 96067-0000","FEDERAL_GENERATOR_STATUS":"Other","OPERATING_TSDF":"------","OPERATING_TSDF_DESC":"Not a TSDF","IS_CA":"No","PERMITTED_STATUS":"Not Permitted","TSDF_YES_NO":"No"}},{"type":"Feature","id":374685,"geometry":{"type":"Point","coordinates":[-123.398247730948,41.776304233054]},"properties":{"OBJECTID":374685,"HANDLER_ID":"CAH111000974","HANDLER_NAME":"SISKIYOU COUNTY - PUBLIC WORKS","LOCATION_ADDRESS":"65600 State Highway 96 At Hockaday, Happy Camp, CA 96039-0000","FEDERAL_GENERATOR_STATUS":"Other","OPERATING_TSDF":"------","OPERATING_TSDF_DESC":"Not a TSDF","IS_CA":"No","PERMITTED_STATUS":"Not Permitted","TSDF_YES_NO":"No"}},{"type":"Feature","id":374838,"geometry":{"type":"Point","coordinates":[-122.321860865187,41.3180250068486]},"properties":{"OBJECTID":374838,"HANDLER_ID":"CAL000074760","HANDLER_NAME":"MERCY MEDICAL CENTER MT SHASTA","LOCATION_ADDRESS":"914 Pine St, Mount Shasta, CA 96067-0000","FEDERAL_GENERATOR_STATUS":"Other","OPERATING_TSDF":"------","OPERATING_TSDF_DESC":"Not a TSDF","IS_CA":"No","PERMITTED_STATUS":"Not Permitted","TSDF_YES_NO":"No"}},{"type":"Feature","id":376011,"geometry":{"type":"Point","coordinates":[-122.53428522908,41.7201676516159]},"properties":{"OBJECTID":376011,"HANDLER_ID":"CAL000221410","HANDLER_NAME":"SOUSA AG","LOCATION_ADDRESS":"861 S 11th St, Montague, CA 96064-9298","FEDERAL_GENERATOR_STATUS":"Other","OPERATING_TSDF":"------","OPERATING_TSDF_DESC":"Not a TSDF","IS_CA":"No","PERMITTED_STATUS":"Not Permitted","TSDF_YES_NO":"No"}},{"type":"Feature","id":376114,"geometry":{"type":"Point","coordinates":[-122.633156694826,41.7402108420568]},"properties":{"OBJECTID":376114,"HANDLER_ID":"CAL000254986","HANDLER_NAME":"WARNER'S WAGON","LOCATION_ADDRESS":"103 Montague Rd, Yreka, CA 96097","FEDERAL_GENERATOR_STATUS":"Other","OPERATING_TSDF":"------","OPERATING_TSDF_DESC":"Not a TSDF","IS_CA":"No","PERMITTED_STATUS":"Not Permitted","TSDF_YES_NO":"No"}},{"type":"Feature","id":376443,"geometry":{"type":"Point","coordinates":[-122.641434054938,41.7045761053031]},"properties":{"OBJECTID":376443,"HANDLER_ID":"CAL000188110","HANDLER_NAME":"CAL FIRE","LOCATION_ADDRESS":"1809 Fairlane Rd, Yreka, CA 96097-0000","FEDERAL_GENERATOR_STATUS":"Other","OPERATING_TSDF":"------","OPERATING_TSDF_DESC":"Not a TSDF","IS_CA":"No","PERMITTED_STATUS":"Not Permitted","TSDF_YES_NO":"No"}},{"type":"Feature","id":376566,"geometry":{"type":"Point","coordinates":[-122.848413023842,41.5991144076039]},"properties":{"OBJECTID":376566,"HANDLER_ID":"CAL000255888","HANDLER_NAME":"SCOTT VALLEY DISPOSAL INC.","LOCATION_ADDRESS":"11217 N Hwy 3, Fort Jones, CA 96032","FEDERAL_GENERATOR_STATUS":"Other","OPERATING_TSDF":"------","OPERATING_TSDF_DESC":"Not a TSDF","IS_CA":"No","PERMITTED_STATUS":"Not Permitted","TSDF_YES_NO":"No"}},{"type":"Feature","id":376827,"geometry":{"type":"Point","coordinates":[-122.86039379214,41.5859950975957]},"properties":{"OBJECTID":376827,"HANDLER_ID":"CAL000256654","HANDLER_NAME":"MARBLE MOUNTAIN MACHINERY","LOCATION_ADDRESS":"9937 N Hwy 3, Fort Jones, CA 96032","FEDERAL_GENERATOR_STATUS":"Other","OPERATING_TSDF":"------","OPERATING_TSDF_DESC":"Not a TSDF","IS_CA":"No","PERMITTED_STATUS":"Not Permitted","TSDF_YES_NO":"No"}},{"type":"Feature","id":376908,"geometry":{"type":"Point","coordinates":[-122.901382193034,41.5511256839033]},"properties":{"OBJECTID":376908,"HANDLER_ID":"CAH111000902","HANDLER_NAME":"SISKIYOU COUNTY / DPW","LOCATION_ADDRESS":"6737 N Hwy 3, Fort Jones, CA 96032-0000","FEDERAL_GENERATOR_STATUS":"Other","OPERATING_TSDF":"------","OPERATING_TSDF_DESC":"Not a TSDF","IS_CA":"No","PERMITTED_STATUS":"Not Permitted","TSDF_YES_NO":"No"}},{"type":"Feature","id":377165,"geometry":{"type":"Point","coordinates":[-123.387100634187,41.7903498447696]},"properties":{"OBJECTID":377165,"HANDLER_ID":"CAL000116699","HANDLER_NAME":"SISKIYOU COUNTY ROAD DEPT DISTRICT 4H","LOCATION_ADDRESS":"64738 Airport Rd, Happy Camp, CA 96039-0000","FEDERAL_GENERATOR_STATUS":"Other","OPERATING_TSDF":"------","OPERATING_TSDF_DESC":"Not a TSDF","IS_CA":"No","PERMITTED_STATUS":"Not Permitted","TSDF_YES_NO":"No"}},{"type":"Feature","id":377238,"geometry":{"type":"Point","coordinates":[-121.553624899869,41.8240744214974]},"properties":{"OBJECTID":377238,"HANDLER_ID":"CAL000044181","HANDLER_NAME":"KLAMATH BASIN NAT WLOL REFUGE","LOCATION_ADDRESS":"Hill Road, Tulelake, CA 96134-0000","FEDERAL_GENERATOR_STATUS":"Other","OPERATING_TSDF":"------","OPERATING_TSDF_DESC":"Not a TSDF","IS_CA":"No","PERMITTED_STATUS":"Not Permitted","TSDF_YES_NO":"No"}},{"type":"Feature","id":378361,"geometry":{"type":"Point","coordinates":[-121.510720043695,41.7145738684893]},"properties":{"OBJECTID":378361,"HANDLER_ID":"CAL000219294","HANDLER_NAME":"LAVA BEDS NATIONAL MONUMENT","LOCATION_ADDRESS":"Indian Wells Headquarters, Tulelake, CA 96134-0000","FEDERAL_GENERATOR_STATUS":"Other","OPERATING_TSDF":"------","OPERATING_TSDF_DESC":"Not a TSDF","IS_CA":"No","PERMITTED_STATUS":"Not Permitted","TSDF_YES_NO":"No"}},{"type":"Feature","id":378467,"geometry":{"type":"Point","coordinates":[-122.595082097361,41.73691572608]},"properties":{"OBJECTID":378467,"HANDLER_ID":"CAL000037595","HANDLER_NAME":"SHASTA FOREST PRODUCTS INC","LOCATION_ADDRESS":"1423 Montague Rd, Yreka, CA 96097-0000","FEDERAL_GENERATOR_STATUS":"Other","OPERATING_TSDF":"------","OPERATING_TSDF_DESC":"Not a TSDF","IS_CA":"No","PERMITTED_STATUS":"Not Permitted","TSDF_YES_NO":"No"}},{"type":"Feature","id":379274,"geometry":{"type":"Point","coordinates":[-121.9205536906,41.9626788345607]},"properties":{"OBJECTID":379274,"HANDLER_ID":"CAL000075144","HANDLER_NAME":"DORRIS LUMBER AND MOULDING CO","LOCATION_ADDRESS":"4th And Cedar, Dorris, CA 96023-0000","FEDERAL_GENERATOR_STATUS":"Other","OPERATING_TSDF":"------","OPERATING_TSDF_DESC":"Not a TSDF","IS_CA":"No","PERMITTED_STATUS":"Not Permitted","TSDF_YES_NO":"No"}},{"type":"Feature","id":379436,"geometry":{"type":"Point","coordinates":[-122.640972702728,41.7138822898359]},"properties":{"OBJECTID":379436,"HANDLER_ID":"CAL000203361","HANDLER_NAME":"CW MOBILE AUTO","LOCATION_ADDRESS":"1441 S. Main St, Yreka, CA 96097-0000","FEDERAL_GENERATOR_STATUS":"Other","OPERATING_TSDF":"------","OPERATING_TSDF_DESC":"Not a TSDF","IS_CA":"No","PERMITTED_STATUS":"Not Permitted","TSDF_YES_NO":"No"}},{"type":"Feature","id":379697,"geometry":{"type":"Point","coordinates":[-122.527935116113,41.7278352713807]},"properties":{"OBJECTID":379697,"HANDLER_ID":"CAL000037753","HANDLER_NAME":"MONTAGUE WATER CONS DIST","LOCATION_ADDRESS":"120 S 11th St, Montague, CA 96064-9563","FEDERAL_GENERATOR_STATUS":"Other","OPERATING_TSDF":"------","OPERATING_TSDF_DESC":"Not a TSDF","IS_CA":"No","PERMITTED_STATUS":"Not Permitted","TSDF_YES_NO":"No"}},{"type":"Feature","id":380120,"geometry":{"type":"Point","coordinates":[-122.004238304954,41.7848307053728]},"properties":{"OBJECTID":380120,"HANDLER_ID":"CAC002982691","HANDLER_NAME":"USDA FOREST SERVICE SHASTA-TRINITY NF MT. SHASTA RANGER DISTRICT","LOCATION_ADDRESS":"15407 Old State Highway 97, Macdoel, CA 96058","FEDERAL_GENERATOR_STATUS":"Other","OPERATING_TSDF":"------","OPERATING_TSDF_DESC":"Not a TSDF","IS_CA":"No","PERMITTED_STATUS":"Not Permitted","TSDF_YES_NO":"No"}},{"type":"Feature","id":380665,"geometry":{"type":"Point","coordinates":[-122.386505033181,41.4259436523777]},"properties":{"OBJECTID":380665,"HANDLER_ID":"CAL000080363","HANDLER_NAME":"GARYS BODY SHOP","LOCATION_ADDRESS":"360 Park St, Weed, CA 96094-0000","FEDERAL_GENERATOR_STATUS":"Other","OPERATING_TSDF":"------","OPERATING_TSDF_DESC":"Not a TSDF","IS_CA":"No","PERMITTED_STATUS":"Not Permitted","TSDF_YES_NO":"No"}},{"type":"Feature","id":380806,"geometry":{"type":"Point","coordinates":[-121.918183077687,41.9644019356009]},"properties":{"OBJECTID":380806,"HANDLER_ID":"CAH111001179","HANDLER_NAME":"SISKIYOU COUNTY DPW","LOCATION_ADDRESS":"289 S Main St, Dorris, CA 96023","FEDERAL_GENERATOR_STATUS":"Other","OPERATING_TSDF":"------","OPERATING_TSDF_DESC":"Not a TSDF","IS_CA":"No","PERMITTED_STATUS":"Not Permitted","TSDF_YES_NO":"No"}},{"type":"Feature","id":381447,"geometry":{"type":"Point","coordinates":[-121.624835018122,40.9915890905642]},"properties":{"OBJECTID":381447,"HANDLER_ID":"CAL000189406","HANDLER_NAME":"HAT CREEK CONSTRUCTION & MATERIALS INC","LOCATION_ADDRESS":"24339 State Hwy 89 North, Burney, CA 96013-0000","FEDERAL_GENERATOR_STATUS":"Other","OPERATING_TSDF":"------","OPERATING_TSDF_DESC":"Not a TSDF","IS_CA":"No","PERMITTED_STATUS":"Not Permitted","TSDF_YES_NO":"No"}},{"type":"Feature","id":381685,"geometry":{"type":"Point","coordinates":[-122.122800426898,41.2513735520479]},"properties":{"OBJECTID":381685,"HANDLER_ID":"CAH111000973","HANDLER_NAME":"SISKIYOU COUNTY - PUBLIC WORKS","LOCATION_ADDRESS":"Highway 89 At Hall Rd., Mccloud, CA 96057-0000","FEDERAL_GENERATOR_STATUS":"Other","OPERATING_TSDF":"------","OPERATING_TSDF_DESC":"Not a TSDF","IS_CA":"No","PERMITTED_STATUS":"Not Permitted","TSDF_YES_NO":"No"}},{"type":"Feature","id":382711,"geometry":{"type":"Point","coordinates":[-121.941515988172,41.9277068981549]},"properties":{"OBJECTID":382711,"HANDLER_ID":"CAL000116702","HANDLER_NAME":"SISKIYOU COUNTY ROAD DEPT DISTRICT 6","LOCATION_ADDRESS":"Highway 97, Dorris, CA 96023-0000","FEDERAL_GENERATOR_STATUS":"Other","OPERATING_TSDF":"------","OPERATING_TSDF_DESC":"Not a TSDF","IS_CA":"No","PERMITTED_STATUS":"Not Permitted","TSDF_YES_NO":"No"}},{"type":"Feature","id":383033,"geometry":{"type":"Point","coordinates":[-122.372321825192,41.4040307714031]},"properties":{"OBJECTID":383033,"HANDLER_ID":"CAL000188709","HANDLER_NAME":"CG ROXANE LLC","LOCATION_ADDRESS":"1400 Marys Dr, Weed, CA 96094-0000","FEDERAL_GENERATOR_STATUS":"Other","OPERATING_TSDF":"------","OPERATING_TSDF_DESC":"Not a TSDF","IS_CA":"No","PERMITTED_STATUS":"Not Permitted","TSDF_YES_NO":"No"}},{"type":"Feature","id":383278,"geometry":{"type":"Point","coordinates":[-122.388045571846,41.4228230048778]},"properties":{"OBJECTID":383278,"HANDLER_ID":"CAL000220487","HANDLER_NAME":"JB AUTOMOTIVE","LOCATION_ADDRESS":"136 N Weed Blvd, Weed, CA 96094-0000","FEDERAL_GENERATOR_STATUS":"Other","OPERATING_TSDF":"------","OPERATING_TSDF_DESC":"Not a TSDF","IS_CA":"No","PERMITTED_STATUS":"Not Permitted","TSDF_YES_NO":"No"}},{"type":"Feature","id":383543,"geometry":{"type":"Point","coordinates":[-122.841079951878,41.6083693307801]},"properties":{"OBJECTID":383543,"HANDLER_ID":"CAH111001015","HANDLER_NAME":"SISKIYOU COUNTY DPW","LOCATION_ADDRESS":"12037 Main St, Fort Jones, CA 96032","FEDERAL_GENERATOR_STATUS":"Other","OPERATING_TSDF":"------","OPERATING_TSDF_DESC":"Not a TSDF","IS_CA":"No","PERMITTED_STATUS":"Not Permitted","TSDF_YES_NO":"No"}},{"type":"Feature","id":383599,"geometry":{"type":"Point","coordinates":[-122.637483333189,41.7159372407112]},"properties":{"OBJECTID":383599,"HANDLER_ID":"CAH111001088","HANDLER_NAME":"SISKIYOU COUNTY DPW","LOCATION_ADDRESS":"201 E Oberlin, Yreka, CA 96097","FEDERAL_GENERATOR_STATUS":"Other","OPERATING_TSDF":"------","OPERATING_TSDF_DESC":"Not a TSDF","IS_CA":"No","PERMITTED_STATUS":"Not Permitted","TSDF_YES_NO":"No"}},{"type":"Feature","id":383650,"geometry":{"type":"Point","coordinates":[-123.664229420651,41.0274585503719]},"properties":{"OBJECTID":383650,"HANDLER_ID":"CAL000039293","HANDLER_NAME":"CNTY HUMBOLDT HOOPA MAINTENANCE STN","LOCATION_ADDRESS":"Shoemaker Road, Hoopa, CA 95546-0000","FEDERAL_GENERATOR_STATUS":"Other","OPERATING_TSDF":"------","OPERATING_TSDF_DESC":"Not a TSDF","IS_CA":"No","PERMITTED_STATUS":"Not Permitted","TSDF_YES_NO":"No"}},{"type":"Feature","id":383916,"geometry":{"type":"Point","coordinates":[-122.63163324328,41.6843872246907]},"properties":{"OBJECTID":383916,"HANDLER_ID":"CAL000037431","HANDLER_NAME":"TNT MUSCLECAR PARTS","LOCATION_ADDRESS":"3237 Fairlane Road, Yreka, CA 96097-0000","FEDERAL_GENERATOR_STATUS":"Other","OPERATING_TSDF":"------","OPERATING_TSDF_DESC":"Not a TSDF","IS_CA":"No","PERMITTED_STATUS":"Not Permitted","TSDF_YES_NO":"No"}},{"type":"Feature","id":383966,"geometry":{"type":"Point","coordinates":[-122.831031826657,41.3591411114732]},"properties":{"OBJECTID":383966,"HANDLER_ID":"CAL000045871","HANDLER_NAME":"MOORE'S GRAVEL INC","LOCATION_ADDRESS":"8832 S Highway 3, Callahan, CA 96014","FEDERAL_GENERATOR_STATUS":"Other","OPERATING_TSDF":"------","OPERATING_TSDF_DESC":"Not a TSDF","IS_CA":"No","PERMITTED_STATUS":"Not Permitted","TSDF_YES_NO":"No"}},{"type":"Feature","id":384492,"geometry":{"type":"Point","coordinates":[-122.126388721862,41.25211729138]},"properties":{"OBJECTID":384492,"HANDLER_ID":"CAL000022950","HANDLER_NAME":"USDA FOREST SERVICE","LOCATION_ADDRESS":"Forest Rd, Mccloud, CA 96057-0000","FEDERAL_GENERATOR_STATUS":"Other","OPERATING_TSDF":"------","OPERATING_TSDF_DESC":"Not a TSDF","IS_CA":"No","PERMITTED_STATUS":"Not Permitted","TSDF_YES_NO":"No"}},{"type":"Feature","id":384495,"geometry":{"type":"Point","coordinates":[-123.373650373666,41.3058769646503]},"properties":{"OBJECTID":384495,"HANDLER_ID":"CAL000116701","HANDLER_NAME":"SISKIYOU COUNTY ROAD DEPT DISTRICT 5F","LOCATION_ADDRESS":"Salmon River Rd, Forks Of Salmon, CA 96031-0000","FEDERAL_GENERATOR_STATUS":"Other","OPERATING_TSDF":"------","OPERATING_TSDF_DESC":"Not a TSDF","IS_CA":"No","PERMITTED_STATUS":"Not Permitted","TSDF_YES_NO":"No"}},{"type":"Feature","id":384662,"geometry":{"type":"Point","coordinates":[-122.63600664639,41.708847885022]},"properties":{"OBJECTID":384662,"HANDLER_ID":"CAL000206442","HANDLER_NAME":"SISKIYOU COUNTY DEPARTMENT OF PUBLIC WORKS","LOCATION_ADDRESS":"279 Sharps Rd, Yreka, CA 96097-9544","FEDERAL_GENERATOR_STATUS":"Other","OPERATING_TSDF":"------","OPERATING_TSDF_DESC":"Not a TSDF","IS_CA":"No","PERMITTED_STATUS":"Not Permitted","TSDF_YES_NO":"No"}},{"type":"Feature","id":384795,"geometry":{"type":"Point","coordinates":[-122.385274760622,41.421790583169]},"properties":{"OBJECTID":384795,"HANDLER_ID":"CAL000029791","HANDLER_NAME":"CHEVRON 93476","LOCATION_ADDRESS":"12 S Weed Blvd, Weed, CA 96094-0000","FEDERAL_GENERATOR_STATUS":"Other","OPERATING_TSDF":"------","OPERATING_TSDF_DESC":"Not a TSDF","IS_CA":"No","PERMITTED_STATUS":"Not Permitted","TSDF_YES_NO":"No"}},{"type":"Feature","id":384944,"geometry":{"type":"Point","coordinates":[-122.28702922302,41.185734733871]},"properties":{"OBJECTID":384944,"HANDLER_ID":"CAL000159956","HANDLER_NAME":"DWIGHTS REPAIR AND TOWING","LOCATION_ADDRESS":"700 Crag View Dr, Dunsmuir, CA 96025-2601","FEDERAL_GENERATOR_STATUS":"Other","OPERATING_TSDF":"------","OPERATING_TSDF_DESC":"Not a TSDF","IS_CA":"No","PERMITTED_STATUS":"Not Permitted","TSDF_YES_NO":"No"}},{"type":"Feature","id":385414,"geometry":{"type":"Point","coordinates":[-122.641184043409,41.7132950325398]},"properties":{"OBJECTID":385414,"HANDLER_ID":"CAL000240126","HANDLER_NAME":"SHASTA VALLEY CHAIN SAW","LOCATION_ADDRESS":"1445 S Main St, Yreka, CA 96097-0000","FEDERAL_GENERATOR_STATUS":"Other","OPERATING_TSDF":"------","OPERATING_TSDF_DESC":"Not a TSDF","IS_CA":"No","PERMITTED_STATUS":"Not Permitted","TSDF_YES_NO":"No"}},{"type":"Feature","id":385563,"geometry":{"type":"Point","coordinates":[-123.63972469354,40.9827325670544]},"properties":{"OBJECTID":385563,"HANDLER_ID":"CAL000097180","HANDLER_NAME":"WHITSON INC","LOCATION_ADDRESS":"3167 Hwy 96 N, Willow Creek, CA 95573-0240","FEDERAL_GENERATOR_STATUS":"Other","OPERATING_TSDF":"------","OPERATING_TSDF_DESC":"Not a TSDF","IS_CA":"No","PERMITTED_STATUS":"Not Permitted","TSDF_YES_NO":"No"}},{"type":"Feature","id":385724,"geometry":{"type":"Point","coordinates":[-122.388256912526,41.4229201316588]},"properties":{"OBJECTID":385724,"HANDLER_ID":"CAL000160604","HANDLER_NAME":"SISKIYOU AUTO SUPPLY","LOCATION_ADDRESS":"176 North Weed Blvd, Weed, CA 96094-0000","FEDERAL_GENERATOR_STATUS":"Other","OPERATING_TSDF":"------","OPERATING_TSDF_DESC":"Not a TSDF","IS_CA":"No","PERMITTED_STATUS":"Not Permitted","TSDF_YES_NO":"No"}},{"type":"Feature","id":385732,"geometry":{"type":"Point","coordinates":[-122.83318660228,41.669088857365]},"properties":{"OBJECTID":385732,"HANDLER_ID":"CAL000230054","HANDLER_NAME":"CAL FIRE","LOCATION_ADDRESS":"17140 Mcadams Creek Rd, Fort Jones, CA 96032-0000","FEDERAL_GENERATOR_STATUS":"Other","OPERATING_TSDF":"------","OPERATING_TSDF_DESC":"Not a TSDF","IS_CA":"No","PERMITTED_STATUS":"Not Permitted","TSDF_YES_NO":"No"}},{"type":"Feature","id":385867,"geometry":{"type":"Point","coordinates":[-121.481964221272,41.029118698869]},"properties":{"OBJECTID":385867,"HANDLER_ID":"CAH111001139","HANDLER_NAME":"SHASTA COUNTY - DEPT OF RESOURCE MGMT","LOCATION_ADDRESS":"Glenburn Road (County Mtce Yard), Fall River Mills, CA 96028-0000","FEDERAL_GENERATOR_STATUS":"Other","OPERATING_TSDF":"------","OPERATING_TSDF_DESC":"Not a TSDF","IS_CA":"No","PERMITTED_STATUS":"Not Permitted","TSDF_YES_NO":"No"}},{"type":"Feature","id":385890,"geometry":{"type":"Point","coordinates":[-122.319146711252,41.3079912707806]},"properties":{"OBJECTID":385890,"HANDLER_ID":"CAL000231670","HANDLER_NAME":"CALIFORNIA HIGHWAY PATROL #147 DUNSMUIR GRADE IF","LOCATION_ADDRESS":"1001 Interstate 5 S, Mount Shasta, CA 96067-9998","FEDERAL_GENERATOR_STATUS":"Other","OPERATING_TSDF":"------","OPERATING_TSDF_DESC":"Not a TSDF","IS_CA":"No","PERMITTED_STATUS":"Not Permitted","TSDF_YES_NO":"No"}},{"type":"Feature","id":385929,"geometry":{"type":"Point","coordinates":[-122.635572273841,41.6882192359291]},"properties":{"OBJECTID":385929,"HANDLER_ID":"CAL000218479","HANDLER_NAME":"LARRY'S AUTO CARE CENTER","LOCATION_ADDRESS":"2933 Fairlane Rd, Yreka, CA 96097-9535","FEDERAL_GENERATOR_STATUS":"Other","OPERATING_TSDF":"------","OPERATING_TSDF_DESC":"Not a TSDF","IS_CA":"No","PERMITTED_STATUS":"Not Permitted","TSDF_YES_NO":"No"}},{"type":"Feature","id":386131,"geometry":{"type":"Point","coordinates":[-122.136942266073,41.2486378143837]},"properties":{"OBJECTID":386131,"HANDLER_ID":"CAC002968788","HANDLER_NAME":"216 SQUAW VALLEY ROAD","LOCATION_ADDRESS":"216 Squaw Valley Road, Mccloud, CA 96057","FEDERAL_GENERATOR_STATUS":"Other","OPERATING_TSDF":"------","OPERATING_TSDF_DESC":"Not a TSDF","IS_CA":"No","PERMITTED_STATUS":"Not Permitted","TSDF_YES_NO":"No"}},{"type":"Feature","id":386218,"geometry":{"type":"Point","coordinates":[-122.629700600203,41.7399527366296]},"properties":{"OBJECTID":386218,"HANDLER_ID":"CAD981410830","HANDLER_NAME":"EXXON MOBIL CORPORATION #738810","LOCATION_ADDRESS":"215 Montague Rd Hwy 55, Yreka, CA 96097-3881","FEDERAL_GENERATOR_STATUS":"Other","OPERATING_TSDF":"------","OPERATING_TSDF_DESC":"Not a TSDF","IS_CA":"No","PERMITTED_STATUS":"Not Permitted","TSDF_YES_NO":"No"}},{"type":"Feature","id":386569,"geometry":{"type":"Point","coordinates":[-122.383437445682,41.4137569393314]},"properties":{"OBJECTID":386569,"HANDLER_ID":"CAC002971087","HANDLER_NAME":"616 SOUTH WEED BLVD","LOCATION_ADDRESS":"616 South Weed Blvd, Weed, CA 96094","FEDERAL_GENERATOR_STATUS":"Other","OPERATING_TSDF":"------","OPERATING_TSDF_DESC":"Not a TSDF","IS_CA":"No","PERMITTED_STATUS":"Not Permitted","TSDF_YES_NO":"No"}},{"type":"Feature","id":387660,"geometry":{"type":"Point","coordinates":[-122.34921464454,41.3528854273207]},"properties":{"OBJECTID":387660,"HANDLER_ID":"CAH111000972","HANDLER_NAME":"SISKIYOU COUNTY - PUBLIC WORKS","LOCATION_ADDRESS":"3710 Spring Hill Rd, Mount Shasta, CA 96067-9507","FEDERAL_GENERATOR_STATUS":"Other","OPERATING_TSDF":"------","OPERATING_TSDF_DESC":"Not a TSDF","IS_CA":"No","PERMITTED_STATUS":"Not Permitted","TSDF_YES_NO":"No"}},{"type":"Feature","id":390912,"geometry":{"type":"Point","coordinates":[-122.38642139623,41.4141301579805]},"properties":{"OBJECTID":390912,"HANDLER_ID":"CAC002976593","HANDLER_NAME":"SISKIYOU GARDENS APTS","LOCATION_ADDRESS":"380 Siskiyou Way, Weed, CA 96094-2845","FEDERAL_GENERATOR_STATUS":"Other","OPERATING_TSDF":"------","OPERATING_TSDF_DESC":"Not a TSDF","IS_CA":"No","PERMITTED_STATUS":"Not Permitted","TSDF_YES_NO":"No"}},{"type":"Feature","id":390918,"geometry":{"type":"Point","coordinates":[-121.451836932728,40.9993871120257]},"properties":{"OBJECTID":390918,"HANDLER_ID":"CAC002976730","HANDLER_NAME":"CALTRANS D-02/EA 02-4H8804","LOCATION_ADDRESS":"Sha-299, Fall River Mills, CA 96028","FEDERAL_GENERATOR_STATUS":"Other","OPERATING_TSDF":"------","OPERATING_TSDF_DESC":"Not a TSDF","IS_CA":"No","PERMITTED_STATUS":"Not Permitted","TSDF_YES_NO":"No"}},{"type":"Feature","id":391130,"geometry":{"type":"Point","coordinates":[-122.848145025872,41.5994102845571]},"properties":{"OBJECTID":391130,"HANDLER_ID":"CAL000141943","HANDLER_NAME":"SCOTT VALLEY AUTO PARTS INC.","LOCATION_ADDRESS":"11215 North Highway 3, Fort Jones, CA 96232-0000","FEDERAL_GENERATOR_STATUS":"Other","OPERATING_TSDF":"------","OPERATING_TSDF_DESC":"Not a TSDF","IS_CA":"No","PERMITTED_STATUS":"Not Permitted","TSDF_YES_NO":"No"}},{"type":"Feature","id":391838,"geometry":{"type":"Point","coordinates":[-122.329011374775,41.3098321830089]},"properties":{"OBJECTID":391838,"HANDLER_ID":"CAL000249745","HANDLER_NAME":"MOUNT SHASTA FISH HATCHERY","LOCATION_ADDRESS":"3 N Old Stage Rd, Mount Shasta, CA 96067","FEDERAL_GENERATOR_STATUS":"Other","OPERATING_TSDF":"------","OPERATING_TSDF_DESC":"Not a TSDF","IS_CA":"No","PERMITTED_STATUS":"Not Permitted","TSDF_YES_NO":"No"}},{"type":"Feature","id":391990,"geometry":{"type":"Point","coordinates":[-122.638792746088,41.713455111864]},"properties":{"OBJECTID":391990,"HANDLER_ID":"CAL000194129","HANDLER_NAME":"KIMBALLS AUTO BODY AND PAINT","LOCATION_ADDRESS":"108 Davis Rd Ste 1, Yreka, CA 96097-0000","FEDERAL_GENERATOR_STATUS":"Other","OPERATING_TSDF":"------","OPERATING_TSDF_DESC":"Not a TSDF","IS_CA":"No","PERMITTED_STATUS":"Not Permitted","TSDF_YES_NO":"No"}},{"type":"Feature","id":392458,"geometry":{"type":"Point","coordinates":[-122.532101675152,41.6468630123182]},"properties":{"OBJECTID":392458,"HANDLER_ID":"CAL000107851","HANDLER_NAME":"BILLY TANNER REPAIR","LOCATION_ADDRESS":"115 B Shasta Blvd, Grenada, CA 96038-0000","FEDERAL_GENERATOR_STATUS":"Other","OPERATING_TSDF":"------","OPERATING_TSDF_DESC":"Not a TSDF","IS_CA":"No","PERMITTED_STATUS":"Not Permitted","TSDF_YES_NO":"No"}},{"type":"Feature","id":392639,"geometry":{"type":"Point","coordinates":[-122.346380880773,41.3435171895667]},"properties":{"OBJECTID":392639,"HANDLER_ID":"CAL000252371","HANDLER_NAME":"TIMBERWORKS","LOCATION_ADDRESS":"1/4 Mi Of Abrams Lake Rd, Mount Shasta, CA 96067","FEDERAL_GENERATOR_STATUS":"Other","OPERATING_TSDF":"------","OPERATING_TSDF_DESC":"Not a TSDF","IS_CA":"No","PERMITTED_STATUS":"Not Permitted","TSDF_YES_NO":"No"}},{"type":"Feature","id":392696,"geometry":{"type":"Point","coordinates":[-122.627329987289,41.7339731443452]},"properties":{"OBJECTID":392696,"HANDLER_ID":"CAH111001014","HANDLER_NAME":"SISKIYOU COUNTY DPW","LOCATION_ADDRESS":"401 Foothill Dr, Yreka, CA 96097","FEDERAL_GENERATOR_STATUS":"Other","OPERATING_TSDF":"------","OPERATING_TSDF_DESC":"Not a TSDF","IS_CA":"No","PERMITTED_STATUS":"Not Permitted","TSDF_YES_NO":"No"}},{"type":"Feature","id":392783,"geometry":{"type":"Point","coordinates":[-122.322190916378,41.3246557082944]},"properties":{"OBJECTID":392783,"HANDLER_ID":"CAL000203318","HANDLER_NAME":"BROOK'S COMPLETE AUTO REPAIR","LOCATION_ADDRESS":"1032 N Mt Shasta Blvd, Mount Shasta, CA 96067","FEDERAL_GENERATOR_STATUS":"Other","OPERATING_TSDF":"------","OPERATING_TSDF_DESC":"Not a TSDF","IS_CA":"No","PERMITTED_STATUS":"Not Permitted","TSDF_YES_NO":"No"}},{"type":"Feature","id":392832,"geometry":{"type":"Point","coordinates":[-121.481964221272,41.029118698869]},"properties":{"OBJECTID":392832,"HANDLER_ID":"CAL000032067","HANDLER_NAME":"FALL RIVER MILLS ROAD SHOP","LOCATION_ADDRESS":"Glenburn Road, Fall River Mills, CA 96028-0000","FEDERAL_GENERATOR_STATUS":"Other","OPERATING_TSDF":"------","OPERATING_TSDF_DESC":"Not a TSDF","IS_CA":"No","PERMITTED_STATUS":"Not Permitted","TSDF_YES_NO":"No"}},{"type":"Feature","id":392933,"geometry":{"type":"Point","coordinates":[-122.557594757192,41.9079541887349]},"properties":{"OBJECTID":392933,"HANDLER_ID":"CAH111001016","HANDLER_NAME":"SISKIYOU COUNTY DPW","LOCATION_ADDRESS":"15430 Hornbrook Rd, Hornbrook, CA 96097","FEDERAL_GENERATOR_STATUS":"Other","OPERATING_TSDF":"------","OPERATING_TSDF_DESC":"Not a TSDF","IS_CA":"No","PERMITTED_STATUS":"Not Permitted","TSDF_YES_NO":"No"}},{"type":"Feature","id":392936,"geometry":{"type":"Point","coordinates":[-122.388824384738,41.4311426331261]},"properties":{"OBJECTID":392936,"HANDLER_ID":"CAH111001053","HANDLER_NAME":"SISKIYOU COUNTY DPW","LOCATION_ADDRESS":"800 Hihgway 97, Weed, CA 96094","FEDERAL_GENERATOR_STATUS":"Other","OPERATING_TSDF":"------","OPERATING_TSDF_DESC":"Not a TSDF","IS_CA":"No","PERMITTED_STATUS":"Not Permitted","TSDF_YES_NO":"No"}},{"type":"Feature","id":392987,"geometry":{"type":"Point","coordinates":[-122.322428337398,41.3115363982863]},"properties":{"OBJECTID":392987,"HANDLER_ID":"CAL000037505","HANDLER_NAME":"CALIFORNIA HIGHWAY PATROL #146 MT SHASTA","LOCATION_ADDRESS":"618 W Jessie St, Mount Shasta, CA 96067-9760","FEDERAL_GENERATOR_STATUS":"Other","OPERATING_TSDF":"------","OPERATING_TSDF_DESC":"Not a TSDF","IS_CA":"No","PERMITTED_STATUS":"Not Permitted","TSDF_YES_NO":"No"}},{"type":"Feature","id":393218,"geometry":{"type":"Point","coordinates":[-122.306193775822,41.320275110608]},"properties":{"OBJECTID":393218,"HANDLER_ID":"CAL000035199","HANDLER_NAME":"MT SHASTA ARMORY","LOCATION_ADDRESS":"618 Everitt Memorial Hwy, Mount Shasta, CA 96067-0000","FEDERAL_GENERATOR_STATUS":"Other","OPERATING_TSDF":"------","OPERATING_TSDF_DESC":"Not a TSDF","IS_CA":"No","PERMITTED_STATUS":"Not Permitted","TSDF_YES_NO":"No"}},{"type":"Feature","id":393433,"geometry":{"type":"Point","coordinates":[-122.637185657592,41.7160019918985]},"properties":{"OBJECTID":393433,"HANDLER_ID":"CAH111000916","HANDLER_NAME":"SISKIYOU COUNTY / DPW","LOCATION_ADDRESS":"242 Oberlin Rd, Yreka, CA 96097-0000","FEDERAL_GENERATOR_STATUS":"Other","OPERATING_TSDF":"------","OPERATING_TSDF_DESC":"Not a TSDF","IS_CA":"No","PERMITTED_STATUS":"Not Permitted","TSDF_YES_NO":"No"}},{"type":"Feature","id":393460,"geometry":{"type":"Point","coordinates":[-122.379925593092,41.4132056549171]},"properties":{"OBJECTID":393460,"HANDLER_ID":"CAL000232496","HANDLER_NAME":"SOLANO'S, INC.","LOCATION_ADDRESS":"700 Shastina Dr, Weed, CA 96094","FEDERAL_GENERATOR_STATUS":"Other","OPERATING_TSDF":"------","OPERATING_TSDF_DESC":"Not a TSDF","IS_CA":"No","PERMITTED_STATUS":"Not Permitted","TSDF_YES_NO":"No"}},{"type":"Feature","id":394420,"geometry":{"type":"Point","coordinates":[-122.654100106635,41.7386541155951]},"properties":{"OBJECTID":394420,"HANDLER_ID":"CAC002971410","HANDLER_NAME":"NANCY OGREN","LOCATION_ADDRESS":"208 Wetzel Way, Yreka, CA 96097-2013","FEDERAL_GENERATOR_STATUS":"Other","OPERATING_TSDF":"------","OPERATING_TSDF_DESC":"Not a TSDF","IS_CA":"No","PERMITTED_STATUS":"Not Permitted","TSDF_YES_NO":"No"}},{"type":"Feature","id":395271,"geometry":{"type":"Point","coordinates":[-121.545694678067,41.9790312073245]},"properties":{"OBJECTID":395271,"HANDLER_ID":"CAC002966118","HANDLER_NAME":"LYMAN FARMS, LLC","LOCATION_ADDRESS":"18237 Kandra Rd, Tulelake, CA 96134","FEDERAL_GENERATOR_STATUS":"Other","OPERATING_TSDF":"------","OPERATING_TSDF_DESC":"Not a TSDF","IS_CA":"No","PERMITTED_STATUS":"Not Permitted","TSDF_YES_NO":"No"}},{"type":"Feature","id":397285,"geometry":{"type":"Point","coordinates":[-122.869692782096,41.4539521381807]},"properties":{"OBJECTID":397285,"HANDLER_ID":"CAL000116700","HANDLER_NAME":"SISKIYOU COUNTY ROAD DEPT DISTRICT 5","LOCATION_ADDRESS":"1005 South Highway 3, Etna, CA 96027-0000","FEDERAL_GENERATOR_STATUS":"Other","OPERATING_TSDF":"------","OPERATING_TSDF_DESC":"Not a TSDF","IS_CA":"No","PERMITTED_STATUS":"Not Permitted","TSDF_YES_NO":"No"}},{"type":"Feature","id":397368,"geometry":{"type":"Point","coordinates":[-122.324020137419,41.3270892737511]},"properties":{"OBJECTID":397368,"HANDLER_ID":"CAL000236118","HANDLER_NAME":"MT SHASTA PARKS RECREATION DISTRICT","LOCATION_ADDRESS":"1315 Nixon Rd, Mount Shasta, CA 96067-8900","FEDERAL_GENERATOR_STATUS":"Other","OPERATING_TSDF":"------","OPERATING_TSDF_DESC":"Not a TSDF","IS_CA":"No","PERMITTED_STATUS":"Not Permitted","TSDF_YES_NO":"No"}},{"type":"Feature","id":397388,"geometry":{"type":"Point","coordinates":[-121.593604261427,41.9624980708294]},"properties":{"OBJECTID":397388,"HANDLER_ID":"CAH111000975","HANDLER_NAME":"SISKIYOU COUNTY - PUBLIC WORKS","LOCATION_ADDRESS":"County Road 95001 (Lower Klamath Rd, Tulelake, CA 96134-0000","FEDERAL_GENERATOR_STATUS":"Other","OPERATING_TSDF":"------","OPERATING_TSDF_DESC":"Not a TSDF","IS_CA":"No","PERMITTED_STATUS":"Not Permitted","TSDF_YES_NO":"No"}},{"type":"Feature","id":398155,"geometry":{"type":"Point","coordinates":[-122.642174196982,41.710507134197]},"properties":{"OBJECTID":398155,"HANDLER_ID":"CAD982355661","HANDLER_NAME":"JIM WILSON MOTORS INC","LOCATION_ADDRESS":"1545 S Main St, Yreka, CA 96097-0000","FEDERAL_GENERATOR_STATUS":"Other","OPERATING_TSDF":"------","OPERATING_TSDF_DESC":"Not a TSDF","IS_CA":"No","PERMITTED_STATUS":"Not Permitted","TSDF_YES_NO":"No"}},{"type":"Feature","id":399004,"geometry":{"type":"Point","coordinates":[-122.434153813148,41.4648168478193]},"properties":{"OBJECTID":399004,"HANDLER_ID":"CAC002972466","HANDLER_NAME":"23924 EDGEWOOD ROAD","LOCATION_ADDRESS":"23924 Edgewood Road, Weed, CA 96094","FEDERAL_GENERATOR_STATUS":"Other","OPERATING_TSDF":"------","OPERATING_TSDF_DESC":"Not a TSDF","IS_CA":"No","PERMITTED_STATUS":"Not Permitted","TSDF_YES_NO":"No"}},{"type":"Feature","id":399637,"geometry":{"type":"Point","coordinates":[-122.318825653281,41.3080461294254]},"properties":{"OBJECTID":399637,"HANDLER_ID":"CAC002971985","HANDLER_NAME":"CALTRANS D-2/EA02-4G5504","LOCATION_ADDRESS":"Sis-5 Sb, Mount Shasta, CA 96067","FEDERAL_GENERATOR_STATUS":"Other","OPERATING_TSDF":"------","OPERATING_TSDF_DESC":"Not a TSDF","IS_CA":"No","PERMITTED_STATUS":"Not Permitted","TSDF_YES_NO":"No"}},{"type":"Feature","id":400521,"geometry":{"type":"Point","coordinates":[-122.644225550569,41.7051678592094]},"properties":{"OBJECTID":400521,"HANDLER_ID":"CAL000240122","HANDLER_NAME":"CALIFORNIA HIGHWAY PATROL #145 YREKA","LOCATION_ADDRESS":"1739 S Main St, Yreka, CA 96097-9518","FEDERAL_GENERATOR_STATUS":"Other","OPERATING_TSDF":"------","OPERATING_TSDF_DESC":"Not a TSDF","IS_CA":"No","PERMITTED_STATUS":"Not Permitted","TSDF_YES_NO":"No"}},{"type":"Feature","id":400959,"geometry":{"type":"Point","coordinates":[-122.847793390952,41.5996593967639]},"properties":{"OBJECTID":400959,"HANDLER_ID":"CAH111000393","HANDLER_NAME":"SISKIYOU CTY-VALLEY TIRE USED OIL COLLEC","LOCATION_ADDRESS":"11236 N. Hwy 3, Fort Jones, CA 96032-0000","FEDERAL_GENERATOR_STATUS":"Other","OPERATING_TSDF":"------","OPERATING_TSDF_DESC":"Not a TSDF","IS_CA":"No","PERMITTED_STATUS":"Not Permitted","TSDF_YES_NO":"No"}},{"type":"Feature","id":400962,"geometry":{"type":"Point","coordinates":[-122.647523364512,41.6990003086174]},"properties":{"OBJECTID":400962,"HANDLER_ID":"CAH111000489","HANDLER_NAME":"SISKIYOU CTY PUB WORKS","LOCATION_ADDRESS":"1906 Fort Jones, Yreka, CA 96097-0000","FEDERAL_GENERATOR_STATUS":"Other","OPERATING_TSDF":"------","OPERATING_TSDF_DESC":"Not a TSDF","IS_CA":"No","PERMITTED_STATUS":"Not Permitted","TSDF_YES_NO":"No"}},{"type":"Feature","id":402357,"geometry":{"type":"Point","coordinates":[-122.317047693596,41.3271594208707]},"properties":{"OBJECTID":402357,"HANDLER_ID":"CAL000037964","HANDLER_NAME":"GENE ERICKSON TRUCKING INC","LOCATION_ADDRESS":"305 Ski Village Dr, Mount Shasta, CA 96067-0000","FEDERAL_GENERATOR_STATUS":"Other","OPERATING_TSDF":"------","OPERATING_TSDF_DESC":"Not a TSDF","IS_CA":"No","PERMITTED_STATUS":"Not Permitted","TSDF_YES_NO":"No"}},{"type":"Feature","id":402626,"geometry":{"type":"Point","coordinates":[-122.5347510779,41.7195030526238]},"properties":{"OBJECTID":402626,"HANDLER_ID":"CAL000224009","HANDLER_NAME":"J.F. SHEA CONSTRUCTION, INC.","LOCATION_ADDRESS":"881 S 11th Street, Montague, CA 96097-0000","FEDERAL_GENERATOR_STATUS":"Other","OPERATING_TSDF":"------","OPERATING_TSDF_DESC":"Not a TSDF","IS_CA":"No","PERMITTED_STATUS":"Not Permitted","TSDF_YES_NO":"No"}},{"type":"Feature","id":402681,"geometry":{"type":"Point","coordinates":[-122.519623581763,41.5198742428021]},"properties":{"OBJECTID":402681,"HANDLER_ID":"CAL000116697","HANDLER_NAME":"SISKIYOU COUNTY ROAD DEPT DISTRICT 3","LOCATION_ADDRESS":"18232 Old Highway 99, Gazelle, CA 96034-0000","FEDERAL_GENERATOR_STATUS":"Other","OPERATING_TSDF":"------","OPERATING_TSDF_DESC":"Not a TSDF","IS_CA":"No","PERMITTED_STATUS":"Not Permitted","TSDF_YES_NO":"No"}},{"type":"Feature","id":402848,"geometry":{"type":"Point","coordinates":[-122.97509062793,41.6011936401744]},"properties":{"OBJECTID":402848,"HANDLER_ID":"CAH111001127","HANDLER_NAME":"SISKIYOU COUNTY DPW","LOCATION_ADDRESS":"13601 Quartz Valley Rd, Fort Jones, CA 96057","FEDERAL_GENERATOR_STATUS":"Other","OPERATING_TSDF":"------","OPERATING_TSDF_DESC":"Not a TSDF","IS_CA":"No","PERMITTED_STATUS":"Not Permitted","TSDF_YES_NO":"No"}},{"type":"Feature","id":403293,"geometry":{"type":"Point","coordinates":[-122.313997193216,41.3139546752681]},"properties":{"OBJECTID":403293,"HANDLER_ID":"CAL000160603","HANDLER_NAME":"SHASTA AUTO SUPPLY","LOCATION_ADDRESS":"108 West Castle, Mt Shasta, CA 96067-0000","FEDERAL_GENERATOR_STATUS":"Other","OPERATING_TSDF":"------","OPERATING_TSDF_DESC":"Not a TSDF","IS_CA":"No","PERMITTED_STATUS":"Not Permitted","TSDF_YES_NO":"No"}},{"type":"Feature","id":403888,"geometry":{"type":"Point","coordinates":[-122.315946923412,41.3142982162897]},"properties":{"OBJECTID":403888,"HANDLER_ID":"CAL000022955","HANDLER_NAME":"USDA FOREST SERVICE","LOCATION_ADDRESS":"204 W Alma St, Mount Shasta, CA 96067-2204","FEDERAL_GENERATOR_STATUS":"Other","OPERATING_TSDF":"------","OPERATING_TSDF_DESC":"Not a TSDF","IS_CA":"No","PERMITTED_STATUS":"Not Permitted","TSDF_YES_NO":"No"}},{"type":"Feature","id":404321,"geometry":{"type":"Point","coordinates":[-123.380475328673,41.7924389698827]},"properties":{"OBJECTID":404321,"HANDLER_ID":"CAL000022925","HANDLER_NAME":"HAPPY CAMP RANGER DISTRICT","LOCATION_ADDRESS":"64311 Second Avenue, Happy Camp, CA 96039-0000","FEDERAL_GENERATOR_STATUS":"Other","OPERATING_TSDF":"------","OPERATING_TSDF_DESC":"Not a TSDF","IS_CA":"No","PERMITTED_STATUS":"Not Permitted","TSDF_YES_NO":"No"}},{"type":"Feature","id":404571,"geometry":{"type":"Point","coordinates":[-122.133764961284,41.2367676626976]},"properties":{"OBJECTID":404571,"HANDLER_ID":"CAL000206164","HANDLER_NAME":"MCCLOUD GOLF CLUB","LOCATION_ADDRESS":"1001 Squaw Valley Rd, Mccloud, CA 96057-0000","FEDERAL_GENERATOR_STATUS":"Other","OPERATING_TSDF":"------","OPERATING_TSDF_DESC":"Not a TSDF","IS_CA":"No","PERMITTED_STATUS":"Not Permitted","TSDF_YES_NO":"No"}},{"type":"Feature","id":404610,"geometry":{"type":"Point","coordinates":[-122.322999406897,41.3245927557512]},"properties":{"OBJECTID":404610,"HANDLER_ID":"CAL000071430","HANDLER_NAME":"DON ERICKSON OIL, INC","LOCATION_ADDRESS":"1031 Nixon Rd, Mount Shasta, CA 96067-0000","FEDERAL_GENERATOR_STATUS":"Other","OPERATING_TSDF":"------","OPERATING_TSDF_DESC":"Not a TSDF","IS_CA":"No","PERMITTED_STATUS":"Not Permitted","TSDF_YES_NO":"No"}},{"type":"Feature","id":405067,"geometry":{"type":"Point","coordinates":[-121.501902191033,41.0388313769666]},"properties":{"OBJECTID":405067,"HANDLER_ID":"CAL000235039","HANDLER_NAME":"SMITH FARM","LOCATION_ADDRESS":"1 Smith Farm Rd, Fall River Mills, CA 96028-0000","FEDERAL_GENERATOR_STATUS":"Other","OPERATING_TSDF":"------","OPERATING_TSDF_DESC":"Not a TSDF","IS_CA":"No","PERMITTED_STATUS":"Not Permitted","TSDF_YES_NO":"No"}},{"type":"Feature","id":405233,"geometry":{"type":"Point","coordinates":[-122.319188979388,41.2859264043801]},"properties":{"OBJECTID":405233,"HANDLER_ID":"CAL000251587","HANDLER_NAME":"MOUNT SHASTA RESORT","LOCATION_ADDRESS":"1000 Siskiyou Lake Blvd, Mount Shasta, CA 96097","FEDERAL_GENERATOR_STATUS":"Other","OPERATING_TSDF":"------","OPERATING_TSDF_DESC":"Not a TSDF","IS_CA":"No","PERMITTED_STATUS":"Not Permitted","TSDF_YES_NO":"No"}},{"type":"Feature","id":405756,"geometry":{"type":"Point","coordinates":[-122.379437261221,41.4118287928646]},"properties":{"OBJECTID":405756,"HANDLER_ID":"CAL000072489","HANDLER_NAME":"CITY OF WEED MAINTENANCE YARD","LOCATION_ADDRESS":"750 Shastina Dr, Weed, CA 96094-0000","FEDERAL_GENERATOR_STATUS":"Other","OPERATING_TSDF":"------","OPERATING_TSDF_DESC":"Not a TSDF","IS_CA":"No","PERMITTED_STATUS":"Not Permitted","TSDF_YES_NO":"No"}},{"type":"Feature","id":405843,"geometry":{"type":"Point","coordinates":[-122.135110347065,41.2538502849628]},"properties":{"OBJECTID":405843,"HANDLER_ID":"CAD982335838","HANDLER_NAME":"SISKIYOU UNHSD MCCLOUD HIGH SCHOOL","LOCATION_ADDRESS":"One Campus Way, Mccloud, CA 96057-0000","FEDERAL_GENERATOR_STATUS":"Other","OPERATING_TSDF":"------","OPERATING_TSDF_DESC":"Not a TSDF","IS_CA":"No","PERMITTED_STATUS":"Not Permitted","TSDF_YES_NO":"No"}},{"type":"Feature","id":406004,"geometry":{"type":"Point","coordinates":[-122.639355721689,41.6980892953848]},"properties":{"OBJECTID":406004,"HANDLER_ID":"CAL000111139","HANDLER_NAME":"NORTHWEST CHAIN SAW CO","LOCATION_ADDRESS":"2222 Fairlane Rd, Yreka, CA 96097-0000","FEDERAL_GENERATOR_STATUS":"Other","OPERATING_TSDF":"------","OPERATING_TSDF_DESC":"Not a TSDF","IS_CA":"No","PERMITTED_STATUS":"Not Permitted","TSDF_YES_NO":"No"}},{"type":"Feature","id":406070,"geometry":{"type":"Point","coordinates":[-122.848808725542,41.6025498178199]},"properties":{"OBJECTID":406070,"HANDLER_ID":"CAL000116698","HANDLER_NAME":"SISKIYOU COUNTY ROAD DEPT DISTRICT 4","LOCATION_ADDRESS":"133 Scott River Rd, Fort Jones, CA 96032-0000","FEDERAL_GENERATOR_STATUS":"Other","OPERATING_TSDF":"------","OPERATING_TSDF_DESC":"Not a TSDF","IS_CA":"No","PERMITTED_STATUS":"Not Permitted","TSDF_YES_NO":"No"}},{"type":"Feature","id":406315,"geometry":{"type":"Point","coordinates":[-122.639073334567,41.7223314204588]},"properties":{"OBJECTID":406315,"HANDLER_ID":"CAL000022933","HANDLER_NAME":"KLAMATH NATIONAL FOREST","LOCATION_ADDRESS":"1030 South Main St, Yreka, CA 96097-0000","FEDERAL_GENERATOR_STATUS":"Other","OPERATING_TSDF":"------","OPERATING_TSDF_DESC":"Not a TSDF","IS_CA":"No","PERMITTED_STATUS":"Not Permitted","TSDF_YES_NO":"No"}},{"type":"Feature","id":406349,"geometry":{"type":"Point","coordinates":[-121.635676345387,41.0648163881659]},"properties":{"OBJECTID":406349,"HANDLER_ID":"CAL000258628","HANDLER_NAME":"NORRIS RANCH","LOCATION_ADDRESS":"26912 Cayton Valley Rd, Burney, CA 96013","FEDERAL_GENERATOR_STATUS":"Other","OPERATING_TSDF":"------","OPERATING_TSDF_DESC":"Not a TSDF","IS_CA":"No","PERMITTED_STATUS":"Not Permitted","TSDF_YES_NO":"No"}},{"type":"Feature","id":406479,"geometry":{"type":"Point","coordinates":[-122.632592819903,41.7427424336165]},"properties":{"OBJECTID":406479,"HANDLER_ID":"CAL000046190","HANDLER_NAME":"CITY OF YREKA FLEET MANAGEMENT","LOCATION_ADDRESS":"856 North Main Street, Yreka, CA 96097-0000","FEDERAL_GENERATOR_STATUS":"Other","OPERATING_TSDF":"------","OPERATING_TSDF_DESC":"Not a TSDF","IS_CA":"No","PERMITTED_STATUS":"Not Permitted","TSDF_YES_NO":"No"}},{"type":"Feature","id":406681,"geometry":{"type":"Point","coordinates":[-122.63600664639,41.708847885022]},"properties":{"OBJECTID":406681,"HANDLER_ID":"CAH111001218","HANDLER_NAME":"SISKIYOU COUNTY - DPW","LOCATION_ADDRESS":"279 Sharps Rd, Yreka, CA 96097-0000","FEDERAL_GENERATOR_STATUS":"Other","OPERATING_TSDF":"------","OPERATING_TSDF_DESC":"Not a TSDF","IS_CA":"No","PERMITTED_STATUS":"Not Permitted","TSDF_YES_NO":"No"}},{"type":"Feature","id":407444,"geometry":{"type":"Point","coordinates":[-122.383139770084,41.4199460736525]},"properties":{"OBJECTID":407444,"HANDLER_ID":"CAL000035273","HANDLER_NAME":"BP WEST COAST PRODUCTS LLC 11242","LOCATION_ADDRESS":"188 S Weed Blvd, Weed, CA 96094-0000","FEDERAL_GENERATOR_STATUS":"Other","OPERATING_TSDF":"------","OPERATING_TSDF_DESC":"Not a TSDF","IS_CA":"No","PERMITTED_STATUS":"Not Permitted","TSDF_YES_NO":"No"}},{"type":"Feature","id":407511,"geometry":{"type":"Point","coordinates":[-122.13790813795,41.2519823930731]},"properties":{"OBJECTID":407511,"HANDLER_ID":"CAL000037678","HANDLER_NAME":"MCCLOUD COMMUNITY SERVICES DIS","LOCATION_ADDRESS":"220 West Minnesota Ave, Mccloud, CA 96057-0000","FEDERAL_GENERATOR_STATUS":"Other","OPERATING_TSDF":"------","OPERATING_TSDF_DESC":"Not a TSDF","IS_CA":"No","PERMITTED_STATUS":"Not Permitted","TSDF_YES_NO":"No"}},{"type":"Feature","id":408278,"geometry":{"type":"Point","coordinates":[-122.306125427347,41.3231574377656]},"properties":{"OBJECTID":408278,"HANDLER_ID":"CAL000344561","HANDLER_NAME":"SISKIYOU UNION HIGH SD - MOUNT SHASTA HIGH SCHOOL","LOCATION_ADDRESS":"710 Everitt Memorial Hwy, Mount Shasta, CA 96067-2042","FEDERAL_GENERATOR_STATUS":"Other","OPERATING_TSDF":"------","OPERATING_TSDF_DESC":"Not a TSDF","IS_CA":"No","PERMITTED_STATUS":"Not Permitted","TSDF_YES_NO":"No"}},{"type":"Feature","id":409615,"geometry":{"type":"Point","coordinates":[-122.313114058967,41.3138521525549]},"properties":{"OBJECTID":409615,"HANDLER_ID":"CAL000297903","HANDLER_NAME":"JON THOMAS FINE JEWELRY INC","LOCATION_ADDRESS":"322 N Mount Shasta Blvd, Mount Shasta, CA 96067-2231","FEDERAL_GENERATOR_STATUS":"Other","OPERATING_TSDF":"------","OPERATING_TSDF_DESC":"Not a TSDF","IS_CA":"No","PERMITTED_STATUS":"Not Permitted","TSDF_YES_NO":"No"}},{"type":"Feature","id":410034,"geometry":{"type":"Point","coordinates":[-122.379082928334,41.3977274231821]},"properties":{"OBJECTID":410034,"HANDLER_ID":"CAL000316893","HANDLER_NAME":"SOUTH WEED SHELL","LOCATION_ADDRESS":"1976 Shastina Dr, Weed, CA 96094-0000","FEDERAL_GENERATOR_STATUS":"Other","OPERATING_TSDF":"------","OPERATING_TSDF_DESC":"Not a TSDF","IS_CA":"No","PERMITTED_STATUS":"Not Permitted","TSDF_YES_NO":"No"}},{"type":"Feature","id":410291,"geometry":{"type":"Point","coordinates":[-122.628866029344,41.7340118151932]},"properties":{"OBJECTID":410291,"HANDLER_ID":"CAL000268269","HANDLER_NAME":"YREKA TRANSFER LLC","LOCATION_ADDRESS":"406 B Allen St, Yreka, CA 96097","FEDERAL_GENERATOR_STATUS":"Other","OPERATING_TSDF":"------","OPERATING_TSDF_DESC":"Not a TSDF","IS_CA":"No","PERMITTED_STATUS":"Not Permitted","TSDF_YES_NO":"No"}},{"type":"Feature","id":410399,"geometry":{"type":"Point","coordinates":[-122.645969336016,41.7014869340748]},"properties":{"OBJECTID":410399,"HANDLER_ID":"CAL000357927","HANDLER_NAME":"JC PENNEY # 2166","LOCATION_ADDRESS":"1810 Fort Jones Rd, Yreka, CA 96097-9531","FEDERAL_GENERATOR_STATUS":"Other","OPERATING_TSDF":"------","OPERATING_TSDF_DESC":"Not a TSDF","IS_CA":"No","PERMITTED_STATUS":"Not Permitted","TSDF_YES_NO":"No"}},{"type":"Feature","id":410534,"geometry":{"type":"Point","coordinates":[-122.632592819903,41.7427424336165]},"properties":{"OBJECTID":410534,"HANDLER_ID":"CAL000342040","HANDLER_NAME":"CITY OF YREKA - DEPT OF PUBLIC WORKS","LOCATION_ADDRESS":"856 N Main St, Yreka, CA 96097-2538","FEDERAL_GENERATOR_STATUS":"Other","OPERATING_TSDF":"------","OPERATING_TSDF_DESC":"Not a TSDF","IS_CA":"No","PERMITTED_STATUS":"Not Permitted","TSDF_YES_NO":"No"}},{"type":"Feature","id":411654,"geometry":{"type":"Point","coordinates":[-123.543335356641,41.2895326857849]},"properties":{"OBJECTID":411654,"HANDLER_ID":"CAL000351289","HANDLER_NAME":"KIRK TERRILL","LOCATION_ADDRESS":"91 Ferris Ranch Rd, Orleans, CA 95556","FEDERAL_GENERATOR_STATUS":"Other","OPERATING_TSDF":"------","OPERATING_TSDF_DESC":"Not a TSDF","IS_CA":"No","PERMITTED_STATUS":"Not Permitted","TSDF_YES_NO":"No"}},{"type":"Feature","id":412877,"geometry":{"type":"Point","coordinates":[-122.455134996483,41.9175256732713]},"properties":{"OBJECTID":412877,"HANDLER_ID":"CAL000287989","HANDLER_NAME":"KLAMATH RANCH RESORT","LOCATION_ADDRESS":"6930 Copco Rd, Hornbrook, CA 96044","FEDERAL_GENERATOR_STATUS":"Other","OPERATING_TSDF":"------","OPERATING_TSDF_DESC":"Not a TSDF","IS_CA":"No","PERMITTED_STATUS":"Not Permitted","TSDF_YES_NO":"No"}},{"type":"Feature","id":412901,"geometry":{"type":"Point","coordinates":[-122.637530097936,41.6917832491977]},"properties":{"OBJECTID":412901,"HANDLER_ID":"CAL000354787","HANDLER_NAME":"MAWJE INC DBA ONARHEIM'S TRUCK REPAIR","LOCATION_ADDRESS":"2638 Fairlane Rd, Yreka, CA 96097-0000","FEDERAL_GENERATOR_STATUS":"Other","OPERATING_TSDF":"------","OPERATING_TSDF_DESC":"Not a TSDF","IS_CA":"No","PERMITTED_STATUS":"Not Permitted","TSDF_YES_NO":"No"}},{"type":"Feature","id":412935,"geometry":{"type":"Point","coordinates":[-122.313633867109,41.3122774396522]},"properties":{"OBJECTID":412935,"HANDLER_ID":"CAL000316894","HANDLER_NAME":"MT SHASTA SHELL","LOCATION_ADDRESS":"205 W Lake St, Mount Shasta, CA 96067","FEDERAL_GENERATOR_STATUS":"Other","OPERATING_TSDF":"------","OPERATING_TSDF_DESC":"Not a TSDF","IS_CA":"No","PERMITTED_STATUS":"Not Permitted","TSDF_YES_NO":"No"}},{"type":"Feature","id":413384,"geometry":{"type":"Point","coordinates":[-122.890736018652,41.463210658645]},"properties":{"OBJECTID":413384,"HANDLER_ID":"CAL000264257","HANDLER_NAME":"MOUNTAIN VILLIAGE PARK","LOCATION_ADDRESS":"10 Industrial Pkwy, Etna, CA 96027-0000","FEDERAL_GENERATOR_STATUS":"Other","OPERATING_TSDF":"------","OPERATING_TSDF_DESC":"Not a TSDF","IS_CA":"No","PERMITTED_STATUS":"Not Permitted","TSDF_YES_NO":"No"}},{"type":"Feature","id":413969,"geometry":{"type":"Point","coordinates":[-122.31739213394,41.3271036629038]},"properties":{"OBJECTID":413969,"HANDLER_ID":"CAL000409535","HANDLER_NAME":"CRYSTAL GEYSER WATER COMPANY","LOCATION_ADDRESS":"210 Ski Village Dr, Mount Shasta, CA 96067","FEDERAL_GENERATOR_STATUS":"Other","OPERATING_TSDF":"------","OPERATING_TSDF_DESC":"Not a TSDF","IS_CA":"No","PERMITTED_STATUS":"Not Permitted","TSDF_YES_NO":"No"}},{"type":"Feature","id":413971,"geometry":{"type":"Point","coordinates":[-123.339656000324,41.8031741771466]},"properties":{"OBJECTID":413971,"HANDLER_ID":"CAL000385407","HANDLER_NAME":"CALIFORNIA HIGHWAY PATROL AIR OPS HAPPY CAMP","LOCATION_ADDRESS":"41d47.464n 123d23.155w, Happy Camp, CA 96039","FEDERAL_GENERATOR_STATUS":"Other","OPERATING_TSDF":"------","OPERATING_TSDF_DESC":"Not a TSDF","IS_CA":"No","PERMITTED_STATUS":"Not Permitted","TSDF_YES_NO":"No"}},{"type":"Feature","id":414113,"geometry":{"type":"Point","coordinates":[-122.316051244769,41.2842896382563]},"properties":{"OBJECTID":414113,"HANDLER_ID":"CAL000384070","HANDLER_NAME":"CITY OF MOUNT SHASTA WASTEWATER TREATMENT PLANT","LOCATION_ADDRESS":"2500 Grant Rd, Mount Shasta, CA 96067","FEDERAL_GENERATOR_STATUS":"Other","OPERATING_TSDF":"------","OPERATING_TSDF_DESC":"Not a TSDF","IS_CA":"No","PERMITTED_STATUS":"Not Permitted","TSDF_YES_NO":"No"}},{"type":"Feature","id":414272,"geometry":{"type":"Point","coordinates":[-122.598957276057,41.7115773274318]},"properties":{"OBJECTID":414272,"HANDLER_ID":"CAL000377585","HANDLER_NAME":"CUSTOM CRUSHING INDUSTRIES INC","LOCATION_ADDRESS":"2409 E Oberlin Rd, Yreka, CA 96097","FEDERAL_GENERATOR_STATUS":"Other","OPERATING_TSDF":"------","OPERATING_TSDF_DESC":"Not a TSDF","IS_CA":"No","PERMITTED_STATUS":"Not Permitted","TSDF_YES_NO":"No"}},{"type":"Feature","id":415647,"geometry":{"type":"Point","coordinates":[-122.828358142214,41.6230372733515]},"properties":{"OBJECTID":415647,"HANDLER_ID":"CAL000404520","HANDLER_NAME":"DOWNEY TRUCKING AND EXCAVATING INC","LOCATION_ADDRESS":"13110 North Highway 3, Fort Jones, CA 96032","FEDERAL_GENERATOR_STATUS":"Other","OPERATING_TSDF":"------","OPERATING_TSDF_DESC":"Not a TSDF","IS_CA":"No","PERMITTED_STATUS":"Not Permitted","TSDF_YES_NO":"No"}},{"type":"Feature","id":416267,"geometry":{"type":"Point","coordinates":[-122.639561666438,41.7188861177003]},"properties":{"OBJECTID":416267,"HANDLER_ID":"CAL000365662","HANDLER_NAME":"PREMIER OIL CHANGE","LOCATION_ADDRESS":"1256 S Main St, Yreka, CA 96097-3411","FEDERAL_GENERATOR_STATUS":"Other","OPERATING_TSDF":"------","OPERATING_TSDF_DESC":"Not a TSDF","IS_CA":"No","PERMITTED_STATUS":"Not Permitted","TSDF_YES_NO":"No"}},{"type":"Feature","id":416746,"geometry":{"type":"Point","coordinates":[-122.645379380754,41.7032433100308]},"properties":{"OBJECTID":416746,"HANDLER_ID":"CAL000407651","HANDLER_NAME":"AUTOZONE #6277","LOCATION_ADDRESS":"1809 Fort Jones Rd, Yreka, CA 96097-9596","FEDERAL_GENERATOR_STATUS":"Other","OPERATING_TSDF":"------","OPERATING_TSDF_DESC":"Not a TSDF","IS_CA":"No","PERMITTED_STATUS":"Not Permitted","TSDF_YES_NO":"No"}},{"type":"Feature","id":417058,"geometry":{"type":"Point","coordinates":[-122.271173276026,41.2564340372011]},"properties":{"OBJECTID":417058,"HANDLER_ID":"CAL000386878","HANDLER_NAME":"COMTEC DISTRIBUTING","LOCATION_ADDRESS":"1500 Mott Rd, Mount Shasta, CA 96067","FEDERAL_GENERATOR_STATUS":"Other","OPERATING_TSDF":"------","OPERATING_TSDF_DESC":"Not a TSDF","IS_CA":"No","PERMITTED_STATUS":"Not Permitted","TSDF_YES_NO":"No"}},{"type":"Feature","id":418044,"geometry":{"type":"Point","coordinates":[-122.318175443442,41.3185178353299]},"properties":{"OBJECTID":418044,"HANDLER_ID":"CAL000269730","HANDLER_NAME":"DBA POINT S MT. SHASTA","LOCATION_ADDRESS":"811 N Mount Shasta Blvd, Mount Shasta, CA 96067-9020","FEDERAL_GENERATOR_STATUS":"Other","OPERATING_TSDF":"------","OPERATING_TSDF_DESC":"Not a TSDF","IS_CA":"No","PERMITTED_STATUS":"Not Permitted","TSDF_YES_NO":"No"}},{"type":"Feature","id":418320,"geometry":{"type":"Point","coordinates":[-122.289189394575,41.1823793633171]},"properties":{"OBJECTID":418320,"HANDLER_ID":"CAL000296703","HANDLER_NAME":"AARON RICHARDSON & SON INC","LOCATION_ADDRESS":"30844 Crag View Dr, Dunsmuir, CA 96025-2828","FEDERAL_GENERATOR_STATUS":"Other","OPERATING_TSDF":"------","OPERATING_TSDF_DESC":"Not a TSDF","IS_CA":"No","PERMITTED_STATUS":"Not Permitted","TSDF_YES_NO":"No"}},{"type":"Feature","id":418514,"geometry":{"type":"Point","coordinates":[-122.311949436917,41.3109518389563]},"properties":{"OBJECTID":418514,"HANDLER_ID":"CAL000400790","HANDLER_NAME":"SISKIYOU MUFFLER & AUTO REPAIR","LOCATION_ADDRESS":"110 Water St, Mount Shasta, CA 96067","FEDERAL_GENERATOR_STATUS":"Other","OPERATING_TSDF":"------","OPERATING_TSDF_DESC":"Not a TSDF","IS_CA":"No","PERMITTED_STATUS":"Not Permitted","TSDF_YES_NO":"No"}},{"type":"Feature","id":419444,"geometry":{"type":"Point","coordinates":[-122.27976809682,41.1976696367444]},"properties":{"OBJECTID":419444,"HANDLER_ID":"CAL000352540","HANDLER_NAME":"STS GARAGE","LOCATION_ADDRESS":"6715 S Dunsmuir Ave, Dunsmuir, CA 96025","FEDERAL_GENERATOR_STATUS":"Other","OPERATING_TSDF":"------","OPERATING_TSDF_DESC":"Not a TSDF","IS_CA":"No","PERMITTED_STATUS":"Not Permitted","TSDF_YES_NO":"No"}},{"type":"Feature","id":419512,"geometry":{"type":"Point","coordinates":[-122.903548659843,41.362376872195]},"properties":{"OBJECTID":419512,"HANDLER_ID":"CAL000334241","HANDLER_NAME":"SECOND WIND PROGRAMS INC DBA JH RANCH","LOCATION_ADDRESS":"8525 Homestead Ln, Etna, CA 96027","FEDERAL_GENERATOR_STATUS":"Other","OPERATING_TSDF":"------","OPERATING_TSDF_DESC":"Not a TSDF","IS_CA":"No","PERMITTED_STATUS":"Not Permitted","TSDF_YES_NO":"No"}},{"type":"Feature","id":419524,"geometry":{"type":"Point","coordinates":[-122.371194075346,41.3770502106988]},"properties":{"OBJECTID":419524,"HANDLER_ID":"CAL000290473","HANDLER_NAME":"SKINNERS ROADSIDE TRUCK REPAIR INC","LOCATION_ADDRESS":"5908 Truck Village Dr, Mount Shasta, CA 96067","FEDERAL_GENERATOR_STATUS":"Other","OPERATING_TSDF":"------","OPERATING_TSDF_DESC":"Not a TSDF","IS_CA":"No","PERMITTED_STATUS":"Not Permitted","TSDF_YES_NO":"No"}},{"type":"Feature","id":420394,"geometry":{"type":"Point","coordinates":[-122.645239086515,41.7033242490149]},"properties":{"OBJECTID":420394,"HANDLER_ID":"CAL000316895","HANDLER_NAME":"SISKIYOU FOODMART SHELL","LOCATION_ADDRESS":"1802 Fort Jones Rd, Yreka, CA 96097","FEDERAL_GENERATOR_STATUS":"Other","OPERATING_TSDF":"------","OPERATING_TSDF_DESC":"Not a TSDF","IS_CA":"No","PERMITTED_STATUS":"Not Permitted","TSDF_YES_NO":"No"}},{"type":"Feature","id":420412,"geometry":{"type":"Point","coordinates":[-122.505826182932,41.7256643079616]},"properties":{"OBJECTID":420412,"HANDLER_ID":"CAL000300148","HANDLER_NAME":"CLT LOGGING INC","LOCATION_ADDRESS":"1504 Ball Mountain Little Shasta Rd, Montague, CA 96064","FEDERAL_GENERATOR_STATUS":"Other","OPERATING_TSDF":"------","OPERATING_TSDF_DESC":"Not a TSDF","IS_CA":"No","PERMITTED_STATUS":"Not Permitted","TSDF_YES_NO":"No"}},{"type":"Feature","id":420724,"geometry":{"type":"Point","coordinates":[-122.312299273193,41.310750390818]},"properties":{"OBJECTID":420724,"HANDLER_ID":"CAL000362248","HANDLER_NAME":"MT SHASTA SERVICE CENTER PACIFIC POWER","LOCATION_ADDRESS":"412 Mill St, Mount Shasta, CA 96067-2558","FEDERAL_GENERATOR_STATUS":"Other","OPERATING_TSDF":"------","OPERATING_TSDF_DESC":"Not a TSDF","IS_CA":"No","PERMITTED_STATUS":"Not Permitted","TSDF_YES_NO":"No"}},{"type":"Feature","id":420803,"geometry":{"type":"Point","coordinates":[-122.647885791296,41.7118579159102]},"properties":{"OBJECTID":420803,"HANDLER_ID":"CAL000329613","HANDLER_NAME":"DUTRA FAMILY BUSINESS INC DBA BRUCES TOWING/RADIATOR & DISMANTLING","LOCATION_ADDRESS":"310 Greenhorn Rd, Yreka, CA 96097-9511","FEDERAL_GENERATOR_STATUS":"Other","OPERATING_TSDF":"------","OPERATING_TSDF_DESC":"Not a TSDF","IS_CA":"No","PERMITTED_STATUS":"Not Permitted","TSDF_YES_NO":"No"}},{"type":"Feature","id":421485,"geometry":{"type":"Point","coordinates":[-122.595836628557,41.7418314203838]},"properties":{"OBJECTID":421485,"HANDLER_ID":"CAL000279768","HANDLER_NAME":"OZOTECH INC","LOCATION_ADDRESS":"1357 Yreka Ager Rd, Yreka, CA 96097","FEDERAL_GENERATOR_STATUS":"Other","OPERATING_TSDF":"------","OPERATING_TSDF_DESC":"Not a TSDF","IS_CA":"No","PERMITTED_STATUS":"Not Permitted","TSDF_YES_NO":"No"}},{"type":"Feature","id":421929,"geometry":{"type":"Point","coordinates":[-122.636009344356,41.7300583954786]},"properties":{"OBJECTID":421929,"HANDLER_ID":"CAL000348496","HANDLER_NAME":"YREKA SERVICE CENTER-PACIFIC POWER","LOCATION_ADDRESS":"300 S Main St, Yreka, CA 96097-2935","FEDERAL_GENERATOR_STATUS":"Other","OPERATING_TSDF":"------","OPERATING_TSDF_DESC":"Not a TSDF","IS_CA":"No","PERMITTED_STATUS":"Not Permitted","TSDF_YES_NO":"No"}},{"type":"Feature","id":421943,"geometry":{"type":"Point","coordinates":[-122.001268743558,41.8276618171392]},"properties":{"OBJECTID":421943,"HANDLER_ID":"CAL000339830","HANDLER_NAME":"PLANT SCIENCES INC","LOCATION_ADDRESS":"234 Juniper Knoll Rd, Macdoel, CA 96058","FEDERAL_GENERATOR_STATUS":"Other","OPERATING_TSDF":"------","OPERATING_TSDF_DESC":"Not a TSDF","IS_CA":"No","PERMITTED_STATUS":"Not Permitted","TSDF_YES_NO":"No"}},{"type":"Feature","id":422360,"geometry":{"type":"Point","coordinates":[-122.603399926965,41.7433009126071]},"properties":{"OBJECTID":422360,"HANDLER_ID":"CAL000295187","HANDLER_NAME":"J.F. SHEA CONST'N, INC DBA SHASTA VALLEY","LOCATION_ADDRESS":"451 Granite St, Yreka, CA 96097","FEDERAL_GENERATOR_STATUS":"Other","OPERATING_TSDF":"------","OPERATING_TSDF_DESC":"Not a TSDF","IS_CA":"No","PERMITTED_STATUS":"Not Permitted","TSDF_YES_NO":"No"}},{"type":"Feature","id":422834,"geometry":{"type":"Point","coordinates":[-122.852781930342,41.6081184199292]},"properties":{"OBJECTID":422834,"HANDLER_ID":"CAL000266167","HANDLER_NAME":"FINLEY RANCH INC","LOCATION_ADDRESS":"505 Scott River Rd, Fort Jones, CA 96032","FEDERAL_GENERATOR_STATUS":"Other","OPERATING_TSDF":"------","OPERATING_TSDF_DESC":"Not a TSDF","IS_CA":"No","PERMITTED_STATUS":"Not Permitted","TSDF_YES_NO":"No"}},{"type":"Feature","id":423482,"geometry":{"type":"Point","coordinates":[-122.282234937193,41.1953143123058]},"properties":{"OBJECTID":423482,"HANDLER_ID":"CAL000316890","HANDLER_NAME":"MANFREDI'S FOOD & GAS DEPO","LOCATION_ADDRESS":"6920 Dunsmuir Ave, Dunsmuir, CA 96025-2632","FEDERAL_GENERATOR_STATUS":"Other","OPERATING_TSDF":"------","OPERATING_TSDF_DESC":"Not a TSDF","IS_CA":"No","PERMITTED_STATUS":"Not Permitted","TSDF_YES_NO":"No"}},{"type":"Feature","id":423753,"geometry":{"type":"Point","coordinates":[-122.528838035447,41.6471427014746]},"properties":{"OBJECTID":423753,"HANDLER_ID":"CAL000304934","HANDLER_NAME":"3 J'S DELI & MINI MART INC","LOCATION_ADDRESS":"338 A-12 Hwy, Grenada, CA 96038","FEDERAL_GENERATOR_STATUS":"Other","OPERATING_TSDF":"------","OPERATING_TSDF_DESC":"Not a TSDF","IS_CA":"No","PERMITTED_STATUS":"Not Permitted","TSDF_YES_NO":"No"}},{"type":"Feature","id":424146,"geometry":{"type":"Point","coordinates":[-122.847007383484,41.6005758059288]},"properties":{"OBJECTID":424146,"HANDLER_ID":"CAL000313731","HANDLER_NAME":"STAGE STOP III CHEVRON","LOCATION_ADDRESS":"11300 Highway 3, Fort Jones, CA 96032","FEDERAL_GENERATOR_STATUS":"Other","OPERATING_TSDF":"------","OPERATING_TSDF_DESC":"Not a TSDF","IS_CA":"No","PERMITTED_STATUS":"Not Permitted","TSDF_YES_NO":"No"}},{"type":"Feature","id":424308,"geometry":{"type":"Point","coordinates":[-121.438702334245,41.0057354263489]},"properties":{"OBJECTID":424308,"HANDLER_ID":"CAL000363821","HANDLER_NAME":"FALL RIVER VALLEY COMMUNITY SERVICE DISTRICT","LOCATION_ADDRESS":"24850 3rd St, Fall River Mills, CA 96028","FEDERAL_GENERATOR_STATUS":"Other","OPERATING_TSDF":"------","OPERATING_TSDF_DESC":"Not a TSDF","IS_CA":"No","PERMITTED_STATUS":"Not Permitted","TSDF_YES_NO":"No"}},{"type":"Feature","id":424327,"geometry":{"type":"Point","coordinates":[-122.309784768752,41.3193164333068]},"properties":{"OBJECTID":424327,"HANDLER_ID":"CAL000317323","HANDLER_NAME":"SISSON SCHOOL","LOCATION_ADDRESS":"601 E Alma St, Mount Shasta, CA 96067","FEDERAL_GENERATOR_STATUS":"Other","OPERATING_TSDF":"------","OPERATING_TSDF_DESC":"Not a TSDF","IS_CA":"No","PERMITTED_STATUS":"Not Permitted","TSDF_YES_NO":"No"}},{"type":"Feature","id":424919,"geometry":{"type":"Point","coordinates":[-122.314782301362,41.311884435918]},"properties":{"OBJECTID":424919,"HANDLER_ID":"CAL000316242","HANDLER_NAME":"SPORTS & SPIRITS INC","LOCATION_ADDRESS":"300 W Lake St, Mount Shasta, CA 96067-2119","FEDERAL_GENERATOR_STATUS":"Other","OPERATING_TSDF":"------","OPERATING_TSDF_DESC":"Not a TSDF","IS_CA":"No","PERMITTED_STATUS":"Not Permitted","TSDF_YES_NO":"No"}},{"type":"Feature","id":425389,"geometry":{"type":"Point","coordinates":[-122.642391832917,41.7168806295375]},"properties":{"OBJECTID":425389,"HANDLER_ID":"CAL000270428","HANDLER_NAME":"THE KARUK TRIBAL HEALTH OF CALIF","LOCATION_ADDRESS":"1519 S Oregon St, Yreka, CA 96097","FEDERAL_GENERATOR_STATUS":"Other","OPERATING_TSDF":"------","OPERATING_TSDF_DESC":"Not a TSDF","IS_CA":"No","PERMITTED_STATUS":"Not Permitted","TSDF_YES_NO":"No"}},{"type":"Feature","id":425472,"geometry":{"type":"Point","coordinates":[-122.90642199378,41.5511445696662]},"properties":{"OBJECTID":425472,"HANDLER_ID":"CAL000279138","HANDLER_NAME":"MOBILE MECHANIC","LOCATION_ADDRESS":"6940 Main St, Greenview, CA 96037","FEDERAL_GENERATOR_STATUS":"Other","OPERATING_TSDF":"------","OPERATING_TSDF_DESC":"Not a TSDF","IS_CA":"No","PERMITTED_STATUS":"Not Permitted","TSDF_YES_NO":"No"}},{"type":"Feature","id":425579,"geometry":{"type":"Point","coordinates":[-122.549997284547,41.7256643079616]},"properties":{"OBJECTID":425579,"HANDLER_ID":"CAL000269647","HANDLER_NAME":"STEELMAN AVIATION LLC","LOCATION_ADDRESS":"900 B W Old Montague Rd, Montague, CA 96064","FEDERAL_GENERATOR_STATUS":"Other","OPERATING_TSDF":"------","OPERATING_TSDF_DESC":"Not a TSDF","IS_CA":"No","PERMITTED_STATUS":"Not Permitted","TSDF_YES_NO":"No"}},{"type":"Feature","id":426723,"geometry":{"type":"Point","coordinates":[-122.276839904238,41.2224954218264]},"properties":{"OBJECTID":426723,"HANDLER_ID":"CAL000408728","HANDLER_NAME":"MCCLOUD HEALTHCARE CLINIC INC DBA DUNSMUIR COMMUNITY HEALTH CENTER","LOCATION_ADDRESS":"4309 Stagecoach Rd, Dunsmuir, CA 96025","FEDERAL_GENERATOR_STATUS":"Other","OPERATING_TSDF":"------","OPERATING_TSDF_DESC":"Not a TSDF","IS_CA":"No","PERMITTED_STATUS":"Not Permitted","TSDF_YES_NO":"No"}},{"type":"Feature","id":426816,"geometry":{"type":"Point","coordinates":[-122.628806674089,41.7340810629908]},"properties":{"OBJECTID":426816,"HANDLER_ID":"CAL000386445","HANDLER_NAME":"RICK EVANS TRANSPORTATION INC","LOCATION_ADDRESS":"422 Allen St, Yreka, CA 96097","FEDERAL_GENERATOR_STATUS":"Other","OPERATING_TSDF":"------","OPERATING_TSDF_DESC":"Not a TSDF","IS_CA":"No","PERMITTED_STATUS":"Not Permitted","TSDF_YES_NO":"No"}},{"type":"Feature","id":427133,"geometry":{"type":"Point","coordinates":[-122.314928890856,41.315239806472]},"properties":{"OBJECTID":427133,"HANDLER_ID":"CAL000389067","HANDLER_NAME":"BROOKS COMPLETE AUTO REPAIR INC DBA THE MT SHASTA PIT STOP","LOCATION_ADDRESS":"500 Mount Shasta Blvd, Mount Shasta, CA 96067","FEDERAL_GENERATOR_STATUS":"Other","OPERATING_TSDF":"------","OPERATING_TSDF_DESC":"Not a TSDF","IS_CA":"No","PERMITTED_STATUS":"Not Permitted","TSDF_YES_NO":"No"}},{"type":"Feature","id":428431,"geometry":{"type":"Point","coordinates":[-122.641532081041,41.7124002071039]},"properties":{"OBJECTID":428431,"HANDLER_ID":"CAL000399986","HANDLER_NAME":"TRACTOR SUPPLY COMPANY #1874","LOCATION_ADDRESS":"1455 S Main St, Yreka, CA 96097-9501","FEDERAL_GENERATOR_STATUS":"Other","OPERATING_TSDF":"------","OPERATING_TSDF_DESC":"Not a TSDF","IS_CA":"No","PERMITTED_STATUS":"Not Permitted","TSDF_YES_NO":"No"}},{"type":"Feature","id":429270,"geometry":{"type":"Point","coordinates":[-121.924177958446,41.9642868223791]},"properties":{"OBJECTID":429270,"HANDLER_ID":"CAL000403344","HANDLER_NAME":"MOUNTAIN VALLEYS HEALTH CENTERS DBA BUTTE VALLEY HEALTH CENTER","LOCATION_ADDRESS":"610 West 3rd St, Dorris, CA 96023","FEDERAL_GENERATOR_STATUS":"Other","OPERATING_TSDF":"------","OPERATING_TSDF_DESC":"Not a TSDF","IS_CA":"No","PERMITTED_STATUS":"Not Permitted","TSDF_YES_NO":"No"}},{"type":"Feature","id":430311,"geometry":{"type":"Point","coordinates":[-122.378821225619,41.3972984465661]},"properties":{"OBJECTID":430311,"HANDLER_ID":"CAL000308274","HANDLER_NAME":"MT VIEW CHEVRON","LOCATION_ADDRESS":"82 E Vista Dr, Weed, CA 96094-9568","FEDERAL_GENERATOR_STATUS":"Other","OPERATING_TSDF":"------","OPERATING_TSDF_DESC":"Not a TSDF","IS_CA":"No","PERMITTED_STATUS":"Not Permitted","TSDF_YES_NO":"No"}},{"type":"Feature","id":431106,"geometry":{"type":"Point","coordinates":[-122.705901056489,40.9938868583919]},"properties":{"OBJECTID":431106,"HANDLER_ID":"CAL000285462","HANDLER_NAME":"TRINITY MOUNTAIN MEADOW RESORT","LOCATION_ADDRESS":"Hc 2 Box 5700, Trinity Center, CA 96091-9509","FEDERAL_GENERATOR_STATUS":"Other","OPERATING_TSDF":"------","OPERATING_TSDF_DESC":"Not a TSDF","IS_CA":"No","PERMITTED_STATUS":"Not Permitted","TSDF_YES_NO":"No"}},{"type":"Feature","id":431209,"geometry":{"type":"Point","coordinates":[-122.952064386262,41.5289241205518]},"properties":{"OBJECTID":431209,"HANDLER_ID":"CAL000279456","HANDLER_NAME":"KIDDER CREEK ORCHARD CAMP","LOCATION_ADDRESS":"2700 S Kidder Creek Rd, Greenview, CA 96037","FEDERAL_GENERATOR_STATUS":"Other","OPERATING_TSDF":"------","OPERATING_TSDF_DESC":"Not a TSDF","IS_CA":"No","PERMITTED_STATUS":"Not Permitted","TSDF_YES_NO":"No"}},{"type":"Feature","id":431778,"geometry":{"type":"Point","coordinates":[-122.6471843201,41.6994778486239]},"properties":{"OBJECTID":431778,"HANDLER_ID":"CAL000392700","HANDLER_NAME":"O'REILLY AUTO PARTS STORE 2945","LOCATION_ADDRESS":"1904 Fort Jones Rd, Yreka, CA 96097","FEDERAL_GENERATOR_STATUS":"Other","OPERATING_TSDF":"------","OPERATING_TSDF_DESC":"Not a TSDF","IS_CA":"No","PERMITTED_STATUS":"Not Permitted","TSDF_YES_NO":"No"}},{"type":"Feature","id":431826,"geometry":{"type":"Point","coordinates":[-122.274096072676,41.2051726805748]},"properties":{"OBJECTID":431826,"HANDLER_ID":"CAL000316181","HANDLER_NAME":"DUNSMUIR TIRE SERVICE","LOCATION_ADDRESS":"6134 Dunsmuir Ave, Dunsmuir, CA 96025-2411","FEDERAL_GENERATOR_STATUS":"Other","OPERATING_TSDF":"------","OPERATING_TSDF_DESC":"Not a TSDF","IS_CA":"No","PERMITTED_STATUS":"Not Permitted","TSDF_YES_NO":"No"}},{"type":"Feature","id":431905,"geometry":{"type":"Point","coordinates":[-122.057713792457,41.7665915549564]},"properties":{"OBJECTID":431905,"HANDLER_ID":"CAL000377586","HANDLER_NAME":"CUSTOM CRUSHING INDUSTRIES INC","LOCATION_ADDRESS":"21131 State Highway 97, Macdoel, CA 96058","FEDERAL_GENERATOR_STATUS":"Other","OPERATING_TSDF":"------","OPERATING_TSDF_DESC":"Not a TSDF","IS_CA":"No","PERMITTED_STATUS":"Not Permitted","TSDF_YES_NO":"No"}},{"type":"Feature","id":432137,"geometry":{"type":"Point","coordinates":[-123.375217891992,41.797170303167]},"properties":{"OBJECTID":432137,"HANDLER_ID":"CAL000318834","HANDLER_NAME":"RICK'S AUTO SUPPLY","LOCATION_ADDRESS":"63810 Hwy 96, Happy Camp, CA 96039","FEDERAL_GENERATOR_STATUS":"Other","OPERATING_TSDF":"------","OPERATING_TSDF_DESC":"Not a TSDF","IS_CA":"No","PERMITTED_STATUS":"Not Permitted","TSDF_YES_NO":"No"}},{"type":"Feature","id":432219,"geometry":{"type":"Point","coordinates":[-122.311042920294,41.3081918195969]},"properties":{"OBJECTID":432219,"HANDLER_ID":"CAL000305916","HANDLER_NAME":"ANDY'S TRANSMISSION","LOCATION_ADDRESS":"614 S Mount Shasta Blvd, Mount Shasta, CA 96067-2530","FEDERAL_GENERATOR_STATUS":"Other","OPERATING_TSDF":"------","OPERATING_TSDF_DESC":"Not a TSDF","IS_CA":"No","PERMITTED_STATUS":"Not Permitted","TSDF_YES_NO":"No"}},{"type":"Feature","id":432221,"geometry":{"type":"Point","coordinates":[-122.63582678198,41.7305764049772]},"properties":{"OBJECTID":432221,"HANDLER_ID":"CAL000308595","HANDLER_NAME":"YREKA CHEVRON","LOCATION_ADDRESS":"200 S Main St, Yreka, CA 96097-2933","FEDERAL_GENERATOR_STATUS":"Other","OPERATING_TSDF":"------","OPERATING_TSDF_DESC":"Not a TSDF","IS_CA":"No","PERMITTED_STATUS":"Not Permitted","TSDF_YES_NO":"No"}},{"type":"Feature","id":432252,"geometry":{"type":"Point","coordinates":[-121.918301788197,41.9651186952717]},"properties":{"OBJECTID":432252,"HANDLER_ID":"CAL000327876","HANDLER_NAME":"DORRIS ALLIANCE INC","LOCATION_ADDRESS":"238 Main St, Dorris, CA 97601","FEDERAL_GENERATOR_STATUS":"Other","OPERATING_TSDF":"------","OPERATING_TSDF_DESC":"Not a TSDF","IS_CA":"No","PERMITTED_STATUS":"Not Permitted","TSDF_YES_NO":"No"}},{"type":"Feature","id":432408,"geometry":{"type":"Point","coordinates":[-122.312831671844,41.3165330315742]},"properties":{"OBJECTID":432408,"HANDLER_ID":"CAL000342330","HANDLER_NAME":"ANGELA FERRARI DDS INC","LOCATION_ADDRESS":"301 E Alma St, Mount Shasta, CA 96067-2343","FEDERAL_GENERATOR_STATUS":"Other","OPERATING_TSDF":"------","OPERATING_TSDF_DESC":"Not a TSDF","IS_CA":"No","PERMITTED_STATUS":"Not Permitted","TSDF_YES_NO":"No"}},{"type":"Feature","id":432787,"geometry":{"type":"Point","coordinates":[-123.545291382092,41.3052573317605]},"properties":{"OBJECTID":432787,"HANDLER_ID":"CAL000319536","HANDLER_NAME":"TT CONSTRUCTION","LOCATION_ADDRESS":"222 Big Rock Rd, Orleans, CA 95556","FEDERAL_GENERATOR_STATUS":"Other","OPERATING_TSDF":"------","OPERATING_TSDF_DESC":"Not a TSDF","IS_CA":"No","PERMITTED_STATUS":"Not Permitted","TSDF_YES_NO":"No"}},{"type":"Feature","id":432808,"geometry":{"type":"Point","coordinates":[-122.384590376545,41.4212770702807]},"properties":{"OBJECTID":432808,"HANDLER_ID":"CAL000316892","HANDLER_NAME":"ERICKSON SHELL","LOCATION_ADDRESS":"56 S Weed Blvd, Weed, CA 96094","FEDERAL_GENERATOR_STATUS":"Other","OPERATING_TSDF":"------","OPERATING_TSDF_DESC":"Not a TSDF","IS_CA":"No","PERMITTED_STATUS":"Not Permitted","TSDF_YES_NO":"No"}},{"type":"Feature","id":434439,"geometry":{"type":"Point","coordinates":[-122.136658979628,41.2505353839009]},"properties":{"OBJECTID":434439,"HANDLER_ID":"CAL000358250","HANDLER_NAME":"MC CLOUD CHEVRON","LOCATION_ADDRESS":"117 Squaw Valley Rd, Mccloud, CA 96057","FEDERAL_GENERATOR_STATUS":"Other","OPERATING_TSDF":"------","OPERATING_TSDF_DESC":"Not a TSDF","IS_CA":"No","PERMITTED_STATUS":"Not Permitted","TSDF_YES_NO":"No"}},{"type":"Feature","id":435324,"geometry":{"type":"Point","coordinates":[-122.638152428791,41.7149569796809]},"properties":{"OBJECTID":435324,"HANDLER_ID":"CAL000360157","HANDLER_NAME":"MOTT BROS INC","LOCATION_ADDRESS":"1341 Mill Rd, Yreka, CA 96097-0000","FEDERAL_GENERATOR_STATUS":"Other","OPERATING_TSDF":"------","OPERATING_TSDF_DESC":"Not a TSDF","IS_CA":"No","PERMITTED_STATUS":"Not Permitted","TSDF_YES_NO":"No"}},{"type":"Feature","id":435559,"geometry":{"type":"Point","coordinates":[-121.464440931204,41.9400608851018]},"properties":{"OBJECTID":435559,"HANDLER_ID":"CAL000351826","HANDLER_NAME":"STAUNTON FARMS SHOP, DBA STAUNTON FARMS","LOCATION_ADDRESS":"23408 Wright Rd, Tulelake, CA 96134-0000","FEDERAL_GENERATOR_STATUS":"Other","OPERATING_TSDF":"------","OPERATING_TSDF_DESC":"Not a TSDF","IS_CA":"No","PERMITTED_STATUS":"Not Permitted","TSDF_YES_NO":"No"}},{"type":"Feature","id":436563,"geometry":{"type":"Point","coordinates":[-122.304027309013,41.2971598360577]},"properties":{"OBJECTID":436563,"HANDLER_ID":"CAL000415011","HANDLER_NAME":"AARON RICHARDSON & SON INC","LOCATION_ADDRESS":"139 Church St, Mount Shasta, CA 96067","FEDERAL_GENERATOR_STATUS":"Other","OPERATING_TSDF":"------","OPERATING_TSDF_DESC":"Not a TSDF","IS_CA":"No","PERMITTED_STATUS":"Not Permitted","TSDF_YES_NO":"No"}},{"type":"Feature","id":436618,"geometry":{"type":"Point","coordinates":[-122.049201709291,41.778841220546]},"properties":{"OBJECTID":436618,"HANDLER_ID":"CAL000401929","HANDLER_NAME":"SIERRA CASCADE NURSERY","LOCATION_ADDRESS":"104 W Ball Mountain Rd, Macdoel, CA 96058-9793","FEDERAL_GENERATOR_STATUS":"Other","OPERATING_TSDF":"------","OPERATING_TSDF_DESC":"Not a TSDF","IS_CA":"No","PERMITTED_STATUS":"Not Permitted","TSDF_YES_NO":"No"}},{"type":"Feature","id":436895,"geometry":{"type":"Point","coordinates":[-122.385274760622,41.421790583169]},"properties":{"OBJECTID":436895,"HANDLER_ID":"CAL000308593","HANDLER_NAME":"WEED CHEVRON","LOCATION_ADDRESS":"12 S Weed Blvd, Weed, CA 96094","FEDERAL_GENERATOR_STATUS":"Other","OPERATING_TSDF":"------","OPERATING_TSDF_DESC":"Not a TSDF","IS_CA":"No","PERMITTED_STATUS":"Not Permitted","TSDF_YES_NO":"No"}},{"type":"Feature","id":437519,"geometry":{"type":"Point","coordinates":[-122.306190178534,41.2991230560842]},"properties":{"OBJECTID":437519,"HANDLER_ID":"CAL000332498","HANDLER_NAME":"CITY OF MT SHASTA","LOCATION_ADDRESS":"1536 S Mt Shasta Blvd, Mount Shasta, CA 96067","FEDERAL_GENERATOR_STATUS":"Other","OPERATING_TSDF":"------","OPERATING_TSDF_DESC":"Not a TSDF","IS_CA":"No","PERMITTED_STATUS":"Not Permitted","TSDF_YES_NO":"No"}},{"type":"Feature","id":440308,"geometry":{"type":"Point","coordinates":[-121.649209343536,41.0112060023552]},"properties":{"OBJECTID":440308,"HANDLER_ID":"CAL000361468","HANDLER_NAME":"CALIFORNIA STATE PARKS MCARTHUR BURNEY FALLS MEMORIAL SP","LOCATION_ADDRESS":"24898 Highway 89, Burney, CA 96013","FEDERAL_GENERATOR_STATUS":"Other","OPERATING_TSDF":"------","OPERATING_TSDF_DESC":"Not a TSDF","IS_CA":"No","PERMITTED_STATUS":"Not Permitted","TSDF_YES_NO":"No"}},{"type":"Feature","id":440493,"geometry":{"type":"Point","coordinates":[-122.644515132267,41.7099648430032]},"properties":{"OBJECTID":440493,"HANDLER_ID":"CAL000330101","HANDLER_NAME":"PACIFI CORP DBA PACIFIC POWER","LOCATION_ADDRESS":"1842 S Oregon St, Yreka, CA 96097-3445","FEDERAL_GENERATOR_STATUS":"Other","OPERATING_TSDF":"------","OPERATING_TSDF_DESC":"Not a TSDF","IS_CA":"No","PERMITTED_STATUS":"Not Permitted","TSDF_YES_NO":"No"}},{"type":"Feature","id":441291,"geometry":{"type":"Point","coordinates":[-122.317199679022,41.3109950064145]},"properties":{"OBJECTID":441291,"HANDLER_ID":"CAL000308273","HANDLER_NAME":"LAKE ST STATION","LOCATION_ADDRESS":"411 W Lake St, Mount Shasta, CA 96067-2122","FEDERAL_GENERATOR_STATUS":"Other","OPERATING_TSDF":"------","OPERATING_TSDF_DESC":"Not a TSDF","IS_CA":"No","PERMITTED_STATUS":"Not Permitted","TSDF_YES_NO":"No"}},{"type":"Feature","id":442418,"geometry":{"type":"Point","coordinates":[-122.367388144447,41.5100266663976]},"properties":{"OBJECTID":442418,"HANDLER_ID":"CAL000410708","HANDLER_NAME":"LAKE SHASTINA GOLF RESORT","LOCATION_ADDRESS":"5925 Country Club Dr, Weed, CA 96094","FEDERAL_GENERATOR_STATUS":"Other","OPERATING_TSDF":"------","OPERATING_TSDF_DESC":"Not a TSDF","IS_CA":"No","PERMITTED_STATUS":"Not Permitted","TSDF_YES_NO":"No"}},{"type":"Feature","id":442862,"geometry":{"type":"Point","coordinates":[-123.659954942966,41.0323346745057]},"properties":{"OBJECTID":442862,"HANDLER_ID":"CAL000388335","HANDLER_NAME":"JACKSON TRUCKING","LOCATION_ADDRESS":"141 Campbell Field Rd, Hoopa, CA 95546","FEDERAL_GENERATOR_STATUS":"Other","OPERATING_TSDF":"------","OPERATING_TSDF_DESC":"Not a TSDF","IS_CA":"No","PERMITTED_STATUS":"Not Permitted","TSDF_YES_NO":"No"}},{"type":"Feature","id":443361,"geometry":{"type":"Point","coordinates":[-122.381378897518,41.4209038516315]},"properties":{"OBJECTID":443361,"HANDLER_ID":"CAL000413946","HANDLER_NAME":"DOLLAR GENERAL #16124","LOCATION_ADDRESS":"185 Boles St, Weed, CA 96094","FEDERAL_GENERATOR_STATUS":"Other","OPERATING_TSDF":"------","OPERATING_TSDF_DESC":"Not a TSDF","IS_CA":"No","PERMITTED_STATUS":"Not Permitted","TSDF_YES_NO":"No"}},{"type":"Feature","id":443451,"geometry":{"type":"Point","coordinates":[-121.430996942954,41.0178061268514]},"properties":{"OBJECTID":443451,"HANDLER_ID":"CAL000396511","HANDLER_NAME":"PAPE MACHINERY INC DBA PAPE MACHINERY","LOCATION_ADDRESS":"43428 State Highway 299 E, Fall River Mills, CA 96028-9777","FEDERAL_GENERATOR_STATUS":"Other","OPERATING_TSDF":"------","OPERATING_TSDF_DESC":"Not a TSDF","IS_CA":"No","PERMITTED_STATUS":"Not Permitted","TSDF_YES_NO":"No"}},{"type":"Feature","id":443559,"geometry":{"type":"Point","coordinates":[-121.565931222748,41.9862716491174]},"properties":{"OBJECTID":443559,"HANDLER_ID":"CAL000413468","HANDLER_NAME":"SIERRA CASCADE NURSERY INC","LOCATION_ADDRESS":"17230 Valley View Dr, Tulelake, CA 96134","FEDERAL_GENERATOR_STATUS":"Other","OPERATING_TSDF":"------","OPERATING_TSDF_DESC":"Not a TSDF","IS_CA":"No","PERMITTED_STATUS":"Not Permitted","TSDF_YES_NO":"No"}},{"type":"Feature","id":443600,"geometry":{"type":"Point","coordinates":[-122.627063787963,41.7349561033416]},"properties":{"OBJECTID":443600,"HANDLER_ID":"CAL000407273","HANDLER_NAME":"EVANS BUILDING & EXCAVATING INC","LOCATION_ADDRESS":"705 E Lennox St, Yreka, CA 96097","FEDERAL_GENERATOR_STATUS":"Other","OPERATING_TSDF":"------","OPERATING_TSDF_DESC":"Not a TSDF","IS_CA":"No","PERMITTED_STATUS":"Not Permitted","TSDF_YES_NO":"No"}},{"type":"Feature","id":444144,"geometry":{"type":"Point","coordinates":[-122.276011628634,41.2225538777593]},"properties":{"OBJECTID":444144,"HANDLER_ID":"CAL000308519","HANDLER_NAME":"STAGE STOP I","LOCATION_ADDRESS":"4929 Dunsmuir Ave, Dunsmuir, CA 96025-1807","FEDERAL_GENERATOR_STATUS":"Other","OPERATING_TSDF":"------","OPERATING_TSDF_DESC":"Not a TSDF","IS_CA":"No","PERMITTED_STATUS":"Not Permitted","TSDF_YES_NO":"No"}},{"type":"Feature","id":444234,"geometry":{"type":"Point","coordinates":[-122.347498738076,41.3358468718358]},"properties":{"OBJECTID":444234,"HANDLER_ID":"CAL000295715","HANDLER_NAME":"SISKIYOU COUNTY - DEPARTMENT DISTRICT 2","LOCATION_ADDRESS":"2839 Pine Grove Dr, Mount Shasta, CA 96067","FEDERAL_GENERATOR_STATUS":"Other","OPERATING_TSDF":"------","OPERATING_TSDF_DESC":"Not a TSDF","IS_CA":"No","PERMITTED_STATUS":"Not Permitted","TSDF_YES_NO":"No"}},{"type":"Feature","id":444738,"geometry":{"type":"Point","coordinates":[-122.376211393041,41.3986339398045]},"properties":{"OBJECTID":444738,"HANDLER_ID":"CAL000360346","HANDLER_NAME":"PILOT TRAVEL CENTER 137","LOCATION_ADDRESS":"395 E Vista Dr, Weed, CA 96094-9035","FEDERAL_GENERATOR_STATUS":"Other","OPERATING_TSDF":"------","OPERATING_TSDF_DESC":"Not a TSDF","IS_CA":"No","PERMITTED_STATUS":"Not Permitted","TSDF_YES_NO":"No"}},{"type":"Feature","id":445092,"geometry":{"type":"Point","coordinates":[-122.04430490075,41.7986541845431]},"properties":{"OBJECTID":445092,"HANDLER_ID":"CAL000366903","HANDLER_NAME":"NORCAL NURSERY, INC (MACDOEL RANCH)","LOCATION_ADDRESS":"14500 Shoemaker Rd, Macdoel, CA 96058","FEDERAL_GENERATOR_STATUS":"Other","OPERATING_TSDF":"------","OPERATING_TSDF_DESC":"Not a TSDF","IS_CA":"No","PERMITTED_STATUS":"Not Permitted","TSDF_YES_NO":"No"}},{"type":"Feature","id":445342,"geometry":{"type":"Point","coordinates":[-122.385940258936,41.4221017485969]},"properties":{"OBJECTID":445342,"HANDLER_ID":"CAL000316239","HANDLER_NAME":"HANDY STOP SPIRIT","LOCATION_ADDRESS":"25 N Weed Blvd, Weed, CA 96094-2601","FEDERAL_GENERATOR_STATUS":"Other","OPERATING_TSDF":"------","OPERATING_TSDF_DESC":"Not a TSDF","IS_CA":"No","PERMITTED_STATUS":"Not Permitted","TSDF_YES_NO":"No"}},{"type":"Feature","id":445977,"geometry":{"type":"Point","coordinates":[-122.635451764687,41.7158059396925]},"properties":{"OBJECTID":445977,"HANDLER_ID":"CAL000350622","HANDLER_NAME":"WEST COAST PAVING & CHIP SEALING INC","LOCATION_ADDRESS":"320 E Oberlin Rd, Yreka, CA 96097-9661","FEDERAL_GENERATOR_STATUS":"Other","OPERATING_TSDF":"------","OPERATING_TSDF_DESC":"Not a TSDF","IS_CA":"No","PERMITTED_STATUS":"Not Permitted","TSDF_YES_NO":"No"}},{"type":"Feature","id":445978,"geometry":{"type":"Point","coordinates":[-122.6073623399,41.7717572607891]},"properties":{"OBJECTID":445978,"HANDLER_ID":"CAL000351236","HANDLER_NAME":"MARK CRAWFORD LOGGING INC","LOCATION_ADDRESS":"3316 Highway 263, Yreka, CA 96097","FEDERAL_GENERATOR_STATUS":"Other","OPERATING_TSDF":"------","OPERATING_TSDF_DESC":"Not a TSDF","IS_CA":"No","PERMITTED_STATUS":"Not Permitted","TSDF_YES_NO":"No"}},{"type":"Feature","id":446459,"geometry":{"type":"Point","coordinates":[-122.635500328078,41.7314604385485]},"properties":{"OBJECTID":446459,"HANDLER_ID":"CAL000308705","HANDLER_NAME":"MINER STREET STATION","LOCATION_ADDRESS":"115 E Miner St, Yreka, CA 96097-2936","FEDERAL_GENERATOR_STATUS":"Other","OPERATING_TSDF":"------","OPERATING_TSDF_DESC":"Not a TSDF","IS_CA":"No","PERMITTED_STATUS":"Not Permitted","TSDF_YES_NO":"No"}},{"type":"Feature","id":447161,"geometry":{"type":"Point","coordinates":[-122.49773768045,41.1869308321922]},"properties":{"OBJECTID":447161,"HANDLER_ID":"CAL000303840","HANDLER_NAME":"TRINITY CENTER MARINA","LOCATION_ADDRESS":"Lat 405023.4 N Long 1224350.7 W, Trinity Center, CA 96091","FEDERAL_GENERATOR_STATUS":"Other","OPERATING_TSDF":"------","OPERATING_TSDF_DESC":"Not a TSDF","IS_CA":"No","PERMITTED_STATUS":"Not Permitted","TSDF_YES_NO":"No"}},{"type":"Feature","id":447196,"geometry":{"type":"Point","coordinates":[-122.311145443008,41.3087853721473]},"properties":{"OBJECTID":447196,"HANDLER_ID":"CAL000277676","HANDLER_NAME":"SJ DENHAM CHRYSLER DODGE JEEP","LOCATION_ADDRESS":"603 S Mt Shasta Blvd, Mount Shasta, CA 96067","FEDERAL_GENERATOR_STATUS":"Other","OPERATING_TSDF":"------","OPERATING_TSDF_DESC":"Not a TSDF","IS_CA":"No","PERMITTED_STATUS":"Not Permitted","TSDF_YES_NO":"No"}},{"type":"Feature","id":447228,"geometry":{"type":"Point","coordinates":[-123.351997396762,41.8008152554198]},"properties":{"OBJECTID":447228,"HANDLER_ID":"CAL000347637","HANDLER_NAME":"KARUK TRIBE MECHANICS SHOP","LOCATION_ADDRESS":"2501 China Grade Rd, Happy Camp, CA 96039","FEDERAL_GENERATOR_STATUS":"Other","OPERATING_TSDF":"------","OPERATING_TSDF_DESC":"Not a TSDF","IS_CA":"No","PERMITTED_STATUS":"Not Permitted","TSDF_YES_NO":"No"}},{"type":"Feature","id":447374,"geometry":{"type":"Point","coordinates":[-122.3061928765,41.2967983085952]},"properties":{"OBJECTID":447374,"HANDLER_ID":"CAL000316739","HANDLER_NAME":"COLLINS COLLISION","LOCATION_ADDRESS":"1634 S Mount Shasta Blvd, Mount Shasta, CA 96067-9453","FEDERAL_GENERATOR_STATUS":"Other","OPERATING_TSDF":"------","OPERATING_TSDF_DESC":"Not a TSDF","IS_CA":"No","PERMITTED_STATUS":"Not Permitted","TSDF_YES_NO":"No"}},{"type":"Feature","id":448613,"geometry":{"type":"Point","coordinates":[-121.476704985946,41.9550570802202]},"properties":{"OBJECTID":448613,"HANDLER_ID":"CAL000403347","HANDLER_NAME":"MOUNTAIN VALLEYS HEALTH CENTERS DBA TULELAKE HEALTH CENTER","LOCATION_ADDRESS":"498 Main St, Tulelake, CA 96134","FEDERAL_GENERATOR_STATUS":"Other","OPERATING_TSDF":"------","OPERATING_TSDF_DESC":"Not a TSDF","IS_CA":"No","PERMITTED_STATUS":"Not Permitted","TSDF_YES_NO":"No"}},{"type":"Feature","id":448732,"geometry":{"type":"Point","coordinates":[-122.362001205391,41.4508395845792]},"properties":{"OBJECTID":448732,"HANDLER_ID":"CAL000419505","HANDLER_NAME":"SW MAINTENANCE CORP","LOCATION_ADDRESS":"3116 State Highway 97, Weed, CA 96094-9527","FEDERAL_GENERATOR_STATUS":"Other","OPERATING_TSDF":"------","OPERATING_TSDF_DESC":"Not a TSDF","IS_CA":"No","PERMITTED_STATUS":"Not Permitted","TSDF_YES_NO":"No"}},{"type":"Feature","id":448821,"geometry":{"type":"Point","coordinates":[-122.317325584108,41.1483508157376]},"properties":{"OBJECTID":448821,"HANDLER_ID":"CAL000372106","HANDLER_NAME":"AMMIRATIS MARKET (CHEVRON)","LOCATION_ADDRESS":"20107 Castle Creek Rd, Castella, CA 96017","FEDERAL_GENERATOR_STATUS":"Other","OPERATING_TSDF":"------","OPERATING_TSDF_DESC":"Not a TSDF","IS_CA":"No","PERMITTED_STATUS":"Not Permitted","TSDF_YES_NO":"No"}},{"type":"Feature","id":449956,"geometry":{"type":"Point","coordinates":[-122.640182198649,41.7134407227113]},"properties":{"OBJECTID":449956,"HANDLER_ID":"CAL000389566","HANDLER_NAME":"AMERICAN DIESEL & AUTO","LOCATION_ADDRESS":"1400 Fairlane Rd Ste B, Yreka, CA 96097","FEDERAL_GENERATOR_STATUS":"Other","OPERATING_TSDF":"------","OPERATING_TSDF_DESC":"Not a TSDF","IS_CA":"No","PERMITTED_STATUS":"Not Permitted","TSDF_YES_NO":"No"}},{"type":"Feature","id":450624,"geometry":{"type":"Point","coordinates":[-122.636117263001,41.7298173771703]},"properties":{"OBJECTID":450624,"HANDLER_ID":"CAL000366880","HANDLER_NAME":"YREKA MECHANIC SHOP-PACIFIC POWER","LOCATION_ADDRESS":"310 S Main St, Yreka, CA 96097","FEDERAL_GENERATOR_STATUS":"Other","OPERATING_TSDF":"------","OPERATING_TSDF_DESC":"Not a TSDF","IS_CA":"No","PERMITTED_STATUS":"Not Permitted","TSDF_YES_NO":"No"}},{"type":"Feature","id":451176,"geometry":{"type":"Point","coordinates":[-121.918203762094,41.9643236945829]},"properties":{"OBJECTID":451176,"HANDLER_ID":"CAL000441547","HANDLER_NAME":"BLACK BUTTE MINI MART","LOCATION_ADDRESS":"239 S Main St, Dorris, CA 96023","FEDERAL_GENERATOR_STATUS":"Other","OPERATING_TSDF":"------","OPERATING_TSDF_DESC":"Not a TSDF","IS_CA":"No","PERMITTED_STATUS":"Not Permitted","TSDF_YES_NO":"No"}},{"type":"Feature","id":460286,"geometry":{"type":"Point","coordinates":[-122.384136218911,41.4278592083359]},"properties":{"OBJECTID":460286,"HANDLER_ID":"CAL000428354","HANDLER_NAME":"OWENS HEALTHCARE #25","LOCATION_ADDRESS":"582 Main St, Weed, CA 96094","FEDERAL_GENERATOR_STATUS":"Other","OPERATING_TSDF":"------","OPERATING_TSDF_DESC":"Not a TSDF","IS_CA":"No","PERMITTED_STATUS":"Not Permitted","TSDF_YES_NO":"No"}},{"type":"Feature","id":460291,"geometry":{"type":"Point","coordinates":[-123.378533692376,41.7953896455158]},"properties":{"OBJECTID":460291,"HANDLER_ID":"CAL000436612","HANDLER_NAME":"HAPPY CAMP HIGH SCHOOL","LOCATION_ADDRESS":"234 Indian Creek Rd, Happy Camp, CA 96039","FEDERAL_GENERATOR_STATUS":"Other","OPERATING_TSDF":"------","OPERATING_TSDF_DESC":"Not a TSDF","IS_CA":"No","PERMITTED_STATUS":"Not Permitted","TSDF_YES_NO":"No"}},{"type":"Feature","id":460834,"geometry":{"type":"Point","coordinates":[-122.637041766065,41.7279638744333]},"properties":{"OBJECTID":460834,"HANDLER_ID":"CAL000431997","HANDLER_NAME":"STATELINE AUTO PARTS INC","LOCATION_ADDRESS":"520 S Main St, Yreka, CA 96097","FEDERAL_GENERATOR_STATUS":"Other","OPERATING_TSDF":"------","OPERATING_TSDF_DESC":"Not a TSDF","IS_CA":"No","PERMITTED_STATUS":"Not Permitted","TSDF_YES_NO":"No"}},{"type":"Feature","id":460844,"geometry":{"type":"Point","coordinates":[-122.631116133103,41.7152969234144]},"properties":{"OBJECTID":460844,"HANDLER_ID":"CAL000430491","HANDLER_NAME":"RYANS AUTOMOTIVE SERVICE","LOCATION_ADDRESS":"504 E Oberlin, Yreka, CA 96097","FEDERAL_GENERATOR_STATUS":"Other","OPERATING_TSDF":"------","OPERATING_TSDF_DESC":"Not a TSDF","IS_CA":"No","PERMITTED_STATUS":"Not Permitted","TSDF_YES_NO":"No"}},{"type":"Feature","id":460845,"geometry":{"type":"Point","coordinates":[-122.322083897054,41.32449113236]},"properties":{"OBJECTID":460845,"HANDLER_ID":"CAL921055778","HANDLER_NAME":"CROSS PETROLEUM INC","LOCATION_ADDRESS":"1012 N. Mount Shasta Blvd., Mount Shasta, CA 96067-0000","FEDERAL_GENERATOR_STATUS":"Other","OPERATING_TSDF":"------","OPERATING_TSDF_DESC":"Not a TSDF","IS_CA":"No","PERMITTED_STATUS":"Not Permitted","TSDF_YES_NO":"No"}},{"type":"Feature","id":460912,"geometry":{"type":"Point","coordinates":[-122.639583250167,41.7189050034632]},"properties":{"OBJECTID":460912,"HANDLER_ID":"CAL000430738","HANDLER_NAME":"MOUNTAIN MARKETS CENTRAL YREKA","LOCATION_ADDRESS":"1258 Main St, Yreka, CA 96097","FEDERAL_GENERATOR_STATUS":"Other","OPERATING_TSDF":"------","OPERATING_TSDF_DESC":"Not a TSDF","IS_CA":"No","PERMITTED_STATUS":"Not Permitted","TSDF_YES_NO":"No"}},{"type":"Feature","id":461034,"geometry":{"type":"Point","coordinates":[-122.636330402326,41.729381205978]},"properties":{"OBJECTID":461034,"HANDLER_ID":"CAL000423617","HANDLER_NAME":"AT&T MOBILITY","LOCATION_ADDRESS":"400 S Main St, Yreka, CA 96097","FEDERAL_GENERATOR_STATUS":"Other","OPERATING_TSDF":"------","OPERATING_TSDF_DESC":"Not a TSDF","IS_CA":"No","PERMITTED_STATUS":"Not Permitted","TSDF_YES_NO":"No"}},{"type":"Feature","id":461791,"geometry":{"type":"Point","coordinates":[-122.901382193034,41.5511256839033]},"properties":{"OBJECTID":461791,"HANDLER_ID":"CAL000434037","HANDLER_NAME":"MARUTI FORT JONES OIL INC","LOCATION_ADDRESS":"6737 North Hwy 3, Greenview, CA 96037","FEDERAL_GENERATOR_STATUS":"Other","OPERATING_TSDF":"------","OPERATING_TSDF_DESC":"Not a TSDF","IS_CA":"No","PERMITTED_STATUS":"Not Permitted","TSDF_YES_NO":"No"}},{"type":"Feature","id":462988,"geometry":{"type":"Point","coordinates":[-122.330535725643,41.2989530842175]},"properties":{"OBJECTID":462988,"HANDLER_ID":"CAL000423554","HANDLER_NAME":"AT & T MOBILITY","LOCATION_ADDRESS":"1488 South Shasta Ranch Rd, Mount Shasta, CA 96067","FEDERAL_GENERATOR_STATUS":"Other","OPERATING_TSDF":"------","OPERATING_TSDF_DESC":"Not a TSDF","IS_CA":"No","PERMITTED_STATUS":"Not Permitted","TSDF_YES_NO":"No"}},{"type":"Feature","id":463044,"geometry":{"type":"Point","coordinates":[-121.457124047037,41.9413190366443]},"properties":{"OBJECTID":463044,"HANDLER_ID":"CAS111111025","HANDLER_NAME":"MODOC COUNTY/EMERG RESPONSE ONLY","LOCATION_ADDRESS":"Modoc County, --, CA 00000-0000","FEDERAL_GENERATOR_STATUS":"Other","OPERATING_TSDF":"------","OPERATING_TSDF_DESC":"Not a TSDF","IS_CA":"No","PERMITTED_STATUS":"Not Permitted","TSDF_YES_NO":"No"}},{"type":"Feature","id":463307,"geometry":{"type":"Point","coordinates":[-122.525000628276,41.727176967643]},"properties":{"OBJECTID":463307,"HANDLER_ID":"CAL000430637","HANDLER_NAME":"MONTAGUE OIL CORP DBA CORTRIGHTS MARKET","LOCATION_ADDRESS":"250 E Webb St, Montague, CA 96064","FEDERAL_GENERATOR_STATUS":"Other","OPERATING_TSDF":"------","OPERATING_TSDF_DESC":"Not a TSDF","IS_CA":"No","PERMITTED_STATUS":"Not Permitted","TSDF_YES_NO":"No"}},{"type":"Feature","id":464114,"geometry":{"type":"Point","coordinates":[-122.640984393915,41.7137833644108]},"properties":{"OBJECTID":464114,"HANDLER_ID":"CAL000437181","HANDLER_NAME":"DAWN A WILSON DBA SISKIYOU AUTO SALES","LOCATION_ADDRESS":"1425 S Main St, Yreka, CA 96097","FEDERAL_GENERATOR_STATUS":"Other","OPERATING_TSDF":"------","OPERATING_TSDF_DESC":"Not a TSDF","IS_CA":"No","PERMITTED_STATUS":"Not Permitted","TSDF_YES_NO":"No"}},{"type":"Feature","id":464269,"geometry":{"type":"Point","coordinates":[-122.630381386991,41.7152636484986]},"properties":{"OBJECTID":464269,"HANDLER_ID":"CAL912212668","HANDLER_NAME":"DAVE'S TRUCK REPAIR","LOCATION_ADDRESS":"510 B Oberlin Road, Yreka, CA 96097-0000","FEDERAL_GENERATOR_STATUS":"Other","OPERATING_TSDF":"------","OPERATING_TSDF_DESC":"Not a TSDF","IS_CA":"No","PERMITTED_STATUS":"Not Permitted","TSDF_YES_NO":"No"}},{"type":"Feature","id":464947,"geometry":{"type":"Point","coordinates":[-122.388511420665,41.438537758311]},"properties":{"OBJECTID":464947,"HANDLER_ID":"CAL000423417","HANDLER_NAME":"AT&T MOBILITY","LOCATION_ADDRESS":"152 Alameda Ave, Weed, CA 96094","FEDERAL_GENERATOR_STATUS":"Other","OPERATING_TSDF":"------","OPERATING_TSDF_DESC":"Not a TSDF","IS_CA":"No","PERMITTED_STATUS":"Not Permitted","TSDF_YES_NO":"No"}},{"type":"Feature","id":465085,"geometry":{"type":"Point","coordinates":[-122.528838035447,41.6471427014746]},"properties":{"OBJECTID":465085,"HANDLER_ID":"CAL000430638","HANDLER_NAME":"GRENADA OIL INC DBA 3 J TRUCK STOP","LOCATION_ADDRESS":"338 A-12 Hwy, Grenada, CA 96038","FEDERAL_GENERATOR_STATUS":"Other","OPERATING_TSDF":"------","OPERATING_TSDF_DESC":"Not a TSDF","IS_CA":"No","PERMITTED_STATUS":"Not Permitted","TSDF_YES_NO":"No"}},{"type":"Feature","id":465328,"geometry":{"type":"Point","coordinates":[-122.166531760033,41.2351740640319]},"properties":{"OBJECTID":465328,"HANDLER_ID":"CAL000432517","HANDLER_NAME":"WYNTOON ESTATE LLC","LOCATION_ADDRESS":"1 Wyntoon Rd, Mccloud, CA 96057","FEDERAL_GENERATOR_STATUS":"Other","OPERATING_TSDF":"------","OPERATING_TSDF_DESC":"Not a TSDF","IS_CA":"No","PERMITTED_STATUS":"Not Permitted","TSDF_YES_NO":"No"}},{"type":"Feature","id":465461,"geometry":{"type":"Point","coordinates":[-122.37287490825,41.3734664123451]},"properties":{"OBJECTID":465461,"HANDLER_ID":"CAL000436459","HANDLER_NAME":"ROLL N ROCK CONSTRUCTION INC","LOCATION_ADDRESS":"5527 Truck Village Dr, Mount Shasta, CA 96067","FEDERAL_GENERATOR_STATUS":"Other","OPERATING_TSDF":"------","OPERATING_TSDF_DESC":"Not a TSDF","IS_CA":"No","PERMITTED_STATUS":"Not Permitted","TSDF_YES_NO":"No"}},{"type":"Feature","id":465631,"geometry":{"type":"Point","coordinates":[-122.10760638093,41.6585290178999]},"properties":{"OBJECTID":465631,"HANDLER_ID":"CAL000423506","HANDLER_NAME":"AT&T MOBILITY","LOCATION_ADDRESS":"20427 S Us Hwy 97, Montague, CA 96064","FEDERAL_GENERATOR_STATUS":"Other","OPERATING_TSDF":"------","OPERATING_TSDF_DESC":"Not a TSDF","IS_CA":"No","PERMITTED_STATUS":"Not Permitted","TSDF_YES_NO":"No"}},{"type":"Feature","id":466131,"geometry":{"type":"Point","coordinates":[-121.457131241613,41.9408280068071]},"properties":{"OBJECTID":466131,"HANDLER_ID":"CAS180713047","HANDLER_NAME":"KLAMATHON FIRE","LOCATION_ADDRESS":"Siskiyou County, Hornbrook, CA 96044","FEDERAL_GENERATOR_STATUS":"Other","OPERATING_TSDF":"------","OPERATING_TSDF_DESC":"Not a TSDF","IS_CA":"No","PERMITTED_STATUS":"Not Permitted","TSDF_YES_NO":"No"}},{"type":"Feature","id":466942,"geometry":{"type":"Point","coordinates":[-123.390607990167,41.8629736972784]},"properties":{"OBJECTID":466942,"HANDLER_ID":"CAL912673573","HANDLER_NAME":"NORANDA GREY EAGLE MINES LLC","LOCATION_ADDRESS":"1000 Luther Gulch Rd, Happy Camp, CA 96039-0000","FEDERAL_GENERATOR_STATUS":"Other","OPERATING_TSDF":"------","OPERATING_TSDF_DESC":"Not a TSDF","IS_CA":"No","PERMITTED_STATUS":"Not Permitted","TSDF_YES_NO":"No"}},{"type":"Feature","id":468286,"geometry":{"type":"Point","coordinates":[-122.382697303638,41.0532322208904]},"properties":{"OBJECTID":468286,"HANDLER_ID":"CAL000438106","HANDLER_NAME":"SHOTGUN CREEK SUBSTATION PACIFIC POWER","LOCATION_ADDRESS":"26090 Shotgun Rd, Castella, CA 96017","FEDERAL_GENERATOR_STATUS":"Other","OPERATING_TSDF":"------","OPERATING_TSDF_DESC":"Not a TSDF","IS_CA":"No","PERMITTED_STATUS":"Not Permitted","TSDF_YES_NO":"No"}},{"type":"Feature","id":469081,"geometry":{"type":"Point","coordinates":[-122.635152290446,41.7157735640988]},"properties":{"OBJECTID":469081,"HANDLER_ID":"CAL000437606","HANDLER_NAME":"BURNS TRUCK REPAIR","LOCATION_ADDRESS":"326 E Oberlin Rd, Yreka, CA 96097","FEDERAL_GENERATOR_STATUS":"Other","OPERATING_TSDF":"------","OPERATING_TSDF_DESC":"Not a TSDF","IS_CA":"No","PERMITTED_STATUS":"Not Permitted","TSDF_YES_NO":"No"}},{"type":"Feature","id":469144,"geometry":{"type":"Point","coordinates":[-122.268688449213,41.2136568847575]},"properties":{"OBJECTID":469144,"HANDLER_ID":"CAL000423408","HANDLER_NAME":"AT&T MOBILITY","LOCATION_ADDRESS":"5442 River Ave, Dunsmuir, CA 96025","FEDERAL_GENERATOR_STATUS":"Other","OPERATING_TSDF":"------","OPERATING_TSDF_DESC":"Not a TSDF","IS_CA":"No","PERMITTED_STATUS":"Not Permitted","TSDF_YES_NO":"No"}},{"type":"Feature","id":469989,"geometry":{"type":"Point","coordinates":[-121.438385772885,41.0036579924225]},"properties":{"OBJECTID":469989,"HANDLER_ID":"CAL000433917","HANDLER_NAME":"VALLEY MOTOR PARTS","LOCATION_ADDRESS":"43174 Main St, Fall River Mills, CA 96028","FEDERAL_GENERATOR_STATUS":"Other","OPERATING_TSDF":"------","OPERATING_TSDF_DESC":"Not a TSDF","IS_CA":"No","PERMITTED_STATUS":"Not Permitted","TSDF_YES_NO":"No"}},{"type":"Feature","id":470235,"geometry":{"type":"Point","coordinates":[-121.457131241613,41.9408280068071]},"properties":{"OBJECTID":470235,"HANDLER_ID":"CAS111111047","HANDLER_NAME":"SISKIYOU COUNTY/EMERGENCY RESPONSE ONLY","LOCATION_ADDRESS":"Siskiyou County, --, CA 00000-0000","FEDERAL_GENERATOR_STATUS":"Other","OPERATING_TSDF":"------","OPERATING_TSDF_DESC":"Not a TSDF","IS_CA":"No","PERMITTED_STATUS":"Not Permitted","TSDF_YES_NO":"No"}},{"type":"Feature","id":471599,"geometry":{"type":"Point","coordinates":[-122.642174196982,41.710507134197]},"properties":{"OBJECTID":471599,"HANDLER_ID":"CAL000428899","HANDLER_NAME":"YREKA SPARTAN LLC DBA YREKA MOTORS AND YREKA HONDA","LOCATION_ADDRESS":"1545 S Main St, Yreka, CA 96097","FEDERAL_GENERATOR_STATUS":"Other","OPERATING_TSDF":"------","OPERATING_TSDF_DESC":"Not a TSDF","IS_CA":"No","PERMITTED_STATUS":"Not Permitted","TSDF_YES_NO":"No"}},{"type":"Feature","id":471723,"geometry":{"type":"Point","coordinates":[-122.362001205391,41.4508395845792]},"properties":{"OBJECTID":471723,"HANDLER_ID":"CAL000426311","HANDLER_NAME":"SW MAINTENANCE CORP","LOCATION_ADDRESS":"3116 State Highway 97, Weed, CA 96094-9527","FEDERAL_GENERATOR_STATUS":"Other","OPERATING_TSDF":"------","OPERATING_TSDF_DESC":"Not a TSDF","IS_CA":"No","PERMITTED_STATUS":"Not Permitted","TSDF_YES_NO":"No"}},{"type":"Feature","id":472376,"geometry":{"type":"Point","coordinates":[-122.549997284547,41.7256643079616]},"properties":{"OBJECTID":472376,"HANDLER_ID":"CAL000428870","HANDLER_NAME":"AIR METHODS CORPORATION","LOCATION_ADDRESS":"900 B West Old Montague Rd, Montague, CA 96064","FEDERAL_GENERATOR_STATUS":"Other","OPERATING_TSDF":"------","OPERATING_TSDF_DESC":"Not a TSDF","IS_CA":"No","PERMITTED_STATUS":"Not Permitted","TSDF_YES_NO":"No"}},{"type":"Feature","id":472797,"geometry":{"type":"Point","coordinates":[-121.57654682018,41.1054459595634]},"properties":{"OBJECTID":472797,"HANDLER_ID":"CAL000435891","HANDLER_NAME":"NEW CINGULAR WIRELESS PCS LLC","LOCATION_ADDRESS":"S Fork Mountain At Hwy 299 W, Whiskeytown, CA 96095","FEDERAL_GENERATOR_STATUS":"Other","OPERATING_TSDF":"------","OPERATING_TSDF_DESC":"Not a TSDF","IS_CA":"No","PERMITTED_STATUS":"Not Permitted","TSDF_YES_NO":"No"}},{"type":"Feature","id":473284,"geometry":{"type":"Point","coordinates":[-122.297350742143,41.123745364557]},"properties":{"OBJECTID":473284,"HANDLER_ID":"CAL000423494","HANDLER_NAME":"AT&T MOBILITY","LOCATION_ADDRESS":"28800 Girard Ridge Rd Dup4, Castella, CA 96017","FEDERAL_GENERATOR_STATUS":"Other","OPERATING_TSDF":"------","OPERATING_TSDF_DESC":"Not a TSDF","IS_CA":"No","PERMITTED_STATUS":"Not Permitted","TSDF_YES_NO":"No"}},{"type":"Feature","id":473313,"geometry":{"type":"Point","coordinates":[-121.921250665186,41.2667816366633]},"properties":{"OBJECTID":473313,"HANDLER_ID":"CAL000423434","HANDLER_NAME":"AT&T MOBILITY","LOCATION_ADDRESS":"1530 W Hwy 89, Mccloud, CA 96057","FEDERAL_GENERATOR_STATUS":"Other","OPERATING_TSDF":"------","OPERATING_TSDF_DESC":"Not a TSDF","IS_CA":"No","PERMITTED_STATUS":"Not Permitted","TSDF_YES_NO":"No"}},{"type":"Feature","id":474578,"geometry":{"type":"Point","coordinates":[-122.590227556956,41.9547270290292]},"properties":{"OBJECTID":474578,"HANDLER_ID":"CAL000423513","HANDLER_NAME":"AT&T MOBILITY","LOCATION_ADDRESS":"18000 Bailey Hill Rd, Hornbrook, CA 96044","FEDERAL_GENERATOR_STATUS":"Other","OPERATING_TSDF":"------","OPERATING_TSDF_DESC":"Not a TSDF","IS_CA":"No","PERMITTED_STATUS":"Not Permitted","TSDF_YES_NO":"No"}},{"type":"Feature","id":475006,"geometry":{"type":"Point","coordinates":[-122.519047116331,41.5172599136142]},"properties":{"OBJECTID":475006,"HANDLER_ID":"CAC002990725","HANDLER_NAME":"3F CATTLE RANCH","LOCATION_ADDRESS":"18705 Old Hwy 99, Gazelle, CA 96034","FEDERAL_GENERATOR_STATUS":"Other","OPERATING_TSDF":"------","OPERATING_TSDF_DESC":"Not a TSDF","IS_CA":"No","PERMITTED_STATUS":"Not Permitted","TSDF_YES_NO":"No"}},{"type":"Feature","id":475312,"geometry":{"type":"Point","coordinates":[-122.138061022698,41.2584763975678]},"properties":{"OBJECTID":475312,"HANDLER_ID":"CAL000423454","HANDLER_NAME":"AT&T MOBILITY","LOCATION_ADDRESS":"801 Industrial Rd, Mccloud, CA 96057","FEDERAL_GENERATOR_STATUS":"Other","OPERATING_TSDF":"------","OPERATING_TSDF_DESC":"Not a TSDF","IS_CA":"No","PERMITTED_STATUS":"Not Permitted","TSDF_YES_NO":"No"}},{"type":"Feature","id":477419,"geometry":{"type":"Point","coordinates":[-123.375418440808,41.7990121147174]},"properties":{"OBJECTID":477419,"HANDLER_ID":"CAL000298569","HANDLER_NAME":"AL'S GARAGE","LOCATION_ADDRESS":"20 Davis Rd, Happy Camp, CA 96039","FEDERAL_GENERATOR_STATUS":"Other","OPERATING_TSDF":"------","OPERATING_TSDF_DESC":"Not a TSDF","IS_CA":"No","PERMITTED_STATUS":"Not Permitted","TSDF_YES_NO":"No"}},{"type":"Feature","id":477644,"geometry":{"type":"Point","coordinates":[-122.643464724118,41.7185578651535]},"properties":{"OBJECTID":477644,"HANDLER_ID":"CAL000153141","HANDLER_NAME":"SISKIYOU HOSPITAL INC.","LOCATION_ADDRESS":"444 Bruce Street, Yreka, CA 96097","FEDERAL_GENERATOR_STATUS":"Other","OPERATING_TSDF":"------","OPERATING_TSDF_DESC":"Not a TSDF","IS_CA":"No","PERMITTED_STATUS":"Not Permitted","TSDF_YES_NO":"No"}},{"type":"Feature","id":477917,"geometry":{"type":"Point","coordinates":[-123.677309160489,41.0493813238891]},"properties":{"OBJECTID":477917,"HANDLER_ID":"CAL000196254","HANDLER_NAME":"KLAMATH TRINITY JOINT USD","LOCATION_ADDRESS":"545 Loop Rd, Hoopa, CA 95546-0000","FEDERAL_GENERATOR_STATUS":"Other","OPERATING_TSDF":"------","OPERATING_TSDF_DESC":"Not a TSDF","IS_CA":"No","PERMITTED_STATUS":"Not Permitted","TSDF_YES_NO":"No"}},{"type":"Feature","id":481580,"geometry":{"type":"Point","coordinates":[-123.704288821872,41.1779942690204]},"properties":{"OBJECTID":481580,"HANDLER_ID":"CAC002983233","HANDLER_NAME":"HOOPA MINI MART","LOCATION_ADDRESS":"12591 State Hwy 96, Hoopa, CA 95546","FEDERAL_GENERATOR_STATUS":"Other","OPERATING_TSDF":"------","OPERATING_TSDF_DESC":"Not a TSDF","IS_CA":"No","PERMITTED_STATUS":"Not Permitted","TSDF_YES_NO":"No"}},{"type":"Feature","id":482349,"geometry":{"type":"Point","coordinates":[-122.645310132956,41.7033323429134]},"properties":{"OBJECTID":482349,"HANDLER_ID":"CAC002985397","HANDLER_NAME":"S.K. YREKA INC","LOCATION_ADDRESS":"1801 Ft. Jones Rod, Yreka, CA 96097","FEDERAL_GENERATOR_STATUS":"Other","OPERATING_TSDF":"------","OPERATING_TSDF_DESC":"Not a TSDF","IS_CA":"No","PERMITTED_STATUS":"Not Permitted","TSDF_YES_NO":"No"}},{"type":"Feature","id":483171,"geometry":{"type":"Point","coordinates":[-122.640693912894,41.7283056168109]},"properties":{"OBJECTID":483171,"HANDLER_ID":"CAC002993254","HANDLER_NAME":"416 JACKSON STREET","LOCATION_ADDRESS":"416 Jackson Street, Yreka, CA 96097-2824","FEDERAL_GENERATOR_STATUS":"Other","OPERATING_TSDF":"------","OPERATING_TSDF_DESC":"Not a TSDF","IS_CA":"No","PERMITTED_STATUS":"Not Permitted","TSDF_YES_NO":"No"}},{"type":"Feature","id":484676,"geometry":{"type":"Point","coordinates":[-122.317146619021,41.3105381508151]},"properties":{"OBJECTID":484676,"HANDLER_ID":"CAL000392673","HANDLER_NAME":"O'REILLY AUTO PARTS STORE 2905","LOCATION_ADDRESS":"124 Morgan Way, Mount Shasta, CA 96067","FEDERAL_GENERATOR_STATUS":"Other","OPERATING_TSDF":"------","OPERATING_TSDF_DESC":"Not a TSDF","IS_CA":"No","PERMITTED_STATUS":"Not Permitted","TSDF_YES_NO":"No"}},{"type":"Feature","id":485228,"geometry":{"type":"Point","coordinates":[-122.119460344819,41.2636600898414]},"properties":{"OBJECTID":485228,"HANDLER_ID":"CAL000385025","HANDLER_NAME":"HITCHCOCK CONSTRUCTION INC","LOCATION_ADDRESS":"1104 Firenze, Mccloud, CA 96057-0000","FEDERAL_GENERATOR_STATUS":"Other","OPERATING_TSDF":"------","OPERATING_TSDF_DESC":"Not a TSDF","IS_CA":"No","PERMITTED_STATUS":"Not Permitted","TSDF_YES_NO":"No"}},{"type":"Feature","id":485522,"geometry":{"type":"Point","coordinates":[-122.136647288442,41.2521640561264]},"properties":{"OBJECTID":485522,"HANDLER_ID":"CAL000408730","HANDLER_NAME":"MCCLOUD HEALTHCARE CLINIC INC DBA MCCLOUD DENTAL CENTER","LOCATION_ADDRESS":"116 W Minnesota Ave, Mccloud, CA 96057","FEDERAL_GENERATOR_STATUS":"Other","OPERATING_TSDF":"------","OPERATING_TSDF_DESC":"Not a TSDF","IS_CA":"No","PERMITTED_STATUS":"Not Permitted","TSDF_YES_NO":"No"}},{"type":"Feature","id":485804,"geometry":{"type":"Point","coordinates":[-122.521680331282,41.6471696811359]},"properties":{"OBJECTID":485804,"HANDLER_ID":"CAL000396289","HANDLER_NAME":"COWLEY D&L INC","LOCATION_ADDRESS":"704 Highway A12, Grenada, CA 96038","FEDERAL_GENERATOR_STATUS":"Other","OPERATING_TSDF":"------","OPERATING_TSDF_DESC":"Not a TSDF","IS_CA":"No","PERMITTED_STATUS":"Not Permitted","TSDF_YES_NO":"No"}},{"type":"Feature","id":486409,"geometry":{"type":"Point","coordinates":[-122.39324725056,41.4236971459067]},"properties":{"OBJECTID":486409,"HANDLER_ID":"CAC002982824","HANDLER_NAME":"COFFMAN SPECIALTIES, INC.","LOCATION_ADDRESS":"468 North Weed Blvd., Weed, CA 96094","FEDERAL_GENERATOR_STATUS":"Other","OPERATING_TSDF":"------","OPERATING_TSDF_DESC":"Not a TSDF","IS_CA":"No","PERMITTED_STATUS":"Not Permitted","TSDF_YES_NO":"No"}},{"type":"Feature","id":487597,"geometry":{"type":"Point","coordinates":[-122.136647288442,41.2521640561264]},"properties":{"OBJECTID":487597,"HANDLER_ID":"CAC002987326","HANDLER_NAME":"MCCLOUD HEALTHCARE CLINIC INC DBA MCCLOUD HEALTHCARE CLINIC","LOCATION_ADDRESS":"116 W Minnesota Ave, Mccloud, CA 96057","FEDERAL_GENERATOR_STATUS":"Other","OPERATING_TSDF":"------","OPERATING_TSDF_DESC":"Not a TSDF","IS_CA":"No","PERMITTED_STATUS":"Not Permitted","TSDF_YES_NO":"No"}},{"type":"Feature","id":492406,"geometry":{"type":"Point","coordinates":[-122.270576126187,41.2360239233655]},"properties":{"OBJECTID":492406,"HANDLER_ID":"CAL000443029","HANDLER_NAME":"CASTLE ROCK WATER COMPANY","LOCATION_ADDRESS":"4121 Dunsmuir Ave, Dunsmuir, CA 96025","FEDERAL_GENERATOR_STATUS":"Other","OPERATING_TSDF":"------","OPERATING_TSDF_DESC":"Not a TSDF","IS_CA":"No","PERMITTED_STATUS":"Not Permitted","TSDF_YES_NO":"No"}},{"type":"Feature","id":495953,"geometry":{"type":"Point","coordinates":[-122.223464241482,41.159132787748]},"properties":{"OBJECTID":495953,"HANDLER_ID":"CAC002996267","HANDLER_NAME":"CALTRANS 02-4G5204 PIT RIVER BRIDGE","LOCATION_ADDRESS":"Nb/Sb Sr-05 Pm 28 To 29, Lakehead, CA 96051","FEDERAL_GENERATOR_STATUS":"Other","OPERATING_TSDF":"------","OPERATING_TSDF_DESC":"Not a TSDF","IS_CA":"No","PERMITTED_STATUS":"Not Permitted","TSDF_YES_NO":"No"}},{"type":"Feature","id":501496,"geometry":{"type":"Point","coordinates":[-122.298241970291,41.2829280646785]},"properties":{"OBJECTID":501496,"HANDLER_ID":"CAC003001281","HANDLER_NAME":"SCHNEIDER NATIONAL","LOCATION_ADDRESS":"I-5 Nb At Exit 736, Mount Shasta, CA 96067","FEDERAL_GENERATOR_STATUS":"Other","OPERATING_TSDF":"------","OPERATING_TSDF_DESC":"Not a TSDF","IS_CA":"No","PERMITTED_STATUS":"Not Permitted","TSDF_YES_NO":"No"}},{"type":"Feature","id":502723,"geometry":{"type":"Point","coordinates":[-123.375759283864,41.796037157389]},"properties":{"OBJECTID":502723,"HANDLER_ID":"CAL000445335","HANDLER_NAME":"BIGFOOT TOWING & SMALL ENGINE","LOCATION_ADDRESS":"63843 State Hwy 96, Happy Camp, CA 96039","FEDERAL_GENERATOR_STATUS":"Other","OPERATING_TSDF":"------","OPERATING_TSDF_DESC":"Not a TSDF","IS_CA":"No","PERMITTED_STATUS":"Not Permitted","TSDF_YES_NO":"No"}},{"type":"Feature","id":503781,"geometry":{"type":"Point","coordinates":[-122.632943555501,41.7084467873894]},"properties":{"OBJECTID":503781,"HANDLER_ID":"CAL000443955","HANDLER_NAME":"MOUNTAIN READY MIX","LOCATION_ADDRESS":"321 Sharps Rd, Yreka, CA 96097","FEDERAL_GENERATOR_STATUS":"Other","OPERATING_TSDF":"------","OPERATING_TSDF_DESC":"Not a TSDF","IS_CA":"No","PERMITTED_STATUS":"Not Permitted","TSDF_YES_NO":"No"}},{"type":"Feature","id":504704,"geometry":{"type":"Point","coordinates":[-122.386382725382,41.4222249557172]},"properties":{"OBJECTID":504704,"HANDLER_ID":"CAC003016408","HANDLER_NAME":"MANNINO","LOCATION_ADDRESS":"60 North Weed Blvd, Weed, CA 96094","FEDERAL_GENERATOR_STATUS":"Other","OPERATING_TSDF":"------","OPERATING_TSDF_DESC":"Not a TSDF","IS_CA":"No","PERMITTED_STATUS":"Not Permitted","TSDF_YES_NO":"No"}},{"type":"Feature","id":504769,"geometry":{"type":"Point","coordinates":[-123.387465758938,41.7810787337966]},"properties":{"OBJECTID":504769,"HANDLER_ID":"CAC003019598","HANDLER_NAME":"HAPPY CAMP COMMUNITY SERVICES DISTRICT","LOCATION_ADDRESS":"929 Elk Creek Rd, Happy Camp, CA 96039","FEDERAL_GENERATOR_STATUS":"Other","OPERATING_TSDF":"------","OPERATING_TSDF_DESC":"Not a TSDF","IS_CA":"No","PERMITTED_STATUS":"Not Permitted","TSDF_YES_NO":"No"}},{"type":"Feature","id":504843,"geometry":{"type":"Point","coordinates":[-122.313748980331,41.3342406826615]},"properties":{"OBJECTID":504843,"HANDLER_ID":"CAC003016253","HANDLER_NAME":"CALTRANS 02-4G5504","LOCATION_ADDRESS":"Mt. Shasta I-5 Sb Pm 2.7/R11.4, Mount Shasta, CA 96067","FEDERAL_GENERATOR_STATUS":"Other","OPERATING_TSDF":"------","OPERATING_TSDF_DESC":"Not a TSDF","IS_CA":"No","PERMITTED_STATUS":"Not Permitted","TSDF_YES_NO":"No"}},{"type":"Feature","id":506679,"geometry":{"type":"Point","coordinates":[-121.564762104088,41.9455539441593]},"properties":{"OBJECTID":506679,"HANDLER_ID":"CAC003016379","HANDLER_NAME":"US FISH AND WILDLIFE SERVICE","LOCATION_ADDRESS":"4009 Hill Rd., Tulelake, CA 96134","FEDERAL_GENERATOR_STATUS":"Other","OPERATING_TSDF":"------","OPERATING_TSDF_DESC":"Not a TSDF","IS_CA":"No","PERMITTED_STATUS":"Not Permitted","TSDF_YES_NO":"No"}},{"type":"Feature","id":512362,"geometry":{"type":"Point","coordinates":[-122.319146711252,41.3079912707806]},"properties":{"OBJECTID":512362,"HANDLER_ID":"CAC003009509","HANDLER_NAME":"MT. SHASTA I-5 SOUTH BOUND EXIT 721","LOCATION_ADDRESS":"Mt. Shasta I-5 South Bound Exit 721, Mount Shasta, CA 96067","FEDERAL_GENERATOR_STATUS":"Other","OPERATING_TSDF":"------","OPERATING_TSDF_DESC":"Not a TSDF","IS_CA":"No","PERMITTED_STATUS":"Not Permitted","TSDF_YES_NO":"No"}},{"type":"Feature","id":512856,"geometry":{"type":"Point","coordinates":[-122.318012666152,41.3137082610275]},"properties":{"OBJECTID":512856,"HANDLER_ID":"CAC003009599","HANDLER_NAME":"520 CEDAR STREET","LOCATION_ADDRESS":"520 Cedar Street, Mount Shasta, CA 96067","FEDERAL_GENERATOR_STATUS":"Other","OPERATING_TSDF":"------","OPERATING_TSDF_DESC":"Not a TSDF","IS_CA":"No","PERMITTED_STATUS":"Not Permitted","TSDF_YES_NO":"No"}},{"type":"Feature","id":514507,"geometry":{"type":"Point","coordinates":[-122.313792147789,41.3155518712219]},"properties":{"OBJECTID":514507,"HANDLER_ID":"CAC003017145","HANDLER_NAME":"ALLEN KING","LOCATION_ADDRESS":"430 Chestnut St., Mount Shasta, CA 96067-2215","FEDERAL_GENERATOR_STATUS":"Other","OPERATING_TSDF":"------","OPERATING_TSDF_DESC":"Not a TSDF","IS_CA":"No","PERMITTED_STATUS":"Not Permitted","TSDF_YES_NO":"No"}},{"type":"Feature","id":514772,"geometry":{"type":"Point","coordinates":[-122.647116870947,41.7163761098697]},"properties":{"OBJECTID":514772,"HANDLER_ID":"CAC003016652","HANDLER_NAME":"450 PAYNE LN.","LOCATION_ADDRESS":"450 Payne Ln., Yreka, CA 96097","FEDERAL_GENERATOR_STATUS":"Other","OPERATING_TSDF":"------","OPERATING_TSDF_DESC":"Not a TSDF","IS_CA":"No","PERMITTED_STATUS":"Not Permitted","TSDF_YES_NO":"No"}},{"type":"Feature","id":515072,"geometry":{"type":"Point","coordinates":[-122.642391832917,41.7168806295375]},"properties":{"OBJECTID":515072,"HANDLER_ID":"CAC003018285","HANDLER_NAME":"DANCI HARRIS","LOCATION_ADDRESS":"1519 S Oregon St, Yreka, CA 96097","FEDERAL_GENERATOR_STATUS":"Other","OPERATING_TSDF":"------","OPERATING_TSDF_DESC":"Not a TSDF","IS_CA":"No","PERMITTED_STATUS":"Not Permitted","TSDF_YES_NO":"No"}},{"type":"Feature","id":515144,"geometry":{"type":"Point","coordinates":[-121.525268376434,41.9983639333489]},"properties":{"OBJECTID":515144,"HANDLER_ID":"CAC003017278","HANDLER_NAME":"LYMAN FARMS LLC","LOCATION_ADDRESS":"21551 Stateline Rd, Merrill, CA 97633","FEDERAL_GENERATOR_STATUS":"Other","OPERATING_TSDF":"------","OPERATING_TSDF_DESC":"Not a TSDF","IS_CA":"No","PERMITTED_STATUS":"Not Permitted","TSDF_YES_NO":"No"}},{"type":"Feature","id":515176,"geometry":{"type":"Point","coordinates":[-122.691605433244,41.8490908628531]},"properties":{"OBJECTID":515176,"HANDLER_ID":"CAC003017941","HANDLER_NAME":"8934 STATE HWY 96","LOCATION_ADDRESS":"8934 State Hwy 96, Klamath River, CA 96050","FEDERAL_GENERATOR_STATUS":"Other","OPERATING_TSDF":"------","OPERATING_TSDF_DESC":"Not a TSDF","IS_CA":"No","PERMITTED_STATUS":"Not Permitted","TSDF_YES_NO":"No"}},{"type":"Feature","id":516898,"geometry":{"type":"Point","coordinates":[-122.850994078114,41.6045876815763]},"properties":{"OBJECTID":516898,"HANDLER_ID":"CAL000446459","HANDLER_NAME":"GROWPRO INC DBA MOUNTAIN CREST GARDENS","LOCATION_ADDRESS":"402 Bridge St, Fort Jones, CA 96032","FEDERAL_GENERATOR_STATUS":"Other","OPERATING_TSDF":"------","OPERATING_TSDF_DESC":"Not a TSDF","IS_CA":"No","PERMITTED_STATUS":"Not Permitted","TSDF_YES_NO":"No"}},{"type":"Feature","id":517688,"geometry":{"type":"Point","coordinates":[-122.561942079963,41.9004403530399]},"properties":{"OBJECTID":517688,"HANDLER_ID":"CAL000446351","HANDLER_NAME":"NEW CINGULAR WIRELESS PCS LLC","LOCATION_ADDRESS":"14600/14616 Yreka St, Hornbrook, CA 96044","FEDERAL_GENERATOR_STATUS":"Other","OPERATING_TSDF":"------","OPERATING_TSDF_DESC":"Not a TSDF","IS_CA":"No","PERMITTED_STATUS":"Not Permitted","TSDF_YES_NO":"No"}},{"type":"Feature","id":517993,"geometry":{"type":"Point","coordinates":[-122.372321825192,41.4040307714031]},"properties":{"OBJECTID":517993,"HANDLER_ID":"CAL000446601","HANDLER_NAME":"CG ROXANNE LLC","LOCATION_ADDRESS":"1400 Marys Dr, Weed, CA 96094","FEDERAL_GENERATOR_STATUS":"Other","OPERATING_TSDF":"------","OPERATING_TSDF_DESC":"Not a TSDF","IS_CA":"No","PERMITTED_STATUS":"Not Permitted","TSDF_YES_NO":"No"}},{"type":"Feature","id":518559,"geometry":{"type":"Point","coordinates":[-121.90176775238,41.9560930992172]},"properties":{"OBJECTID":518559,"HANDLER_ID":"CAL000446244","HANDLER_NAME":"STATELINE FARMS INC DBA CEDAR POINT NURSERY","LOCATION_ADDRESS":"624  Dorris Brownell Rd, Dorris, CA 96023","FEDERAL_GENERATOR_STATUS":"Other","OPERATING_TSDF":"------","OPERATING_TSDF_DESC":"Not a TSDF","IS_CA":"No","PERMITTED_STATUS":"Not Permitted","TSDF_YES_NO":"No"}},{"type":"Feature","id":519988,"geometry":{"type":"Point","coordinates":[-121.475249882876,41.9538097205423]},"properties":{"OBJECTID":519988,"HANDLER_ID":"CAC003021563","HANDLER_NAME":"CALTRANS 02-2H1804","LOCATION_ADDRESS":"Rt 161 Eb/Sb Pm 18-3 To 19.4, Tulelake, CA 96134","FEDERAL_GENERATOR_STATUS":"Other","OPERATING_TSDF":"------","OPERATING_TSDF_DESC":"Not a TSDF","IS_CA":"No","PERMITTED_STATUS":"Not Permitted","TSDF_YES_NO":"No"}},{"type":"Feature","id":520798,"geometry":{"type":"Point","coordinates":[-122.532428129055,41.7219240275719]},"properties":{"OBJECTID":520798,"HANDLER_ID":"CAL000444590","HANDLER_NAME":"M PETERS INC","LOCATION_ADDRESS":"631 S 11th St, Montague, CA 96064","FEDERAL_GENERATOR_STATUS":"Other","OPERATING_TSDF":"------","OPERATING_TSDF_DESC":"Not a TSDF","IS_CA":"No","PERMITTED_STATUS":"Not Permitted","TSDF_YES_NO":"No"}},{"type":"Feature","id":522624,"geometry":{"type":"Point","coordinates":[-122.893898034966,41.4632763091544]},"properties":{"OBJECTID":522624,"HANDLER_ID":"CAL000414002","HANDLER_NAME":"DOLLAR GENERAL #16154","LOCATION_ADDRESS":"15 Telco Way, Etna, CA 96027","FEDERAL_GENERATOR_STATUS":"Other","OPERATING_TSDF":"------","OPERATING_TSDF_DESC":"Not a TSDF","IS_CA":"No","PERMITTED_STATUS":"Not Permitted","TSDF_YES_NO":"No"}},{"type":"Feature","id":523148,"geometry":{"type":"Point","coordinates":[-122.306159601584,41.3121038704973]},"properties":{"OBJECTID":523148,"HANDLER_ID":"CAL000385409","HANDLER_NAME":"CALIFORNIA HIGHWAY PATROL AIR OPS MERCY-MOUNT SHASTA","LOCATION_ADDRESS":"41d19.125n 122d19.192w, Mount Shasta, CA 96067","FEDERAL_GENERATOR_STATUS":"Other","OPERATING_TSDF":"------","OPERATING_TSDF_DESC":"Not a TSDF","IS_CA":"No","PERMITTED_STATUS":"Not Permitted","TSDF_YES_NO":"No"}},{"type":"Feature","id":526691,"geometry":{"type":"Point","coordinates":[-122.639385399317,41.7210336987463]},"properties":{"OBJECTID":526691,"HANDLER_ID":"CAC003042895","HANDLER_NAME":"ELLIS BROOKS MOTORS","LOCATION_ADDRESS":"1113 S Main St, Yreka, CA 96097-3409","FEDERAL_GENERATOR_STATUS":"Other","OPERATING_TSDF":"------","OPERATING_TSDF_DESC":"Not a TSDF","IS_CA":"No","PERMITTED_STATUS":"Not Permitted","TSDF_YES_NO":"No"}},{"type":"Feature","id":528582,"geometry":{"type":"Point","coordinates":[-123.537768553176,41.3026690829119]},"properties":{"OBJECTID":528582,"HANDLER_ID":"CAL000329632","HANDLER_NAME":"MCLAUGHLIN & SONS","LOCATION_ADDRESS":"38228 State Highway 96, Orleans, CA 95556","FEDERAL_GENERATOR_STATUS":"Other","OPERATING_TSDF":"------","OPERATING_TSDF_DESC":"Not a TSDF","IS_CA":"No","PERMITTED_STATUS":"Not Permitted","TSDF_YES_NO":"No"}},{"type":"Feature","id":531349,"geometry":{"type":"Point","coordinates":[-122.40772093957,41.6240696950605]},"properties":{"OBJECTID":531349,"HANDLER_ID":"CAC003061766","HANDLER_NAME":"MAYTEN STORE","LOCATION_ADDRESS":"7126 County Highway A 12, Montague, CA 96064","FEDERAL_GENERATOR_STATUS":"Other","OPERATING_TSDF":"------","OPERATING_TSDF_DESC":"Not a TSDF","IS_CA":"No","PERMITTED_STATUS":"Not Permitted","TSDF_YES_NO":"No"}},{"type":"Feature","id":532720,"geometry":{"type":"Point","coordinates":[-122.838948558629,41.6116950237065]},"properties":{"OBJECTID":532720,"HANDLER_ID":"CAC003032159","HANDLER_NAME":"ANDREW BROWN, DARREN AND TRISHA FRANKLIN","LOCATION_ADDRESS":"12225 Main Street, Fort Jones, CA 96032","FEDERAL_GENERATOR_STATUS":"Other","OPERATING_TSDF":"------","OPERATING_TSDF_DESC":"Not a TSDF","IS_CA":"No","PERMITTED_STATUS":"Not Permitted","TSDF_YES_NO":"No"}},{"type":"Feature","id":533004,"geometry":{"type":"Point","coordinates":[-122.647489190274,41.7372358847284]},"properties":{"OBJECTID":533004,"HANDLER_ID":"CAC003032426","HANDLER_NAME":"904 PARK PL","LOCATION_ADDRESS":"904 Park Pl, Yreka, CA 96097-2240","FEDERAL_GENERATOR_STATUS":"Other","OPERATING_TSDF":"------","OPERATING_TSDF_DESC":"Not a TSDF","IS_CA":"No","PERMITTED_STATUS":"Not Permitted","TSDF_YES_NO":"No"}},{"type":"Feature","id":535530,"geometry":{"type":"Point","coordinates":[-122.395296805503,41.4241953703201]},"properties":{"OBJECTID":535530,"HANDLER_ID":"CAL000448474","HANDLER_NAME":"JP AND FAMILY ROADSIDE TRUCK REPAIR","LOCATION_ADDRESS":"600 N Weed Blvd, Weed, CA 96094","FEDERAL_GENERATOR_STATUS":"Other","OPERATING_TSDF":"------","OPERATING_TSDF_DESC":"Not a TSDF","IS_CA":"No","PERMITTED_STATUS":"Not Permitted","TSDF_YES_NO":"No"}},{"type":"Feature","id":535889,"geometry":{"type":"Point","coordinates":[-122.319553204816,41.3199981194177]},"properties":{"OBJECTID":535889,"HANDLER_ID":"CAL000448386","HANDLER_NAME":"JSCA INC DBA JEFFERSON SOUL","LOCATION_ADDRESS":"910 N Mt Shasta, Mount Shasta, CA 96067","FEDERAL_GENERATOR_STATUS":"Other","OPERATING_TSDF":"------","OPERATING_TSDF_DESC":"Not a TSDF","IS_CA":"No","PERMITTED_STATUS":"Not Permitted","TSDF_YES_NO":"No"}},{"type":"Feature","id":536965,"geometry":{"type":"Point","coordinates":[-122.379499314442,41.5120348525265]},"properties":{"OBJECTID":536965,"HANDLER_ID":"CAC003035800","HANDLER_NAME":"5238 HILL DR","LOCATION_ADDRESS":"5238 Hill Dr, Weed, CA 96094-9455","FEDERAL_GENERATOR_STATUS":"Other","OPERATING_TSDF":"------","OPERATING_TSDF_DESC":"Not a TSDF","IS_CA":"No","PERMITTED_STATUS":"Not Permitted","TSDF_YES_NO":"No"}},{"type":"Feature","id":537568,"geometry":{"type":"Point","coordinates":[-122.302016424918,41.3198344428054]},"properties":{"OBJECTID":537568,"HANDLER_ID":"CAL000447816","HANDLER_NAME":"SISKIYOU ICE RINK","LOCATION_ADDRESS":"800 Rockfellow Dr, Mount Shasta, CA 96067","FEDERAL_GENERATOR_STATUS":"Other","OPERATING_TSDF":"------","OPERATING_TSDF_DESC":"Not a TSDF","IS_CA":"No","PERMITTED_STATUS":"Not Permitted","TSDF_YES_NO":"No"}},{"type":"Feature","id":537643,"geometry":{"type":"Point","coordinates":[-122.632296043627,41.6855590413168]},"properties":{"OBJECTID":537643,"HANDLER_ID":"CAC003034324","HANDLER_NAME":"3202 FAIR LANE DRIVE","LOCATION_ADDRESS":"3202 Fair Lane Drive, Yreka, CA 96097","FEDERAL_GENERATOR_STATUS":"Other","OPERATING_TSDF":"------","OPERATING_TSDF_DESC":"Not a TSDF","IS_CA":"No","PERMITTED_STATUS":"Not Permitted","TSDF_YES_NO":"No"}},{"type":"Feature","id":539204,"geometry":{"type":"Point","coordinates":[-122.640693912894,41.7124145962567]},"properties":{"OBJECTID":539204,"HANDLER_ID":"CAL000449374","HANDLER_NAME":"NOR CAL DIESEL & AUTO REPAIR","LOCATION_ADDRESS":"1480 Fairlane Rd, Yreka, CA 96097","FEDERAL_GENERATOR_STATUS":"Other","OPERATING_TSDF":"------","OPERATING_TSDF_DESC":"Not a TSDF","IS_CA":"No","PERMITTED_STATUS":"Not Permitted","TSDF_YES_NO":"No"}},{"type":"Feature","id":540404,"geometry":{"type":"Point","coordinates":[-122.630209616481,41.7152042932436]},"properties":{"OBJECTID":540404,"HANDLER_ID":"CAL000452988","HANDLER_NAME":"RENTAL GUYS YREKA","LOCATION_ADDRESS":"552 E Oberlin Rd, Yreka, CA 96097","FEDERAL_GENERATOR_STATUS":"Other","OPERATING_TSDF":"------","OPERATING_TSDF_DESC":"Not a TSDF","IS_CA":"No","PERMITTED_STATUS":"Not Permitted","TSDF_YES_NO":"No"}},{"type":"Feature","id":540691,"geometry":{"type":"Point","coordinates":[-122.313470190497,41.3152568935909]},"properties":{"OBJECTID":540691,"HANDLER_ID":"CAL000401100","HANDLER_NAME":"BJERS MODERN AND CLASSIC AUTO REPAIR","LOCATION_ADDRESS":"415 Chestnut St, Mount Shasta, CA 96067","FEDERAL_GENERATOR_STATUS":"Other","OPERATING_TSDF":"------","OPERATING_TSDF_DESC":"Not a TSDF","IS_CA":"No","PERMITTED_STATUS":"Not Permitted","TSDF_YES_NO":"No"}},{"type":"Feature","id":541294,"geometry":{"type":"Point","coordinates":[-122.321109931278,41.1474820706411]},"properties":{"OBJECTID":541294,"HANDLER_ID":"CAL000453344","HANDLER_NAME":"CALIFORNIA STATE PARKS - CASTLE CRAGS SP","LOCATION_ADDRESS":"20022 Castle Creek Rd, Castella, CA 96017","FEDERAL_GENERATOR_STATUS":"Other","OPERATING_TSDF":"------","OPERATING_TSDF_DESC":"Not a TSDF","IS_CA":"No","PERMITTED_STATUS":"Not Permitted","TSDF_YES_NO":"No"}},{"type":"Feature","id":541334,"geometry":{"type":"Point","coordinates":[-121.50305692054,41.0615869226984]},"properties":{"OBJECTID":541334,"HANDLER_ID":"CAL000453082","HANDLER_NAME":"PAUL VAN RIET FARMS","LOCATION_ADDRESS":"41416 Brown Rd, Fall River Mills, CA 96028","FEDERAL_GENERATOR_STATUS":"Other","OPERATING_TSDF":"------","OPERATING_TSDF_DESC":"Not a TSDF","IS_CA":"No","PERMITTED_STATUS":"Not Permitted","TSDF_YES_NO":"No"}},{"type":"Feature","id":543775,"geometry":{"type":"Point","coordinates":[-122.896836120091,41.4629624457604]},"properties":{"OBJECTID":543775,"HANDLER_ID":"CAL000142275","HANDLER_NAME":"ETNA HIGH SCHOOL","LOCATION_ADDRESS":"400 Howell St., Etna, CA 96027-0000","FEDERAL_GENERATOR_STATUS":"Other","OPERATING_TSDF":"------","OPERATING_TSDF_DESC":"Not a TSDF","IS_CA":"No","PERMITTED_STATUS":"Not Permitted","TSDF_YES_NO":"No"}},{"type":"Feature","id":543813,"geometry":{"type":"Point","coordinates":[-122.312504318619,41.313073339663]},"properties":{"OBJECTID":543813,"HANDLER_ID":"CAL000446924","HANDLER_NAME":"OWENS PHARMACY #22","LOCATION_ADDRESS":"101 W Lake St, Mount Shasta, CA 96067","FEDERAL_GENERATOR_STATUS":"Other","OPERATING_TSDF":"------","OPERATING_TSDF_DESC":"Not a TSDF","IS_CA":"No","PERMITTED_STATUS":"Not Permitted","TSDF_YES_NO":"No"}},{"type":"Feature","id":544807,"geometry":{"type":"Point","coordinates":[-122.639367412876,41.7211182350186]},"properties":{"OBJECTID":544807,"HANDLER_ID":"CAC003025824","HANDLER_NAME":"ELLIS BROOKS MOTORS","LOCATION_ADDRESS":"1113 S Main St, Yreka, CA 96097-3409","FEDERAL_GENERATOR_STATUS":"Other","OPERATING_TSDF":"------","OPERATING_TSDF_DESC":"Not a TSDF","IS_CA":"No","PERMITTED_STATUS":"Not Permitted","TSDF_YES_NO":"No"}},{"type":"Feature","id":545219,"geometry":{"type":"Point","coordinates":[-122.39324725056,41.4236971459067]},"properties":{"OBJECTID":545219,"HANDLER_ID":"CAC003024693","HANDLER_NAME":"COFFMAN SPECIALTIES, INC.","LOCATION_ADDRESS":"468 North Weed Blvd., Weed, CA 96094","FEDERAL_GENERATOR_STATUS":"Other","OPERATING_TSDF":"------","OPERATING_TSDF_DESC":"Not a TSDF","IS_CA":"No","PERMITTED_STATUS":"Not Permitted","TSDF_YES_NO":"No"}},{"type":"Feature","id":545526,"geometry":{"type":"Point","coordinates":[-122.136103198604,41.2531047469866]},"properties":{"OBJECTID":545526,"HANDLER_ID":"CAL000447429","HANDLER_NAME":"TEAM RACING AND DEVELOPMENT","LOCATION_ADDRESS":"220 Broadway Ave, Mccloud, CA 96057","FEDERAL_GENERATOR_STATUS":"Other","OPERATING_TSDF":"------","OPERATING_TSDF_DESC":"Not a TSDF","IS_CA":"No","PERMITTED_STATUS":"Not Permitted","TSDF_YES_NO":"No"}},{"type":"Feature","id":545965,"geometry":{"type":"Point","coordinates":[-122.842532356983,41.6093603836749]},"properties":{"OBJECTID":545965,"HANDLER_ID":"CAL000446875","HANDLER_NAME":"VALLEY AUTO REPAIR","LOCATION_ADDRESS":"111 Butte St, Fort Jones, CA 96032","FEDERAL_GENERATOR_STATUS":"Other","OPERATING_TSDF":"------","OPERATING_TSDF_DESC":"Not a TSDF","IS_CA":"No","PERMITTED_STATUS":"Not Permitted","TSDF_YES_NO":"No"}},{"type":"Feature","id":546779,"geometry":{"type":"Point","coordinates":[-122.638018429807,41.7261886127144]},"properties":{"OBJECTID":546779,"HANDLER_ID":"CAL000449722","HANDLER_NAME":"YREKA PHARMACY INC DBA YREKA PHARMACY","LOCATION_ADDRESS":"748 S Main St, Yreka, CA 96097","FEDERAL_GENERATOR_STATUS":"Other","OPERATING_TSDF":"------","OPERATING_TSDF_DESC":"Not a TSDF","IS_CA":"No","PERMITTED_STATUS":"Not Permitted","TSDF_YES_NO":"No"}},{"type":"Feature","id":551722,"geometry":{"type":"Point","coordinates":[-122.306797220915,41.3246817886337]},"properties":{"OBJECTID":551722,"HANDLER_ID":"CAC003047471","HANDLER_NAME":"833 BUTTE AVE","LOCATION_ADDRESS":"833 Butte Ave, Mount Shasta, CA 96067-9761","FEDERAL_GENERATOR_STATUS":"Other","OPERATING_TSDF":"------","OPERATING_TSDF_DESC":"Not a TSDF","IS_CA":"No","PERMITTED_STATUS":"Not Permitted","TSDF_YES_NO":"No"}},{"type":"Feature","id":554768,"geometry":{"type":"Point","coordinates":[-122.130448261578,41.2541452625939]},"properties":{"OBJECTID":554768,"HANDLER_ID":"CAC003049844","HANDLER_NAME":"MCCLOUD ELEMENTARY SCHOOL","LOCATION_ADDRESS":"332 Hamilton Way, Mccloud, CA 96057","FEDERAL_GENERATOR_STATUS":"Other","OPERATING_TSDF":"------","OPERATING_TSDF_DESC":"Not a TSDF","IS_CA":"No","PERMITTED_STATUS":"Not Permitted","TSDF_YES_NO":"No"}},{"type":"Feature","id":557009,"geometry":{"type":"Point","coordinates":[-123.534659596863,41.2862420664183]},"properties":{"OBJECTID":557009,"HANDLER_ID":"CAC003051203","HANDLER_NAME":"840 FERRIS RANCH RD","LOCATION_ADDRESS":"840 Ferris Ranch Rd, Orleans, CA 95556","FEDERAL_GENERATOR_STATUS":"Other","OPERATING_TSDF":"------","OPERATING_TSDF_DESC":"Not a TSDF","IS_CA":"No","PERMITTED_STATUS":"Not Permitted","TSDF_YES_NO":"No"}},{"type":"Feature","id":560972,"geometry":{"type":"Point","coordinates":[-122.386557193859,41.4141517417096]},"properties":{"OBJECTID":560972,"HANDLER_ID":"CAC003027954","HANDLER_NAME":"380 SISKIYOU WAY #17 & 19","LOCATION_ADDRESS":"380 Siskiyou Way #17 & 19, Weed, CA 96094","FEDERAL_GENERATOR_STATUS":"Other","OPERATING_TSDF":"------","OPERATING_TSDF_DESC":"Not a TSDF","IS_CA":"No","PERMITTED_STATUS":"Not Permitted","TSDF_YES_NO":"No"}},{"type":"Feature","id":562477,"geometry":{"type":"Point","coordinates":[-122.139991867131,41.2571687833128]},"properties":{"OBJECTID":562477,"HANDLER_ID":"CAC003053108","HANDLER_NAME":"533 WETZEL DRIVE","LOCATION_ADDRESS":"533 Wetzel Drive, Mccloud, CA 96057","FEDERAL_GENERATOR_STATUS":"Other","OPERATING_TSDF":"------","OPERATING_TSDF_DESC":"Not a TSDF","IS_CA":"No","PERMITTED_STATUS":"Not Permitted","TSDF_YES_NO":"No"}},{"type":"Feature","id":564458,"geometry":{"type":"Point","coordinates":[-122.419502957695,41.9703518502578]},"properties":{"OBJECTID":564458,"HANDLER_ID":"CAC003054144","HANDLER_NAME":"PACIFIC POWER","LOCATION_ADDRESS":"19112 Iron Gate Lake Road, Hornbrook, CA 96044","FEDERAL_GENERATOR_STATUS":"Other","OPERATING_TSDF":"------","OPERATING_TSDF_DESC":"Not a TSDF","IS_CA":"No","PERMITTED_STATUS":"Not Permitted","TSDF_YES_NO":"No"}},{"type":"Feature","id":565448,"geometry":{"type":"Point","coordinates":[-122.632681852785,41.7357313189453]},"properties":{"OBJECTID":565448,"HANDLER_ID":"CAC003053741","HANDLER_NAME":"134 E LENNOX STREET","LOCATION_ADDRESS":"134 E Lennox Street, Yreka, CA 96097-2514","FEDERAL_GENERATOR_STATUS":"Other","OPERATING_TSDF":"------","OPERATING_TSDF_DESC":"Not a TSDF","IS_CA":"No","PERMITTED_STATUS":"Not Permitted","TSDF_YES_NO":"No"}},{"type":"Feature","id":565989,"geometry":{"type":"Point","coordinates":[-123.384346910082,41.8438693990536]},"properties":{"OBJECTID":565989,"HANDLER_ID":"CAL000190884","HANDLER_NAME":"WHITE LOGGING CO","LOCATION_ADDRESS":"3900 Pine Place Rd, Happy Camp, CA 96039-0000","FEDERAL_GENERATOR_STATUS":"Other","OPERATING_TSDF":"------","OPERATING_TSDF_DESC":"Not a TSDF","IS_CA":"No","PERMITTED_STATUS":"Not Permitted","TSDF_YES_NO":"No"}},{"type":"Feature","id":566837,"geometry":{"type":"Point","coordinates":[-122.34147417969,41.3391941484912]},"properties":{"OBJECTID":566837,"HANDLER_ID":"CAL000359410","HANDLER_NAME":"SOUSA READY MIX, LLC","LOCATION_ADDRESS":"100 Upton Rd, Mount Shasta, CA 96067-9169","FEDERAL_GENERATOR_STATUS":"Other","OPERATING_TSDF":"------","OPERATING_TSDF_DESC":"Not a TSDF","IS_CA":"No","PERMITTED_STATUS":"Not Permitted","TSDF_YES_NO":"No"}},{"type":"Feature","id":567042,"geometry":{"type":"Point","coordinates":[-122.639185749822,41.7223763865611]},"properties":{"OBJECTID":567042,"HANDLER_ID":"CAL000452277","HANDLER_NAME":"OZOTECH INC","LOCATION_ADDRESS":"1015 S Main St, Yreka, CA 96097","FEDERAL_GENERATOR_STATUS":"Other","OPERATING_TSDF":"------","OPERATING_TSDF_DESC":"Not a TSDF","IS_CA":"No","PERMITTED_STATUS":"Not Permitted","TSDF_YES_NO":"No"}},{"type":"Feature","id":567996,"geometry":{"type":"Point","coordinates":[-122.044285115666,41.7971613099466]},"properties":{"OBJECTID":567996,"HANDLER_ID":"CAL000451465","HANDLER_NAME":"PLANASA LLC","LOCATION_ADDRESS":"14500 Shoemaker Rd, Macdoel, CA 96058","FEDERAL_GENERATOR_STATUS":"Other","OPERATING_TSDF":"------","OPERATING_TSDF_DESC":"Not a TSDF","IS_CA":"No","PERMITTED_STATUS":"Not Permitted","TSDF_YES_NO":"No"}},{"type":"Feature","id":573582,"geometry":{"type":"Point","coordinates":[-122.384617356206,41.421147567906]},"properties":{"OBJECTID":573582,"HANDLER_ID":"CAL000454496","HANDLER_NAME":"ANDY'S TRANSMISSION","LOCATION_ADDRESS":"69 S Weed Blvd, Weed, CA 96094","FEDERAL_GENERATOR_STATUS":"Other","OPERATING_TSDF":"------","OPERATING_TSDF_DESC":"Not a TSDF","IS_CA":"No","PERMITTED_STATUS":"Not Permitted","TSDF_YES_NO":"No"}},{"type":"Feature","id":574072,"geometry":{"type":"Point","coordinates":[-121.514200420013,41.9981687804649]},"properties":{"OBJECTID":574072,"HANDLER_ID":"CAL000214462","HANDLER_NAME":"CAL-ORE PRODUCE","LOCATION_ADDRESS":"19912 Stateline Rd, Tulelake, CA 96134","FEDERAL_GENERATOR_STATUS":"Other","OPERATING_TSDF":"------","OPERATING_TSDF_DESC":"Not a TSDF","IS_CA":"No","PERMITTED_STATUS":"Not Permitted","TSDF_YES_NO":"No"}},{"type":"Feature","id":575526,"geometry":{"type":"Point","coordinates":[-122.331476416503,41.3187309746548]},"properties":{"OBJECTID":575526,"HANDLER_ID":"CAC003068249","HANDLER_NAME":"940 DOUGLAS LANE","LOCATION_ADDRESS":"940 Douglas Lane, Mount Shasta, CA 96067-9065","FEDERAL_GENERATOR_STATUS":"Other","OPERATING_TSDF":"------","OPERATING_TSDF_DESC":"Not a TSDF","IS_CA":"No","PERMITTED_STATUS":"Not Permitted","TSDF_YES_NO":"No"}},{"type":"Feature","id":575870,"geometry":{"type":"Point","coordinates":[-121.437972984066,41.0018836300256]},"properties":{"OBJECTID":575870,"HANDLER_ID":"CAC003067458","HANDLER_NAME":"PACIFIC GAS AND ELECTRIC","LOCATION_ADDRESS":"24754 Main Street, Fall River Mills, CA 96028","FEDERAL_GENERATOR_STATUS":"Other","OPERATING_TSDF":"------","OPERATING_TSDF_DESC":"Not a TSDF","IS_CA":"No","PERMITTED_STATUS":"Not Permitted","TSDF_YES_NO":"No"}},{"type":"Feature","id":577471,"geometry":{"type":"Point","coordinates":[-122.319493849561,41.3024730307059]},"properties":{"OBJECTID":577471,"HANDLER_ID":"CAC003066639","HANDLER_NAME":"604 SOUTH OLD STAGE ROAD","LOCATION_ADDRESS":"604 South Old Stage Road, Mount Shasta, CA 96067","FEDERAL_GENERATOR_STATUS":"Other","OPERATING_TSDF":"------","OPERATING_TSDF_DESC":"Not a TSDF","IS_CA":"No","PERMITTED_STATUS":"Not Permitted","TSDF_YES_NO":"No"}},{"type":"Feature","id":580040,"geometry":{"type":"Point","coordinates":[-122.636886183351,41.7298776317474]},"properties":{"OBJECTID":580040,"HANDLER_ID":"CAC003076905","HANDLER_NAME":"SISKIYOU DAILY NEWS","LOCATION_ADDRESS":"309 South Broadway, Yreka, CA 96097","FEDERAL_GENERATOR_STATUS":"Other","OPERATING_TSDF":"------","OPERATING_TSDF_DESC":"Not a TSDF","IS_CA":"No","PERMITTED_STATUS":"Not Permitted","TSDF_YES_NO":"No"}},{"type":"Feature","id":580894,"geometry":{"type":"Point","coordinates":[-121.926366908306,41.9642166752594]},"properties":{"OBJECTID":580894,"HANDLER_ID":"CAL912355533","HANDLER_NAME":"CAL-ORE TELEPHONE CO","LOCATION_ADDRESS":"720 W 3rd St, Dorris, CA 96023","FEDERAL_GENERATOR_STATUS":"Other","OPERATING_TSDF":"------","OPERATING_TSDF_DESC":"Not a TSDF","IS_CA":"No","PERMITTED_STATUS":"Not Permitted","TSDF_YES_NO":"No"}},{"type":"Feature","id":581010,"geometry":{"type":"Point","coordinates":[-122.412382125734,41.2612562020122]},"properties":{"OBJECTID":581010,"HANDLER_ID":"CAL000455838","HANDLER_NAME":"SISKIYOU COUNTY BOX CANYON POWER HOUSE","LOCATION_ADDRESS":"2623 W A Barr Rd, Mount Shasta, CA 96067","FEDERAL_GENERATOR_STATUS":"Other","OPERATING_TSDF":"------","OPERATING_TSDF_DESC":"Not a TSDF","IS_CA":"No","PERMITTED_STATUS":"Not Permitted","TSDF_YES_NO":"No"}},{"type":"Feature","id":581013,"geometry":{"type":"Point","coordinates":[-122.59956072115,41.711619595568]},"properties":{"OBJECTID":581013,"HANDLER_ID":"CAL000455841","HANDLER_NAME":"SISKIYOU COUNTY OBERLIN TRANSFER STATION","LOCATION_ADDRESS":"2420 E Oberlin Rd, Yreka, CA 96097","FEDERAL_GENERATOR_STATUS":"Other","OPERATING_TSDF":"------","OPERATING_TSDF_DESC":"Not a TSDF","IS_CA":"No","PERMITTED_STATUS":"Not Permitted","TSDF_YES_NO":"No"}},{"type":"Feature","id":581921,"geometry":{"type":"Point","coordinates":[-121.489979878668,41.0663578261529]},"properties":{"OBJECTID":581921,"HANDLER_ID":"CAL000454195","HANDLER_NAME":"LB FARMS","LOCATION_ADDRESS":"41839 Mcarthur Rd, Fall River Mills, CA 96028","FEDERAL_GENERATOR_STATUS":"Other","OPERATING_TSDF":"------","OPERATING_TSDF_DESC":"Not a TSDF","IS_CA":"No","PERMITTED_STATUS":"Not Permitted","TSDF_YES_NO":"No"}},{"type":"Feature","id":582163,"geometry":{"type":"Point","coordinates":[-122.274373963188,41.2098932219947]},"properties":{"OBJECTID":582163,"HANDLER_ID":"CAC003075678","HANDLER_NAME":"5917 CASTLE AVENUE","LOCATION_ADDRESS":"5917 Castle Avenue, Dunsmuir, CA 96025","FEDERAL_GENERATOR_STATUS":"Other","OPERATING_TSDF":"------","OPERATING_TSDF_DESC":"Not a TSDF","IS_CA":"No","PERMITTED_STATUS":"Not Permitted","TSDF_YES_NO":"No"}},{"type":"Feature","id":584238,"geometry":{"type":"Point","coordinates":[-122.639385399317,41.7210336987463]},"properties":{"OBJECTID":584238,"HANDLER_ID":"CAC003069996","HANDLER_NAME":"ELLIS BROOKS MOTORS","LOCATION_ADDRESS":"1113 So. Main Street, Yreka, CA 96097","FEDERAL_GENERATOR_STATUS":"Other","OPERATING_TSDF":"------","OPERATING_TSDF_DESC":"Not a TSDF","IS_CA":"No","PERMITTED_STATUS":"Not Permitted","TSDF_YES_NO":"No"}},{"type":"Feature","id":585349,"geometry":{"type":"Point","coordinates":[-122.647800355702,41.7385192172881]},"properties":{"OBJECTID":585349,"HANDLER_ID":"CAC003070943","HANDLER_NAME":"913 OAK STREET","LOCATION_ADDRESS":"913 Oak Street, Yreka, CA 96097","FEDERAL_GENERATOR_STATUS":"Other","OPERATING_TSDF":"------","OPERATING_TSDF_DESC":"Not a TSDF","IS_CA":"No","PERMITTED_STATUS":"Not Permitted","TSDF_YES_NO":"No"}},{"type":"Feature","id":586090,"geometry":{"type":"Point","coordinates":[-122.37930955749,41.3979342672527]},"properties":{"OBJECTID":586090,"HANDLER_ID":"CAC003072867","HANDLER_NAME":"UPS FREIGHT","LOCATION_ADDRESS":"1925 Shastina Drive, Weed, CA 96094","FEDERAL_GENERATOR_STATUS":"Other","OPERATING_TSDF":"------","OPERATING_TSDF_DESC":"Not a TSDF","IS_CA":"No","PERMITTED_STATUS":"Not Permitted","TSDF_YES_NO":"No"}},{"type":"Feature","id":586728,"geometry":{"type":"Point","coordinates":[-122.841026891878,41.6058782087125]},"properties":{"OBJECTID":586728,"HANDLER_ID":"CAC003072831","HANDLER_NAME":"11818 EAST STREET","LOCATION_ADDRESS":"11818 East Street, Fort Jones, CA 96032","FEDERAL_GENERATOR_STATUS":"Other","OPERATING_TSDF":"------","OPERATING_TSDF_DESC":"Not a TSDF","IS_CA":"No","PERMITTED_STATUS":"Not Permitted","TSDF_YES_NO":"No"}},{"type":"Feature","id":588319,"geometry":{"type":"Point","coordinates":[-122.310120215875,41.3148755810433]},"properties":{"OBJECTID":588319,"HANDLER_ID":"CAC003078894","HANDLER_NAME":"305 E LAKE STREET","LOCATION_ADDRESS":"305 E Lake Street, Mount Shasta, CA 96067","FEDERAL_GENERATOR_STATUS":"Other","OPERATING_TSDF":"------","OPERATING_TSDF_DESC":"Not a TSDF","IS_CA":"No","PERMITTED_STATUS":"Not Permitted","TSDF_YES_NO":"No"}},{"type":"Feature","id":589072,"geometry":{"type":"Point","coordinates":[-122.305670370391,41.2891981379838]},"properties":{"OBJECTID":589072,"HANDLER_ID":"CAL000332499","HANDLER_NAME":"LONG HAIR COLLISION WORKS","LOCATION_ADDRESS":"2224 S Mount Shasta Blvd, Mount Shasta, CA 96067","FEDERAL_GENERATOR_STATUS":"Other","OPERATING_TSDF":"------","OPERATING_TSDF_DESC":"Not a TSDF","IS_CA":"No","PERMITTED_STATUS":"Not Permitted","TSDF_YES_NO":"No"}},{"type":"Feature","id":590128,"geometry":{"type":"Point","coordinates":[-122.274561921495,41.2189071268625]},"properties":{"OBJECTID":590128,"HANDLER_ID":"CAL000426761","HANDLER_NAME":"DOLLAR GENERAL #16699","LOCATION_ADDRESS":"5130 Florence Loop, Dunsmuir, CA 96025","FEDERAL_GENERATOR_STATUS":"Other","OPERATING_TSDF":"------","OPERATING_TSDF_DESC":"Not a TSDF","IS_CA":"No","PERMITTED_STATUS":"Not Permitted","TSDF_YES_NO":"No"}},{"type":"Feature","id":596484,"geometry":{"type":"Point","coordinates":[-123.545131302767,41.3033939364811]},"properties":{"OBJECTID":596484,"HANDLER_ID":"CAC003083217","HANDLER_NAME":"USDA FOREST SERVICE","LOCATION_ADDRESS":"222 Big Rock Road, Orleans, CA 95556","FEDERAL_GENERATOR_STATUS":"Other","OPERATING_TSDF":"------","OPERATING_TSDF_DESC":"Not a TSDF","IS_CA":"No","PERMITTED_STATUS":"Not Permitted","TSDF_YES_NO":"No"}},{"type":"Feature","id":599987,"geometry":{"type":"Point","coordinates":[-122.367955616658,41.3689976810982]},"properties":{"OBJECTID":599987,"HANDLER_ID":"CAL000277684","HANDLER_NAME":"DARRAH LOGGING INC","LOCATION_ADDRESS":"5139 Truck Village Dr, Mount Shasta, CA 96067","FEDERAL_GENERATOR_STATUS":"Other","OPERATING_TSDF":"------","OPERATING_TSDF_DESC":"Not a TSDF","IS_CA":"No","PERMITTED_STATUS":"Not Permitted","TSDF_YES_NO":"No"}},{"type":"Feature","id":604843,"geometry":{"type":"Point","coordinates":[-122.640469981704,41.7238827509883]},"properties":{"OBJECTID":604843,"HANDLER_ID":"CAC003097754","HANDLER_NAME":"YOUTH EMPOWERMENT SISKIYOU","LOCATION_ADDRESS":"907 4th St., Yreka, CA 96097-3313","FEDERAL_GENERATOR_STATUS":"Other","OPERATING_TSDF":"------","OPERATING_TSDF_DESC":"Not a TSDF","IS_CA":"No","PERMITTED_STATUS":"Not Permitted","TSDF_YES_NO":"No"}},{"type":"Feature","id":609593,"geometry":{"type":"Point","coordinates":[-122.418939982094,40.9956306438392]},"properties":{"OBJECTID":609593,"HANDLER_ID":"CAC003094259","HANDLER_NAME":"UNITED PARCEL SERVICE, INC.","LOCATION_ADDRESS":"Interstate 5 Nb Exit 712, Gibson, CA 96051","FEDERAL_GENERATOR_STATUS":"Other","OPERATING_TSDF":"------","OPERATING_TSDF_DESC":"Not a TSDF","IS_CA":"No","PERMITTED_STATUS":"Not Permitted","TSDF_YES_NO":"No"}},{"type":"Feature","id":611737,"geometry":{"type":"Point","coordinates":[-122.372151853325,41.5354576952166]},"properties":{"OBJECTID":611737,"HANDLER_ID":"CAC003109629","HANDLER_NAME":"LAKE SHASTINA COMMUNITY SERVICES","LOCATION_ADDRESS":"15244 Driftwood Lane, Weed, CA 96094","FEDERAL_GENERATOR_STATUS":"Other","OPERATING_TSDF":"------","OPERATING_TSDF_DESC":"Not a TSDF","IS_CA":"No","PERMITTED_STATUS":"Not Permitted","TSDF_YES_NO":"No"}},{"type":"Feature","id":612834,"geometry":{"type":"Point","coordinates":[-121.476760743913,41.9550471876777]},"properties":{"OBJECTID":612834,"HANDLER_ID":"CAL000380407","HANDLER_NAME":"TULELAKE BASIN JOINT UNIFIED SCHOOL DISTRICT","LOCATION_ADDRESS":"497 Main St, Tulelake, CA 96134","FEDERAL_GENERATOR_STATUS":"Other","OPERATING_TSDF":"------","OPERATING_TSDF_DESC":"Not a TSDF","IS_CA":"No","PERMITTED_STATUS":"Not Permitted","TSDF_YES_NO":"No"}},{"type":"Feature","id":613613,"geometry":{"type":"Point","coordinates":[-122.633382424659,41.7400606552751]},"properties":{"OBJECTID":613613,"HANDLER_ID":"CAL000460660","HANDLER_NAME":"TESORO SIERRA PROPERTIES LLC #68240","LOCATION_ADDRESS":"735 N Main St, Yreka, CA 96097","FEDERAL_GENERATOR_STATUS":"Other","OPERATING_TSDF":"------","OPERATING_TSDF_DESC":"Not a TSDF","IS_CA":"No","PERMITTED_STATUS":"Not Permitted","TSDF_YES_NO":"No"}},{"type":"Feature","id":615775,"geometry":{"type":"Point","coordinates":[-122.31907566481,41.3195385658522]},"properties":{"OBJECTID":615775,"HANDLER_ID":"CAC003080212","HANDLER_NAME":"RAY-MAC MECHANICAL INC","LOCATION_ADDRESS":"901 N Mt Shasta Blvd, Mount Shasta, CA 96067","FEDERAL_GENERATOR_STATUS":"Other","OPERATING_TSDF":"------","OPERATING_TSDF_DESC":"Not a TSDF","IS_CA":"No","PERMITTED_STATUS":"Not Permitted","TSDF_YES_NO":"No"}},{"type":"Feature","id":616279,"geometry":{"type":"Point","coordinates":[-122.610063903326,41.6663702068197]},"properties":{"OBJECTID":616279,"HANDLER_ID":"CAL000456496","HANDLER_NAME":"MOUNTAIN SILVERADO INC DBA FUEL 24/7","LOCATION_ADDRESS":"5300 Easy St, Yreka, CA 96097","FEDERAL_GENERATOR_STATUS":"Other","OPERATING_TSDF":"------","OPERATING_TSDF_DESC":"Not a TSDF","IS_CA":"No","PERMITTED_STATUS":"Not Permitted","TSDF_YES_NO":"No"}},{"type":"Feature","id":616419,"geometry":{"type":"Point","coordinates":[-121.809431659943,41.7243629889609]},"properties":{"OBJECTID":616419,"HANDLER_ID":"CAL000456500","HANDLER_NAME":"RED ROCK SISKIYOU LLC","LOCATION_ADDRESS":"18512 Robison Rd, Macdoel, CA 95058","FEDERAL_GENERATOR_STATUS":"Other","OPERATING_TSDF":"------","OPERATING_TSDF_DESC":"Not a TSDF","IS_CA":"No","PERMITTED_STATUS":"Not Permitted","TSDF_YES_NO":"No"}},{"type":"Feature","id":616738,"geometry":{"type":"Point","coordinates":[-123.65277025914,41.2172298912466]},"properties":{"OBJECTID":616738,"HANDLER_ID":"CAR000315655","HANDLER_NAME":"BLUFF CREEK WALL PROJECT","LOCATION_ADDRESS":"Lat 41.21723, Hoopa, CA 95546","FEDERAL_GENERATOR_STATUS":"LQG","OPERATING_TSDF":"------","OPERATING_TSDF_DESC":"Not a TSDF","IS_CA":"No","PERMITTED_STATUS":"Not Permitted","TSDF_YES_NO":"No"}},{"type":"Feature","id":620656,"geometry":{"type":"Point","coordinates":[-122.313506163379,41.3123979488064]},"properties":{"OBJECTID":620656,"HANDLER_ID":"CAC003090541","HANDLER_NAME":"204 W. LAKE ST.","LOCATION_ADDRESS":"204 W. Lake St., Mount Shasta, CA 96067","FEDERAL_GENERATOR_STATUS":"Other","OPERATING_TSDF":"------","OPERATING_TSDF_DESC":"Not a TSDF","IS_CA":"No","PERMITTED_STATUS":"Not Permitted","TSDF_YES_NO":"No"}},{"type":"Feature","id":624262,"geometry":{"type":"Point","coordinates":[-122.63063139852,41.7152627491766]},"properties":{"OBJECTID":624262,"HANDLER_ID":"CAL000457306","HANDLER_NAME":"OB'S AUTOMOTIVE","LOCATION_ADDRESS":"504b E Oberlin Rd, Yreka, CA 96097","FEDERAL_GENERATOR_STATUS":"Other","OPERATING_TSDF":"------","OPERATING_TSDF_DESC":"Not a TSDF","IS_CA":"No","PERMITTED_STATUS":"Not Permitted","TSDF_YES_NO":"No"}},{"type":"Feature","id":627486,"geometry":{"type":"Point","coordinates":[-122.535164766041,41.7190264119395]},"properties":{"OBJECTID":627486,"HANDLER_ID":"CAL000461275","HANDLER_NAME":"MORGAN HEAVY EQUIPMENT","LOCATION_ADDRESS":"903 S 11th St, Montague, CA 96064","FEDERAL_GENERATOR_STATUS":"Other","OPERATING_TSDF":"------","OPERATING_TSDF_DESC":"Not a TSDF","IS_CA":"No","PERMITTED_STATUS":"Not Permitted","TSDF_YES_NO":"No"}},{"type":"Feature","id":634037,"geometry":{"type":"Point","coordinates":[-122.370357705843,41.3707207821384]},"properties":{"OBJECTID":634037,"HANDLER_ID":"CAC003105836","HANDLER_NAME":"FEDEX FREIGHT","LOCATION_ADDRESS":"5327 Truck Village Dr., Shasta, CA 98067","FEDERAL_GENERATOR_STATUS":"Other","OPERATING_TSDF":"------","OPERATING_TSDF_DESC":"Not a TSDF","IS_CA":"No","PERMITTED_STATUS":"Not Permitted","TSDF_YES_NO":"No"}},{"type":"Feature","id":637530,"geometry":{"type":"Point","coordinates":[-121.476436088655,41.9574124046588]},"properties":{"OBJECTID":637530,"HANDLER_ID":"CAC003105880","HANDLER_NAME":"CITY OF TULELAKE","LOCATION_ADDRESS":"300 Main Street, Tulelake, CA 96134","FEDERAL_GENERATOR_STATUS":"Other","OPERATING_TSDF":"------","OPERATING_TSDF_DESC":"Not a TSDF","IS_CA":"No","PERMITTED_STATUS":"Not Permitted","TSDF_YES_NO":"No"}},{"type":"Feature","id":637894,"geometry":{"type":"Point","coordinates":[-122.647749094345,41.7334857117962]},"properties":{"OBJECTID":637894,"HANDLER_ID":"CAL000459433","HANDLER_NAME":"MADRONEHOUSE","LOCATION_ADDRESS":"255 Collier Cir, Yreka, CA 96097","FEDERAL_GENERATOR_STATUS":"Other","OPERATING_TSDF":"------","OPERATING_TSDF_DESC":"Not a TSDF","IS_CA":"No","PERMITTED_STATUS":"Not Permitted","TSDF_YES_NO":"No"}},{"type":"Feature","id":638103,"geometry":{"type":"Point","coordinates":[-122.378192599509,41.4331382287463]},"properties":{"OBJECTID":638103,"HANDLER_ID":"CAL000420688","HANDLER_NAME":"PACIFIC STATES TREATING","LOCATION_ADDRESS":"422 Mill St, Weed, CA 96094","FEDERAL_GENERATOR_STATUS":"Other","OPERATING_TSDF":"------","OPERATING_TSDF_DESC":"Not a TSDF","IS_CA":"No","PERMITTED_STATUS":"Not Permitted","TSDF_YES_NO":"No"}},{"type":"Feature","id":638549,"geometry":{"type":"Point","coordinates":[-123.129733550363,41.2996887296512]},"properties":{"OBJECTID":638549,"HANDLER_ID":"CAC003107360","HANDLER_NAME":"U.S. FOREST SERVICE - SAWYERS BAR FIRE STATION","LOCATION_ADDRESS":"24 Cemetary Alley, Sawyers Bar, CA 96027","FEDERAL_GENERATOR_STATUS":"Other","OPERATING_TSDF":"------","OPERATING_TSDF_DESC":"Not a TSDF","IS_CA":"No","PERMITTED_STATUS":"Not Permitted","TSDF_YES_NO":"No"}},{"type":"Feature","id":641056,"geometry":{"type":"Point","coordinates":[-122.535035263666,41.7192629336375]},"properties":{"OBJECTID":641056,"HANDLER_ID":"CAC003115166","HANDLER_NAME":"CUSTOM CRUSHING INDUSTRIES, INC.","LOCATION_ADDRESS":"881 S. 11th Street, Montague, CA 96064","FEDERAL_GENERATOR_STATUS":"Other","OPERATING_TSDF":"------","OPERATING_TSDF_DESC":"Not a TSDF","IS_CA":"No","PERMITTED_STATUS":"Not Permitted","TSDF_YES_NO":"No"}},{"type":"Feature","id":641692,"geometry":{"type":"Point","coordinates":[-122.640986192559,41.7116285887884]},"properties":{"OBJECTID":641692,"HANDLER_ID":"CAL000461423","HANDLER_NAME":"CROSS PETROLEUM","LOCATION_ADDRESS":"1500 Fairlane Rd, Yreka, CA 96097","FEDERAL_GENERATOR_STATUS":"Other","OPERATING_TSDF":"------","OPERATING_TSDF_DESC":"Not a TSDF","IS_CA":"No","PERMITTED_STATUS":"Not Permitted","TSDF_YES_NO":"No"}},{"type":"Feature","id":641711,"geometry":{"type":"Point","coordinates":[-122.317220363429,41.3109347518374]},"properties":{"OBJECTID":641711,"HANDLER_ID":"CAL000461717","HANDLER_NAME":"D&J PARTNERSHIP DBA LAKE STREET 76","LOCATION_ADDRESS":"411 W Lake St, Mount Shasta, CA 96067","FEDERAL_GENERATOR_STATUS":"Other","OPERATING_TSDF":"------","OPERATING_TSDF_DESC":"Not a TSDF","IS_CA":"No","PERMITTED_STATUS":"Not Permitted","TSDF_YES_NO":"No"}},{"type":"Feature","id":641827,"geometry":{"type":"Point","coordinates":[-122.321448076368,41.3231007804767]},"properties":{"OBJECTID":641827,"HANDLER_ID":"CAL000461426","HANDLER_NAME":"CROSS PETROLEUM","LOCATION_ADDRESS":"1012 N Mt Shasta Blvd, Mount Shasta, CA 96067","FEDERAL_GENERATOR_STATUS":"Other","OPERATING_TSDF":"------","OPERATING_TSDF_DESC":"Not a TSDF","IS_CA":"No","PERMITTED_STATUS":"Not Permitted","TSDF_YES_NO":"No"}},{"type":"Feature","id":644046,"geometry":{"type":"Point","coordinates":[-122.139994565097,41.260841614549]},"properties":{"OBJECTID":644046,"HANDLER_ID":"CAC003116156","HANDLER_NAME":"829 HENNESSY WAY","LOCATION_ADDRESS":"829 Hennessy Way, Mccloud, CA 96057-8050","FEDERAL_GENERATOR_STATUS":"Other","OPERATING_TSDF":"------","OPERATING_TSDF_DESC":"Not a TSDF","IS_CA":"No","PERMITTED_STATUS":"Not Permitted","TSDF_YES_NO":"No"}},{"type":"Feature","id":646735,"geometry":{"type":"Point","coordinates":[-122.841474754256,41.607509578904]},"properties":{"OBJECTID":646735,"HANDLER_ID":"CAC003124282","HANDLER_NAME":"SCOTT VALLEY JR. HIGH SCHOOL","LOCATION_ADDRESS":"11918 Main Street, Fort Jones, CA 96032","FEDERAL_GENERATOR_STATUS":"Other","OPERATING_TSDF":"------","OPERATING_TSDF_DESC":"Not a TSDF","IS_CA":"No","PERMITTED_STATUS":"Not Permitted","TSDF_YES_NO":"No"}},{"type":"Feature","id":647777,"geometry":{"type":"Point","coordinates":[-122.312125704038,41.3132370162754]},"properties":{"OBJECTID":647777,"HANDLER_ID":"CAC003115421","HANDLER_NAME":"SKYLIGHT HOLDINGS LLC","LOCATION_ADDRESS":"236 N. Mount Shasta Blvd, Mount Shasta, CA 96067","FEDERAL_GENERATOR_STATUS":"Other","OPERATING_TSDF":"------","OPERATING_TSDF_DESC":"Not a TSDF","IS_CA":"No","PERMITTED_STATUS":"Not Permitted","TSDF_YES_NO":"No"}},{"type":"Feature","id":647813,"geometry":{"type":"Point","coordinates":[-122.385965439953,41.3754719005079]},"properties":{"OBJECTID":647813,"HANDLER_ID":"CAC003115987","HANDLER_NAME":"504 DOGWOOD DR","LOCATION_ADDRESS":"504 Dogwood Dr, Weed, CA 96094-9754","FEDERAL_GENERATOR_STATUS":"Other","OPERATING_TSDF":"------","OPERATING_TSDF_DESC":"Not a TSDF","IS_CA":"No","PERMITTED_STATUS":"Not Permitted","TSDF_YES_NO":"No"}},{"type":"Feature","id":648182,"geometry":{"type":"Point","coordinates":[-123.527360699137,41.528361144951]},"properties":{"OBJECTID":648182,"HANDLER_ID":"CAR000326389","HANDLER_NAME":"2021 HAPPY CAMP/OAK KNOLL RANGER DISTRICT ILLEGAL MARIJUANA GROW SITE CLEAN UP","LOCATION_ADDRESS":", Somes Bar, CA 95568","FEDERAL_GENERATOR_STATUS":"SQG","OPERATING_TSDF":"------","OPERATING_TSDF_DESC":"Not a TSDF","IS_CA":"No","PERMITTED_STATUS":"Not Permitted","TSDF_YES_NO":"No"}},{"type":"Feature","id":649193,"geometry":{"type":"Point","coordinates":[-122.319493849561,41.3024730307059]},"properties":{"OBJECTID":649193,"HANDLER_ID":"CAC003124539","HANDLER_NAME":"604 SOUTH OLD STAGE RD.","LOCATION_ADDRESS":"604 South Old Stage Rd., Shasta, CA 96067","FEDERAL_GENERATOR_STATUS":"Other","OPERATING_TSDF":"------","OPERATING_TSDF_DESC":"Not a TSDF","IS_CA":"No","PERMITTED_STATUS":"Not Permitted","TSDF_YES_NO":"No"}},{"type":"Feature","id":652927,"geometry":{"type":"Point","coordinates":[-122.321854569932,41.32546689678]},"properties":{"OBJECTID":652927,"HANDLER_ID":"CAC003110002","HANDLER_NAME":"35 REGINATO RD","LOCATION_ADDRESS":"35 Reginato Rd, Mount Shasta, CA 96067","FEDERAL_GENERATOR_STATUS":"Other","OPERATING_TSDF":"------","OPERATING_TSDF_DESC":"Not a TSDF","IS_CA":"No","PERMITTED_STATUS":"Not Permitted","TSDF_YES_NO":"No"}},{"type":"Feature","id":653159,"geometry":{"type":"Point","coordinates":[-122.63296513923,41.7386523169509]},"properties":{"OBJECTID":653159,"HANDLER_ID":"CAL000461160","HANDLER_NAME":"DOLLAR GENERAL 21712","LOCATION_ADDRESS":"100 E Blake St, Yreka, CA 96097","FEDERAL_GENERATOR_STATUS":"Other","OPERATING_TSDF":"------","OPERATING_TSDF_DESC":"Not a TSDF","IS_CA":"No","PERMITTED_STATUS":"Not Permitted","TSDF_YES_NO":"No"}},{"type":"Feature","id":654811,"geometry":{"type":"Point","coordinates":[-122.843954185137,41.6098559101222]},"properties":{"OBJECTID":654811,"HANDLER_ID":"CAC003132118","HANDLER_NAME":"SCOTT VALLEY UNIFIED SCHOOL DISTRICT","LOCATION_ADDRESS":"237 Butte Street, Fort Jones, CA 96032","FEDERAL_GENERATOR_STATUS":"Other","OPERATING_TSDF":"------","OPERATING_TSDF_DESC":"Not a TSDF","IS_CA":"No","PERMITTED_STATUS":"Not Permitted","TSDF_YES_NO":"No"}},{"type":"Feature","id":655672,"geometry":{"type":"Point","coordinates":[-122.321427391961,41.304016267337]},"properties":{"OBJECTID":655672,"HANDLER_ID":"CAC003110892","HANDLER_NAME":"PACIFICORP","LOCATION_ADDRESS":"504 S. Old Stage Road, Mount Shasta, CA 96067","FEDERAL_GENERATOR_STATUS":"Other","OPERATING_TSDF":"------","OPERATING_TSDF_DESC":"Not a TSDF","IS_CA":"No","PERMITTED_STATUS":"Not Permitted","TSDF_YES_NO":"No"}},{"type":"Feature","id":655935,"geometry":{"type":"Point","coordinates":[-123.129733550363,41.2996887296512]},"properties":{"OBJECTID":655935,"HANDLER_ID":"CAC003110596","HANDLER_NAME":"NRC ENVIRONMENTAL SERVICES, INC.","LOCATION_ADDRESS":"24 Cemetary Alley, Sawyers Bar, CA 96027","FEDERAL_GENERATOR_STATUS":"Other","OPERATING_TSDF":"------","OPERATING_TSDF_DESC":"Not a TSDF","IS_CA":"No","PERMITTED_STATUS":"Not Permitted","TSDF_YES_NO":"No"}},{"type":"Feature","id":655948,"geometry":{"type":"Point","coordinates":[-122.320698941103,41.3035243381777]},"properties":{"OBJECTID":655948,"HANDLER_ID":"CAC003110912","HANDLER_NAME":"PACIFICORP","LOCATION_ADDRESS":"506 S. Old Stage Road, Mount Shasta, CA 96067","FEDERAL_GENERATOR_STATUS":"Other","OPERATING_TSDF":"------","OPERATING_TSDF_DESC":"Not a TSDF","IS_CA":"No","PERMITTED_STATUS":"Not Permitted","TSDF_YES_NO":"No"}},{"type":"Feature","id":655949,"geometry":{"type":"Point","coordinates":[-122.291060883753,41.1784799029253]},"properties":{"OBJECTID":655949,"HANDLER_ID":"CAC003110913","HANDLER_NAME":"PACIFICORP","LOCATION_ADDRESS":"1100 Crag View Drive, Dunsmuir, CA 96025","FEDERAL_GENERATOR_STATUS":"Other","OPERATING_TSDF":"------","OPERATING_TSDF_DESC":"Not a TSDF","IS_CA":"No","PERMITTED_STATUS":"Not Permitted","TSDF_YES_NO":"No"}},{"type":"Feature","id":658468,"geometry":{"type":"Point","coordinates":[-121.541010109529,41.9790357039347]},"properties":{"OBJECTID":658468,"HANDLER_ID":"CAC003119738","HANDLER_NAME":"LYMAN FARMS LLC","LOCATION_ADDRESS":"18237 Kandra Rd, Tulelake, CA 96134","FEDERAL_GENERATOR_STATUS":"Other","OPERATING_TSDF":"------","OPERATING_TSDF_DESC":"Not a TSDF","IS_CA":"No","PERMITTED_STATUS":"Not Permitted","TSDF_YES_NO":"No"}},{"type":"Feature","id":659157,"geometry":{"type":"Point","coordinates":[-122.590035102038,41.5464707929928]},"properties":{"OBJECTID":659157,"HANDLER_ID":"CAL000462232","HANDLER_NAME":"HUMANITY FOR HORSES","LOCATION_ADDRESS":"6523 Scarface Rd, Gazelle, CA 96034","FEDERAL_GENERATOR_STATUS":"Other","OPERATING_TSDF":"------","OPERATING_TSDF_DESC":"Not a TSDF","IS_CA":"No","PERMITTED_STATUS":"Not Permitted","TSDF_YES_NO":"No"}},{"type":"Feature","id":659912,"geometry":{"type":"Point","coordinates":[-122.39110686409,41.387166684395]},"properties":{"OBJECTID":659912,"HANDLER_ID":"CAC003118673","HANDLER_NAME":"7831 SUGAR PINE ROAD","LOCATION_ADDRESS":"7831 Sugar Pine Road, Weed, CA 96094","FEDERAL_GENERATOR_STATUS":"Other","OPERATING_TSDF":"------","OPERATING_TSDF_DESC":"Not a TSDF","IS_CA":"No","PERMITTED_STATUS":"Not Permitted","TSDF_YES_NO":"No"}},{"type":"Feature","id":662893,"geometry":{"type":"Point","coordinates":[-122.348565334023,41.3525346917227]},"properties":{"OBJECTID":662893,"HANDLER_ID":"CAL000456123","HANDLER_NAME":"SISKIYOU COUNTY BLACK BUTTE TRANSFER STATION","LOCATION_ADDRESS":"3710 Spring Hill Rd, Mount Shasta, CA 96067","FEDERAL_GENERATOR_STATUS":"Other","OPERATING_TSDF":"------","OPERATING_TSDF_DESC":"Not a TSDF","IS_CA":"No","PERMITTED_STATUS":"Not Permitted","TSDF_YES_NO":"No"}},{"type":"Feature","id":663950,"geometry":{"type":"Point","coordinates":[-122.894333306837,41.4562553019407]},"properties":{"OBJECTID":663950,"HANDLER_ID":"CAC003169836","HANDLER_NAME":"STEVE'S MOBIL","LOCATION_ADDRESS":"118 Diggles Avenue, Etna, CA 96027","FEDERAL_GENERATOR_STATUS":"Other","OPERATING_TSDF":"------","OPERATING_TSDF_DESC":"Not a TSDF","IS_CA":"No","PERMITTED_STATUS":"Not Permitted","TSDF_YES_NO":"No"}},{"type":"Feature","id":665293,"geometry":{"type":"Point","coordinates":[-122.377683583231,41.3981186282722]},"properties":{"OBJECTID":665293,"HANDLER_ID":"CAL000467541","HANDLER_NAME":"R BARR INC DBA WEED GROCERY OUTLET","LOCATION_ADDRESS":"268 Vista Dr, Weed, CA 96094","FEDERAL_GENERATOR_STATUS":"Other","OPERATING_TSDF":"------","OPERATING_TSDF_DESC":"Not a TSDF","IS_CA":"No","PERMITTED_STATUS":"Not Permitted","TSDF_YES_NO":"No"}},{"type":"Feature","id":665451,"geometry":{"type":"Point","coordinates":[-122.635246719261,41.7330657284007]},"properties":{"OBJECTID":665451,"HANDLER_ID":"CAL000412474","HANDLER_NAME":"DUNN AUTOMOTIVE","LOCATION_ADDRESS":"221 N Main St Ste A, Yreka, CA 96097-2518","FEDERAL_GENERATOR_STATUS":"Other","OPERATING_TSDF":"------","OPERATING_TSDF_DESC":"Not a TSDF","IS_CA":"No","PERMITTED_STATUS":"Not Permitted","TSDF_YES_NO":"No"}},{"type":"Feature","id":666970,"geometry":{"type":"Point","coordinates":[-122.645834437709,41.7017468381462]},"properties":{"OBJECTID":666970,"HANDLER_ID":"CAR000334243","HANDLER_NAME":"HARBOR FREIGHT TOOLS USA, INC. #3231","LOCATION_ADDRESS":"1834 Fort Jones Road, Yreka, CA 96097-9531","FEDERAL_GENERATOR_STATUS":"VSG","OPERATING_TSDF":"------","OPERATING_TSDF_DESC":"Not a TSDF","IS_CA":"No","PERMITTED_STATUS":"Not Permitted","TSDF_YES_NO":"No"}},{"type":"Feature","id":668013,"geometry":{"type":"Point","coordinates":[-122.637598446411,41.7159120596939]},"properties":{"OBJECTID":668013,"HANDLER_ID":"CAL000469404","HANDLER_NAME":"A-1 AUTOMOTIVE","LOCATION_ADDRESS":"201 E Oberlin Rd Ste 3, Yreka, CA 96097","FEDERAL_GENERATOR_STATUS":"Other","OPERATING_TSDF":"------","OPERATING_TSDF_DESC":"Not a TSDF","IS_CA":"No","PERMITTED_STATUS":"Not Permitted","TSDF_YES_NO":"No"}},{"type":"Feature","id":668029,"geometry":{"type":"Point","coordinates":[-122.317220363429,41.3109347518374]},"properties":{"OBJECTID":668029,"HANDLER_ID":"CAL000469517","HANDLER_NAME":"MT SHASTA OIL INC DBA LAKE ST MINI MART","LOCATION_ADDRESS":"411 W Lake St, Mount Shasta, CA 96067","FEDERAL_GENERATOR_STATUS":"Other","OPERATING_TSDF":"------","OPERATING_TSDF_DESC":"Not a TSDF","IS_CA":"No","PERMITTED_STATUS":"Not Permitted","TSDF_YES_NO":"No"}},{"type":"Feature","id":670930,"geometry":{"type":"Point","coordinates":[-123.677749828292,41.046783182498]},"properties":{"OBJECTID":670930,"HANDLER_ID":"CAL000467477","HANDLER_NAME":"HOOPA VALLEY TRIBE - ROADS AGGREGATE, & READY MIX","LOCATION_ADDRESS":"104 Campus Ln, Hoopa, CA 95546","FEDERAL_GENERATOR_STATUS":"Other","OPERATING_TSDF":"------","OPERATING_TSDF_DESC":"Not a TSDF","IS_CA":"No","PERMITTED_STATUS":"Not Permitted","TSDF_YES_NO":"No"}},{"type":"Feature","id":671215,"geometry":{"type":"Point","coordinates":[-122.850813314383,41.6044653737781]},"properties":{"OBJECTID":671215,"HANDLER_ID":"CAL000465968","HANDLER_NAME":"VALLEY TOWING LLC","LOCATION_ADDRESS":"322 Scott River Rd, Fort Jones, CA 96032","FEDERAL_GENERATOR_STATUS":"Other","OPERATING_TSDF":"------","OPERATING_TSDF_DESC":"Not a TSDF","IS_CA":"No","PERMITTED_STATUS":"Not Permitted","TSDF_YES_NO":"No"}},{"type":"Feature","id":672066,"geometry":{"type":"Point","coordinates":[-122.535035263666,41.7192629336375]},"properties":{"OBJECTID":672066,"HANDLER_ID":"CAC003174735","HANDLER_NAME":"CUSTOM CRUSHING INDUSTRIES, INC.","LOCATION_ADDRESS":"881 S. 11th Street, Montague, CA 96064","FEDERAL_GENERATOR_STATUS":"Other","OPERATING_TSDF":"------","OPERATING_TSDF_DESC":"Not a TSDF","IS_CA":"No","PERMITTED_STATUS":"Not Permitted","TSDF_YES_NO":"No"}},{"type":"Feature","id":674763,"geometry":{"type":"Point","coordinates":[-122.138868613895,41.2562406829612]},"properties":{"OBJECTID":674763,"HANDLER_ID":"CAC003181036","HANDLER_NAME":"522 CALIFORNIA AVE.","LOCATION_ADDRESS":"522 California Ave., Mccloud, CA 96057","FEDERAL_GENERATOR_STATUS":"Other","OPERATING_TSDF":"------","OPERATING_TSDF_DESC":"Not a TSDF","IS_CA":"No","PERMITTED_STATUS":"Not Permitted","TSDF_YES_NO":"No"}},{"type":"Feature","id":676687,"geometry":{"type":"Point","coordinates":[-122.369762354649,41.3656665922395]},"properties":{"OBJECTID":676687,"HANDLER_ID":"CAL000466384","HANDLER_NAME":"SUMMIT DISPOSAL","LOCATION_ADDRESS":"5024 Summitt Dr, Mount Shasta, CA 96067","FEDERAL_GENERATOR_STATUS":"Other","OPERATING_TSDF":"------","OPERATING_TSDF_DESC":"Not a TSDF","IS_CA":"No","PERMITTED_STATUS":"Not Permitted","TSDF_YES_NO":"No"}},{"type":"Feature","id":679061,"geometry":{"type":"Point","coordinates":[-122.666109653238,41.7170344136074]},"properties":{"OBJECTID":679061,"HANDLER_ID":"CAC003164223","HANDLER_NAME":"1034 GREENHORN RD.","LOCATION_ADDRESS":"1034 Greenhorn Rd., Yreka, CA 96097","FEDERAL_GENERATOR_STATUS":"Other","OPERATING_TSDF":"------","OPERATING_TSDF_DESC":"Not a TSDF","IS_CA":"No","PERMITTED_STATUS":"Not Permitted","TSDF_YES_NO":"No"}},{"type":"Feature","id":679170,"geometry":{"type":"Point","coordinates":[-122.64889842792,41.7408259783363]},"properties":{"OBJECTID":679170,"HANDLER_ID":"CAC003174969","HANDLER_NAME":"802 SCENIC CT","LOCATION_ADDRESS":"802 Scenic Ct, Yreka, CA 96097-2123","FEDERAL_GENERATOR_STATUS":"Other","OPERATING_TSDF":"------","OPERATING_TSDF_DESC":"Not a TSDF","IS_CA":"No","PERMITTED_STATUS":"Not Permitted","TSDF_YES_NO":"No"}},{"type":"Feature","id":679658,"geometry":{"type":"Point","coordinates":[-122.634500281962,41.7260096476272]},"properties":{"OBJECTID":679658,"HANDLER_ID":"CAC003174955","HANDLER_NAME":"SUBURBAN PROPANE, LP","LOCATION_ADDRESS":"212 State St., Yreka, CA 96097","FEDERAL_GENERATOR_STATUS":"Other","OPERATING_TSDF":"------","OPERATING_TSDF_DESC":"Not a TSDF","IS_CA":"No","PERMITTED_STATUS":"Not Permitted","TSDF_YES_NO":"No"}},{"type":"Feature","id":680861,"geometry":{"type":"Point","coordinates":[-122.40772093957,41.6240696950605]},"properties":{"OBJECTID":680861,"HANDLER_ID":"CAC003177689","HANDLER_NAME":"MAYTEN STORE","LOCATION_ADDRESS":"7126 County Highway A12, Montague, CA 96064","FEDERAL_GENERATOR_STATUS":"Other","OPERATING_TSDF":"------","OPERATING_TSDF_DESC":"Not a TSDF","IS_CA":"No","PERMITTED_STATUS":"Not Permitted","TSDF_YES_NO":"No"}},{"type":"Feature","id":680897,"geometry":{"type":"Point","coordinates":[-122.841474754256,41.607509578904]},"properties":{"OBJECTID":680897,"HANDLER_ID":"CAC003148728","HANDLER_NAME":"SCOTT VALLEY UNIFIED SCHOOL","LOCATION_ADDRESS":"11918 Main Street, Fort Jones, CA 96032","FEDERAL_GENERATOR_STATUS":"Other","OPERATING_TSDF":"------","OPERATING_TSDF_DESC":"Not a TSDF","IS_CA":"No","PERMITTED_STATUS":"Not Permitted","TSDF_YES_NO":"No"}},{"type":"Feature","id":681453,"geometry":{"type":"Point","coordinates":[-122.376744691015,41.4273645812106]},"properties":{"OBJECTID":681453,"HANDLER_ID":"CAC003180984","HANDLER_NAME":"770 HILLSIDE DR.","LOCATION_ADDRESS":"770 Hillside Dr., Weed, CA 96094","FEDERAL_GENERATOR_STATUS":"Other","OPERATING_TSDF":"------","OPERATING_TSDF_DESC":"Not a TSDF","IS_CA":"No","PERMITTED_STATUS":"Not Permitted","TSDF_YES_NO":"No"}},{"type":"Feature","id":682115,"geometry":{"type":"Point","coordinates":[-122.894333306837,41.4562553019407]},"properties":{"OBJECTID":682115,"HANDLER_ID":"CAC003152901","HANDLER_NAME":"STEVE'S MOBIL","LOCATION_ADDRESS":"118 Diggles Avenue, Etna, CA 96027","FEDERAL_GENERATOR_STATUS":"Other","OPERATING_TSDF":"------","OPERATING_TSDF_DESC":"Not a TSDF","IS_CA":"No","PERMITTED_STATUS":"Not Permitted","TSDF_YES_NO":"No"}},{"type":"Feature","id":682661,"geometry":{"type":"Point","coordinates":[-122.386353047755,41.4253797774549]},"properties":{"OBJECTID":682661,"HANDLER_ID":"CAC003166734","HANDLER_NAME":"191 CAMINO AVE","LOCATION_ADDRESS":"191 Camino Ave, Weed, CA 96094-2309","FEDERAL_GENERATOR_STATUS":"Other","OPERATING_TSDF":"------","OPERATING_TSDF_DESC":"Not a TSDF","IS_CA":"No","PERMITTED_STATUS":"Not Permitted","TSDF_YES_NO":"No"}},{"type":"Feature","id":682713,"geometry":{"type":"Point","coordinates":[-122.368609423786,41.5237728038719]},"properties":{"OBJECTID":682713,"HANDLER_ID":"CAC003153795","HANDLER_NAME":"5916 SHASTINA PL","LOCATION_ADDRESS":"5916 Shastina Pl, Weed, CA 96094","FEDERAL_GENERATOR_STATUS":"Other","OPERATING_TSDF":"------","OPERATING_TSDF_DESC":"Not a TSDF","IS_CA":"No","PERMITTED_STATUS":"Not Permitted","TSDF_YES_NO":"No"}},{"type":"Feature","id":683755,"geometry":{"type":"Point","coordinates":[-121.918307184129,41.9644936664496]},"properties":{"OBJECTID":683755,"HANDLER_ID":"CAL000467972","HANDLER_NAME":"DOLLAR GENERAL 23052","LOCATION_ADDRESS":"234 S Main St, Dorris, CA 96023","FEDERAL_GENERATOR_STATUS":"Other","OPERATING_TSDF":"------","OPERATING_TSDF_DESC":"Not a TSDF","IS_CA":"No","PERMITTED_STATUS":"Not Permitted","TSDF_YES_NO":"No"}},{"type":"Feature","id":685985,"geometry":{"type":"Point","coordinates":[-121.45215439341,40.9992126435487]},"properties":{"OBJECTID":685985,"HANDLER_ID":"CAL000471640","HANDLER_NAME":"FALL RIVER VALLEY GOLF & CC","LOCATION_ADDRESS":"42889 State Hwy 299 E, Fall River Mills, CA 96028","FEDERAL_GENERATOR_STATUS":"Other","OPERATING_TSDF":"------","OPERATING_TSDF_DESC":"Not a TSDF","IS_CA":"No","PERMITTED_STATUS":"Not Permitted","TSDF_YES_NO":"No"}},{"type":"Feature","id":688845,"geometry":{"type":"Point","coordinates":[-122.538482365069,41.6461732323089]},"properties":{"OBJECTID":688845,"HANDLER_ID":"CAL000409133","HANDLER_NAME":"GRENADA CHEVRON","LOCATION_ADDRESS":"9320  Old Highway 99 S, Grenada, CA 96038","FEDERAL_GENERATOR_STATUS":"Other","OPERATING_TSDF":"------","OPERATING_TSDF_DESC":"Not a TSDF","IS_CA":"No","PERMITTED_STATUS":"Not Permitted","TSDF_YES_NO":"No"}},{"type":"Feature","id":691373,"geometry":{"type":"Point","coordinates":[-122.145840158397,41.1691926041555]},"properties":{"OBJECTID":691373,"HANDLER_ID":"CAC003155019","HANDLER_NAME":"JOHN EBEL/ WILLOW CREEL RANCH","LOCATION_ADDRESS":"30022 Wilow Creek Road, Mccloud, CA 96057","FEDERAL_GENERATOR_STATUS":"Other","OPERATING_TSDF":"------","OPERATING_TSDF_DESC":"Not a TSDF","IS_CA":"No","PERMITTED_STATUS":"Not Permitted","TSDF_YES_NO":"No"}},{"type":"Feature","id":692252,"geometry":{"type":"Point","coordinates":[-122.901455038119,41.5509593093248]},"properties":{"OBJECTID":692252,"HANDLER_ID":"CAC003161208","HANDLER_NAME":"MARUTI FORT JONES OIL INC","LOCATION_ADDRESS":"6737 N Hw 3, Greenview, CA 96037","FEDERAL_GENERATOR_STATUS":"Other","OPERATING_TSDF":"------","OPERATING_TSDF_DESC":"Not a TSDF","IS_CA":"No","PERMITTED_STATUS":"Not Permitted","TSDF_YES_NO":"No"}},{"type":"Feature","id":692445,"geometry":{"type":"Point","coordinates":[-122.636682936568,41.7386541155951]},"properties":{"OBJECTID":692445,"HANDLER_ID":"CAS210830047","HANDLER_NAME":"SISKIYOU COUNTY - ANTELOPE FIRE","LOCATION_ADDRESS":"Siskiyou County, Yreka, CA 96097","FEDERAL_GENERATOR_STATUS":"Other","OPERATING_TSDF":"------","OPERATING_TSDF_DESC":"Not a TSDF","IS_CA":"No","PERMITTED_STATUS":"Not Permitted","TSDF_YES_NO":"No"}},{"type":"Feature","id":695008,"geometry":{"type":"Point","coordinates":[-122.352355976447,41.4729530143702]},"properties":{"OBJECTID":695008,"HANDLER_ID":"CAL000465329","HANDLER_NAME":"DOLLAR GENERAL 21163","LOCATION_ADDRESS":"20639 Big Springs Rd, Weed, CA 96094","FEDERAL_GENERATOR_STATUS":"Other","OPERATING_TSDF":"------","OPERATING_TSDF_DESC":"Not a TSDF","IS_CA":"No","PERMITTED_STATUS":"Not Permitted","TSDF_YES_NO":"No"}},{"type":"Feature","id":695899,"geometry":{"type":"Point","coordinates":[-122.637598446411,41.7159120596939]},"properties":{"OBJECTID":695899,"HANDLER_ID":"CAL000465308","HANDLER_NAME":"A1 AUTO","LOCATION_ADDRESS":"201 E Oberlin Rd Ste 3, Yreka, CA 96097","FEDERAL_GENERATOR_STATUS":"Other","OPERATING_TSDF":"------","OPERATING_TSDF_DESC":"Not a TSDF","IS_CA":"No","PERMITTED_STATUS":"Not Permitted","TSDF_YES_NO":"No"}},{"type":"Feature","id":698272,"geometry":{"type":"Point","coordinates":[-122.638856597954,41.7345630996074]},"properties":{"OBJECTID":698272,"HANDLER_ID":"CAT080018575","HANDLER_NAME":"PACIFIC BELL","LOCATION_ADDRESS":"314 Pine Street, Yreka, CA 96097","FEDERAL_GENERATOR_STATUS":"VSG","OPERATING_TSDF":"------","OPERATING_TSDF_DESC":"Not a TSDF","IS_CA":"No","PERMITTED_STATUS":"Not Permitted","TSDF_YES_NO":"No"}},{"type":"Feature","id":699939,"geometry":{"type":"Point","coordinates":[-122.890460826106,41.4637331647538]},"properties":{"OBJECTID":699939,"HANDLER_ID":"CAL000467354","HANDLER_NAME":"ETNA OIL INC","LOCATION_ADDRESS":"10 Industrial Pkwy, Etna, CA 96027","FEDERAL_GENERATOR_STATUS":"Other","OPERATING_TSDF":"------","OPERATING_TSDF_DESC":"Not a TSDF","IS_CA":"No","PERMITTED_STATUS":"Not Permitted","TSDF_YES_NO":"No"}},{"type":"Feature","id":700045,"geometry":{"type":"Point","coordinates":[-122.635486838247,41.7285196554578]},"properties":{"OBJECTID":700045,"HANDLER_ID":"CAC003135289","HANDLER_NAME":"125 E. RAYMOND ST.","LOCATION_ADDRESS":"125 E. Raymond St., Yreka, CA 96097","FEDERAL_GENERATOR_STATUS":"Other","OPERATING_TSDF":"------","OPERATING_TSDF_DESC":"Not a TSDF","IS_CA":"No","PERMITTED_STATUS":"Not Permitted","TSDF_YES_NO":"No"}},{"type":"Feature","id":700649,"geometry":{"type":"Point","coordinates":[-123.129733550363,41.2996887296512]},"properties":{"OBJECTID":700649,"HANDLER_ID":"CAL000468845","HANDLER_NAME":"USDA FOREST SERVICE SAWYERS BAR FIRE STATION","LOCATION_ADDRESS":"24 Cemetary Alley, Sawyers Bar, CA 96027","FEDERAL_GENERATOR_STATUS":"Other","OPERATING_TSDF":"------","OPERATING_TSDF_DESC":"Not a TSDF","IS_CA":"No","PERMITTED_STATUS":"Not Permitted","TSDF_YES_NO":"No"}},{"type":"Feature","id":700869,"geometry":{"type":"Point","coordinates":[-122.563217318624,41.9012677293223]},"properties":{"OBJECTID":700869,"HANDLER_ID":"CAL000471803","HANDLER_NAME":"HORNBROOK CHEVRON","LOCATION_ADDRESS":"114 Copco Rd, Hornbrook, CA 96044","FEDERAL_GENERATOR_STATUS":"Other","OPERATING_TSDF":"------","OPERATING_TSDF_DESC":"Not a TSDF","IS_CA":"No","PERMITTED_STATUS":"Not Permitted","TSDF_YES_NO":"No"}},{"type":"Feature","id":703659,"geometry":{"type":"Point","coordinates":[-122.636682936568,41.7386541155951]},"properties":{"OBJECTID":703659,"HANDLER_ID":"CAS211026047","HANDLER_NAME":"SISKIYOU COUNTY - RIVER COMPLEX FIRE","LOCATION_ADDRESS":"Siskiyou County, Yreka, CA 96097","FEDERAL_GENERATOR_STATUS":"Other","OPERATING_TSDF":"------","OPERATING_TSDF_DESC":"Not a TSDF","IS_CA":"No","PERMITTED_STATUS":"Not Permitted","TSDF_YES_NO":"No"}},{"type":"Feature","id":704698,"geometry":{"type":"Point","coordinates":[-121.476744556116,41.9569780321106]},"properties":{"OBJECTID":704698,"HANDLER_ID":"CAC003184936","HANDLER_NAME":"CITY OF TULELAKE","LOCATION_ADDRESS":"315 & 319 Main Street, Tulelake, CA 96134","FEDERAL_GENERATOR_STATUS":"Other","OPERATING_TSDF":"------","OPERATING_TSDF_DESC":"Not a TSDF","IS_CA":"No","PERMITTED_STATUS":"Not Permitted","TSDF_YES_NO":"No"}},{"type":"Feature","id":709363,"geometry":{"type":"Point","coordinates":[-122.273128402154,41.2026662700324]},"properties":{"OBJECTID":709363,"HANDLER_ID":"CAC003184577","HANDLER_NAME":"6282 SCHERRER AVE.","LOCATION_ADDRESS":"6282 Scherrer Ave., Dunsmuir, CA 96025-2453","FEDERAL_GENERATOR_STATUS":"Other","OPERATING_TSDF":"------","OPERATING_TSDF_DESC":"Not a TSDF","IS_CA":"No","PERMITTED_STATUS":"Not Permitted","TSDF_YES_NO":"No"}},{"type":"Feature","id":709776,"geometry":{"type":"Point","coordinates":[-122.70655666226,40.984872054202]},"properties":{"OBJECTID":709776,"HANDLER_ID":"CAC003188150","HANDLER_NAME":"MCCULLOUGH CONSTRUCTION, INC.","LOCATION_ADDRESS":"35 Airport Rd, Trinity Center, CA 96091","FEDERAL_GENERATOR_STATUS":"Other","OPERATING_TSDF":"------","OPERATING_TSDF_DESC":"Not a TSDF","IS_CA":"No","PERMITTED_STATUS":"Not Permitted","TSDF_YES_NO":"No"}},{"type":"Feature","id":709813,"geometry":{"type":"Point","coordinates":[-121.451038334751,41.004194887684]},"properties":{"OBJECTID":709813,"HANDLER_ID":"CAH777002001","HANDLER_NAME":"SHASTA COUNTY CORPORATION YARD","LOCATION_ADDRESS":"24665 Glenburn Rd, Fall River Mills, CA 96028","FEDERAL_GENERATOR_STATUS":"Other","OPERATING_TSDF":"------","OPERATING_TSDF_DESC":"Not a TSDF","IS_CA":"No","PERMITTED_STATUS":"Not Permitted","TSDF_YES_NO":"No"}},{"type":"Feature","id":712086,"geometry":{"type":"Point","coordinates":[-122.625117655056,41.7385129220338]},"properties":{"OBJECTID":712086,"HANDLER_ID":"CAC003160432","HANDLER_NAME":"YREKA PROPERTIES LLC","LOCATION_ADDRESS":"787 Montague Rd, Yreka, CA 96097","FEDERAL_GENERATOR_STATUS":"Other","OPERATING_TSDF":"------","OPERATING_TSDF_DESC":"Not a TSDF","IS_CA":"No","PERMITTED_STATUS":"Not Permitted","TSDF_YES_NO":"No"}},{"type":"Feature","id":714078,"geometry":{"type":"Point","coordinates":[-121.982002567365,41.8658281454526]},"properties":{"OBJECTID":714078,"HANDLER_ID":"CAL000414884","HANDLER_NAME":"PLANASA LLC","LOCATION_ADDRESS":"1409 Shady Dell Rd, Macdoel, CA 96058","FEDERAL_GENERATOR_STATUS":"Other","OPERATING_TSDF":"------","OPERATING_TSDF_DESC":"Not a TSDF","IS_CA":"No","PERMITTED_STATUS":"Not Permitted","TSDF_YES_NO":"No"}},{"type":"Feature","id":714283,"geometry":{"type":"Point","coordinates":[-123.112221951482,41.644165945502]},"properties":{"OBJECTID":714283,"HANDLER_ID":"CAR000339457","HANDLER_NAME":"KLAMATH GROW SITE WASTE COLLECTION","LOCATION_ADDRESS":", Crescent City, CA 95531","FEDERAL_GENERATOR_STATUS":"SQG","OPERATING_TSDF":"------","OPERATING_TSDF_DESC":"Not a TSDF","IS_CA":"No","PERMITTED_STATUS":"Not Permitted","TSDF_YES_NO":"No"}},{"type":"Feature","id":715489,"geometry":{"type":"Point","coordinates":[-122.563217318624,41.9012677293223]},"properties":{"OBJECTID":715489,"HANDLER_ID":"CAC003151598","HANDLER_NAME":"27-2501233","LOCATION_ADDRESS":"114 Copco Rd, Hornbrook, CA 96044","FEDERAL_GENERATOR_STATUS":"Other","OPERATING_TSDF":"------","OPERATING_TSDF_DESC":"Not a TSDF","IS_CA":"No","PERMITTED_STATUS":"Not Permitted","TSDF_YES_NO":"No"}},{"type":"Feature","id":715527,"geometry":{"type":"Point","coordinates":[-122.145840158397,41.1691926041555]},"properties":{"OBJECTID":715527,"HANDLER_ID":"CAL000468122","HANDLER_NAME":"WILLOW CREEK PROPERTIES LLC","LOCATION_ADDRESS":"30022 Willow Creek Rd, Mccloud, CA 96057","FEDERAL_GENERATOR_STATUS":"Other","OPERATING_TSDF":"------","OPERATING_TSDF_DESC":"Not a TSDF","IS_CA":"No","PERMITTED_STATUS":"Not Permitted","TSDF_YES_NO":"No"}},{"type":"Feature","id":716490,"geometry":{"type":"Point","coordinates":[-122.636682936568,41.7386541155951]},"properties":{"OBJECTID":716490,"HANDLER_ID":"CAS210802047","HANDLER_NAME":"SISKIYOU COUNTY - LAVA FIRE","LOCATION_ADDRESS":"Siskiyou County, Yreka, CA 96097","FEDERAL_GENERATOR_STATUS":"Other","OPERATING_TSDF":"------","OPERATING_TSDF_DESC":"Not a TSDF","IS_CA":"No","PERMITTED_STATUS":"Not Permitted","TSDF_YES_NO":"No"}},{"type":"Feature","id":716812,"geometry":{"type":"Point","coordinates":[-122.317081867834,41.3105057752214]},"properties":{"OBJECTID":716812,"HANDLER_ID":"CAL000468621","HANDLER_NAME":"MOUNT SHASTA PHARMACY INC DBA MOUNT SHASTA PHARMACY","LOCATION_ADDRESS":"148 Morgan Way, Mount Shasta, CA 96067","FEDERAL_GENERATOR_STATUS":"Other","OPERATING_TSDF":"------","OPERATING_TSDF_DESC":"Not a TSDF","IS_CA":"No","PERMITTED_STATUS":"Not Permitted","TSDF_YES_NO":"No"}},{"type":"Feature","id":721553,"geometry":{"type":"Point","coordinates":[-122.145840158397,41.1691926041555]},"properties":{"OBJECTID":721553,"HANDLER_ID":"CAC003140527","HANDLER_NAME":"30022 WILOW CREEK ROAD","LOCATION_ADDRESS":"30022 Wilow Creek Road, Mccloud, CA 96057","FEDERAL_GENERATOR_STATUS":"Other","OPERATING_TSDF":"------","OPERATING_TSDF_DESC":"Not a TSDF","IS_CA":"No","PERMITTED_STATUS":"Not Permitted","TSDF_YES_NO":"No"}},{"type":"Feature","id":722058,"geometry":{"type":"Point","coordinates":[-122.646194166527,41.7317590134678]},"properties":{"OBJECTID":722058,"HANDLER_ID":"CAC003165673","HANDLER_NAME":"749 LANE ST","LOCATION_ADDRESS":"749 Lane St, Yreka, CA 96097-2836","FEDERAL_GENERATOR_STATUS":"Other","OPERATING_TSDF":"------","OPERATING_TSDF_DESC":"Not a TSDF","IS_CA":"No","PERMITTED_STATUS":"Not Permitted","TSDF_YES_NO":"No"}},{"type":"Feature","id":726611,"geometry":{"type":"Point","coordinates":[-122.380350073097,41.3991375601503]},"properties":{"OBJECTID":726611,"HANDLER_ID":"CAC003159846","HANDLER_NAME":"FEDEX FREIGHT","LOCATION_ADDRESS":"1844 Shastina Dr., Weed, CA 96094","FEDERAL_GENERATOR_STATUS":"Other","OPERATING_TSDF":"------","OPERATING_TSDF_DESC":"Not a TSDF","IS_CA":"No","PERMITTED_STATUS":"Not Permitted","TSDF_YES_NO":"No"}},{"type":"Feature","id":726618,"geometry":{"type":"Point","coordinates":[-122.379583850714,41.3983380628514]},"properties":{"OBJECTID":726618,"HANDLER_ID":"CAC003159854","HANDLER_NAME":"1866 SHASTINA DR.","LOCATION_ADDRESS":"1866 Shastina Dr., Weed, CA 06094","FEDERAL_GENERATOR_STATUS":"Other","OPERATING_TSDF":"------","OPERATING_TSDF_DESC":"Not a TSDF","IS_CA":"No","PERMITTED_STATUS":"Not Permitted","TSDF_YES_NO":"No"}},{"type":"Feature","id":726805,"geometry":{"type":"Point","coordinates":[-122.520019283463,41.7264880869557]},"properties":{"OBJECTID":726805,"HANDLER_ID":"CAC003159474","HANDLER_NAME":"141 N. 6TH STREET","LOCATION_ADDRESS":"141 N. 6th Street, Montague, CA 96064","FEDERAL_GENERATOR_STATUS":"Other","OPERATING_TSDF":"------","OPERATING_TSDF_DESC":"Not a TSDF","IS_CA":"No","PERMITTED_STATUS":"Not Permitted","TSDF_YES_NO":"No"}},{"type":"Feature","id":728779,"geometry":{"type":"Point","coordinates":[-122.632254674813,41.7401883590056]},"properties":{"OBJECTID":728779,"HANDLER_ID":"CAL000467616","HANDLER_NAME":"S & R SELLERS INC DBA YREKA GROCERY OUTLET","LOCATION_ADDRESS":"121 Montague Rd, Yreka, CA 96097","FEDERAL_GENERATOR_STATUS":"Other","OPERATING_TSDF":"------","OPERATING_TSDF_DESC":"Not a TSDF","IS_CA":"No","PERMITTED_STATUS":"Not Permitted","TSDF_YES_NO":"No"}},{"type":"Feature","id":732323,"geometry":{"type":"Point","coordinates":[-122.625117655056,41.7385129220338]},"properties":{"OBJECTID":732323,"HANDLER_ID":"CAC003201283","HANDLER_NAME":"R&L CARRIERS","LOCATION_ADDRESS":"787 Montague Rd, Yreka, CA 96097","FEDERAL_GENERATOR_STATUS":"Other","OPERATING_TSDF":"------","OPERATING_TSDF_DESC":"Not a TSDF","IS_CA":"No","PERMITTED_STATUS":"Not Permitted","TSDF_YES_NO":"No"}},{"type":"Feature","id":732392,"geometry":{"type":"Point","coordinates":[-122.636682936568,41.7386541155951]},"properties":{"OBJECTID":732392,"HANDLER_ID":"CAS220906047","HANDLER_NAME":"SISKIYOU COUNTY- MILL FIRE","LOCATION_ADDRESS":"Siskiyou County, Yreka, CA 96097","FEDERAL_GENERATOR_STATUS":"Other","OPERATING_TSDF":"------","OPERATING_TSDF_DESC":"Not a TSDF","IS_CA":"No","PERMITTED_STATUS":"Not Permitted","TSDF_YES_NO":"No"}},{"type":"Feature","id":732561,"geometry":{"type":"Point","coordinates":[-122.369946715668,41.3705616021363]},"properties":{"OBJECTID":732561,"HANDLER_ID":"CAL000473198","HANDLER_NAME":"SK CUSTOM CABINETS","LOCATION_ADDRESS":"5201 Truckvillage Dr, Mount Shasta, CA 96067","FEDERAL_GENERATOR_STATUS":"Other","OPERATING_TSDF":"------","OPERATING_TSDF_DESC":"Not a TSDF","IS_CA":"No","PERMITTED_STATUS":"Not Permitted","TSDF_YES_NO":"No"}},{"type":"Feature","id":734044,"geometry":{"type":"Point","coordinates":[-122.647430734341,41.7220957980827]},"properties":{"OBJECTID":734044,"HANDLER_ID":"CAC003199528","HANDLER_NAME":"706 LAWRENCE LN","LOCATION_ADDRESS":"706 Lawrence Ln, Yreka, CA 96097-3217","FEDERAL_GENERATOR_STATUS":"Other","OPERATING_TSDF":"------","OPERATING_TSDF_DESC":"Not a TSDF","IS_CA":"No","PERMITTED_STATUS":"Not Permitted","TSDF_YES_NO":"No"}},{"type":"Feature","id":735393,"geometry":{"type":"Point","coordinates":[-122.534469590099,41.727918908331]},"properties":{"OBJECTID":735393,"HANDLER_ID":"CAL000472850","HANDLER_NAME":"KNUTH HINGE COMPNAY INC","LOCATION_ADDRESS":"561 Scobie St, Montague, CA 96064","FEDERAL_GENERATOR_STATUS":"Other","OPERATING_TSDF":"------","OPERATING_TSDF_DESC":"Not a TSDF","IS_CA":"No","PERMITTED_STATUS":"Not Permitted","TSDF_YES_NO":"No"}},{"type":"Feature","id":736394,"geometry":{"type":"Point","coordinates":[-122.641464631887,41.723780228275]},"properties":{"OBJECTID":736394,"HANDLER_ID":"CAC003197552","HANDLER_NAME":"926 S. OREGON ST.","LOCATION_ADDRESS":"926 S. Oregon St., Yreka, CA 96097","FEDERAL_GENERATOR_STATUS":"Other","OPERATING_TSDF":"------","OPERATING_TSDF_DESC":"Not a TSDF","IS_CA":"No","PERMITTED_STATUS":"Not Permitted","TSDF_YES_NO":"No"}},{"type":"Feature","id":736785,"geometry":{"type":"Point","coordinates":[-123.667472375949,40.9812262026272]},"properties":{"OBJECTID":736785,"HANDLER_ID":"CAL000473105","HANDLER_NAME":"BB RANCH LLC","LOCATION_ADDRESS":"4056 Beebe Ranch Rd Apn 522-073-002, Willow Creek, CA 95573","FEDERAL_GENERATOR_STATUS":"Other","OPERATING_TSDF":"------","OPERATING_TSDF_DESC":"Not a TSDF","IS_CA":"No","PERMITTED_STATUS":"Not Permitted","TSDF_YES_NO":"No"}},{"type":"Feature","id":737591,"geometry":{"type":"Point","coordinates":[-122.636682936568,41.7386541155951]},"properties":{"OBJECTID":737591,"HANDLER_ID":"CAS220921047","HANDLER_NAME":"SISKIYOU COUNTY- MOUNTAIN FIRE","LOCATION_ADDRESS":"Siskiyou County, Yreka, CA 96097","FEDERAL_GENERATOR_STATUS":"Other","OPERATING_TSDF":"------","OPERATING_TSDF_DESC":"Not a TSDF","IS_CA":"No","PERMITTED_STATUS":"Not Permitted","TSDF_YES_NO":"No"}},{"type":"Feature","id":738103,"geometry":{"type":"Point","coordinates":[-122.387102183019,41.4164549054696]},"properties":{"OBJECTID":738103,"HANDLER_ID":"CAC003197188","HANDLER_NAME":"VBNJ INC.","LOCATION_ADDRESS":"360 College Ave., Weed, CA 96094","FEDERAL_GENERATOR_STATUS":"Other","OPERATING_TSDF":"------","OPERATING_TSDF_DESC":"Not a TSDF","IS_CA":"No","PERMITTED_STATUS":"Not Permitted","TSDF_YES_NO":"No"}},{"type":"Feature","id":738468,"geometry":{"type":"Point","coordinates":[-122.636682936568,41.7386541155951]},"properties":{"OBJECTID":738468,"HANDLER_ID":"CAS220815047","HANDLER_NAME":"SISKIYOU COUNTY- MCKINNEY FIRE","LOCATION_ADDRESS":"Siskiyou County, Yreka, CA 96097","FEDERAL_GENERATOR_STATUS":"Other","OPERATING_TSDF":"------","OPERATING_TSDF_DESC":"Not a TSDF","IS_CA":"No","PERMITTED_STATUS":"Not Permitted","TSDF_YES_NO":"No"}},{"type":"Feature","id":738506,"geometry":{"type":"Point","coordinates":[-122.638299018285,41.7295098090306]},"properties":{"OBJECTID":738506,"HANDLER_ID":"CAC003200404","HANDLER_NAME":"NEW YREKA COURTHOUSE, 47-H1, JCC","LOCATION_ADDRESS":"411 Fourth St, Yreka, CA 96097","FEDERAL_GENERATOR_STATUS":"Other","OPERATING_TSDF":"------","OPERATING_TSDF_DESC":"Not a TSDF","IS_CA":"No","PERMITTED_STATUS":"Not Permitted","TSDF_YES_NO":"No"}},{"type":"Feature","id":740694,"geometry":{"type":"Point","coordinates":[-122.473697902836,41.7773870167975]},"properties":{"OBJECTID":740694,"HANDLER_ID":"CAP000352435","HANDLER_NAME":"USFS SISKIYOU RELOAD BASE","LOCATION_ADDRESS":"4646 Airport Road, Montague, CA 96064","FEDERAL_GENERATOR_STATUS":"LQG","OPERATING_TSDF":"------","OPERATING_TSDF_DESC":"Not a TSDF","IS_CA":"No","PERMITTED_STATUS":"Not Permitted","TSDF_YES_NO":"No"}},{"type":"Feature","id":748637,"geometry":{"type":"Point","coordinates":[-122.72073177635,40.9973141747095]},"properties":{"OBJECTID":748637,"HANDLER_ID":"CAC003238584","HANDLER_NAME":"791 RANCHERIA CREEK RD","LOCATION_ADDRESS":"791 Rancheria Creek Rd, Trinity Center, CA 96091","FEDERAL_GENERATOR_STATUS":"Other","OPERATING_TSDF":"------","OPERATING_TSDF_DESC":"Not a TSDF","IS_CA":"No","PERMITTED_STATUS":"Not Permitted","TSDF_YES_NO":"No"}},{"type":"Feature","id":749603,"geometry":{"type":"Point","coordinates":[-122.311167926059,41.3038552886907]},"properties":{"OBJECTID":749603,"HANDLER_ID":"CAC003243643","HANDLER_NAME":"GENERAL PRODUCE","LOCATION_ADDRESS":"1101 S Ream Ave, Mount Shasta, CA 95067","FEDERAL_GENERATOR_STATUS":"Other","OPERATING_TSDF":"------","OPERATING_TSDF_DESC":"Not a TSDF","IS_CA":"No","PERMITTED_STATUS":"Not Permitted","TSDF_YES_NO":"No"}},{"type":"Feature","id":750842,"geometry":{"type":"Point","coordinates":[-122.961050412147,41.825589779145]},"properties":{"OBJECTID":750842,"HANDLER_ID":"CAC003242127","HANDLER_NAME":"29820 WALKER RD.","LOCATION_ADDRESS":"29820 Walker Rd., Horse Creek, CA 96050","FEDERAL_GENERATOR_STATUS":"Other","OPERATING_TSDF":"------","OPERATING_TSDF_DESC":"Not a TSDF","IS_CA":"No","PERMITTED_STATUS":"Not Permitted","TSDF_YES_NO":"No"}},{"type":"Feature","id":750851,"geometry":{"type":"Point","coordinates":[-123.704670134419,41.1866421498154]},"properties":{"OBJECTID":750851,"HANDLER_ID":"CAC003242260","HANDLER_NAME":"CALTRANS 01-0G1404","LOCATION_ADDRESS":"Hwy 96 Nb/Sb & Hwy 169, Weitchpec, CA 95546","FEDERAL_GENERATOR_STATUS":"Other","OPERATING_TSDF":"------","OPERATING_TSDF_DESC":"Not a TSDF","IS_CA":"No","PERMITTED_STATUS":"Not Permitted","TSDF_YES_NO":"No"}},{"type":"Feature","id":751068,"geometry":{"type":"Point","coordinates":[-121.476744556116,41.9569780321106]},"properties":{"OBJECTID":751068,"HANDLER_ID":"CAC003211686","HANDLER_NAME":"CITY OF TULELAKE","LOCATION_ADDRESS":"315 & 319 Main Street, Tulelake, CA 96134","FEDERAL_GENERATOR_STATUS":"Other","OPERATING_TSDF":"------","OPERATING_TSDF_DESC":"Not a TSDF","IS_CA":"No","PERMITTED_STATUS":"Not Permitted","TSDF_YES_NO":"No"}},{"type":"Feature","id":751705,"geometry":{"type":"Point","coordinates":[-122.380029015127,41.4378209986402]},"properties":{"OBJECTID":751705,"HANDLER_ID":"CAC003243656","HANDLER_NAME":"238 ARBAUGH ST","LOCATION_ADDRESS":"238 Arbaugh St, Weed, CA 96094","FEDERAL_GENERATOR_STATUS":"Other","OPERATING_TSDF":"------","OPERATING_TSDF_DESC":"Not a TSDF","IS_CA":"No","PERMITTED_STATUS":"Not Permitted","TSDF_YES_NO":"No"}},{"type":"Feature","id":752896,"geometry":{"type":"Point","coordinates":[-122.377462350007,41.5168030580148]},"properties":{"OBJECTID":752896,"HANDLER_ID":"CAC003232428","HANDLER_NAME":"TROY DONNELSON","LOCATION_ADDRESS":"5407 Stag Mountain Rd., Weed, CA 96094","FEDERAL_GENERATOR_STATUS":"Other","OPERATING_TSDF":"------","OPERATING_TSDF_DESC":"Not a TSDF","IS_CA":"No","PERMITTED_STATUS":"Not Permitted","TSDF_YES_NO":"No"}},{"type":"Feature","id":753003,"geometry":{"type":"Point","coordinates":[-122.380029015127,41.4378209986402]},"properties":{"OBJECTID":753003,"HANDLER_ID":"CAC003243719","HANDLER_NAME":"BRUNO GROSSI","LOCATION_ADDRESS":"238 Arbaugh St, Weed, CA 96094","FEDERAL_GENERATOR_STATUS":"Other","OPERATING_TSDF":"------","OPERATING_TSDF_DESC":"Not a TSDF","IS_CA":"No","PERMITTED_STATUS":"Not Permitted","TSDF_YES_NO":"No"}},{"type":"Feature","id":753042,"geometry":{"type":"Point","coordinates":[-122.647845321804,41.711855217944]},"properties":{"OBJECTID":753042,"HANDLER_ID":"CAL000479569","HANDLER_NAME":"BRUCE'S TOWING SISKIYOU LLC","LOCATION_ADDRESS":"310 Greenhorn Rd, Yreka, CA 96097","FEDERAL_GENERATOR_STATUS":"Other","OPERATING_TSDF":"------","OPERATING_TSDF_DESC":"Not a TSDF","IS_CA":"No","PERMITTED_STATUS":"Not Permitted","TSDF_YES_NO":"No"}},{"type":"Feature","id":754523,"geometry":{"type":"Point","coordinates":[-122.625156325904,41.7347933260513]},"properties":{"OBJECTID":754523,"HANDLER_ID":"CAL000479740","HANDLER_NAME":"CROSS PETROLEUM","LOCATION_ADDRESS":"505 Foothill Dr, Yreka, CA 96097","FEDERAL_GENERATOR_STATUS":"Other","OPERATING_TSDF":"------","OPERATING_TSDF_DESC":"Not a TSDF","IS_CA":"No","PERMITTED_STATUS":"Not Permitted","TSDF_YES_NO":"No"}},{"type":"Feature","id":755079,"geometry":{"type":"Point","coordinates":[-122.311687734202,41.3077007897597]},"properties":{"OBJECTID":755079,"HANDLER_ID":"CAC003211724","HANDLER_NAME":"102 SISSION ST","LOCATION_ADDRESS":"102 Sission St, Mount Shasta, CA 96067-2541","FEDERAL_GENERATOR_STATUS":"Other","OPERATING_TSDF":"------","OPERATING_TSDF_DESC":"Not a TSDF","IS_CA":"No","PERMITTED_STATUS":"Not Permitted","TSDF_YES_NO":"No"}},{"type":"Feature","id":755245,"geometry":{"type":"Point","coordinates":[-122.316947868849,41.1429863597328]},"properties":{"OBJECTID":755245,"HANDLER_ID":"CAC003229223","HANDLER_NAME":"CASTLE ROCK UNION ELEMENTARY SCHOOL","LOCATION_ADDRESS":"29373 Main Street, Castella, CA 96017","FEDERAL_GENERATOR_STATUS":"Other","OPERATING_TSDF":"------","OPERATING_TSDF_DESC":"Not a TSDF","IS_CA":"No","PERMITTED_STATUS":"Not Permitted","TSDF_YES_NO":"No"}},{"type":"Feature","id":759717,"geometry":{"type":"Point","coordinates":[-122.381380696162,41.4280057978294]},"properties":{"OBJECTID":759717,"HANDLER_ID":"CAC003228840","HANDLER_NAME":"SW MAINT. CORP.","LOCATION_ADDRESS":"575 White Ave, Weed, CA 96094","FEDERAL_GENERATOR_STATUS":"Other","OPERATING_TSDF":"------","OPERATING_TSDF_DESC":"Not a TSDF","IS_CA":"No","PERMITTED_STATUS":"Not Permitted","TSDF_YES_NO":"No"}},{"type":"Feature","id":764117,"geometry":{"type":"Point","coordinates":[-122.632185427016,41.7153562786694]},"properties":{"OBJECTID":764117,"HANDLER_ID":"CAC003217242","HANDLER_NAME":"ANVIL BUILDERS IN- SISKIYOU FIRE","LOCATION_ADDRESS":"501 East Oberlin Road, Yreka, CA 96097","FEDERAL_GENERATOR_STATUS":"Other","OPERATING_TSDF":"------","OPERATING_TSDF_DESC":"Not a TSDF","IS_CA":"No","PERMITTED_STATUS":"Not Permitted","TSDF_YES_NO":"No"}},{"type":"Feature","id":766714,"geometry":{"type":"Point","coordinates":[-122.390300172215,41.4122002128696]},"properties":{"OBJECTID":766714,"HANDLER_ID":"CAR000348144","HANDLER_NAME":"COLLEGE OF THE SISKIYOUS","LOCATION_ADDRESS":"800 College Avenue, Weed, CA 96094","FEDERAL_GENERATOR_STATUS":"SQG","OPERATING_TSDF":"------","OPERATING_TSDF_DESC":"Not a TSDF","IS_CA":"No","PERMITTED_STATUS":"Not Permitted","TSDF_YES_NO":"No"}},{"type":"Feature","id":770904,"geometry":{"type":"Point","coordinates":[-122.641464631887,41.723780228275]},"properties":{"OBJECTID":770904,"HANDLER_ID":"CAC003195602","HANDLER_NAME":"926 S OREGON ST","LOCATION_ADDRESS":"926 S Oregon St, Yreka, CA 96097","FEDERAL_GENERATOR_STATUS":"Other","OPERATING_TSDF":"------","OPERATING_TSDF_DESC":"Not a TSDF","IS_CA":"No","PERMITTED_STATUS":"Not Permitted","TSDF_YES_NO":"No"}},{"type":"Feature","id":773806,"geometry":{"type":"Point","coordinates":[-123.38626696265,41.7884666644051]},"properties":{"OBJECTID":773806,"HANDLER_ID":"CAC003208679","HANDLER_NAME":"PHILATRON INTERNATIONAL INC.","LOCATION_ADDRESS":"64727 Hwy 96, Happy Camp, CA 96039","FEDERAL_GENERATOR_STATUS":"Other","OPERATING_TSDF":"------","OPERATING_TSDF_DESC":"Not a TSDF","IS_CA":"No","PERMITTED_STATUS":"Not Permitted","TSDF_YES_NO":"No"}},{"type":"Feature","id":775141,"geometry":{"type":"Point","coordinates":[-122.137801118627,41.2562307904187]},"properties":{"OBJECTID":775141,"HANDLER_ID":"CAC003207522","HANDLER_NAME":"STEPHANIE RAY","LOCATION_ADDRESS":"505 Quincy Ave., Mccloud, CA 96057","FEDERAL_GENERATOR_STATUS":"Other","OPERATING_TSDF":"------","OPERATING_TSDF_DESC":"Not a TSDF","IS_CA":"No","PERMITTED_STATUS":"Not Permitted","TSDF_YES_NO":"No"}},{"type":"Feature","id":777271,"geometry":{"type":"Point","coordinates":[-122.309749695192,41.3192840577132]},"properties":{"OBJECTID":777271,"HANDLER_ID":"CAC003199915","HANDLER_NAME":"601 E ALMA ST","LOCATION_ADDRESS":"601 E Alma St, Mount Shasta, CA 96067","FEDERAL_GENERATOR_STATUS":"Other","OPERATING_TSDF":"------","OPERATING_TSDF_DESC":"Not a TSDF","IS_CA":"No","PERMITTED_STATUS":"Not Permitted","TSDF_YES_NO":"No"}},{"type":"Feature","id":777588,"geometry":{"type":"Point","coordinates":[-121.531347793466,42.0037391812183]},"properties":{"OBJECTID":777588,"HANDLER_ID":"CAC003218825","HANDLER_NAME":"LYMAN FARMS","LOCATION_ADDRESS":"21525 Stateline Rd, Merrill, CA 97633","FEDERAL_GENERATOR_STATUS":"Other","OPERATING_TSDF":"------","OPERATING_TSDF_DESC":"Not a TSDF","IS_CA":"No","PERMITTED_STATUS":"Not Permitted","TSDF_YES_NO":"No"}},{"type":"Feature","id":777808,"geometry":{"type":"Point","coordinates":[-122.407432257193,41.7114963884476]},"properties":{"OBJECTID":777808,"HANDLER_ID":"CAC003192403","HANDLER_NAME":"LITTLE SHASTA ELEMENTARY SCHOOL","LOCATION_ADDRESS":"409 Lower Little Shasta Road, Montague, CA 96064","FEDERAL_GENERATOR_STATUS":"Other","OPERATING_TSDF":"------","OPERATING_TSDF_DESC":"Not a TSDF","IS_CA":"No","PERMITTED_STATUS":"Not Permitted","TSDF_YES_NO":"No"}},{"type":"Feature","id":778200,"geometry":{"type":"Point","coordinates":[-122.381380696162,41.4280057978294]},"properties":{"OBJECTID":778200,"HANDLER_ID":"CAC003241589","HANDLER_NAME":"WEED UNION ELEMENTARY SCHOOL DISTRICT","LOCATION_ADDRESS":"575 White Ave, Weed, CA 96094","FEDERAL_GENERATOR_STATUS":"Other","OPERATING_TSDF":"------","OPERATING_TSDF_DESC":"Not a TSDF","IS_CA":"No","PERMITTED_STATUS":"Not Permitted","TSDF_YES_NO":"No"}},{"type":"Feature","id":778877,"geometry":{"type":"Point","coordinates":[-122.145840158397,41.1691926041555]},"properties":{"OBJECTID":778877,"HANDLER_ID":"CAL000476748","HANDLER_NAME":"WILLOW CREEK RANCH & TIMBER LLC","LOCATION_ADDRESS":"30022 Willow Creek Rd, Mccloud, CA 96057","FEDERAL_GENERATOR_STATUS":"Other","OPERATING_TSDF":"------","OPERATING_TSDF_DESC":"Not a TSDF","IS_CA":"No","PERMITTED_STATUS":"Not Permitted","TSDF_YES_NO":"No"}},{"type":"Feature","id":779101,"geometry":{"type":"Point","coordinates":[-122.276463088301,41.222449556402]},"properties":{"OBJECTID":779101,"HANDLER_ID":"CAL000479266","HANDLER_NAME":"MCCLOUD HEALTHCARE CLINIC INC DBA DUNSMUIR DENTAL CENTER","LOCATION_ADDRESS":"4303 Stagecoach Rd, Dunsmuir, CA 96025","FEDERAL_GENERATOR_STATUS":"Other","OPERATING_TSDF":"------","OPERATING_TSDF_DESC":"Not a TSDF","IS_CA":"No","PERMITTED_STATUS":"Not Permitted","TSDF_YES_NO":"No"}},{"type":"Feature","id":779591,"geometry":{"type":"Point","coordinates":[-122.535035263666,41.7192629336375]},"properties":{"OBJECTID":779591,"HANDLER_ID":"CAC003228659","HANDLER_NAME":"CUSTOM CRUSHING INDUSTRIES, INC.","LOCATION_ADDRESS":"881 S. 11th Street, Montague, CA 96064","FEDERAL_GENERATOR_STATUS":"Other","OPERATING_TSDF":"------","OPERATING_TSDF_DESC":"Not a TSDF","IS_CA":"No","PERMITTED_STATUS":"Not Permitted","TSDF_YES_NO":"No"}},{"type":"Feature","id":779748,"geometry":{"type":"Point","coordinates":[-122.632185427016,41.7153562786694]},"properties":{"OBJECTID":779748,"HANDLER_ID":"CAC003203802","HANDLER_NAME":"ANVIL BUILDERS INC- SISKIYOU FIRE","LOCATION_ADDRESS":"501 East Oberlin Road, Yreka, CA 96097","FEDERAL_GENERATOR_STATUS":"Other","OPERATING_TSDF":"------","OPERATING_TSDF_DESC":"Not a TSDF","IS_CA":"No","PERMITTED_STATUS":"Not Permitted","TSDF_YES_NO":"No"}},{"type":"Feature","id":782904,"geometry":{"type":"Point","coordinates":[-122.374607901833,41.4287648256363]},"properties":{"OBJECTID":782904,"HANDLER_ID":"CAD982335853","HANDLER_NAME":"SISKIYOU UNION HSD WEED HS","LOCATION_ADDRESS":"909 Hillside Dr, Weed, CA 96094","FEDERAL_GENERATOR_STATUS":"Other","OPERATING_TSDF":"------","OPERATING_TSDF_DESC":"Not a TSDF","IS_CA":"No","PERMITTED_STATUS":"Not Permitted","TSDF_YES_NO":"No"}},{"type":"Feature","id":785323,"geometry":{"type":"Point","coordinates":[-122.648117816384,41.7342258538401]},"properties":{"OBJECTID":785323,"HANDLER_ID":"CAC003218182","HANDLER_NAME":"COOL TIME LLC / GO TIME LLC","LOCATION_ADDRESS":"905 West Miner St., Yreka, CA 96067","FEDERAL_GENERATOR_STATUS":"Other","OPERATING_TSDF":"------","OPERATING_TSDF_DESC":"Not a TSDF","IS_CA":"No","PERMITTED_STATUS":"Not Permitted","TSDF_YES_NO":"No"}},{"type":"Feature","id":787486,"geometry":{"type":"Point","coordinates":[-122.389390058305,41.4119493020187]},"properties":{"OBJECTID":787486,"HANDLER_ID":"CAC003205402","HANDLER_NAME":"COLLEGE OF THE REDWOODS","LOCATION_ADDRESS":"800 College Ave., Weed, CA 96094","FEDERAL_GENERATOR_STATUS":"Other","OPERATING_TSDF":"------","OPERATING_TSDF_DESC":"Not a TSDF","IS_CA":"No","PERMITTED_STATUS":"Not Permitted","TSDF_YES_NO":"No"}},{"type":"Feature","id":788952,"geometry":{"type":"Point","coordinates":[-122.374607901833,41.4287648256363]},"properties":{"OBJECTID":788952,"HANDLER_ID":"CAC003236100","HANDLER_NAME":"909 HILLSIDE DR","LOCATION_ADDRESS":"909 Hillside Dr, Weed, CA 96094","FEDERAL_GENERATOR_STATUS":"Other","OPERATING_TSDF":"------","OPERATING_TSDF_DESC":"Not a TSDF","IS_CA":"No","PERMITTED_STATUS":"Not Permitted","TSDF_YES_NO":"No"}},{"type":"Feature","id":790513,"geometry":{"type":"Point","coordinates":[-121.475756201188,41.9327601887318]},"properties":{"OBJECTID":790513,"HANDLER_ID":"CAC003197792","HANDLER_NAME":"UNION PACIFIC RAILROAD","LOCATION_ADDRESS":"County Road 98, Tulelake, CA 96134","FEDERAL_GENERATOR_STATUS":"Other","OPERATING_TSDF":"------","OPERATING_TSDF_DESC":"Not a TSDF","IS_CA":"No","PERMITTED_STATUS":"Not Permitted","TSDF_YES_NO":"No"}},{"type":"Feature","id":792133,"geometry":{"type":"Point","coordinates":[-122.562168709119,41.9104552033451]},"properties":{"OBJECTID":792133,"HANDLER_ID":"CAC003208800","HANDLER_NAME":"HORNBROOK ELEMENTARY SCHOOL","LOCATION_ADDRESS":"15430 Oregon Rd., Hornbrook, CA 96044","FEDERAL_GENERATOR_STATUS":"Other","OPERATING_TSDF":"------","OPERATING_TSDF_DESC":"Not a TSDF","IS_CA":"No","PERMITTED_STATUS":"Not Permitted","TSDF_YES_NO":"No"}},{"type":"Feature","id":792219,"geometry":{"type":"Point","coordinates":[-123.098980333675,41.6807872385403]},"properties":{"OBJECTID":792219,"HANDLER_ID":"CAL000478121","HANDLER_NAME":"SCOTT RIVER LODGE","LOCATION_ADDRESS":"19432 Scott River Rd, Fort Jones, CA 96032","FEDERAL_GENERATOR_STATUS":"Other","OPERATING_TSDF":"------","OPERATING_TSDF_DESC":"Not a TSDF","IS_CA":"No","PERMITTED_STATUS":"Not Permitted","TSDF_YES_NO":"No"}},{"type":"Feature","id":793878,"geometry":{"type":"Point","coordinates":[-122.362130707766,41.9718726038377]},"properties":{"OBJECTID":793878,"HANDLER_ID":"CAL000477283","HANDLER_NAME":"KIEWIT - KLAMATH RIVER RENEWAL PROJECT","LOCATION_ADDRESS":"19038 Daggett Rd, Hornbrook, CA 96004","FEDERAL_GENERATOR_STATUS":"Other","OPERATING_TSDF":"------","OPERATING_TSDF_DESC":"Not a TSDF","IS_CA":"No","PERMITTED_STATUS":"Not Permitted","TSDF_YES_NO":"No"}},{"type":"Feature","id":795714,"geometry":{"type":"Point","coordinates":[-122.363466201004,41.4482657248834]},"properties":{"OBJECTID":795714,"HANDLER_ID":"CAC003236513","HANDLER_NAME":"19130 BROOKSIDE AVE","LOCATION_ADDRESS":"19130 Brookside Ave, Weed, CA 96094","FEDERAL_GENERATOR_STATUS":"Other","OPERATING_TSDF":"------","OPERATING_TSDF_DESC":"Not a TSDF","IS_CA":"No","PERMITTED_STATUS":"Not Permitted","TSDF_YES_NO":"No"}},{"type":"Feature","id":798711,"geometry":{"type":"Point","coordinates":[-122.352088877799,41.3409289407181]},"properties":{"OBJECTID":798711,"HANDLER_ID":"CAL000477931","HANDLER_NAME":"SHASTA SERVICES INC DBA TIMBERWORKS","LOCATION_ADDRESS":"2700 N Old Stage Rd, Mount Shasta, CA 96067","FEDERAL_GENERATOR_STATUS":"Other","OPERATING_TSDF":"------","OPERATING_TSDF_DESC":"Not a TSDF","IS_CA":"No","PERMITTED_STATUS":"Not Permitted","TSDF_YES_NO":"No"}},{"type":"Feature","id":798737,"geometry":{"type":"Point","coordinates":[-122.640797334929,41.7121456989649]},"properties":{"OBJECTID":798737,"HANDLER_ID":"CAL000478216","HANDLER_NAME":"TRP MOTORSPORTS","LOCATION_ADDRESS":"1488 Fairlane Rd, Yreka, CA 96097","FEDERAL_GENERATOR_STATUS":"Other","OPERATING_TSDF":"------","OPERATING_TSDF_DESC":"Not a TSDF","IS_CA":"No","PERMITTED_STATUS":"Not Permitted","TSDF_YES_NO":"No"}},{"type":"Feature","id":800575,"geometry":{"type":"Point","coordinates":[-122.636113665713,41.6916717332639]},"properties":{"OBJECTID":800575,"HANDLER_ID":"CAL000477760","HANDLER_NAME":"SW MAINTENANCE CORP CONCRETE","LOCATION_ADDRESS":"126 Schantz Rd, Yreka, CA 96097","FEDERAL_GENERATOR_STATUS":"Other","OPERATING_TSDF":"------","OPERATING_TSDF_DESC":"Not a TSDF","IS_CA":"No","PERMITTED_STATUS":"Not Permitted","TSDF_YES_NO":"No"}},{"type":"Feature","id":803248,"geometry":{"type":"Point","coordinates":[-122.377187157461,41.5279492554538]},"properties":{"OBJECTID":803248,"HANDLER_ID":"CAC003246784","HANDLER_NAME":"CAROLYN HARMON","LOCATION_ADDRESS":"5504 Lake Shastina Dr, Weed, CA 96094","FEDERAL_GENERATOR_STATUS":"Other","OPERATING_TSDF":"------","OPERATING_TSDF_DESC":"Not a TSDF","IS_CA":"No","PERMITTED_STATUS":"Not Permitted","TSDF_YES_NO":"No"}},{"type":"Feature","id":803668,"geometry":{"type":"Point","coordinates":[-122.276215774738,41.2107205982771]},"properties":{"OBJECTID":803668,"HANDLER_ID":"CAC003262898","HANDLER_NAME":"DUNSMUIR HIGH SCHOOL","LOCATION_ADDRESS":"5805 High School Way, Dunsmuir, CA 96025","FEDERAL_GENERATOR_STATUS":"Other","OPERATING_TSDF":"------","OPERATING_TSDF_DESC":"Not a TSDF","IS_CA":"No","PERMITTED_STATUS":"Not Permitted","TSDF_YES_NO":"No"}},{"type":"Feature","id":805934,"geometry":{"type":"Point","coordinates":[-122.636682936568,41.7386541155951]},"properties":{"OBJECTID":805934,"HANDLER_ID":"CAS231016047","HANDLER_NAME":"HAPPY CAMP COMPLEX FIRE","LOCATION_ADDRESS":"Siskiyou County, Yreka, CA 96097","FEDERAL_GENERATOR_STATUS":"Other","OPERATING_TSDF":"------","OPERATING_TSDF_DESC":"Not a TSDF","IS_CA":"No","PERMITTED_STATUS":"Not Permitted","TSDF_YES_NO":"No"}},{"type":"Feature","id":812878,"geometry":{"type":"Point","coordinates":[-122.301402187961,41.2772452486694]},"properties":{"OBJECTID":812878,"HANDLER_ID":"CAC003259294","HANDLER_NAME":"2701 S.OLD STAGE RD.","LOCATION_ADDRESS":"2701 S.Old Stage Rd., Mount Shasta, CA 96067","FEDERAL_GENERATOR_STATUS":"Other","OPERATING_TSDF":"------","OPERATING_TSDF_DESC":"Not a TSDF","IS_CA":"No","PERMITTED_STATUS":"Not Permitted","TSDF_YES_NO":"No"}},{"type":"Feature","id":813441,"geometry":{"type":"Point","coordinates":[-122.644673412948,41.7342986989259]},"properties":{"OBJECTID":813441,"HANDLER_ID":"CAC003260129","HANDLER_NAME":"745 NORTH STREET","LOCATION_ADDRESS":"745 North Street, Yreka, CA 96097","FEDERAL_GENERATOR_STATUS":"Other","OPERATING_TSDF":"------","OPERATING_TSDF_DESC":"Not a TSDF","IS_CA":"No","PERMITTED_STATUS":"Not Permitted","TSDF_YES_NO":"No"}},{"type":"Feature","id":813629,"geometry":{"type":"Point","coordinates":[-122.442101122069,41.9358043938578]},"properties":{"OBJECTID":813629,"HANDLER_ID":"CAL000484656","HANDLER_NAME":"KIEWIT KLAMATH RIVER IRON GATE","LOCATION_ADDRESS":"8632 Copco, Hornbrook, CA 96044","FEDERAL_GENERATOR_STATUS":"Other","OPERATING_TSDF":"------","OPERATING_TSDF_DESC":"Not a TSDF","IS_CA":"No","PERMITTED_STATUS":"Not Permitted","TSDF_YES_NO":"No"}},{"type":"Feature","id":816371,"geometry":{"type":"Point","coordinates":[-122.315467584761,41.511771351167]},"properties":{"OBJECTID":816371,"HANDLER_ID":"CAL000486016","HANDLER_NAME":"1884 LINE CO YARD","LOCATION_ADDRESS":"4270 Highway 97, Weed, CA 96094","FEDERAL_GENERATOR_STATUS":"Other","OPERATING_TSDF":"------","OPERATING_TSDF_DESC":"Not a TSDF","IS_CA":"No","PERMITTED_STATUS":"Not Permitted","TSDF_YES_NO":"No"}},{"type":"Feature","id":817743,"geometry":{"type":"Point","coordinates":[-122.459956261972,41.9176821553073]},"properties":{"OBJECTID":817743,"HANDLER_ID":"CAL000486804","HANDLER_NAME":"HGS LLC DBA RES ENVIRONMENTAL OPERATING COMPANY LLC","LOCATION_ADDRESS":"6930 Copco Rd, Hornbrook, CA 96044","FEDERAL_GENERATOR_STATUS":"Other","OPERATING_TSDF":"------","OPERATING_TSDF_DESC":"Not a TSDF","IS_CA":"No","PERMITTED_STATUS":"Not Permitted","TSDF_YES_NO":"No"}},{"type":"Feature","id":818047,"geometry":{"type":"Point","coordinates":[-122.315467584761,41.511771351167]},"properties":{"OBJECTID":818047,"HANDLER_ID":"CAL000485908","HANDLER_NAME":"1884 LINE CO YARD","LOCATION_ADDRESS":"4270 Hwy 97, Weed, CA 96094","FEDERAL_GENERATOR_STATUS":"Other","OPERATING_TSDF":"------","OPERATING_TSDF_DESC":"Not a TSDF","IS_CA":"No","PERMITTED_STATUS":"Not Permitted","TSDF_YES_NO":"No"}},{"type":"Feature","id":822106,"geometry":{"type":"Point","coordinates":[-122.534689024679,41.7310827232891]},"properties":{"OBJECTID":822106,"HANDLER_ID":"CAC003249325","HANDLER_NAME":"ICP MONTAGUE WILDFIRE BASE CAMP","LOCATION_ADDRESS":"Near 630 West Webb Street, Montague, CA 96064","FEDERAL_GENERATOR_STATUS":"Other","OPERATING_TSDF":"------","OPERATING_TSDF_DESC":"Not a TSDF","IS_CA":"No","PERMITTED_STATUS":"Not Permitted","TSDF_YES_NO":"No"}},{"type":"Feature","id":824076,"geometry":{"type":"Point","coordinates":[-121.43695944812,41.0067579555153]},"properties":{"OBJECTID":824076,"HANDLER_ID":"CAL000485062","HANDLER_NAME":"DO IT BEST VALLEY HARDWARE & NURSERY LLC","LOCATION_ADDRESS":"43185 Hwy 299e, Fall River Mills, CA 96028","FEDERAL_GENERATOR_STATUS":"Other","OPERATING_TSDF":"------","OPERATING_TSDF_DESC":"Not a TSDF","IS_CA":"No","PERMITTED_STATUS":"Not Permitted","TSDF_YES_NO":"No"}},{"type":"Feature","id":824870,"geometry":{"type":"Point","coordinates":[-123.368599781055,41.7942124329575]},"properties":{"OBJECTID":824870,"HANDLER_ID":"CAC003249327","HANDLER_NAME":"HAPPY CAMP WILDFIRE BASE CAMP","LOCATION_ADDRESS":"Happy Camp River Park, Happy Camp, CA 96039","FEDERAL_GENERATOR_STATUS":"Other","OPERATING_TSDF":"------","OPERATING_TSDF_DESC":"Not a TSDF","IS_CA":"No","PERMITTED_STATUS":"Not Permitted","TSDF_YES_NO":"No"}},{"type":"Feature","id":825906,"geometry":{"type":"Point","coordinates":[-122.38625861894,41.4264292862826]},"properties":{"OBJECTID":825906,"HANDLER_ID":"CAL000484223","HANDLER_NAME":"SHASTA VIEW ESTATES","LOCATION_ADDRESS":"445 Park St, Weed, CA 96094","FEDERAL_GENERATOR_STATUS":"Other","OPERATING_TSDF":"------","OPERATING_TSDF_DESC":"Not a TSDF","IS_CA":"No","PERMITTED_STATUS":"Not Permitted","TSDF_YES_NO":"No"}},{"type":"Feature","id":829106,"geometry":{"type":"Point","coordinates":[-122.006423657526,41.8277229710384]},"properties":{"OBJECTID":829106,"HANDLER_ID":"CAL000423440","HANDLER_NAME":"AT&T MOBILITY","LOCATION_ADDRESS":"41520 Us 97, Dorris, CA 96058","FEDERAL_GENERATOR_STATUS":"Other","OPERATING_TSDF":"------","OPERATING_TSDF_DESC":"Not a TSDF","IS_CA":"No","PERMITTED_STATUS":"Not Permitted","TSDF_YES_NO":"No"}},{"type":"Feature","id":829426,"geometry":{"type":"Point","coordinates":[-122.31907566481,41.3195385658522]},"properties":{"OBJECTID":829426,"HANDLER_ID":"CAL000484415","HANDLER_NAME":"BJERS MODERN AND CLASSIC AUTO REPAIR","LOCATION_ADDRESS":"901 N Mount Shasta Blvd, Mount Shasta, CA 96067","FEDERAL_GENERATOR_STATUS":"Other","OPERATING_TSDF":"------","OPERATING_TSDF_DESC":"Not a TSDF","IS_CA":"No","PERMITTED_STATUS":"Not Permitted","TSDF_YES_NO":"No"}},{"type":"Feature","id":829496,"geometry":{"type":"Point","coordinates":[-122.644763345152,41.7158113356247]},"properties":{"OBJECTID":829496,"HANDLER_ID":"CAL000481212","HANDLER_NAME":"DAVE RICHARDSON TRUCKING LLC","LOCATION_ADDRESS":"325 Payne Land, Yreka, CA 96097","FEDERAL_GENERATOR_STATUS":"Other","OPERATING_TSDF":"------","OPERATING_TSDF_DESC":"Not a TSDF","IS_CA":"No","PERMITTED_STATUS":"Not Permitted","TSDF_YES_NO":"No"}},{"type":"Feature","id":829973,"geometry":{"type":"Point","coordinates":[-122.441957230542,41.9483085675864]},"properties":{"OBJECTID":829973,"HANDLER_ID":"CAC003266423","HANDLER_NAME":"10030 MOUNTAIN AVE","LOCATION_ADDRESS":"10030 Mountain Ave, Hornbrook, CA 96044","FEDERAL_GENERATOR_STATUS":"Other","OPERATING_TSDF":"------","OPERATING_TSDF_DESC":"Not a TSDF","IS_CA":"No","PERMITTED_STATUS":"Not Permitted","TSDF_YES_NO":"No"}},{"type":"Feature","id":831125,"geometry":{"type":"Point","coordinates":[-122.640916045439,41.7116843467553]},"properties":{"OBJECTID":831125,"HANDLER_ID":"CAL000481177","HANDLER_NAME":"LSTC OF CALIFORNIA LLC","LOCATION_ADDRESS":"1508 Fairlane Rd, Yreka, CA 96097","FEDERAL_GENERATOR_STATUS":"Other","OPERATING_TSDF":"------","OPERATING_TSDF_DESC":"Not a TSDF","IS_CA":"No","PERMITTED_STATUS":"Not Permitted","TSDF_YES_NO":"No"}},{"type":"Feature","id":831146,"geometry":{"type":"Point","coordinates":[-123.551560556075,41.2991985991361]},"properties":{"OBJECTID":831146,"HANDLER_ID":"CAC003252231","HANDLER_NAME":"SIX RIVERS NATIONAL FOREST","LOCATION_ADDRESS":"2 Eyesse Rd, Orleans, CA 95556","FEDERAL_GENERATOR_STATUS":"Other","OPERATING_TSDF":"------","OPERATING_TSDF_DESC":"Not a TSDF","IS_CA":"No","PERMITTED_STATUS":"Not Permitted","TSDF_YES_NO":"No"}},{"type":"Feature","id":832681,"geometry":{"type":"Point","coordinates":[-121.635223986398,41.0727780862398]},"properties":{"OBJECTID":832681,"HANDLER_ID":"CAL000482992","HANDLER_NAME":"BOSWORTH RANCH","LOCATION_ADDRESS":"27481 Cayton Valley Rd, Burney, CA 96013","FEDERAL_GENERATOR_STATUS":"Other","OPERATING_TSDF":"------","OPERATING_TSDF_DESC":"Not a TSDF","IS_CA":"No","PERMITTED_STATUS":"Not Permitted","TSDF_YES_NO":"No"}},{"type":"Feature","id":834517,"geometry":{"type":"Point","coordinates":[-122.869020988528,41.456495420927]},"properties":{"OBJECTID":834517,"HANDLER_ID":"CAC003251191","HANDLER_NAME":"HAPPY CAMP COMPLEX WILDFIRE - ETNA BASE CAMP","LOCATION_ADDRESS":"125 Horn Road, Etna, CA 96027","FEDERAL_GENERATOR_STATUS":"Other","OPERATING_TSDF":"------","OPERATING_TSDF_DESC":"Not a TSDF","IS_CA":"No","PERMITTED_STATUS":"Not Permitted","TSDF_YES_NO":"No"}},{"type":"Feature","id":835556,"geometry":{"type":"Point","coordinates":[-122.869020988528,41.456495420927]},"properties":{"OBJECTID":835556,"HANDLER_ID":"CAC003251232","HANDLER_NAME":"HAPPY CAMP COMPLEX FIRE - ETNA BASE CAMP","LOCATION_ADDRESS":"125 Horn Road, Etna, CA 96027","FEDERAL_GENERATOR_STATUS":"Other","OPERATING_TSDF":"------","OPERATING_TSDF_DESC":"Not a TSDF","IS_CA":"No","PERMITTED_STATUS":"Not Permitted","TSDF_YES_NO":"No"}},{"type":"Feature","id":838282,"geometry":{"type":"Point","coordinates":[-122.312945885744,41.3137999918762]},"properties":{"OBJECTID":838282,"HANDLER_ID":"CAL000489902","HANDLER_NAME":"JEMICA LLC DBA JON THOMAS FINE JEWELRY","LOCATION_ADDRESS":"322 N Mt Shasta Blvd, Mount Shasta, CA 96067","FEDERAL_GENERATOR_STATUS":"Other","OPERATING_TSDF":"------","OPERATING_TSDF_DESC":"Not a TSDF","IS_CA":"No","PERMITTED_STATUS":"Not Permitted","TSDF_YES_NO":"No"}},{"type":"Feature","id":839504,"geometry":{"type":"Point","coordinates":[-122.400153144552,41.948554082505]},"properties":{"OBJECTID":839504,"HANDLER_ID":"CAL000411140","HANDLER_NAME":"IRON GATE HATCHERY-CA DEPARTMENT OF FISH AND WILDLIFE","LOCATION_ADDRESS":"8638 Lakeview Rd, Hornbrook, CA 96044","FEDERAL_GENERATOR_STATUS":"VSG","OPERATING_TSDF":"------","OPERATING_TSDF_DESC":"Not a TSDF","IS_CA":"No","PERMITTED_STATUS":"Not Permitted","TSDF_YES_NO":"No"}},{"type":"Feature","id":841291,"geometry":{"type":"Point","coordinates":[-121.910466894532,41.0201740417987]},"properties":{"OBJECTID":841291,"HANDLER_ID":"CAL000487702","HANDLER_NAME":"PIT STOP STORE","LOCATION_ADDRESS":"25252 Big Bend Rd, Big Bend, CA 96011","FEDERAL_GENERATOR_STATUS":"Other","OPERATING_TSDF":"------","OPERATING_TSDF_DESC":"Not a TSDF","IS_CA":"No","PERMITTED_STATUS":"Not Permitted","TSDF_YES_NO":"No"}},{"type":"Feature","id":841307,"geometry":{"type":"Point","coordinates":[-121.726550140177,41.6601963609734]},"properties":{"OBJECTID":841307,"HANDLER_ID":"CAD981373616","HANDLER_NAME":"PG&E TIONESTA COMP STATION","LOCATION_ADDRESS":"Pipeline Rd, Tionesta, CA 96134","FEDERAL_GENERATOR_STATUS":"Other","OPERATING_TSDF":"------","OPERATING_TSDF_DESC":"Not a TSDF","IS_CA":"No","PERMITTED_STATUS":"Not Permitted","TSDF_YES_NO":"No"}},{"type":"Feature","id":841568,"geometry":{"type":"Point","coordinates":[-122.645542158044,41.7024402154437]},"properties":{"OBJECTID":841568,"HANDLER_ID":"CAL000391045","HANDLER_NAME":"DOLLAR TREE #01251","LOCATION_ADDRESS":"1828 Fort Jones Rd, Yreka, CA 96097","FEDERAL_GENERATOR_STATUS":"VSG","OPERATING_TSDF":"------","OPERATING_TSDF_DESC":"Not a TSDF","IS_CA":"No","PERMITTED_STATUS":"Not Permitted","TSDF_YES_NO":"No"}},{"type":"Feature","id":842465,"geometry":{"type":"Point","coordinates":[-122.385806259951,41.4160672976677]},"properties":{"OBJECTID":842465,"HANDLER_ID":"CAC002964786","HANDLER_NAME":"432 WALNUT ST.","LOCATION_ADDRESS":"432 Walnut St., Weed, CA 96094-2727","FEDERAL_GENERATOR_STATUS":"Other","OPERATING_TSDF":"------","OPERATING_TSDF_DESC":"Not a TSDF","IS_CA":"No","PERMITTED_STATUS":"Not Permitted","TSDF_YES_NO":"No"}},{"type":"Feature","id":845599,"geometry":{"type":"Point","coordinates":[-122.304669424954,41.3184710705835]},"properties":{"OBJECTID":845599,"HANDLER_ID":"CAC002968223","HANDLER_NAME":"601 HERCULES DRIVE","LOCATION_ADDRESS":"601 Hercules Drive, Mount Shasta, CA 96067-9763","FEDERAL_GENERATOR_STATUS":"Other","OPERATING_TSDF":"------","OPERATING_TSDF_DESC":"Not a TSDF","IS_CA":"No","PERMITTED_STATUS":"Not Permitted","TSDF_YES_NO":"No"}},{"type":"Feature","id":846650,"geometry":{"type":"Point","coordinates":[-122.646333561445,41.7364912460743]},"properties":{"OBJECTID":846650,"HANDLER_ID":"CAC002984549","HANDLER_NAME":"812 PARK PLACE","LOCATION_ADDRESS":"812 Park Place, Yreka, CA 96097-2238","FEDERAL_GENERATOR_STATUS":"Other","OPERATING_TSDF":"------","OPERATING_TSDF_DESC":"Not a TSDF","IS_CA":"No","PERMITTED_STATUS":"Not Permitted","TSDF_YES_NO":"No"}},{"type":"Feature","id":847160,"geometry":{"type":"Point","coordinates":[-123.381872875133,41.8341792040071]},"properties":{"OBJECTID":847160,"HANDLER_ID":"CAC002976504","HANDLER_NAME":"3210 INDIAN CREEK RD","LOCATION_ADDRESS":"3210 Indian Creek Rd, Happy Camp, CA 96039","FEDERAL_GENERATOR_STATUS":"Other","OPERATING_TSDF":"------","OPERATING_TSDF_DESC":"Not a TSDF","IS_CA":"No","PERMITTED_STATUS":"Not Permitted","TSDF_YES_NO":"No"}},{"type":"Feature","id":847998,"geometry":{"type":"Point","coordinates":[-122.314820072888,41.3133494315311]},"properties":{"OBJECTID":847998,"HANDLER_ID":"CAL000490021","HANDLER_NAME":"GENUINE PARTS COMPANY DBA NAPA AUTO PARTS 234","LOCATION_ADDRESS":"108 W Castle St, Mount Shasta, CA 96067","FEDERAL_GENERATOR_STATUS":"Other","OPERATING_TSDF":"------","OPERATING_TSDF_DESC":"Not a TSDF","IS_CA":"No","PERMITTED_STATUS":"Not Permitted","TSDF_YES_NO":"No"}},{"type":"Feature","id":847999,"geometry":{"type":"Point","coordinates":[-122.388243422696,41.422865273014]},"properties":{"OBJECTID":847999,"HANDLER_ID":"CAL000490022","HANDLER_NAME":"GENUINE PARTS COMPANY DBA NAPA AUTO PARTS 235","LOCATION_ADDRESS":"176 N Weed Blvd, Weed, CA 96094","FEDERAL_GENERATOR_STATUS":"Other","OPERATING_TSDF":"------","OPERATING_TSDF_DESC":"Not a TSDF","IS_CA":"No","PERMITTED_STATUS":"Not Permitted","TSDF_YES_NO":"No"}},{"type":"Feature","id":848405,"geometry":{"type":"Point","coordinates":[-122.640077877292,41.7164759346168]},"properties":{"OBJECTID":848405,"HANDLER_ID":"CAL000490025","HANDLER_NAME":"GENUINE PARTS COMPANY DBA NAPA AUTO PARTS 237","LOCATION_ADDRESS":"1299 S Main St, Yreka, CA 96097","FEDERAL_GENERATOR_STATUS":"Other","OPERATING_TSDF":"------","OPERATING_TSDF_DESC":"Not a TSDF","IS_CA":"No","PERMITTED_STATUS":"Not Permitted","TSDF_YES_NO":"No"}},{"type":"Feature","id":849324,"geometry":{"type":"Point","coordinates":[-122.305670370391,41.2891981379838]},"properties":{"OBJECTID":849324,"HANDLER_ID":"CAL000488952","HANDLER_NAME":"WILLIAM JOHNSON DBA LONGHAIR COLLISION WORKS","LOCATION_ADDRESS":"2224  S Mt Shasta Blvd, Mount Shasta, CA 96067","FEDERAL_GENERATOR_STATUS":"Other","OPERATING_TSDF":"------","OPERATING_TSDF_DESC":"Not a TSDF","IS_CA":"No","PERMITTED_STATUS":"Not Permitted","TSDF_YES_NO":"No"}},{"type":"Feature","id":849689,"geometry":{"type":"Point","coordinates":[-121.951177404913,41.8528770086671]},"properties":{"OBJECTID":849689,"HANDLER_ID":"CAL000487043","HANDLER_NAME":"RALPHS RANCHES DBA PRATHER HAY RANCH","LOCATION_ADDRESS":"2935 Sheep Mountain Rd, Macdoel, CA 96058","FEDERAL_GENERATOR_STATUS":"Other","OPERATING_TSDF":"------","OPERATING_TSDF_DESC":"Not a TSDF","IS_CA":"No","PERMITTED_STATUS":"Not Permitted","TSDF_YES_NO":"No"}},{"type":"Feature","id":849927,"geometry":{"type":"Point","coordinates":[-122.434381341626,41.4451666611126]},"properties":{"OBJECTID":849927,"HANDLER_ID":"CAC003113089","HANDLER_NAME":"25509 EDGEWOOD ROAD","LOCATION_ADDRESS":"25509 Edgewood Road, Weed, CA 96094-9718","FEDERAL_GENERATOR_STATUS":"Other","OPERATING_TSDF":"------","OPERATING_TSDF_DESC":"Not a TSDF","IS_CA":"No","PERMITTED_STATUS":"Not Permitted","TSDF_YES_NO":"No"}},{"type":"Feature","id":851008,"geometry":{"type":"Point","coordinates":[-122.30763898635,41.3228597621684]},"properties":{"OBJECTID":851008,"HANDLER_ID":"CAC003144974","HANDLER_NAME":"802 PINE RIDGE AVE","LOCATION_ADDRESS":"802 Pine Ridge Ave, Mount Shasta, CA 96067","FEDERAL_GENERATOR_STATUS":"Other","OPERATING_TSDF":"------","OPERATING_TSDF_DESC":"Not a TSDF","IS_CA":"No","PERMITTED_STATUS":"Not Permitted","TSDF_YES_NO":"No"}},{"type":"Feature","id":851400,"geometry":{"type":"Point","coordinates":[-122.273455755379,41.2102871250509]},"properties":{"OBJECTID":851400,"HANDLER_ID":"CAC003154580","HANDLER_NAME":"4300 CEDAR ST","LOCATION_ADDRESS":"4300 Cedar St, Dunsmuir, CA 96025","FEDERAL_GENERATOR_STATUS":"Other","OPERATING_TSDF":"------","OPERATING_TSDF_DESC":"Not a TSDF","IS_CA":"No","PERMITTED_STATUS":"Not Permitted","TSDF_YES_NO":"No"}},{"type":"Feature","id":855574,"geometry":{"type":"Point","coordinates":[-122.382076771426,41.5259518611895]},"properties":{"OBJECTID":855574,"HANDLER_ID":"CAC003160834","HANDLER_NAME":"5152 SPEARPOINT ROAD","LOCATION_ADDRESS":"5152 Spearpoint Road, Weed, CA 96094-9132","FEDERAL_GENERATOR_STATUS":"Other","OPERATING_TSDF":"------","OPERATING_TSDF_DESC":"Not a TSDF","IS_CA":"No","PERMITTED_STATUS":"Not Permitted","TSDF_YES_NO":"No"}},{"type":"Feature","id":858744,"geometry":{"type":"Point","coordinates":[-122.384617356206,41.623962675737]},"properties":{"OBJECTID":858744,"HANDLER_ID":"CAC003253033","HANDLER_NAME":"8607 COUNTY HWY A12","LOCATION_ADDRESS":"8607 County Hwy A12, Montague, CA 96064","FEDERAL_GENERATOR_STATUS":"Other","OPERATING_TSDF":"------","OPERATING_TSDF_DESC":"Not a TSDF","IS_CA":"No","PERMITTED_STATUS":"Not Permitted","TSDF_YES_NO":"No"}},{"type":"Feature","id":859596,"geometry":{"type":"Point","coordinates":[-122.639185749822,41.7223763865611]},"properties":{"OBJECTID":859596,"HANDLER_ID":"CAL000492278","HANDLER_NAME":"OZOTECH INC","LOCATION_ADDRESS":"1015 S Main St, Yreka, CA 96097","FEDERAL_GENERATOR_STATUS":"Other","OPERATING_TSDF":"------","OPERATING_TSDF_DESC":"Not a TSDF","IS_CA":"No","PERMITTED_STATUS":"Not Permitted","TSDF_YES_NO":"No"}},{"type":"Feature","id":864649,"geometry":{"type":"Point","coordinates":[-122.33895158135,41.3236781452303]},"properties":{"OBJECTID":864649,"HANDLER_ID":"CAC003046118","HANDLER_NAME":"1319 W SCENIC DR","LOCATION_ADDRESS":"1319 W Scenic Dr, Mount Shasta, CA 96067-9776","FEDERAL_GENERATOR_STATUS":"Other","OPERATING_TSDF":"------","OPERATING_TSDF_DESC":"Not a TSDF","IS_CA":"No","PERMITTED_STATUS":"Not Permitted","TSDF_YES_NO":"No"}},{"type":"Feature","id":865672,"geometry":{"type":"Point","coordinates":[-122.273697673009,41.2183477485498]},"properties":{"OBJECTID":865672,"HANDLER_ID":"CAC003037018","HANDLER_NAME":"5001 FLORENCE LOOP","LOCATION_ADDRESS":"5001 Florence Loop, Dunsmuir, CA 96025-2015","FEDERAL_GENERATOR_STATUS":"Other","OPERATING_TSDF":"------","OPERATING_TSDF_DESC":"Not a TSDF","IS_CA":"No","PERMITTED_STATUS":"Not Permitted","TSDF_YES_NO":"No"}},{"type":"Feature","id":866358,"geometry":{"type":"Point","coordinates":[-122.388570775921,41.4163379936036]},"properties":{"OBJECTID":866358,"HANDLER_ID":"CAC003030768","HANDLER_NAME":"423 TERRACE ST","LOCATION_ADDRESS":"423 Terrace St, Weed, CA 96094-2718","FEDERAL_GENERATOR_STATUS":"Other","OPERATING_TSDF":"------","OPERATING_TSDF_DESC":"Not a TSDF","IS_CA":"No","PERMITTED_STATUS":"Not Permitted","TSDF_YES_NO":"No"}},{"type":"Feature","id":866827,"geometry":{"type":"Point","coordinates":[-122.63780439116,41.6824365951728]},"properties":{"OBJECTID":866827,"HANDLER_ID":"CAC003041426","HANDLER_NAME":"205 OAK VIEW CT","LOCATION_ADDRESS":"205 Oak View Ct, Yreka, CA 96097-9705","FEDERAL_GENERATOR_STATUS":"Other","OPERATING_TSDF":"------","OPERATING_TSDF_DESC":"Not a TSDF","IS_CA":"No","PERMITTED_STATUS":"Not Permitted","TSDF_YES_NO":"No"}},{"type":"Feature","id":869158,"geometry":{"type":"Point","coordinates":[-122.309109377895,41.3207346641735]},"properties":{"OBJECTID":869158,"HANDLER_ID":"CAC003018633","HANDLER_NAME":"212 PINE RIDGE AVENUE","LOCATION_ADDRESS":"212 Pine Ridge Avenue, Mount Shasta, CA 96067","FEDERAL_GENERATOR_STATUS":"Other","OPERATING_TSDF":"------","OPERATING_TSDF_DESC":"Not a TSDF","IS_CA":"No","PERMITTED_STATUS":"Not Permitted","TSDF_YES_NO":"No"}},{"type":"Feature","id":870863,"geometry":{"type":"Point","coordinates":[-122.279137672066,41.1928150963397]},"properties":{"OBJECTID":870863,"HANDLER_ID":"CAC003035972","HANDLER_NAME":"655 S FIRST ST","LOCATION_ADDRESS":"655 S First St, Dunsmuir, CA 96025-2718","FEDERAL_GENERATOR_STATUS":"Other","OPERATING_TSDF":"------","OPERATING_TSDF_DESC":"Not a TSDF","IS_CA":"No","PERMITTED_STATUS":"Not Permitted","TSDF_YES_NO":"No"}},{"type":"Feature","id":873160,"geometry":{"type":"Point","coordinates":[-122.2741419381,41.2051897676937]},"properties":{"OBJECTID":873160,"HANDLER_ID":"CAL000494156","HANDLER_NAME":"BLACK SANDS ENTERPRISES LLC DBA DUNSMUIR TIRE","LOCATION_ADDRESS":"6134 Dunsmuir Ave, Dunsmuir, CA 96025","FEDERAL_GENERATOR_STATUS":"Other","OPERATING_TSDF":"------","OPERATING_TSDF_DESC":"Not a TSDF","IS_CA":"No","PERMITTED_STATUS":"Not Permitted","TSDF_YES_NO":"No"}},{"type":"Feature","id":874241,"geometry":{"type":"Point","coordinates":[-122.139052974915,41.257700282642]},"properties":{"OBJECTID":874241,"HANDLER_ID":"CAC003181313","HANDLER_NAME":"552 CALIFORNIA AVE.","LOCATION_ADDRESS":"552 California Ave., Mccloud, CA 96057","FEDERAL_GENERATOR_STATUS":"Other","OPERATING_TSDF":"------","OPERATING_TSDF_DESC":"Not a TSDF","IS_CA":"No","PERMITTED_STATUS":"Not Permitted","TSDF_YES_NO":"No"}},{"type":"Feature","id":874971,"geometry":{"type":"Point","coordinates":[-122.596529106533,41.751340851699]},"properties":{"OBJECTID":874971,"HANDLER_ID":"CAC003088047","HANDLER_NAME":"1817 RIVERVIEW DR.","LOCATION_ADDRESS":"1817 Riverview Dr., Yreka, CA 96097-9433","FEDERAL_GENERATOR_STATUS":"Other","OPERATING_TSDF":"------","OPERATING_TSDF_DESC":"Not a TSDF","IS_CA":"No","PERMITTED_STATUS":"Not Permitted","TSDF_YES_NO":"No"}},{"type":"Feature","id":875286,"geometry":{"type":"Point","coordinates":[-122.649259056061,41.7234321906432]},"properties":{"OBJECTID":875286,"HANDLER_ID":"CAC003071970","HANDLER_NAME":"631 EVERGREEN LANE","LOCATION_ADDRESS":"631 Evergreen Lane, Yreka, CA 96097","FEDERAL_GENERATOR_STATUS":"Other","OPERATING_TSDF":"------","OPERATING_TSDF_DESC":"Not a TSDF","IS_CA":"No","PERMITTED_STATUS":"Not Permitted","TSDF_YES_NO":"No"}},{"type":"Feature","id":875524,"geometry":{"type":"Point","coordinates":[-122.273973764877,41.2087762640135]},"properties":{"OBJECTID":875524,"HANDLER_ID":"CAC003192476","HANDLER_NAME":"5928 SHASTA AVE","LOCATION_ADDRESS":"5928 Shasta Ave, Dunsmuir, CA 96024","FEDERAL_GENERATOR_STATUS":"Other","OPERATING_TSDF":"------","OPERATING_TSDF_DESC":"Not a TSDF","IS_CA":"No","PERMITTED_STATUS":"Not Permitted","TSDF_YES_NO":"No"}},{"type":"Feature","id":877614,"geometry":{"type":"Point","coordinates":[-122.273242616054,41.2117826976135]},"properties":{"OBJECTID":877614,"HANDLER_ID":"CAC003068254","HANDLER_NAME":"5715 CASTLE AVE.","LOCATION_ADDRESS":"5715 Castle Ave., Dunsmuir, CA 96025","FEDERAL_GENERATOR_STATUS":"Other","OPERATING_TSDF":"------","OPERATING_TSDF_DESC":"Not a TSDF","IS_CA":"No","PERMITTED_STATUS":"Not Permitted","TSDF_YES_NO":"No"}},{"type":"Feature","id":878283,"geometry":{"type":"Point","coordinates":[-121.62089598756,40.988209438315]},"properties":{"OBJECTID":878283,"HANDLER_ID":"CAL000493542","HANDLER_NAME":"HAT CREEK BIOENERGY LLC","LOCATION_ADDRESS":"24295 State Hwy 89, Burney, CA 96013","FEDERAL_GENERATOR_STATUS":"Other","OPERATING_TSDF":"------","OPERATING_TSDF_DESC":"Not a TSDF","IS_CA":"No","PERMITTED_STATUS":"Not Permitted","TSDF_YES_NO":"No"}},{"type":"Feature","id":880468,"geometry":{"type":"Point","coordinates":[-122.371986378069,41.3746220411743]},"properties":{"OBJECTID":880468,"HANDLER_ID":"CAL000416339","HANDLER_NAME":"ACORD LOGGING","LOCATION_ADDRESS":"5771 Truck Village Dr, Mount Shasta, CA 96067","FEDERAL_GENERATOR_STATUS":"Other","OPERATING_TSDF":"------","OPERATING_TSDF_DESC":"Not a TSDF","IS_CA":"No","PERMITTED_STATUS":"Not Permitted","TSDF_YES_NO":"No"}},{"type":"Feature","id":883335,"geometry":{"type":"Point","coordinates":[-122.641079722051,41.7135954061032]},"properties":{"OBJECTID":883335,"HANDLER_ID":"CAL000494246","HANDLER_NAME":"YREKA AUTO GROUP LLC DBA YREKA AUTO GROUP","LOCATION_ADDRESS":"1425 S Main St, Yreka, CA 96097","FEDERAL_GENERATOR_STATUS":"Other","OPERATING_TSDF":"------","OPERATING_TSDF_DESC":"Not a TSDF","IS_CA":"No","PERMITTED_STATUS":"Not Permitted","TSDF_YES_NO":"No"}},{"type":"Feature","id":894754,"geometry":{"type":"Point","coordinates":[-122.145840158397,41.1691926041555]},"properties":{"OBJECTID":894754,"HANDLER_ID":"CAL000500302","HANDLER_NAME":"WILLOW CREEK RANCH & TIMBER","LOCATION_ADDRESS":"30022 Willow Creek Rd, Mccloud, CA 96057","FEDERAL_GENERATOR_STATUS":"Other","OPERATING_TSDF":"------","OPERATING_TSDF_DESC":"Not a TSDF","IS_CA":"No","PERMITTED_STATUS":"Not Permitted","TSDF_YES_NO":"No"}},{"type":"Feature","id":894794,"geometry":{"type":"Point","coordinates":[-122.274346983526,41.2099471813174]},"properties":{"OBJECTID":894794,"HANDLER_ID":"CAC002996755","HANDLER_NAME":"5917 CASTLE AVE","LOCATION_ADDRESS":"5917 Castle Ave, Dunsmuir, CA 96025","FEDERAL_GENERATOR_STATUS":"Other","OPERATING_TSDF":"------","OPERATING_TSDF_DESC":"Not a TSDF","IS_CA":"No","PERMITTED_STATUS":"Not Permitted","TSDF_YES_NO":"No"}},{"type":"Feature","id":894902,"geometry":{"type":"Point","coordinates":[-121.515221150536,41.9981840689397]},"properties":{"OBJECTID":894902,"HANDLER_ID":"CAL000376794","HANDLER_NAME":"TULELAKE STATELINE ROAD","LOCATION_ADDRESS":"19828 Stateline Rd, Tulelake, CA 96134","FEDERAL_GENERATOR_STATUS":"Other","OPERATING_TSDF":"------","OPERATING_TSDF_DESC":"Not a TSDF","IS_CA":"No","PERMITTED_STATUS":"Not Permitted","TSDF_YES_NO":"No"}},{"type":"Feature","id":896934,"geometry":{"type":"Point","coordinates":[-122.850807019129,41.6044500853033]},"properties":{"OBJECTID":896934,"HANDLER_ID":"CAL000500919","HANDLER_NAME":"1884 LINE CO FORT JONES YARD","LOCATION_ADDRESS":"322 Scott River Rd, Fort Jones, CA 96032","FEDERAL_GENERATOR_STATUS":"Other","OPERATING_TSDF":"------","OPERATING_TSDF_DESC":"Not a TSDF","IS_CA":"No","PERMITTED_STATUS":"Not Permitted","TSDF_YES_NO":"No"}},{"type":"Feature","id":897445,"geometry":{"type":"Point","coordinates":[-122.321892341458,41.3045918334465]},"properties":{"OBJECTID":897445,"HANDLER_ID":"CAC003389961","HANDLER_NAME":"PACIFIC POWER - MT SHASTA SUBSTATION","LOCATION_ADDRESS":"404 S Old Stage Rd, Mount Shasta, CA 96067","FEDERAL_GENERATOR_STATUS":"Other","OPERATING_TSDF":"------","OPERATING_TSDF_DESC":"Not a TSDF","IS_CA":"No","PERMITTED_STATUS":"Not Permitted","TSDF_YES_NO":"No"}},{"type":"Feature","id":901254,"geometry":{"type":"Point","coordinates":[-122.841857865448,41.6090393257044]},"properties":{"OBJECTID":901254,"HANDLER_ID":"CAL000501747","HANDLER_NAME":"DAWTOMOTIVE","LOCATION_ADDRESS":"111 Butte St, Fort Jones, CA 96032","FEDERAL_GENERATOR_STATUS":"Other","OPERATING_TSDF":"------","OPERATING_TSDF_DESC":"Not a TSDF","IS_CA":"No","PERMITTED_STATUS":"Not Permitted","TSDF_YES_NO":"No"}},{"type":"Feature","id":901272,"geometry":{"type":"Point","coordinates":[-122.007179088044,41.8277697357848]},"properties":{"OBJECTID":901272,"HANDLER_ID":"CAL000501792","HANDLER_NAME":"FASTBREAK INC","LOCATION_ADDRESS":"41501 S Hwy 97, Macdoel, CA 96058","FEDERAL_GENERATOR_STATUS":"Other","OPERATING_TSDF":"------","OPERATING_TSDF_DESC":"Not a TSDF","IS_CA":"No","PERMITTED_STATUS":"Not Permitted","TSDF_YES_NO":"No"}},{"type":"Feature","id":905022,"geometry":{"type":"Point","coordinates":[-122.362610046416,41.9851070270677]},"properties":{"OBJECTID":905022,"HANDLER_ID":"CAL000502204","HANDLER_NAME":"FALL CREEK HATCHERY","LOCATION_ADDRESS":"19631 Copco Rd, Hornbrook, CA 96044","FEDERAL_GENERATOR_STATUS":"Other","OPERATING_TSDF":"------","OPERATING_TSDF_DESC":"Not a TSDF","IS_CA":"No","PERMITTED_STATUS":"Not Permitted","TSDF_YES_NO":"No"}},{"type":"Feature","id":907170,"geometry":{"type":"Point","coordinates":[-122.535075733159,41.6890403169571]},"properties":{"OBJECTID":907170,"HANDLER_ID":"CAC003393715","HANDLER_NAME":"PACIFIC POWER","LOCATION_ADDRESS":"3194 Montague Grenada Rd, Montague, CA 96064","FEDERAL_GENERATOR_STATUS":"Other","OPERATING_TSDF":"------","OPERATING_TSDF_DESC":"Not a TSDF","IS_CA":"No","PERMITTED_STATUS":"Not Permitted","TSDF_YES_NO":"No"}},{"type":"Feature","id":910537,"geometry":{"type":"Point","coordinates":[-122.645243583125,41.7032442093529]},"properties":{"OBJECTID":910537,"HANDLER_ID":"CAL000421141","HANDLER_NAME":"SALLY BEAUTY SUPPLIES #10561","LOCATION_ADDRESS":"1814 Fort Jones Rd, Yreka, CA 96097","FEDERAL_GENERATOR_STATUS":"Other","OPERATING_TSDF":"------","OPERATING_TSDF_DESC":"Not a TSDF","IS_CA":"No","PERMITTED_STATUS":"Not Permitted","TSDF_YES_NO":"No"}},{"type":"Feature","id":910851,"geometry":{"type":"Point","coordinates":[-122.40781356974,41.6240732923487]},"properties":{"OBJECTID":910851,"HANDLER_ID":"CAL000501843","HANDLER_NAME":"MAYTEN STORE","LOCATION_ADDRESS":"7126 County Hwy A12, Montague, CA 96064","FEDERAL_GENERATOR_STATUS":"Other","OPERATING_TSDF":"------","OPERATING_TSDF_DESC":"Not a TSDF","IS_CA":"No","PERMITTED_STATUS":"Not Permitted","TSDF_YES_NO":"No"}},{"type":"Feature","id":910972,"geometry":{"type":"Point","coordinates":[-122.388916115586,41.4171563766656]},"properties":{"OBJECTID":910972,"HANDLER_ID":"CAC003144552","HANDLER_NAME":"350 TERRACE ST","LOCATION_ADDRESS":"350 Terrace St, Weed, CA 96094","FEDERAL_GENERATOR_STATUS":"Other","OPERATING_TSDF":"------","OPERATING_TSDF_DESC":"Not a TSDF","IS_CA":"No","PERMITTED_STATUS":"Not Permitted","TSDF_YES_NO":"No"}},{"type":"Feature","id":911964,"geometry":{"type":"Point","coordinates":[-122.634804252814,41.7313687076998]},"properties":{"OBJECTID":911964,"HANDLER_ID":"CAL000501824","HANDLER_NAME":"MINER STREET 76","LOCATION_ADDRESS":"115 E Miner St, Yreka, CA 96097","FEDERAL_GENERATOR_STATUS":"Other","OPERATING_TSDF":"------","OPERATING_TSDF_DESC":"Not a TSDF","IS_CA":"No","PERMITTED_STATUS":"Not Permitted","TSDF_YES_NO":"No"}},{"type":"Feature","id":916431,"geometry":{"type":"Point","coordinates":[-122.845458750921,41.6040462897046]},"properties":{"OBJECTID":916431,"HANDLER_ID":"CAC003395715","HANDLER_NAME":"FORT JONES UNION ELEMENTARY SCHOOL","LOCATION_ADDRESS":"11501 Mathews St., Fort Jones, CA 96032","FEDERAL_GENERATOR_STATUS":"Other","OPERATING_TSDF":"------","OPERATING_TSDF_DESC":"Not a TSDF","IS_CA":"No","PERMITTED_STATUS":"Not Permitted","TSDF_YES_NO":"No"}},{"type":"Feature","id":918299,"geometry":{"type":"Point","coordinates":[-122.63417832467,41.7085798870522]},"properties":{"OBJECTID":918299,"HANDLER_ID":"CAC003399348","HANDLER_NAME":"OAK HARBOR FREIGHT LINES, INC","LOCATION_ADDRESS":"279 Sharps Rd, Yreka, CA 96097","FEDERAL_GENERATOR_STATUS":"Other","OPERATING_TSDF":"------","OPERATING_TSDF_DESC":"Not a TSDF","IS_CA":"No","PERMITTED_STATUS":"Not Permitted","TSDF_YES_NO":"No"}},{"type":"Feature","id":918382,"geometry":{"type":"Point","coordinates":[-122.320800564494,41.3172192142954]},"properties":{"OBJECTID":918382,"HANDLER_ID":"CAL000502416","HANDLER_NAME":"MCCLOUD HEALTHCARE CLINIC INC DBA SHASTA CASCADE HEALTH CENTERS - MT SHASTA 822","LOCATION_ADDRESS":"822 Pine St, Mount Shasta, CA 96067","FEDERAL_GENERATOR_STATUS":"Other","OPERATING_TSDF":"------","OPERATING_TSDF_DESC":"Not a TSDF","IS_CA":"No","PERMITTED_STATUS":"Not Permitted","TSDF_YES_NO":"No"}},{"type":"Feature","id":920572,"geometry":{"type":"Point","coordinates":[-122.642051889183,41.7369463030295]},"properties":{"OBJECTID":920572,"HANDLER_ID":"CAC003403842","HANDLER_NAME":"RESIDENCE","LOCATION_ADDRESS":"501 Sherman St, Yreka, CA 96097","FEDERAL_GENERATOR_STATUS":"Other","OPERATING_TSDF":"------","OPERATING_TSDF_DESC":"Not a TSDF","IS_CA":"No","PERMITTED_STATUS":"Not Permitted","TSDF_YES_NO":"No"}},{"type":"Feature","id":921403,"geometry":{"type":"Point","coordinates":[-122.918546653605,41.5543236730991]},"properties":{"OBJECTID":921403,"HANDLER_ID":"CAC003400937","HANDLER_NAME":"PACIFIC POWER","LOCATION_ADDRESS":"7923 Quartz Valley Road, Fort Jones, CA 96032","FEDERAL_GENERATOR_STATUS":"Other","OPERATING_TSDF":"------","OPERATING_TSDF_DESC":"Not a TSDF","IS_CA":"No","PERMITTED_STATUS":"Not Permitted","TSDF_YES_NO":"No"}},{"type":"Feature","id":926508,"geometry":{"type":"Point","coordinates":[-122.311614889116,41.3218804004602]},"properties":{"OBJECTID":926508,"HANDLER_ID":"CAC003406826","HANDLER_NAME":"RESIDENCE","LOCATION_ADDRESS":"804 Caroline Ave, Mount Shasta, CA 96067","FEDERAL_GENERATOR_STATUS":"Other","OPERATING_TSDF":"------","OPERATING_TSDF_DESC":"Not a TSDF","IS_CA":"No","PERMITTED_STATUS":"Not Permitted","TSDF_YES_NO":"No"}},{"type":"Feature","id":926838,"geometry":{"type":"Point","coordinates":[-122.907135156162,41.4450002865341]},"properties":{"OBJECTID":926838,"HANDLER_ID":"CAC003396183","HANDLER_NAME":"PACIFIC POWER","LOCATION_ADDRESS":"1441 Sawyers Bar Rd, Etna, CA 96027","FEDERAL_GENERATOR_STATUS":"Other","OPERATING_TSDF":"------","OPERATING_TSDF_DESC":"Not a TSDF","IS_CA":"No","PERMITTED_STATUS":"Not Permitted","TSDF_YES_NO":"No"}},{"type":"Feature","id":927042,"geometry":{"type":"Point","coordinates":[-122.311614889116,41.3218804004602]},"properties":{"OBJECTID":927042,"HANDLER_ID":"CAC003403687","HANDLER_NAME":"RESIDENCE","LOCATION_ADDRESS":"804 Caroline Ave, Mount Shasta, CA 96067","FEDERAL_GENERATOR_STATUS":"Other","OPERATING_TSDF":"------","OPERATING_TSDF_DESC":"Not a TSDF","IS_CA":"No","PERMITTED_STATUS":"Not Permitted","TSDF_YES_NO":"No"}},{"type":"Feature","id":927813,"geometry":{"type":"Point","coordinates":[-122.704552073419,41.0854989965815]},"properties":{"OBJECTID":927813,"HANDLER_ID":"CAC003405200","HANDLER_NAME":"RESIDENCE","LOCATION_ADDRESS":"107 Cedar Road, Trinity Center, CA 96091","FEDERAL_GENERATOR_STATUS":"Other","OPERATING_TSDF":"------","OPERATING_TSDF_DESC":"Not a TSDF","IS_CA":"No","PERMITTED_STATUS":"Not Permitted","TSDF_YES_NO":"No"}},{"type":"Feature","id":928486,"geometry":{"type":"Point","coordinates":[-122.270729010935,41.2113186474377]},"properties":{"OBJECTID":928486,"HANDLER_ID":"CAC003399009","HANDLER_NAME":"NATIONAL RAILROAD PASSENGER CORPORATION","LOCATION_ADDRESS":"5750 Sacramento Ave, Dunsmuir, CA 96025","FEDERAL_GENERATOR_STATUS":"Other","OPERATING_TSDF":"------","OPERATING_TSDF_DESC":"Not a TSDF","IS_CA":"No","PERMITTED_STATUS":"Not Permitted","TSDF_YES_NO":"No"}},{"type":"Feature","id":929045,"geometry":{"type":"Point","coordinates":[-122.352310111023,41.4729350279293]},"properties":{"OBJECTID":929045,"HANDLER_ID":"CAL000503599","HANDLER_NAME":"DOLLAR GENERAL STORE NO 21163","LOCATION_ADDRESS":"20639 Big Springs Rd, Weed, CA 96094","FEDERAL_GENERATOR_STATUS":"Other","OPERATING_TSDF":"------","OPERATING_TSDF_DESC":"Not a TSDF","IS_CA":"No","PERMITTED_STATUS":"Not Permitted","TSDF_YES_NO":"No"}},{"type":"Feature","id":929851,"geometry":{"type":"Point","coordinates":[-122.376197903211,41.4325788504337]},"properties":{"OBJECTID":929851,"HANDLER_ID":"CAC003400746","HANDLER_NAME":"RESIDENCE","LOCATION_ADDRESS":"740 Liberty Avenue, Weed, CA 96094","FEDERAL_GENERATOR_STATUS":"Other","OPERATING_TSDF":"------","OPERATING_TSDF_DESC":"Not a TSDF","IS_CA":"No","PERMITTED_STATUS":"Not Permitted","TSDF_YES_NO":"No"}},{"type":"Feature","id":932444,"geometry":{"type":"Point","coordinates":[-122.890724327466,41.4649742291774]},"properties":{"OBJECTID":932444,"HANDLER_ID":"CAL000503425","HANDLER_NAME":"DEALAS GARAGE","LOCATION_ADDRESS":"90 Industrial Parkway, Etna, CA 96027","FEDERAL_GENERATOR_STATUS":"Other","OPERATING_TSDF":"------","OPERATING_TSDF_DESC":"Not a TSDF","IS_CA":"No","PERMITTED_STATUS":"Not Permitted","TSDF_YES_NO":"No"}}]}