{"type":"FeatureCollection","features":[{"type":"Feature","id":15865,"geometry":{"type":"Point","coordinates":[-121.52124074514352,41.35463616689301]},"properties":{"OBJECTID":15865,"PERMANENT_IDENTIFIER":"83411826","GNIS_NAME":"Indian Spring","FTYPE":458,"FCODE":45800}},{"type":"Feature","id":15866,"geometry":{"type":"Point","coordinates":[-121.90679415007556,40.992633240645425]},"properties":{"OBJECTID":15866,"PERMANENT_IDENTIFIER":"83411834","GNIS_NAME":null,"FTYPE":458,"FCODE":45800}},{"type":"Feature","id":15879,"geometry":{"type":"Point","coordinates":[-121.47732751854699,41.22491829427806]},"properties":{"OBJECTID":15879,"PERMANENT_IDENTIFIER":"83411902","GNIS_NAME":null,"FTYPE":458,"FCODE":45800}},{"type":"Feature","id":15880,"geometry":{"type":"Point","coordinates":[-121.74713753289683,41.042448857945494]},"properties":{"OBJECTID":15880,"PERMANENT_IDENTIFIER":"83411904","GNIS_NAME":null,"FTYPE":458,"FCODE":45800}},{"type":"Feature","id":15881,"geometry":{"type":"Point","coordinates":[-121.91121455118203,40.99490950735292]},"properties":{"OBJECTID":15881,"PERMANENT_IDENTIFIER":"83411908","GNIS_NAME":null,"FTYPE":458,"FCODE":45800}},{"type":"Feature","id":15889,"geometry":{"type":"Point","coordinates":[-121.79561479381152,41.39662914630395]},"properties":{"OBJECTID":15889,"PERMANENT_IDENTIFIER":"83411934","GNIS_NAME":"Belnap Spring","FTYPE":458,"FCODE":45800}},{"type":"Feature","id":15890,"geometry":{"type":"Point","coordinates":[-121.7281741395634,41.10939826409473]},"properties":{"OBJECTID":15890,"PERMANENT_IDENTIFIER":"83411940","GNIS_NAME":null,"FTYPE":458,"FCODE":45800}},{"type":"Feature","id":15894,"geometry":{"type":"Point","coordinates":[-121.8233583314371,41.395586943670494]},"properties":{"OBJECTID":15894,"PERMANENT_IDENTIFIER":"83411970","GNIS_NAME":"Point Spring","FTYPE":458,"FCODE":45800}},{"type":"Feature","id":15913,"geometry":{"type":"Point","coordinates":[-121.780511333634,41.01578951974111]},"properties":{"OBJECTID":15913,"PERMANENT_IDENTIFIER":"83412116","GNIS_NAME":null,"FTYPE":458,"FCODE":45800}},{"type":"Feature","id":15917,"geometry":{"type":"Point","coordinates":[-121.77018926593118,41.01705412083609]},"properties":{"OBJECTID":15917,"PERMANENT_IDENTIFIER":"83412150","GNIS_NAME":null,"FTYPE":458,"FCODE":45800}},{"type":"Feature","id":15921,"geometry":{"type":"Point","coordinates":[-121.84267074583732,41.0325526485702]},"properties":{"OBJECTID":15921,"PERMANENT_IDENTIFIER":"83412190","GNIS_NAME":null,"FTYPE":458,"FCODE":45800}},{"type":"Feature","id":15924,"geometry":{"type":"Point","coordinates":[-121.75531813407073,41.04010605673725]},"properties":{"OBJECTID":15924,"PERMANENT_IDENTIFIER":"83412224","GNIS_NAME":null,"FTYPE":458,"FCODE":45800}},{"type":"Feature","id":15928,"geometry":{"type":"Point","coordinates":[-121.73458354401691,41.13001433220179]},"properties":{"OBJECTID":15928,"PERMANENT_IDENTIFIER":"83412250","GNIS_NAME":null,"FTYPE":458,"FCODE":45800}},{"type":"Feature","id":15932,"geometry":{"type":"Point","coordinates":[-121.789796747637,41.10030372517012]},"properties":{"OBJECTID":15932,"PERMANENT_IDENTIFIER":"83412282","GNIS_NAME":null,"FTYPE":458,"FCODE":45800}},{"type":"Feature","id":15937,"geometry":{"type":"Point","coordinates":[-121.70932987591,41.14715033546537]},"properties":{"OBJECTID":15937,"PERMANENT_IDENTIFIER":"83412316","GNIS_NAME":null,"FTYPE":458,"FCODE":45800}},{"type":"Feature","id":15938,"geometry":{"type":"Point","coordinates":[-121.79239834968054,41.10842792545045]},"properties":{"OBJECTID":15938,"PERMANENT_IDENTIFIER":"83412320","GNIS_NAME":null,"FTYPE":458,"FCODE":45800}},{"type":"Feature","id":15942,"geometry":{"type":"Point","coordinates":[-121.73811809287295,41.23280553950537]},"properties":{"OBJECTID":15942,"PERMANENT_IDENTIFIER":"83412358","GNIS_NAME":"Two Springs","FTYPE":458,"FCODE":45800}},{"type":"Feature","id":15947,"geometry":{"type":"Point","coordinates":[-121.68795677890735,41.40840215636668]},"properties":{"OBJECTID":15947,"PERMANENT_IDENTIFIER":"83412398","GNIS_NAME":"Lava Crack Spring","FTYPE":458,"FCODE":45800}},{"type":"Feature","id":15953,"geometry":{"type":"Point","coordinates":[-121.7431460939513,41.235342339200976]},"properties":{"OBJECTID":15953,"PERMANENT_IDENTIFIER":"83412442","GNIS_NAME":"Deer Spring","FTYPE":458,"FCODE":45800}},{"type":"Feature","id":15958,"geometry":{"type":"Point","coordinates":[-121.56255191602379,41.55679811171725]},"properties":{"OBJECTID":15958,"PERMANENT_IDENTIFIER":"83412478","GNIS_NAME":"Paynes Springs","FTYPE":458,"FCODE":45800}},{"type":"Feature","id":15959,"geometry":{"type":"Point","coordinates":[-121.884550878546,40.98415610854651]},"properties":{"OBJECTID":15959,"PERMANENT_IDENTIFIER":"83412490","GNIS_NAME":null,"FTYPE":458,"FCODE":45800}},{"type":"Feature","id":15963,"geometry":{"type":"Point","coordinates":[-121.732569276508,41.12938493186277]},"properties":{"OBJECTID":15963,"PERMANENT_IDENTIFIER":"83412522","GNIS_NAME":null,"FTYPE":458,"FCODE":45800}},{"type":"Feature","id":15968,"geometry":{"type":"Point","coordinates":[-121.99029596873562,41.033389102945414]},"properties":{"OBJECTID":15968,"PERMANENT_IDENTIFIER":"83412566","GNIS_NAME":null,"FTYPE":458,"FCODE":45800}},{"type":"Feature","id":15972,"geometry":{"type":"Point","coordinates":[-121.44267945196206,41.25962169983125]},"properties":{"OBJECTID":15972,"PERMANENT_IDENTIFIER":"83412600","GNIS_NAME":null,"FTYPE":458,"FCODE":45800}},{"type":"Feature","id":15973,"geometry":{"type":"Point","coordinates":[-121.99206910188946,41.02939263588885]},"properties":{"OBJECTID":15973,"PERMANENT_IDENTIFIER":"83412604","GNIS_NAME":null,"FTYPE":458,"FCODE":45800}},{"type":"Feature","id":15982,"geometry":{"type":"Point","coordinates":[-121.48743645890387,41.26361289654668]},"properties":{"OBJECTID":15982,"PERMANENT_IDENTIFIER":"83412686","GNIS_NAME":null,"FTYPE":458,"FCODE":45800}},{"type":"Feature","id":15983,"geometry":{"type":"Point","coordinates":[-121.92057508964798,41.02278610795326]},"properties":{"OBJECTID":15983,"PERMANENT_IDENTIFIER":"83412690","GNIS_NAME":null,"FTYPE":458,"FCODE":45800}},{"type":"Feature","id":15987,"geometry":{"type":"Point","coordinates":[-121.9202055565374,41.022665041405595]},"properties":{"OBJECTID":15987,"PERMANENT_IDENTIFIER":"83412732","GNIS_NAME":"Big Bend Hot Springs","FTYPE":458,"FCODE":45800}},{"type":"Feature","id":16001,"geometry":{"type":"Point","coordinates":[-121.93202809278228,41.03336144139101]},"properties":{"OBJECTID":16001,"PERMANENT_IDENTIFIER":"83412848","GNIS_NAME":null,"FTYPE":458,"FCODE":45800}},{"type":"Feature","id":16007,"geometry":{"type":"Point","coordinates":[-121.52909094040118,41.31813749655347]},"properties":{"OBJECTID":16007,"PERMANENT_IDENTIFIER":"83412884","GNIS_NAME":"Mayfield Spring","FTYPE":458,"FCODE":45800}},{"type":"Feature","id":16008,"geometry":{"type":"Point","coordinates":[-121.74646753002888,41.024254123107006]},"properties":{"OBJECTID":16008,"PERMANENT_IDENTIFIER":"83412888","GNIS_NAME":null,"FTYPE":458,"FCODE":45800}},{"type":"Feature","id":16302,"geometry":{"type":"Point","coordinates":[-121.95165244362289,41.5672423449722]},"properties":{"OBJECTID":16302,"PERMANENT_IDENTIFIER":"104081181","GNIS_NAME":null,"FTYPE":458,"FCODE":45800}},{"type":"Feature","id":16303,"geometry":{"type":"Point","coordinates":[-121.97833338391818,41.58589754410055]},"properties":{"OBJECTID":16303,"PERMANENT_IDENTIFIER":"104081185","GNIS_NAME":null,"FTYPE":458,"FCODE":45800}},{"type":"Feature","id":16304,"geometry":{"type":"Point","coordinates":[-121.96620238245383,41.5862529451164]},"properties":{"OBJECTID":16304,"PERMANENT_IDENTIFIER":"104081191","GNIS_NAME":null,"FTYPE":458,"FCODE":45800}},{"type":"Feature","id":16305,"geometry":{"type":"Point","coordinates":[-121.95973277063064,41.51780314076747]},"properties":{"OBJECTID":16305,"PERMANENT_IDENTIFIER":"104081193","GNIS_NAME":"Bishop Spring","FTYPE":458,"FCODE":45800}},{"type":"Feature","id":16306,"geometry":{"type":"Point","coordinates":[-122.06859926571096,41.58970853587425]},"properties":{"OBJECTID":16306,"PERMANENT_IDENTIFIER":"104081425","GNIS_NAME":"Double Spring","FTYPE":458,"FCODE":45800}},{"type":"Feature","id":16307,"geometry":{"type":"Point","coordinates":[-122.09554666383363,41.556398931068536]},"properties":{"OBJECTID":16307,"PERMANENT_IDENTIFIER":"104081429","GNIS_NAME":"Shingle Spring","FTYPE":458,"FCODE":45800}},{"type":"Feature","id":16308,"geometry":{"type":"Point","coordinates":[-122.06331139442504,41.565593934993736]},"properties":{"OBJECTID":16308,"PERMANENT_IDENTIFIER":"104081437","GNIS_NAME":null,"FTYPE":458,"FCODE":45800}},{"type":"Feature","id":16309,"geometry":{"type":"Point","coordinates":[-122.08953405551813,41.50532106168801]},"properties":{"OBJECTID":16309,"PERMANENT_IDENTIFIER":"104081443","GNIS_NAME":null,"FTYPE":458,"FCODE":45800}},{"type":"Feature","id":16310,"geometry":{"type":"Point","coordinates":[-122.0697052564244,41.53299926516798]},"properties":{"OBJECTID":16310,"PERMANENT_IDENTIFIER":"104081445","GNIS_NAME":null,"FTYPE":458,"FCODE":45800}},{"type":"Feature","id":16311,"geometry":{"type":"Point","coordinates":[-122.06869058920488,41.53014926513138]},"properties":{"OBJECTID":16311,"PERMANENT_IDENTIFIER":"104081449","GNIS_NAME":null,"FTYPE":458,"FCODE":45800}},{"type":"Feature","id":16312,"geometry":{"type":"Point","coordinates":[-122.06372325229056,41.50800066376633]},"properties":{"OBJECTID":16312,"PERMANENT_IDENTIFIER":"104081453","GNIS_NAME":"Pinto Spring","FTYPE":458,"FCODE":45800}},{"type":"Feature","id":16313,"geometry":{"type":"Point","coordinates":[-122.00215984434985,41.52223247060928]},"properties":{"OBJECTID":16313,"PERMANENT_IDENTIFIER":"104081459","GNIS_NAME":null,"FTYPE":458,"FCODE":45800}},{"type":"Feature","id":16314,"geometry":{"type":"Point","coordinates":[-122.03962946206414,41.59498713879633]},"properties":{"OBJECTID":16314,"PERMANENT_IDENTIFIER":"104081463","GNIS_NAME":null,"FTYPE":458,"FCODE":45800}},{"type":"Feature","id":16315,"geometry":{"type":"Point","coordinates":[-122.06851566505927,41.58958173586308]},"properties":{"OBJECTID":16315,"PERMANENT_IDENTIFIER":"104081471","GNIS_NAME":"Double Spring","FTYPE":458,"FCODE":45800}},{"type":"Feature","id":16316,"geometry":{"type":"Point","coordinates":[-122.0396664613668,41.59501893869189]},"properties":{"OBJECTID":16316,"PERMANENT_IDENTIFIER":"104081475","GNIS_NAME":null,"FTYPE":458,"FCODE":45800}},{"type":"Feature","id":16317,"geometry":{"type":"Point","coordinates":[-121.77662138315756,41.77486610865855]},"properties":{"OBJECTID":16317,"PERMANENT_IDENTIFIER":"104080471","GNIS_NAME":"Tecnor Spring","FTYPE":458,"FCODE":45800}},{"type":"Feature","id":16318,"geometry":{"type":"Point","coordinates":[-122.02931671858515,41.965603699469256]},"properties":{"OBJECTID":16318,"PERMANENT_IDENTIFIER":"104080641","GNIS_NAME":null,"FTYPE":458,"FCODE":45800}},{"type":"Feature","id":16319,"geometry":{"type":"Point","coordinates":[-122.08602725769987,41.947447959797145]},"properties":{"OBJECTID":16319,"PERMANENT_IDENTIFIER":"104080647","GNIS_NAME":null,"FTYPE":458,"FCODE":45800}},{"type":"Feature","id":16320,"geometry":{"type":"Point","coordinates":[-122.09471792336463,41.93325929105731]},"properties":{"OBJECTID":16320,"PERMANENT_IDENTIFIER":"104080651","GNIS_NAME":null,"FTYPE":458,"FCODE":45800}},{"type":"Feature","id":16321,"geometry":{"type":"Point","coordinates":[-122.11451632430241,41.919088555091946]},"properties":{"OBJECTID":16321,"PERMANENT_IDENTIFIER":"104080655","GNIS_NAME":null,"FTYPE":458,"FCODE":45800}},{"type":"Feature","id":16322,"geometry":{"type":"Point","coordinates":[-122.1137218319646,41.760923743820086]},"properties":{"OBJECTID":16322,"PERMANENT_IDENTIFIER":"104079735","GNIS_NAME":null,"FTYPE":458,"FCODE":45800}},{"type":"Feature","id":16323,"geometry":{"type":"Point","coordinates":[-122.17194412004888,41.83729467741943]},"properties":{"OBJECTID":16323,"PERMANENT_IDENTIFIER":"104079847","GNIS_NAME":null,"FTYPE":458,"FCODE":45800}},{"type":"Feature","id":16324,"geometry":{"type":"Point","coordinates":[-122.16964791989317,41.83614774477134]},"properties":{"OBJECTID":16324,"PERMANENT_IDENTIFIER":"104079851","GNIS_NAME":null,"FTYPE":458,"FCODE":45800}},{"type":"Feature","id":16325,"geometry":{"type":"Point","coordinates":[-122.1693043200077,41.84006767833273]},"properties":{"OBJECTID":16325,"PERMANENT_IDENTIFIER":"104079857","GNIS_NAME":null,"FTYPE":458,"FCODE":45800}},{"type":"Feature","id":16326,"geometry":{"type":"Point","coordinates":[-122.1676944507771,41.826527877427836]},"properties":{"OBJECTID":16326,"PERMANENT_IDENTIFIER":"104079861","GNIS_NAME":null,"FTYPE":458,"FCODE":45800}},{"type":"Feature","id":16327,"geometry":{"type":"Point","coordinates":[-122.16613765085398,41.82811527724352]},"properties":{"OBJECTID":16327,"PERMANENT_IDENTIFIER":"104079865","GNIS_NAME":null,"FTYPE":458,"FCODE":45800}},{"type":"Feature","id":16328,"geometry":{"type":"Point","coordinates":[-122.1577987158062,41.82155154466832]},"properties":{"OBJECTID":16328,"PERMANENT_IDENTIFIER":"104079869","GNIS_NAME":null,"FTYPE":458,"FCODE":45800}},{"type":"Feature","id":16329,"geometry":{"type":"Point","coordinates":[-122.14309685383043,41.8676385486555]},"properties":{"OBJECTID":16329,"PERMANENT_IDENTIFIER":"104079873","GNIS_NAME":null,"FTYPE":458,"FCODE":45800}},{"type":"Feature","id":16330,"geometry":{"type":"Point","coordinates":[-122.14365325225313,41.856762548349074]},"properties":{"OBJECTID":16330,"PERMANENT_IDENTIFIER":"104079879","GNIS_NAME":null,"FTYPE":458,"FCODE":45800}},{"type":"Feature","id":16331,"geometry":{"type":"Point","coordinates":[-122.16312451975365,41.84240514534522]},"properties":{"OBJECTID":16331,"PERMANENT_IDENTIFIER":"104079883","GNIS_NAME":null,"FTYPE":458,"FCODE":45800}},{"type":"Feature","id":16332,"geometry":{"type":"Point","coordinates":[-122.16172051702378,41.828574078089794]},"properties":{"OBJECTID":16332,"PERMANENT_IDENTIFIER":"104079891","GNIS_NAME":null,"FTYPE":458,"FCODE":45800}},{"type":"Feature","id":16333,"geometry":{"type":"Point","coordinates":[-122.15818031598789,41.824810277878214]},"properties":{"OBJECTID":16333,"PERMANENT_IDENTIFIER":"104079895","GNIS_NAME":null,"FTYPE":458,"FCODE":45800}},{"type":"Feature","id":16334,"geometry":{"type":"Point","coordinates":[-122.15789011629964,41.826744677999045]},"properties":{"OBJECTID":16334,"PERMANENT_IDENTIFIER":"104079899","GNIS_NAME":null,"FTYPE":458,"FCODE":45800}},{"type":"Feature","id":16335,"geometry":{"type":"Point","coordinates":[-122.15377031397671,41.81931534482664]},"properties":{"OBJECTID":16335,"PERMANENT_IDENTIFIER":"104079901","GNIS_NAME":null,"FTYPE":458,"FCODE":45800}},{"type":"Feature","id":16336,"geometry":{"type":"Point","coordinates":[-122.15176384735005,41.818652077988254]},"properties":{"OBJECTID":16336,"PERMANENT_IDENTIFIER":"104079903","GNIS_NAME":null,"FTYPE":458,"FCODE":45800}},{"type":"Feature","id":16337,"geometry":{"type":"Point","coordinates":[-122.15460964812083,41.81970427828983]},"properties":{"OBJECTID":16337,"PERMANENT_IDENTIFIER":"104079907","GNIS_NAME":null,"FTYPE":458,"FCODE":45800}},{"type":"Feature","id":16338,"geometry":{"type":"Point","coordinates":[-122.1419594462784,41.81800727919939]},"properties":{"OBJECTID":16338,"PERMANENT_IDENTIFIER":"104079909","GNIS_NAME":null,"FTYPE":458,"FCODE":45800}},{"type":"Feature","id":16339,"geometry":{"type":"Point","coordinates":[-122.160034854267,41.85282147959595]},"properties":{"OBJECTID":16339,"PERMANENT_IDENTIFIER":"104079911","GNIS_NAME":null,"FTYPE":458,"FCODE":45800}},{"type":"Feature","id":16340,"geometry":{"type":"Point","coordinates":[-122.16282712061168,41.84862667922562]},"properties":{"OBJECTID":16340,"PERMANENT_IDENTIFIER":"104079913","GNIS_NAME":null,"FTYPE":458,"FCODE":45800}},{"type":"Feature","id":16341,"geometry":{"type":"Point","coordinates":[-122.13862544887618,41.843048280635614]},"properties":{"OBJECTID":16341,"PERMANENT_IDENTIFIER":"104079915","GNIS_NAME":null,"FTYPE":458,"FCODE":45800}},{"type":"Feature","id":16342,"geometry":{"type":"Point","coordinates":[-122.16803011867303,41.83256487732233]},"properties":{"OBJECTID":16342,"PERMANENT_IDENTIFIER":"104079917","GNIS_NAME":null,"FTYPE":458,"FCODE":45800}},{"type":"Feature","id":16343,"geometry":{"type":"Point","coordinates":[-122.1673205182894,41.83289294412576]},"properties":{"OBJECTID":16343,"PERMANENT_IDENTIFIER":"104079919","GNIS_NAME":null,"FTYPE":458,"FCODE":45800}},{"type":"Feature","id":16344,"geometry":{"type":"Point","coordinates":[-122.1801309196829,41.82922927632108]},"properties":{"OBJECTID":16344,"PERMANENT_IDENTIFIER":"104079923","GNIS_NAME":null,"FTYPE":458,"FCODE":45800}},{"type":"Feature","id":16345,"geometry":{"type":"Point","coordinates":[-122.1762699199798,41.83057067644231]},"properties":{"OBJECTID":16345,"PERMANENT_IDENTIFIER":"104079925","GNIS_NAME":null,"FTYPE":458,"FCODE":45800}},{"type":"Feature","id":16346,"geometry":{"type":"Point","coordinates":[-122.17353851966269,41.832437943742946]},"properties":{"OBJECTID":16346,"PERMANENT_IDENTIFIER":"104079927","GNIS_NAME":null,"FTYPE":458,"FCODE":45800}},{"type":"Feature","id":16347,"geometry":{"type":"Point","coordinates":[-122.16013324818844,41.81446687740404]},"properties":{"OBJECTID":16347,"PERMANENT_IDENTIFIER":"104079929","GNIS_NAME":null,"FTYPE":458,"FCODE":45800}},{"type":"Feature","id":16348,"geometry":{"type":"Point","coordinates":[-122.16634445175411,41.83427747760572]},"properties":{"OBJECTID":16348,"PERMANENT_IDENTIFIER":"104079931","GNIS_NAME":null,"FTYPE":458,"FCODE":45800}},{"type":"Feature","id":16349,"geometry":{"type":"Point","coordinates":[-122.17971152002802,41.82859574283296]},"properties":{"OBJECTID":16349,"PERMANENT_IDENTIFIER":"104079933","GNIS_NAME":null,"FTYPE":458,"FCODE":45800}},{"type":"Feature","id":16350,"geometry":{"type":"Point","coordinates":[-122.10632142619343,41.72913054279216]},"properties":{"OBJECTID":16350,"PERMANENT_IDENTIFIER":"104080217","GNIS_NAME":null,"FTYPE":458,"FCODE":45800}},{"type":"Feature","id":16351,"geometry":{"type":"Point","coordinates":[-122.10673282622405,41.72790887548658]},"properties":{"OBJECTID":16351,"PERMANENT_IDENTIFIER":"104080221","GNIS_NAME":null,"FTYPE":458,"FCODE":45800}},{"type":"Feature","id":16352,"geometry":{"type":"Point","coordinates":[-121.96298976748741,41.49137833797728]},"properties":{"OBJECTID":16352,"PERMANENT_IDENTIFIER":"104080315","GNIS_NAME":null,"FTYPE":458,"FCODE":45800}},{"type":"Feature","id":16353,"geometry":{"type":"Point","coordinates":[-121.85209402953502,41.57156955385678]},"properties":{"OBJECTID":16353,"PERMANENT_IDENTIFIER":"104079091","GNIS_NAME":"Baird Springs","FTYPE":458,"FCODE":45800}},{"type":"Feature","id":16354,"geometry":{"type":"Point","coordinates":[-122.12554885186985,41.87414428443771]},"properties":{"OBJECTID":16354,"PERMANENT_IDENTIFIER":"104079707","GNIS_NAME":null,"FTYPE":458,"FCODE":45800}},{"type":"Feature","id":16355,"geometry":{"type":"Point","coordinates":[-122.09647109907921,41.77998308055418]},"properties":{"OBJECTID":16355,"PERMANENT_IDENTIFIER":"104079711","GNIS_NAME":null,"FTYPE":458,"FCODE":45800}},{"type":"Feature","id":16356,"geometry":{"type":"Point","coordinates":[-122.12076463538625,41.77005674405804]},"properties":{"OBJECTID":16356,"PERMANENT_IDENTIFIER":"104079715","GNIS_NAME":null,"FTYPE":458,"FCODE":45800}},{"type":"Feature","id":16357,"geometry":{"type":"Point","coordinates":[-122.12139743604745,41.77337614418174]},"properties":{"OBJECTID":16357,"PERMANENT_IDENTIFIER":"104079721","GNIS_NAME":null,"FTYPE":458,"FCODE":45800}},{"type":"Feature","id":16358,"geometry":{"type":"Point","coordinates":[-122.11302823499159,41.77803147900422]},"properties":{"OBJECTID":16358,"PERMANENT_IDENTIFIER":"104079725","GNIS_NAME":null,"FTYPE":458,"FCODE":45800}},{"type":"Feature","id":16359,"geometry":{"type":"Point","coordinates":[-122.0532477807632,41.48849073045719]},"properties":{"OBJECTID":16359,"PERMANENT_IDENTIFIER":"104078201","GNIS_NAME":null,"FTYPE":458,"FCODE":45800}},{"type":"Feature","id":16360,"geometry":{"type":"Point","coordinates":[-122.05433104725792,41.488751863587005]},"properties":{"OBJECTID":16360,"PERMANENT_IDENTIFIER":"104078205","GNIS_NAME":null,"FTYPE":458,"FCODE":45800}},{"type":"Feature","id":16361,"geometry":{"type":"Point","coordinates":[-122.02987024305334,41.48147746534413]},"properties":{"OBJECTID":16361,"PERMANENT_IDENTIFIER":"104078209","GNIS_NAME":null,"FTYPE":458,"FCODE":45800}},{"type":"Feature","id":17025,"geometry":{"type":"Point","coordinates":[-122.4317614487268,41.124413204766796]},"properties":{"OBJECTID":17025,"PERMANENT_IDENTIFIER":"92976594","GNIS_NAME":null,"FTYPE":458,"FCODE":45800}},{"type":"Feature","id":17026,"geometry":{"type":"Point","coordinates":[-122.43041124888079,41.12119520484777]},"properties":{"OBJECTID":17026,"PERMANENT_IDENTIFIER":"92976598","GNIS_NAME":null,"FTYPE":458,"FCODE":45800}},{"type":"Feature","id":17027,"geometry":{"type":"Point","coordinates":[-122.44138344941712,41.11665960358049]},"properties":{"OBJECTID":17027,"PERMANENT_IDENTIFIER":"92976602","GNIS_NAME":null,"FTYPE":458,"FCODE":45800}},{"type":"Feature","id":17028,"geometry":{"type":"Point","coordinates":[-122.43025224802469,41.11606627092771]},"properties":{"OBJECTID":17028,"PERMANENT_IDENTIFIER":"92976608","GNIS_NAME":null,"FTYPE":458,"FCODE":45800}},{"type":"Feature","id":17029,"geometry":{"type":"Point","coordinates":[-122.44844804994189,41.113358869723356]},"properties":{"OBJECTID":17029,"PERMANENT_IDENTIFIER":"92976612","GNIS_NAME":null,"FTYPE":458,"FCODE":45800}},{"type":"Feature","id":17030,"geometry":{"type":"Point","coordinates":[-122.44345278197743,41.1126178701623]},"properties":{"OBJECTID":17030,"PERMANENT_IDENTIFIER":"92976616","GNIS_NAME":null,"FTYPE":458,"FCODE":45800}},{"type":"Feature","id":17031,"geometry":{"type":"Point","coordinates":[-122.47033704987084,41.09272399956632]},"properties":{"OBJECTID":17031,"PERMANENT_IDENTIFIER":"92976624","GNIS_NAME":null,"FTYPE":458,"FCODE":45800}},{"type":"Feature","id":17032,"geometry":{"type":"Point","coordinates":[-122.42900897551817,41.08124040245234]},"properties":{"OBJECTID":17032,"PERMANENT_IDENTIFIER":"92976630","GNIS_NAME":null,"FTYPE":458,"FCODE":45800}},{"type":"Feature","id":17033,"geometry":{"type":"Point","coordinates":[-122.47550457821428,41.0521028629044]},"properties":{"OBJECTID":17033,"PERMANENT_IDENTIFIER":"92976634","GNIS_NAME":null,"FTYPE":458,"FCODE":45800}},{"type":"Feature","id":17034,"geometry":{"type":"Point","coordinates":[-122.47846997794582,41.04950439556952]},"properties":{"OBJECTID":17034,"PERMANENT_IDENTIFIER":"92976636","GNIS_NAME":null,"FTYPE":458,"FCODE":45800}},{"type":"Feature","id":17035,"geometry":{"type":"Point","coordinates":[-122.4855206478034,41.05980906218198]},"properties":{"OBJECTID":17035,"PERMANENT_IDENTIFIER":"92977098","GNIS_NAME":null,"FTYPE":458,"FCODE":45800}},{"type":"Feature","id":17036,"geometry":{"type":"Point","coordinates":[-122.48052024792598,41.068657463628476]},"properties":{"OBJECTID":17036,"PERMANENT_IDENTIFIER":"92977102","GNIS_NAME":null,"FTYPE":458,"FCODE":45800}},{"type":"Feature","id":17037,"geometry":{"type":"Point","coordinates":[-122.46238718187566,41.08776179979937]},"properties":{"OBJECTID":17037,"PERMANENT_IDENTIFIER":"92977106","GNIS_NAME":null,"FTYPE":458,"FCODE":45800}},{"type":"Feature","id":17038,"geometry":{"type":"Point","coordinates":[-122.45128538180765,41.103463201763326]},"properties":{"OBJECTID":17038,"PERMANENT_IDENTIFIER":"92977110","GNIS_NAME":null,"FTYPE":458,"FCODE":45800}},{"type":"Feature","id":17039,"geometry":{"type":"Point","coordinates":[-122.4294253805166,41.11088787097017]},"properties":{"OBJECTID":17039,"PERMANENT_IDENTIFIER":"92977120","GNIS_NAME":null,"FTYPE":458,"FCODE":45800}},{"type":"Feature","id":17040,"geometry":{"type":"Point","coordinates":[-122.42995398107749,41.11969600443731]},"properties":{"OBJECTID":17040,"PERMANENT_IDENTIFIER":"92977124","GNIS_NAME":null,"FTYPE":458,"FCODE":45800}},{"type":"Feature","id":17041,"geometry":{"type":"Point","coordinates":[-122.43059998195112,41.121617871496944]},"properties":{"OBJECTID":17041,"PERMANENT_IDENTIFIER":"92977128","GNIS_NAME":null,"FTYPE":458,"FCODE":45800}},{"type":"Feature","id":17042,"geometry":{"type":"Point","coordinates":[-122.39174996289577,41.03121660181798]},"properties":{"OBJECTID":17042,"PERMANENT_IDENTIFIER":"92977132","GNIS_NAME":null,"FTYPE":458,"FCODE":45800}},{"type":"Feature","id":17043,"geometry":{"type":"Point","coordinates":[-122.38938683144063,41.04933147020341]},"properties":{"OBJECTID":17043,"PERMANENT_IDENTIFIER":"92977136","GNIS_NAME":null,"FTYPE":458,"FCODE":45800}},{"type":"Feature","id":17044,"geometry":{"type":"Point","coordinates":[-122.3948349657502,41.04852106953323]},"properties":{"OBJECTID":17044,"PERMANENT_IDENTIFIER":"92977140","GNIS_NAME":null,"FTYPE":458,"FCODE":45800}},{"type":"Feature","id":17045,"geometry":{"type":"Point","coordinates":[-122.39126637062658,41.08818880605891]},"properties":{"OBJECTID":17045,"PERMANENT_IDENTIFIER":"92977144","GNIS_NAME":null,"FTYPE":458,"FCODE":45800}},{"type":"Feature","id":17046,"geometry":{"type":"Point","coordinates":[-122.44587496789069,41.01295539581319]},"properties":{"OBJECTID":17046,"PERMANENT_IDENTIFIER":"92977148","GNIS_NAME":null,"FTYPE":458,"FCODE":45800}},{"type":"Feature","id":17047,"geometry":{"type":"Point","coordinates":[-122.27004938699312,41.312762832061374]},"properties":{"OBJECTID":17047,"PERMANENT_IDENTIFIER":"92977226","GNIS_NAME":"Cold Spring","FTYPE":458,"FCODE":45800}},{"type":"Feature","id":17048,"geometry":{"type":"Point","coordinates":[-122.34722906036838,41.2802806234508]},"properties":{"OBJECTID":17048,"PERMANENT_IDENTIFIER":"92977676","GNIS_NAME":null,"FTYPE":458,"FCODE":45800}},{"type":"Feature","id":17049,"geometry":{"type":"Point","coordinates":[-122.28291306163874,41.35371250080699]},"properties":{"OBJECTID":17049,"PERMANENT_IDENTIFIER":"92977682","GNIS_NAME":"McBride Springs","FTYPE":458,"FCODE":45800}},{"type":"Feature","id":17051,"geometry":{"type":"Point","coordinates":[-122.26848884322919,41.24887269439182]},"properties":{"OBJECTID":17051,"PERMANENT_IDENTIFIER":"92978052","GNIS_NAME":null,"FTYPE":458,"FCODE":45800}},{"type":"Feature","id":17052,"geometry":{"type":"Point","coordinates":[-122.26486664292321,41.24750402804438]},"properties":{"OBJECTID":17052,"PERMANENT_IDENTIFIER":"92978056","GNIS_NAME":null,"FTYPE":458,"FCODE":45800}},{"type":"Feature","id":17053,"geometry":{"type":"Point","coordinates":[-122.2658725759016,41.244835694794475]},"properties":{"OBJECTID":17053,"PERMANENT_IDENTIFIER":"92978060","GNIS_NAME":null,"FTYPE":458,"FCODE":45800}},{"type":"Feature","id":17054,"geometry":{"type":"Point","coordinates":[-122.36863538057634,41.175083414154635]},"properties":{"OBJECTID":17054,"PERMANENT_IDENTIFIER":"92978070","GNIS_NAME":"Popcorn Spring","FTYPE":458,"FCODE":45800}},{"type":"Feature","id":17055,"geometry":{"type":"Point","coordinates":[-122.27642437474898,41.227603092363665]},"properties":{"OBJECTID":17055,"PERMANENT_IDENTIFIER":"92978402","GNIS_NAME":"Cave Springs","FTYPE":458,"FCODE":45800}},{"type":"Feature","id":17056,"geometry":{"type":"Point","coordinates":[-122.2768423738453,41.22190342499427]},"properties":{"OBJECTID":17056,"PERMANENT_IDENTIFIER":"92978406","GNIS_NAME":"Upper Soda Springs","FTYPE":458,"FCODE":45800}},{"type":"Feature","id":17057,"geometry":{"type":"Point","coordinates":[-122.2476635737719,41.249729630034274]},"properties":{"OBJECTID":17057,"PERMANENT_IDENTIFIER":"92978714","GNIS_NAME":null,"FTYPE":458,"FCODE":45800}},{"type":"Feature","id":17059,"geometry":{"type":"Point","coordinates":[-122.41969336106067,40.992861263702935]},"properties":{"OBJECTID":17059,"PERMANENT_IDENTIFIER":"92979350","GNIS_NAME":null,"FTYPE":458,"FCODE":45800}},{"type":"Feature","id":17060,"geometry":{"type":"Point","coordinates":[-122.24087944914655,41.315599301564355]},"properties":{"OBJECTID":17060,"PERMANENT_IDENTIFIER":"92979478","GNIS_NAME":null,"FTYPE":458,"FCODE":45800}},{"type":"Feature","id":17061,"geometry":{"type":"Point","coordinates":[-122.24733004937575,41.31323510059356]},"properties":{"OBJECTID":17061,"PERMANENT_IDENTIFIER":"92979482","GNIS_NAME":null,"FTYPE":458,"FCODE":45800}},{"type":"Feature","id":17062,"geometry":{"type":"Point","coordinates":[-122.24655064998142,41.31295550106647]},"properties":{"OBJECTID":17062,"PERMANENT_IDENTIFIER":"92979486","GNIS_NAME":null,"FTYPE":458,"FCODE":45800}},{"type":"Feature","id":17063,"geometry":{"type":"Point","coordinates":[-122.1751920299235,41.25605170298327]},"properties":{"OBJECTID":17063,"PERMANENT_IDENTIFIER":"92979492","GNIS_NAME":null,"FTYPE":458,"FCODE":45800}},{"type":"Feature","id":17064,"geometry":{"type":"Point","coordinates":[-122.20105183397116,41.25565050062632]},"properties":{"OBJECTID":17064,"PERMANENT_IDENTIFIER":"92979496","GNIS_NAME":null,"FTYPE":458,"FCODE":45800}},{"type":"Feature","id":17065,"geometry":{"type":"Point","coordinates":[-122.24280838247441,41.31430803445701]},"properties":{"OBJECTID":17065,"PERMANENT_IDENTIFIER":"92979670","GNIS_NAME":null,"FTYPE":458,"FCODE":45800}},{"type":"Feature","id":17066,"geometry":{"type":"Point","coordinates":[-122.21879684852996,41.32948283770045]},"properties":{"OBJECTID":17066,"PERMANENT_IDENTIFIER":"92979688","GNIS_NAME":"McGinnis Springs","FTYPE":458,"FCODE":45800}},{"type":"Feature","id":17067,"geometry":{"type":"Point","coordinates":[-122.45365141427116,41.31515568323073]},"properties":{"OBJECTID":17067,"PERMANENT_IDENTIFIER":"92979704","GNIS_NAME":null,"FTYPE":458,"FCODE":45800}},{"type":"Feature","id":17068,"geometry":{"type":"Point","coordinates":[-122.48607441887812,41.31332341336016]},"properties":{"OBJECTID":17068,"PERMANENT_IDENTIFIER":"92979708","GNIS_NAME":null,"FTYPE":458,"FCODE":45800}},{"type":"Feature","id":17069,"geometry":{"type":"Point","coordinates":[-122.4572028728428,41.25669187912301]},"properties":{"OBJECTID":17069,"PERMANENT_IDENTIFIER":"92980452","GNIS_NAME":null,"FTYPE":458,"FCODE":45800}},{"type":"Feature","id":17070,"geometry":{"type":"Point","coordinates":[-122.45874560682934,41.256773878381566]},"properties":{"OBJECTID":17070,"PERMANENT_IDENTIFIER":"92980456","GNIS_NAME":null,"FTYPE":458,"FCODE":45800}},{"type":"Feature","id":17071,"geometry":{"type":"Point","coordinates":[-122.4681962784185,41.28456207957042]},"properties":{"OBJECTID":17071,"PERMANENT_IDENTIFIER":"92980460","GNIS_NAME":null,"FTYPE":458,"FCODE":45800}},{"type":"Feature","id":17072,"geometry":{"type":"Point","coordinates":[-122.37820466574072,41.28495222108761]},"properties":{"OBJECTID":17072,"PERMANENT_IDENTIFIER":"92980464","GNIS_NAME":null,"FTYPE":458,"FCODE":45800}},{"type":"Feature","id":17073,"geometry":{"type":"Point","coordinates":[-122.48415221780431,41.30369841310191]},"properties":{"OBJECTID":17073,"PERMANENT_IDENTIFIER":"92980474","GNIS_NAME":null,"FTYPE":458,"FCODE":45800}},{"type":"Feature","id":17074,"geometry":{"type":"Point","coordinates":[-122.46174521411122,41.301130081769784]},"properties":{"OBJECTID":17074,"PERMANENT_IDENTIFIER":"92980478","GNIS_NAME":null,"FTYPE":458,"FCODE":45800}},{"type":"Feature","id":17075,"geometry":{"type":"Point","coordinates":[-122.49147381874427,41.307670679093675]},"properties":{"OBJECTID":17075,"PERMANENT_IDENTIFIER":"92980482","GNIS_NAME":null,"FTYPE":458,"FCODE":45800}},{"type":"Feature","id":17076,"geometry":{"type":"Point","coordinates":[-122.47445181809101,41.314898281348306]},"properties":{"OBJECTID":17076,"PERMANENT_IDENTIFIER":"92980486","GNIS_NAME":null,"FTYPE":458,"FCODE":45800}},{"type":"Feature","id":17077,"geometry":{"type":"Point","coordinates":[-122.42429841218268,41.32502888612976]},"properties":{"OBJECTID":17077,"PERMANENT_IDENTIFIER":"92980492","GNIS_NAME":null,"FTYPE":458,"FCODE":45800}},{"type":"Feature","id":17078,"geometry":{"type":"Point","coordinates":[-122.42231681119347,41.32639041997624]},"properties":{"OBJECTID":17078,"PERMANENT_IDENTIFIER":"92980494","GNIS_NAME":null,"FTYPE":458,"FCODE":45800}},{"type":"Feature","id":17079,"geometry":{"type":"Point","coordinates":[-122.44610808285138,41.332189485242715]},"properties":{"OBJECTID":17079,"PERMANENT_IDENTIFIER":"92980496","GNIS_NAME":null,"FTYPE":458,"FCODE":45800}},{"type":"Feature","id":17080,"geometry":{"type":"Point","coordinates":[-122.41961468109356,41.34991888868835]},"properties":{"OBJECTID":17080,"PERMANENT_IDENTIFIER":"92980498","GNIS_NAME":null,"FTYPE":458,"FCODE":45800}},{"type":"Feature","id":17081,"geometry":{"type":"Point","coordinates":[-122.22433765590584,41.3750829070101]},"properties":{"OBJECTID":17081,"PERMANENT_IDENTIFIER":"92980550","GNIS_NAME":null,"FTYPE":458,"FCODE":45800}},{"type":"Feature","id":17082,"geometry":{"type":"Point","coordinates":[-122.5096944113805,41.239673873165366]},"properties":{"OBJECTID":17082,"PERMANENT_IDENTIFIER":"92980552","GNIS_NAME":null,"FTYPE":458,"FCODE":45800}},{"type":"Feature","id":17083,"geometry":{"type":"Point","coordinates":[-122.51035987752087,41.235352672766524]},"properties":{"OBJECTID":17083,"PERMANENT_IDENTIFIER":"92980584","GNIS_NAME":null,"FTYPE":458,"FCODE":45800}},{"type":"Feature","id":17084,"geometry":{"type":"Point","coordinates":[-122.50790187747299,41.234588205952114]},"properties":{"OBJECTID":17084,"PERMANENT_IDENTIFIER":"92980588","GNIS_NAME":null,"FTYPE":458,"FCODE":45800}},{"type":"Feature","id":17085,"geometry":{"type":"Point","coordinates":[-122.51276681128896,41.23657840546506]},"properties":{"OBJECTID":17085,"PERMANENT_IDENTIFIER":"92980592","GNIS_NAME":null,"FTYPE":458,"FCODE":45800}},{"type":"Feature","id":17087,"geometry":{"type":"Point","coordinates":[-122.47967806480017,41.18398820487651]},"properties":{"OBJECTID":17087,"PERMANENT_IDENTIFIER":"92981204","GNIS_NAME":null,"FTYPE":458,"FCODE":45800}},{"type":"Feature","id":17088,"geometry":{"type":"Point","coordinates":[-122.4064380523655,41.173778277643585]},"properties":{"OBJECTID":17088,"PERMANENT_IDENTIFIER":"92981206","GNIS_NAME":null,"FTYPE":458,"FCODE":45800}},{"type":"Feature","id":17089,"geometry":{"type":"Point","coordinates":[-122.38196698849717,41.21739668245045]},"properties":{"OBJECTID":17089,"PERMANENT_IDENTIFIER":"92981212","GNIS_NAME":null,"FTYPE":458,"FCODE":45800}},{"type":"Feature","id":17090,"geometry":{"type":"Point","coordinates":[-122.48243346607107,41.184832871809135]},"properties":{"OBJECTID":17090,"PERMANENT_IDENTIFIER":"92981214","GNIS_NAME":null,"FTYPE":458,"FCODE":45800}},{"type":"Feature","id":17091,"geometry":{"type":"Point","coordinates":[-122.42740859179418,41.19071127629875]},"properties":{"OBJECTID":17091,"PERMANENT_IDENTIFIER":"92981618","GNIS_NAME":null,"FTYPE":458,"FCODE":45800}},{"type":"Feature","id":17092,"geometry":{"type":"Point","coordinates":[-122.39023618384466,41.177512279260874]},"properties":{"OBJECTID":17092,"PERMANENT_IDENTIFIER":"92981622","GNIS_NAME":null,"FTYPE":458,"FCODE":45800}},{"type":"Feature","id":17093,"geometry":{"type":"Point","coordinates":[-122.46463439473823,41.17102807183518]},"properties":{"OBJECTID":17093,"PERMANENT_IDENTIFIER":"92981626","GNIS_NAME":null,"FTYPE":458,"FCODE":45800}},{"type":"Feature","id":17094,"geometry":{"type":"Point","coordinates":[-122.49363639978611,41.178364803483966]},"properties":{"OBJECTID":17094,"PERMANENT_IDENTIFIER":"92981648","GNIS_NAME":null,"FTYPE":458,"FCODE":45800}},{"type":"Feature","id":17095,"geometry":{"type":"Point","coordinates":[-122.41858318740114,41.16942080957899]},"properties":{"OBJECTID":17095,"PERMANENT_IDENTIFIER":"92981654","GNIS_NAME":null,"FTYPE":458,"FCODE":45800}},{"type":"Feature","id":17096,"geometry":{"type":"Point","coordinates":[-122.4936374663333,41.17946846983377]},"properties":{"OBJECTID":17096,"PERMANENT_IDENTIFIER":"92981658","GNIS_NAME":null,"FTYPE":458,"FCODE":45800}},{"type":"Feature","id":17097,"geometry":{"type":"Point","coordinates":[-122.39489098393061,41.172572078512495]},"properties":{"OBJECTID":17097,"PERMANENT_IDENTIFIER":"92981664","GNIS_NAME":null,"FTYPE":458,"FCODE":45800}},{"type":"Feature","id":17098,"geometry":{"type":"Point","coordinates":[-122.46506606228719,41.17841360604163]},"properties":{"OBJECTID":17098,"PERMANENT_IDENTIFIER":"92981672","GNIS_NAME":null,"FTYPE":458,"FCODE":45800}},{"type":"Feature","id":17099,"geometry":{"type":"Point","coordinates":[-122.51136248079094,41.25633947364712]},"properties":{"OBJECTID":17099,"PERMANENT_IDENTIFIER":"92982404","GNIS_NAME":null,"FTYPE":458,"FCODE":45800}},{"type":"Feature","id":17100,"geometry":{"type":"Point","coordinates":[-122.5051982812609,41.265666008687894]},"properties":{"OBJECTID":17100,"PERMANENT_IDENTIFIER":"92982412","GNIS_NAME":null,"FTYPE":458,"FCODE":45800}},{"type":"Feature","id":17101,"geometry":{"type":"Point","coordinates":[-122.50457168426252,41.28294060989708]},"properties":{"OBJECTID":17101,"PERMANENT_IDENTIFIER":"92982434","GNIS_NAME":null,"FTYPE":458,"FCODE":45800}},{"type":"Feature","id":17102,"geometry":{"type":"Point","coordinates":[-122.27262375514418,41.104820216969024]},"properties":{"OBJECTID":17102,"PERMANENT_IDENTIFIER":"92982810","GNIS_NAME":"Big Spring","FTYPE":458,"FCODE":45800}},{"type":"Feature","id":17103,"geometry":{"type":"Point","coordinates":[-122.51239945497515,41.08262839527828]},"properties":{"OBJECTID":17103,"PERMANENT_IDENTIFIER":"92984108","GNIS_NAME":null,"FTYPE":458,"FCODE":45800}},{"type":"Feature","id":17104,"geometry":{"type":"Point","coordinates":[-122.51770585504737,41.08074699450867]},"properties":{"OBJECTID":17104,"PERMANENT_IDENTIFIER":"92984692","GNIS_NAME":null,"FTYPE":458,"FCODE":45800}},{"type":"Feature","id":18806,"geometry":{"type":"Point","coordinates":[-121.90599895433684,41.467116141543634]},"properties":{"OBJECTID":18806,"PERMANENT_IDENTIFIER":"97660847","GNIS_NAME":null,"FTYPE":458,"FCODE":45800}},{"type":"Feature","id":18807,"geometry":{"type":"Point","coordinates":[-122.14001777993786,41.3983548493871]},"properties":{"OBJECTID":18807,"PERMANENT_IDENTIFIER":"97660115","GNIS_NAME":null,"FTYPE":458,"FCODE":45800}},{"type":"Feature","id":18808,"geometry":{"type":"Point","coordinates":[-122.13463164479721,41.39483284957925]},"properties":{"OBJECTID":18808,"PERMANENT_IDENTIFIER":"97660119","GNIS_NAME":null,"FTYPE":458,"FCODE":45800}},{"type":"Feature","id":18809,"geometry":{"type":"Point","coordinates":[-122.16125924836786,41.38776411357672]},"properties":{"OBJECTID":18809,"PERMANENT_IDENTIFIER":"97660125","GNIS_NAME":null,"FTYPE":458,"FCODE":45800}},{"type":"Feature","id":18810,"geometry":{"type":"Point","coordinates":[-122.16504964784919,41.38202731302379]},"properties":{"OBJECTID":18810,"PERMANENT_IDENTIFIER":"97660435","GNIS_NAME":null,"FTYPE":458,"FCODE":45800}},{"type":"Feature","id":18811,"geometry":{"type":"Point","coordinates":[-122.16246184744665,41.38140091329195]},"properties":{"OBJECTID":18811,"PERMANENT_IDENTIFIER":"97660439","GNIS_NAME":null,"FTYPE":458,"FCODE":45800}},{"type":"Feature","id":18812,"geometry":{"type":"Point","coordinates":[-122.15933517953577,41.37964311357585]},"properties":{"OBJECTID":18812,"PERMANENT_IDENTIFIER":"97660445","GNIS_NAME":null,"FTYPE":458,"FCODE":45800}},{"type":"Feature","id":18813,"geometry":{"type":"Point","coordinates":[-122.15642697899052,41.37871451347478]},"properties":{"OBJECTID":18813,"PERMANENT_IDENTIFIER":"97660449","GNIS_NAME":null,"FTYPE":458,"FCODE":45800}},{"type":"Feature","id":18814,"geometry":{"type":"Point","coordinates":[-122.15706424770407,41.387692047422426]},"properties":{"OBJECTID":18814,"PERMANENT_IDENTIFIER":"97660453","GNIS_NAME":null,"FTYPE":458,"FCODE":45800}},{"type":"Feature","id":18815,"geometry":{"type":"Point","coordinates":[-122.16305644906967,41.389862247084054]},"properties":{"OBJECTID":18815,"PERMANENT_IDENTIFIER":"97660457","GNIS_NAME":null,"FTYPE":458,"FCODE":45800}},{"type":"Feature","id":18817,"geometry":{"type":"Point","coordinates":[-122.13022776632775,41.31896884447967]},"properties":{"OBJECTID":18817,"PERMANENT_IDENTIFIER":"97659629","GNIS_NAME":null,"FTYPE":458,"FCODE":45800}},{"type":"Feature","id":18818,"geometry":{"type":"Point","coordinates":[-122.21307064715683,41.327886437978776]},"properties":{"OBJECTID":18818,"PERMANENT_IDENTIFIER":"97659641","GNIS_NAME":null,"FTYPE":458,"FCODE":45800}},{"type":"Feature","id":18819,"geometry":{"type":"Point","coordinates":[-122.21457804669488,41.32676603834727]},"properties":{"OBJECTID":18819,"PERMANENT_IDENTIFIER":"97659645","GNIS_NAME":"McGinnis Springs","FTYPE":458,"FCODE":45800}},{"type":"Feature","id":18820,"geometry":{"type":"Point","coordinates":[-122.21521178071492,41.3268811048893]},"properties":{"OBJECTID":18820,"PERMANENT_IDENTIFIER":"97659649","GNIS_NAME":"McGinnis Springs","FTYPE":458,"FCODE":45800}},{"type":"Feature","id":18821,"geometry":{"type":"Point","coordinates":[-122.19798938260688,41.3590382415483]},"properties":{"OBJECTID":18821,"PERMANENT_IDENTIFIER":"97659651","GNIS_NAME":null,"FTYPE":458,"FCODE":45800}},{"type":"Feature","id":18822,"geometry":{"type":"Point","coordinates":[-122.21481118038513,41.32695263829716]},"properties":{"OBJECTID":18822,"PERMANENT_IDENTIFIER":"97659661","GNIS_NAME":"McGinnis Springs","FTYPE":458,"FCODE":45800}},{"type":"Feature","id":18823,"geometry":{"type":"Point","coordinates":[-122.0644041370615,41.189933641648345]},"properties":{"OBJECTID":18823,"PERMANENT_IDENTIFIER":"97659015","GNIS_NAME":null,"FTYPE":458,"FCODE":45800}},{"type":"Feature","id":18824,"geometry":{"type":"Point","coordinates":[-122.07048893865607,41.19874644147485]},"properties":{"OBJECTID":18824,"PERMANENT_IDENTIFIER":"97659019","GNIS_NAME":null,"FTYPE":458,"FCODE":45800}},{"type":"Feature","id":18825,"geometry":{"type":"Point","coordinates":[-122.0703799385731,41.199421841160486]},"properties":{"OBJECTID":18825,"PERMANENT_IDENTIFIER":"97659023","GNIS_NAME":null,"FTYPE":458,"FCODE":45800}},{"type":"Feature","id":18826,"geometry":{"type":"Point","coordinates":[-122.04403180574617,41.22867084600821]},"properties":{"OBJECTID":18826,"PERMANENT_IDENTIFIER":"97659031","GNIS_NAME":null,"FTYPE":458,"FCODE":45800}},{"type":"Feature","id":18827,"geometry":{"type":"Point","coordinates":[-122.04283900641518,41.22918124563611]},"properties":{"OBJECTID":18827,"PERMANENT_IDENTIFIER":"97659037","GNIS_NAME":null,"FTYPE":458,"FCODE":45800}},{"type":"Feature","id":18828,"geometry":{"type":"Point","coordinates":[-122.04223520647291,41.229527112970004]},"properties":{"OBJECTID":18828,"PERMANENT_IDENTIFIER":"97659041","GNIS_NAME":null,"FTYPE":458,"FCODE":45800}},{"type":"Feature","id":18829,"geometry":{"type":"Point","coordinates":[-122.04115140618435,41.22953791307785]},"properties":{"OBJECTID":18829,"PERMANENT_IDENTIFIER":"97659045","GNIS_NAME":null,"FTYPE":458,"FCODE":45800}},{"type":"Feature","id":18830,"geometry":{"type":"Point","coordinates":[-122.0404970061215,41.22941691279671]},"properties":{"OBJECTID":18830,"PERMANENT_IDENTIFIER":"97659049","GNIS_NAME":null,"FTYPE":458,"FCODE":45800}},{"type":"Feature","id":18831,"geometry":{"type":"Point","coordinates":[-122.0395954053912,41.2286755132562]},"properties":{"OBJECTID":18831,"PERMANENT_IDENTIFIER":"97659053","GNIS_NAME":null,"FTYPE":458,"FCODE":45800}},{"type":"Feature","id":18832,"geometry":{"type":"Point","coordinates":[-122.1037482109539,41.198739305084146]},"properties":{"OBJECTID":18832,"PERMANENT_IDENTIFIER":"97659059","GNIS_NAME":null,"FTYPE":458,"FCODE":45800}},{"type":"Feature","id":18833,"geometry":{"type":"Point","coordinates":[-122.175978181342,41.37017871116862]},"properties":{"OBJECTID":18833,"PERMANENT_IDENTIFIER":"97659219","GNIS_NAME":null,"FTYPE":458,"FCODE":45800}},{"type":"Feature","id":18834,"geometry":{"type":"Point","coordinates":[-122.1735747791458,41.3615029107161]},"properties":{"OBJECTID":18834,"PERMANENT_IDENTIFIER":"97659223","GNIS_NAME":null,"FTYPE":458,"FCODE":45800}},{"type":"Feature","id":18835,"geometry":{"type":"Point","coordinates":[-122.21443338023307,41.32931370458462]},"properties":{"OBJECTID":18835,"PERMANENT_IDENTIFIER":"97659229","GNIS_NAME":null,"FTYPE":458,"FCODE":45800}},{"type":"Feature","id":18836,"geometry":{"type":"Point","coordinates":[-122.13182183297074,41.320062311788554]},"properties":{"OBJECTID":18836,"PERMANENT_IDENTIFIER":"97659235","GNIS_NAME":null,"FTYPE":458,"FCODE":45800}},{"type":"Feature","id":18837,"geometry":{"type":"Point","coordinates":[-122.13883115409418,41.22739710448238]},"properties":{"OBJECTID":18837,"PERMANENT_IDENTIFIER":"97657991","GNIS_NAME":"Soda Springs","FTYPE":458,"FCODE":45800}},{"type":"Feature","id":18838,"geometry":{"type":"Point","coordinates":[-121.98120191723196,41.143545845320304]},"properties":{"OBJECTID":18838,"PERMANENT_IDENTIFIER":"97657997","GNIS_NAME":"Dad Lofton Spring","FTYPE":458,"FCODE":45800}},{"type":"Feature","id":18839,"geometry":{"type":"Point","coordinates":[-121.99049652331104,41.177146513390085]},"properties":{"OBJECTID":18839,"PERMANENT_IDENTIFIER":"97658161","GNIS_NAME":null,"FTYPE":458,"FCODE":45800}},{"type":"Feature","id":18840,"geometry":{"type":"Point","coordinates":[-121.88253150721853,41.181492856107546]},"properties":{"OBJECTID":18840,"PERMANENT_IDENTIFIER":"97658163","GNIS_NAME":"Deer Springs","FTYPE":458,"FCODE":45800}},{"type":"Feature","id":18841,"geometry":{"type":"Point","coordinates":[-121.83582813384476,41.400378543275465]},"properties":{"OBJECTID":18841,"PERMANENT_IDENTIFIER":"97658291","GNIS_NAME":"Deter Spring","FTYPE":458,"FCODE":45800}},{"type":"Feature","id":18842,"geometry":{"type":"Point","coordinates":[-121.9011107312922,41.31903526470419]},"properties":{"OBJECTID":18842,"PERMANENT_IDENTIFIER":"97658373","GNIS_NAME":null,"FTYPE":458,"FCODE":45800}},{"type":"Feature","id":18843,"geometry":{"type":"Point","coordinates":[-121.90513180256075,41.34533606629301]},"properties":{"OBJECTID":18843,"PERMANENT_IDENTIFIER":"97658377","GNIS_NAME":"Little Spring","FTYPE":458,"FCODE":45800}},{"type":"Feature","id":18844,"geometry":{"type":"Point","coordinates":[-122.08439554038004,41.19692710641035]},"properties":{"OBJECTID":18844,"PERMANENT_IDENTIFIER":"97658379","GNIS_NAME":null,"FTYPE":458,"FCODE":45800}},{"type":"Feature","id":18845,"geometry":{"type":"Point","coordinates":[-122.07042340583418,41.19844444110923]},"properties":{"OBJECTID":18845,"PERMANENT_IDENTIFIER":"97658383","GNIS_NAME":null,"FTYPE":458,"FCODE":45800}},{"type":"Feature","id":18846,"geometry":{"type":"Point","coordinates":[-122.09004580671437,41.1827645054414]},"properties":{"OBJECTID":18846,"PERMANENT_IDENTIFIER":"97658385","GNIS_NAME":null,"FTYPE":458,"FCODE":45800}},{"type":"Feature","id":18847,"geometry":{"type":"Point","coordinates":[-122.08544980823686,41.19752544028342]},"properties":{"OBJECTID":18847,"PERMANENT_IDENTIFIER":"97658391","GNIS_NAME":null,"FTYPE":458,"FCODE":45800}},{"type":"Feature","id":18848,"geometry":{"type":"Point","coordinates":[-122.11154454297677,41.18251583639197]},"properties":{"OBJECTID":18848,"PERMANENT_IDENTIFIER":"97658395","GNIS_NAME":null,"FTYPE":458,"FCODE":45800}},{"type":"Feature","id":18849,"geometry":{"type":"Point","coordinates":[-122.12405993845617,41.142562432501556]},"properties":{"OBJECTID":18849,"PERMANENT_IDENTIFIER":"97658397","GNIS_NAME":"Water Trough Springs","FTYPE":458,"FCODE":45800}},{"type":"Feature","id":18850,"geometry":{"type":"Point","coordinates":[-121.77827196639664,41.23267473557448]},"properties":{"OBJECTID":18850,"PERMANENT_IDENTIFIER":"97657601","GNIS_NAME":"Cub Spring","FTYPE":458,"FCODE":45800}},{"type":"Feature","id":18851,"geometry":{"type":"Point","coordinates":[-121.78184656748167,41.24004973593307]},"properties":{"OBJECTID":18851,"PERMANENT_IDENTIFIER":"97657603","GNIS_NAME":null,"FTYPE":458,"FCODE":45800}},{"type":"Feature","id":18852,"geometry":{"type":"Point","coordinates":[-122.06015242626235,41.347092052688545]},"properties":{"OBJECTID":18852,"PERMANENT_IDENTIFIER":"97657619","GNIS_NAME":null,"FTYPE":458,"FCODE":45800}},{"type":"Feature","id":18853,"geometry":{"type":"Point","coordinates":[-122.04964255572644,41.327588519222715]},"properties":{"OBJECTID":18853,"PERMANENT_IDENTIFIER":"97657621","GNIS_NAME":null,"FTYPE":458,"FCODE":45800}},{"type":"Feature","id":18854,"geometry":{"type":"Point","coordinates":[-122.0499047556893,41.327429252450756]},"properties":{"OBJECTID":18854,"PERMANENT_IDENTIFIER":"97657623","GNIS_NAME":null,"FTYPE":458,"FCODE":45800}},{"type":"Feature","id":18855,"geometry":{"type":"Point","coordinates":[-122.08688822558331,41.31312411470104]},"properties":{"OBJECTID":18855,"PERMANENT_IDENTIFIER":"97657625","GNIS_NAME":"Elk Spring","FTYPE":458,"FCODE":45800}},{"type":"Feature","id":18856,"geometry":{"type":"Point","coordinates":[-122.06452416056008,41.34644971916949]},"properties":{"OBJECTID":18856,"PERMANENT_IDENTIFIER":"97657763","GNIS_NAME":null,"FTYPE":458,"FCODE":45800}},{"type":"Feature","id":18857,"geometry":{"type":"Point","coordinates":[-122.06047302618757,41.34654851927247]},"properties":{"OBJECTID":18857,"PERMANENT_IDENTIFIER":"97657765","GNIS_NAME":"Widow Spring","FTYPE":458,"FCODE":45800}},{"type":"Feature","id":18858,"geometry":{"type":"Point","coordinates":[-122.04795094631871,41.27241224829914]},"properties":{"OBJECTID":18858,"PERMANENT_IDENTIFIER":"97657767","GNIS_NAME":"Esperanza Spring","FTYPE":458,"FCODE":45800}},{"type":"Feature","id":18859,"geometry":{"type":"Point","coordinates":[-122.11576518031356,41.421893319760414]},"properties":{"OBJECTID":18859,"PERMANENT_IDENTIFIER":"97656887","GNIS_NAME":null,"FTYPE":458,"FCODE":45800}},{"type":"Feature","id":18860,"geometry":{"type":"Point","coordinates":[-122.04006636349837,41.38766385764795]},"properties":{"OBJECTID":18860,"PERMANENT_IDENTIFIER":"97656889","GNIS_NAME":null,"FTYPE":458,"FCODE":45800}},{"type":"Feature","id":18861,"geometry":{"type":"Point","coordinates":[-122.03967223008645,41.388767457503015]},"properties":{"OBJECTID":18861,"PERMANENT_IDENTIFIER":"97656891","GNIS_NAME":null,"FTYPE":458,"FCODE":45800}},{"type":"Feature","id":18862,"geometry":{"type":"Point","coordinates":[-122.12151037767268,41.40234365163866]},"properties":{"OBJECTID":18862,"PERMANENT_IDENTIFIER":"97656895","GNIS_NAME":null,"FTYPE":458,"FCODE":45800}},{"type":"Feature","id":18863,"geometry":{"type":"Point","coordinates":[-122.03935902939746,41.38794912417402]},"properties":{"OBJECTID":18863,"PERMANENT_IDENTIFIER":"97656899","GNIS_NAME":null,"FTYPE":458,"FCODE":45800}},{"type":"Feature","id":18864,"geometry":{"type":"Point","coordinates":[-121.8209573214282,41.33237827300346]},"properties":{"OBJECTID":18864,"PERMANENT_IDENTIFIER":"97656911","GNIS_NAME":"Sheepheaven Spring","FTYPE":458,"FCODE":45800}},{"type":"Feature","id":18865,"geometry":{"type":"Point","coordinates":[-121.8199641173004,41.30510713708043]},"properties":{"OBJECTID":18865,"PERMANENT_IDENTIFIER":"97656975","GNIS_NAME":"Twin Springs","FTYPE":458,"FCODE":45800}},{"type":"Feature","id":18866,"geometry":{"type":"Point","coordinates":[-121.78308177897242,41.31212527458883]},"properties":{"OBJECTID":18866,"PERMANENT_IDENTIFIER":"97656977","GNIS_NAME":null,"FTYPE":458,"FCODE":45800}},{"type":"Feature","id":18867,"geometry":{"type":"Point","coordinates":[-121.78696617820074,41.30422554048044]},"properties":{"OBJECTID":18867,"PERMANENT_IDENTIFIER":"97656987","GNIS_NAME":null,"FTYPE":458,"FCODE":45800}},{"type":"Feature","id":23576,"geometry":{"type":"Point","coordinates":[-122.97553132724546,41.1058695569116]},"properties":{"OBJECTID":23576,"PERMANENT_IDENTIFIER":"97546042","GNIS_NAME":null,"FTYPE":458,"FCODE":45800}},{"type":"Feature","id":23577,"geometry":{"type":"Point","coordinates":[-122.97457746049986,41.10424342364054]},"properties":{"OBJECTID":23577,"PERMANENT_IDENTIFIER":"97546046","GNIS_NAME":null,"FTYPE":458,"FCODE":45800}},{"type":"Feature","id":23578,"geometry":{"type":"Point","coordinates":[-122.9709906487501,41.031581818765]},"properties":{"OBJECTID":23578,"PERMANENT_IDENTIFIER":"97546050","GNIS_NAME":null,"FTYPE":458,"FCODE":45800}},{"type":"Feature","id":23579,"geometry":{"type":"Point","coordinates":[-122.9008431050003,41.028813758207264]},"properties":{"OBJECTID":23579,"PERMANENT_IDENTIFIER":"97546054","GNIS_NAME":null,"FTYPE":458,"FCODE":45800}},{"type":"Feature","id":23580,"geometry":{"type":"Point","coordinates":[-123.23753456157203,41.077550732284536]},"properties":{"OBJECTID":23580,"PERMANENT_IDENTIFIER":"97546280","GNIS_NAME":null,"FTYPE":458,"FCODE":45800}},{"type":"Feature","id":23581,"geometry":{"type":"Point","coordinates":[-123.14634849199281,41.14839934452933]},"properties":{"OBJECTID":23581,"PERMANENT_IDENTIFIER":"97546292","GNIS_NAME":null,"FTYPE":458,"FCODE":45800}},{"type":"Feature","id":23582,"geometry":{"type":"Point","coordinates":[-123.20080118190796,41.24670161366753]},"properties":{"OBJECTID":23582,"PERMANENT_IDENTIFIER":"97547394","GNIS_NAME":null,"FTYPE":458,"FCODE":45800}},{"type":"Feature","id":23583,"geometry":{"type":"Point","coordinates":[-122.96872373650069,41.172307561762636]},"properties":{"OBJECTID":23583,"PERMANENT_IDENTIFIER":"97547400","GNIS_NAME":null,"FTYPE":458,"FCODE":45800}},{"type":"Feature","id":23584,"geometry":{"type":"Point","coordinates":[-123.00000874461348,41.199894227606784]},"properties":{"OBJECTID":23584,"PERMANENT_IDENTIFIER":"97547764","GNIS_NAME":null,"FTYPE":458,"FCODE":45800}},{"type":"Feature","id":23585,"geometry":{"type":"Point","coordinates":[-122.9595476649163,41.15274822814101]},"properties":{"OBJECTID":23585,"PERMANENT_IDENTIFIER":"97547768","GNIS_NAME":null,"FTYPE":458,"FCODE":45800}},{"type":"Feature","id":23586,"geometry":{"type":"Point","coordinates":[-122.99012868944716,41.282893167653455]},"properties":{"OBJECTID":23586,"PERMANENT_IDENTIFIER":"97548354","GNIS_NAME":null,"FTYPE":458,"FCODE":45800}},{"type":"Feature","id":23587,"geometry":{"type":"Point","coordinates":[-122.97081055002965,41.25733936750354]},"properties":{"OBJECTID":23587,"PERMANENT_IDENTIFIER":"97548358","GNIS_NAME":null,"FTYPE":458,"FCODE":45800}},{"type":"Feature","id":23588,"geometry":{"type":"Point","coordinates":[-123.20660074403915,41.428129425427265]},"properties":{"OBJECTID":23588,"PERMANENT_IDENTIFIER":"97548816","GNIS_NAME":null,"FTYPE":458,"FCODE":45800}},{"type":"Feature","id":23589,"geometry":{"type":"Point","coordinates":[-123.288437144569,41.35453534674059]},"properties":{"OBJECTID":23589,"PERMANENT_IDENTIFIER":"97549802","GNIS_NAME":null,"FTYPE":458,"FCODE":45800}},{"type":"Feature","id":23590,"geometry":{"type":"Point","coordinates":[-123.36165093867224,41.25066159961146]},"properties":{"OBJECTID":23590,"PERMANENT_IDENTIFIER":"97549806","GNIS_NAME":"Maple Spring","FTYPE":458,"FCODE":45800}},{"type":"Feature","id":23591,"geometry":{"type":"Point","coordinates":[-123.31857359997171,41.25543753741586]},"properties":{"OBJECTID":23591,"PERMANENT_IDENTIFIER":"97549810","GNIS_NAME":null,"FTYPE":458,"FCODE":45800}},{"type":"Feature","id":23592,"geometry":{"type":"Point","coordinates":[-123.31012780313803,41.28201120667045]},"properties":{"OBJECTID":23592,"PERMANENT_IDENTIFIER":"97549814","GNIS_NAME":null,"FTYPE":458,"FCODE":45800}},{"type":"Feature","id":23593,"geometry":{"type":"Point","coordinates":[-123.01532847142757,41.13916042220849]},"properties":{"OBJECTID":23593,"PERMANENT_IDENTIFIER":"97550576","GNIS_NAME":null,"FTYPE":458,"FCODE":45800}},{"type":"Feature","id":23594,"geometry":{"type":"Point","coordinates":[-123.0998656826604,41.13342401444813]},"properties":{"OBJECTID":23594,"PERMANENT_IDENTIFIER":"97550580","GNIS_NAME":null,"FTYPE":458,"FCODE":45800}},{"type":"Feature","id":23595,"geometry":{"type":"Point","coordinates":[-123.04905268754689,41.21019282430704]},"properties":{"OBJECTID":23595,"PERMANENT_IDENTIFIER":"97550584","GNIS_NAME":null,"FTYPE":458,"FCODE":45800}},{"type":"Feature","id":23596,"geometry":{"type":"Point","coordinates":[-123.0987225667397,41.243462621944865]},"properties":{"OBJECTID":23596,"PERMANENT_IDENTIFIER":"97550588","GNIS_NAME":"Campbell Spring","FTYPE":458,"FCODE":45800}},{"type":"Feature","id":23597,"geometry":{"type":"Point","coordinates":[-123.20476262642471,41.533714365804414]},"properties":{"OBJECTID":23597,"PERMANENT_IDENTIFIER":"97550778","GNIS_NAME":null,"FTYPE":458,"FCODE":45800}},{"type":"Feature","id":23598,"geometry":{"type":"Point","coordinates":[-123.17815722472483,41.54360403543362]},"properties":{"OBJECTID":23598,"PERMANENT_IDENTIFIER":"97550784","GNIS_NAME":"Soft Water Spring","FTYPE":458,"FCODE":45800}},{"type":"Feature","id":23599,"geometry":{"type":"Point","coordinates":[-123.15892275463426,41.54038983716761]},"properties":{"OBJECTID":23599,"PERMANENT_IDENTIFIER":"97550788","GNIS_NAME":null,"FTYPE":458,"FCODE":45800}},{"type":"Feature","id":23600,"geometry":{"type":"Point","coordinates":[-123.26376241076692,41.37574041640233]},"properties":{"OBJECTID":23600,"PERMANENT_IDENTIFIER":"97551250","GNIS_NAME":null,"FTYPE":458,"FCODE":45800}},{"type":"Feature","id":23601,"geometry":{"type":"Point","coordinates":[-123.26132121117857,41.37988515040938]},"properties":{"OBJECTID":23601,"PERMANENT_IDENTIFIER":"97551254","GNIS_NAME":null,"FTYPE":458,"FCODE":45800}},{"type":"Feature","id":23602,"geometry":{"type":"Point","coordinates":[-123.17177011474962,41.27358795132221]},"properties":{"OBJECTID":23602,"PERMANENT_IDENTIFIER":"97553250","GNIS_NAME":null,"FTYPE":458,"FCODE":45800}},{"type":"Feature","id":23603,"geometry":{"type":"Point","coordinates":[-123.24265032231587,41.25251140993633]},"properties":{"OBJECTID":23603,"PERMANENT_IDENTIFIER":"97553254","GNIS_NAME":null,"FTYPE":458,"FCODE":45800}},{"type":"Feature","id":23604,"geometry":{"type":"Point","coordinates":[-123.4488539726573,41.38432080097885]},"properties":{"OBJECTID":23604,"PERMANENT_IDENTIFIER":"97553532","GNIS_NAME":null,"FTYPE":458,"FCODE":45800}},{"type":"Feature","id":23605,"geometry":{"type":"Point","coordinates":[-123.10252271810425,41.36376722994073]},"properties":{"OBJECTID":23605,"PERMANENT_IDENTIFIER":"97554252","GNIS_NAME":null,"FTYPE":458,"FCODE":45800}},{"type":"Feature","id":23606,"geometry":{"type":"Point","coordinates":[-123.01674857329716,41.370519237717865]},"properties":{"OBJECTID":23606,"PERMANENT_IDENTIFIER":"97554254","GNIS_NAME":null,"FTYPE":458,"FCODE":45800}},{"type":"Feature","id":23607,"geometry":{"type":"Point","coordinates":[-123.02059192970829,41.080615351082784]},"properties":{"OBJECTID":23607,"PERMANENT_IDENTIFIER":"97554884","GNIS_NAME":null,"FTYPE":458,"FCODE":45800}},{"type":"Feature","id":23608,"geometry":{"type":"Point","coordinates":[-123.01773092985957,41.079868151210285]},"properties":{"OBJECTID":23608,"PERMANENT_IDENTIFIER":"97554886","GNIS_NAME":null,"FTYPE":458,"FCODE":45800}},{"type":"Feature","id":23609,"geometry":{"type":"Point","coordinates":[-123.11368174337191,41.0779523426363]},"properties":{"OBJECTID":23609,"PERMANENT_IDENTIFIER":"97554890","GNIS_NAME":null,"FTYPE":458,"FCODE":45800}},{"type":"Feature","id":23610,"geometry":{"type":"Point","coordinates":[-123.01354145651162,41.04133594894931]},"properties":{"OBJECTID":23610,"PERMANENT_IDENTIFIER":"97554892","GNIS_NAME":null,"FTYPE":458,"FCODE":45800}},{"type":"Feature","id":23611,"geometry":{"type":"Point","coordinates":[-123.01174926181815,41.07730161864813]},"properties":{"OBJECTID":23611,"PERMANENT_IDENTIFIER":"97554894","GNIS_NAME":null,"FTYPE":458,"FCODE":45800}},{"type":"Feature","id":23612,"geometry":{"type":"Point","coordinates":[-123.33748457641242,41.51408735274677]},"properties":{"OBJECTID":23612,"PERMANENT_IDENTIFIER":"97554902","GNIS_NAME":null,"FTYPE":458,"FCODE":45800}},{"type":"Feature","id":23613,"geometry":{"type":"Point","coordinates":[-123.36794204691334,41.50972381642902]},"properties":{"OBJECTID":23613,"PERMANENT_IDENTIFIER":"97554904","GNIS_NAME":null,"FTYPE":458,"FCODE":45800}},{"type":"Feature","id":23614,"geometry":{"type":"Point","coordinates":[-123.32702158088595,41.551241822942956]},"properties":{"OBJECTID":23614,"PERMANENT_IDENTIFIER":"97555142","GNIS_NAME":null,"FTYPE":458,"FCODE":45800}},{"type":"Feature","id":23615,"geometry":{"type":"Point","coordinates":[-123.32812798052922,41.55054062288068]},"properties":{"OBJECTID":23615,"PERMANENT_IDENTIFIER":"97555144","GNIS_NAME":null,"FTYPE":458,"FCODE":45800}},{"type":"Feature","id":23616,"geometry":{"type":"Point","coordinates":[-123.32767024656675,41.54924035574848]},"properties":{"OBJECTID":23616,"PERMANENT_IDENTIFIER":"97555146","GNIS_NAME":null,"FTYPE":458,"FCODE":45800}},{"type":"Feature","id":23617,"geometry":{"type":"Point","coordinates":[-123.32557977764237,41.53386175526987]},"properties":{"OBJECTID":23617,"PERMANENT_IDENTIFIER":"97555150","GNIS_NAME":null,"FTYPE":458,"FCODE":45800}},{"type":"Feature","id":23618,"geometry":{"type":"Point","coordinates":[-123.32616717773061,41.535454354968564]},"properties":{"OBJECTID":23618,"PERMANENT_IDENTIFIER":"97555152","GNIS_NAME":null,"FTYPE":458,"FCODE":45800}},{"type":"Feature","id":23619,"geometry":{"type":"Point","coordinates":[-123.32707504455573,41.5349608214733]},"properties":{"OBJECTID":23619,"PERMANENT_IDENTIFIER":"97555154","GNIS_NAME":null,"FTYPE":458,"FCODE":45800}},{"type":"Feature","id":23620,"geometry":{"type":"Point","coordinates":[-123.32667097820769,41.53655182156483]},"properties":{"OBJECTID":23620,"PERMANENT_IDENTIFIER":"97555156","GNIS_NAME":null,"FTYPE":458,"FCODE":45800}},{"type":"Feature","id":23621,"geometry":{"type":"Point","coordinates":[-123.32493117855572,41.54091182241812]},"properties":{"OBJECTID":23621,"PERMANENT_IDENTIFIER":"97555158","GNIS_NAME":null,"FTYPE":458,"FCODE":45800}},{"type":"Feature","id":23622,"geometry":{"type":"Point","coordinates":[-123.32596118116314,41.55497855648575]},"properties":{"OBJECTID":23622,"PERMANENT_IDENTIFIER":"97555160","GNIS_NAME":null,"FTYPE":458,"FCODE":45800}},{"type":"Feature","id":23623,"geometry":{"type":"Point","coordinates":[-123.37868278069466,41.505504948781635]},"properties":{"OBJECTID":23623,"PERMANENT_IDENTIFIER":"97555200","GNIS_NAME":null,"FTYPE":458,"FCODE":45800}},{"type":"Feature","id":23624,"geometry":{"type":"Point","coordinates":[-123.29861392877349,41.243231604342206]},"properties":{"OBJECTID":23624,"PERMANENT_IDENTIFIER":"97556556","GNIS_NAME":null,"FTYPE":458,"FCODE":45800}},{"type":"Feature","id":23625,"geometry":{"type":"Point","coordinates":[-123.27396818112287,41.16931120214221]},"properties":{"OBJECTID":23625,"PERMANENT_IDENTIFIER":"97556564","GNIS_NAME":null,"FTYPE":458,"FCODE":45800}},{"type":"Feature","id":23626,"geometry":{"type":"Point","coordinates":[-123.33258852959379,41.21765933347138]},"properties":{"OBJECTID":23626,"PERMANENT_IDENTIFIER":"97556570","GNIS_NAME":null,"FTYPE":458,"FCODE":45800}},{"type":"Feature","id":23627,"geometry":{"type":"Point","coordinates":[-123.32051779272847,41.20210553367199]},"properties":{"OBJECTID":23627,"PERMANENT_IDENTIFIER":"97556574","GNIS_NAME":null,"FTYPE":458,"FCODE":45800}},{"type":"Feature","id":23628,"geometry":{"type":"Point","coordinates":[-123.33958499908364,41.224845133036396]},"properties":{"OBJECTID":23628,"PERMANENT_IDENTIFIER":"97556578","GNIS_NAME":"Cold Spring","FTYPE":458,"FCODE":45800}},{"type":"Feature","id":23679,"geometry":{"type":"Point","coordinates":[-122.63235631465643,41.785054832819554]},"properties":{"OBJECTID":23679,"PERMANENT_IDENTIFIER":"103351559","GNIS_NAME":null,"FTYPE":458,"FCODE":45800}},{"type":"Feature","id":23680,"geometry":{"type":"Point","coordinates":[-122.67239178583324,41.7753264952671]},"properties":{"OBJECTID":23680,"PERMANENT_IDENTIFIER":"103351563","GNIS_NAME":null,"FTYPE":458,"FCODE":45800}},{"type":"Feature","id":23681,"geometry":{"type":"Point","coordinates":[-122.65893718160862,41.764221895846404]},"properties":{"OBJECTID":23681,"PERMANENT_IDENTIFIER":"103351567","GNIS_NAME":null,"FTYPE":458,"FCODE":45800}},{"type":"Feature","id":23682,"geometry":{"type":"Point","coordinates":[-122.53529843764025,41.38743128100339]},"properties":{"OBJECTID":23682,"PERMANENT_IDENTIFIER":"103352595","GNIS_NAME":null,"FTYPE":458,"FCODE":45800}},{"type":"Feature","id":23683,"geometry":{"type":"Point","coordinates":[-122.53537903739229,41.386410081063644]},"properties":{"OBJECTID":23683,"PERMANENT_IDENTIFIER":"103352599","GNIS_NAME":null,"FTYPE":458,"FCODE":45800}},{"type":"Feature","id":23684,"geometry":{"type":"Point","coordinates":[-122.6245298602191,41.44316181061657]},"properties":{"OBJECTID":23684,"PERMANENT_IDENTIFIER":"103352605","GNIS_NAME":null,"FTYPE":458,"FCODE":45800}},{"type":"Feature","id":23685,"geometry":{"type":"Point","coordinates":[-122.5320320468439,41.448786418791684]},"properties":{"OBJECTID":23685,"PERMANENT_IDENTIFIER":"103352609","GNIS_NAME":null,"FTYPE":458,"FCODE":45800}},{"type":"Feature","id":23686,"geometry":{"type":"Point","coordinates":[-122.50920571113068,41.455317688178305]},"properties":{"OBJECTID":23686,"PERMANENT_IDENTIFIER":"103352613","GNIS_NAME":null,"FTYPE":458,"FCODE":45800}},{"type":"Feature","id":23687,"geometry":{"type":"Point","coordinates":[-122.50537331154096,41.46392568881427]},"properties":{"OBJECTID":23687,"PERMANENT_IDENTIFIER":"103352617","GNIS_NAME":null,"FTYPE":458,"FCODE":45800}},{"type":"Feature","id":23688,"geometry":{"type":"Point","coordinates":[-122.56428245497943,41.47219268426146]},"properties":{"OBJECTID":23688,"PERMANENT_IDENTIFIER":"103352621","GNIS_NAME":null,"FTYPE":458,"FCODE":45800}},{"type":"Feature","id":23689,"geometry":{"type":"Point","coordinates":[-122.56275652249299,41.476805018593396]},"properties":{"OBJECTID":23689,"PERMANENT_IDENTIFIER":"103352631","GNIS_NAME":null,"FTYPE":458,"FCODE":45800}},{"type":"Feature","id":23690,"geometry":{"type":"Point","coordinates":[-122.56004772257113,41.478693818220776]},"properties":{"OBJECTID":23690,"PERMANENT_IDENTIFIER":"103352635","GNIS_NAME":null,"FTYPE":458,"FCODE":45800}},{"type":"Feature","id":23691,"geometry":{"type":"Point","coordinates":[-122.55273212134931,41.475722819321355]},"properties":{"OBJECTID":23691,"PERMANENT_IDENTIFIER":"103352639","GNIS_NAME":null,"FTYPE":458,"FCODE":45800}},{"type":"Feature","id":23692,"geometry":{"type":"Point","coordinates":[-122.50724691448131,41.47527082332078]},"properties":{"OBJECTID":23692,"PERMANENT_IDENTIFIER":"103352643","GNIS_NAME":null,"FTYPE":458,"FCODE":45800}},{"type":"Feature","id":23693,"geometry":{"type":"Point","coordinates":[-122.5402145209787,41.48564862070534]},"properties":{"OBJECTID":23693,"PERMANENT_IDENTIFIER":"103352647","GNIS_NAME":null,"FTYPE":458,"FCODE":45800}},{"type":"Feature","id":23694,"geometry":{"type":"Point","coordinates":[-122.55295045552664,41.48047248593961]},"properties":{"OBJECTID":23694,"PERMANENT_IDENTIFIER":"103352653","GNIS_NAME":null,"FTYPE":458,"FCODE":45800}},{"type":"Feature","id":23695,"geometry":{"type":"Point","coordinates":[-122.54366952102187,41.482739087111405]},"properties":{"OBJECTID":23695,"PERMANENT_IDENTIFIER":"103352657","GNIS_NAME":null,"FTYPE":458,"FCODE":45800}},{"type":"Feature","id":23696,"geometry":{"type":"Point","coordinates":[-122.54518065399536,41.483947419850715]},"properties":{"OBJECTID":23696,"PERMANENT_IDENTIFIER":"103352661","GNIS_NAME":null,"FTYPE":458,"FCODE":45800}},{"type":"Feature","id":23697,"geometry":{"type":"Point","coordinates":[-122.618037457583,41.4372788108325]},"properties":{"OBJECTID":23697,"PERMANENT_IDENTIFIER":"103352669","GNIS_NAME":null,"FTYPE":458,"FCODE":45800}},{"type":"Feature","id":23698,"geometry":{"type":"Point","coordinates":[-122.56253752237401,41.477431018483614]},"properties":{"OBJECTID":23698,"PERMANENT_IDENTIFIER":"103352675","GNIS_NAME":null,"FTYPE":458,"FCODE":45800}},{"type":"Feature","id":23699,"geometry":{"type":"Point","coordinates":[-122.54951145473198,41.48018108607429]},"properties":{"OBJECTID":23699,"PERMANENT_IDENTIFIER":"103352679","GNIS_NAME":null,"FTYPE":458,"FCODE":45800}},{"type":"Feature","id":23700,"geometry":{"type":"Point","coordinates":[-122.35569673546681,41.759728322420486]},"properties":{"OBJECTID":23700,"PERMANENT_IDENTIFIER":"103353031","GNIS_NAME":null,"FTYPE":458,"FCODE":45800}},{"type":"Feature","id":23701,"geometry":{"type":"Point","coordinates":[-122.30111392991526,41.77640506176362]},"properties":{"OBJECTID":23701,"PERMANENT_IDENTIFIER":"103353035","GNIS_NAME":null,"FTYPE":458,"FCODE":45800}},{"type":"Feature","id":23702,"geometry":{"type":"Point","coordinates":[-122.31387652918367,41.75677165936662]},"properties":{"OBJECTID":23702,"PERMANENT_IDENTIFIER":"103353039","GNIS_NAME":null,"FTYPE":458,"FCODE":45800}},{"type":"Feature","id":23703,"geometry":{"type":"Point","coordinates":[-122.30391872740911,41.7585503268315]},"properties":{"OBJECTID":23703,"PERMANENT_IDENTIFIER":"103353043","GNIS_NAME":null,"FTYPE":458,"FCODE":45800}},{"type":"Feature","id":23704,"geometry":{"type":"Point","coordinates":[-122.27597905747697,41.761136463358255]},"properties":{"OBJECTID":23704,"PERMANENT_IDENTIFIER":"103353053","GNIS_NAME":null,"FTYPE":458,"FCODE":45800}},{"type":"Feature","id":23705,"geometry":{"type":"Point","coordinates":[-122.31268866198312,41.758523259369575]},"properties":{"OBJECTID":23705,"PERMANENT_IDENTIFIER":"103353057","GNIS_NAME":null,"FTYPE":458,"FCODE":45800}},{"type":"Feature","id":23706,"geometry":{"type":"Point","coordinates":[-122.61896348588596,41.61580648972806]},"properties":{"OBJECTID":23706,"PERMANENT_IDENTIFIER":"103354199","GNIS_NAME":null,"FTYPE":458,"FCODE":45800}},{"type":"Feature","id":23707,"geometry":{"type":"Point","coordinates":[-122.62477808373127,41.597546488082486]},"properties":{"OBJECTID":23707,"PERMANENT_IDENTIFIER":"103354203","GNIS_NAME":null,"FTYPE":458,"FCODE":45800}},{"type":"Feature","id":23708,"geometry":{"type":"Point","coordinates":[-122.55771632739845,41.514756487705974]},"properties":{"OBJECTID":23708,"PERMANENT_IDENTIFIER":"103354209","GNIS_NAME":null,"FTYPE":458,"FCODE":45800}},{"type":"Feature","id":23709,"geometry":{"type":"Point","coordinates":[-122.62471995118614,41.59810122085523]},"properties":{"OBJECTID":23709,"PERMANENT_IDENTIFIER":"103354219","GNIS_NAME":null,"FTYPE":458,"FCODE":45800}},{"type":"Feature","id":23710,"geometry":{"type":"Point","coordinates":[-122.24878550858558,41.6933405275785]},"properties":{"OBJECTID":23710,"PERMANENT_IDENTIFIER":"103354359","GNIS_NAME":"Bearwallow Spring","FTYPE":458,"FCODE":45800}},{"type":"Feature","id":23711,"geometry":{"type":"Point","coordinates":[-122.567793903984,41.77597770489319]},"properties":{"OBJECTID":23711,"PERMANENT_IDENTIFIER":"103355011","GNIS_NAME":null,"FTYPE":458,"FCODE":45800}},{"type":"Feature","id":23712,"geometry":{"type":"Point","coordinates":[-122.56180057259864,41.79736370658087]},"properties":{"OBJECTID":23712,"PERMANENT_IDENTIFIER":"103355015","GNIS_NAME":"Mud Spring","FTYPE":458,"FCODE":45800}},{"type":"Feature","id":23713,"geometry":{"type":"Point","coordinates":[-122.5202918979882,41.787434709659934]},"properties":{"OBJECTID":23713,"PERMANENT_IDENTIFIER":"103355021","GNIS_NAME":null,"FTYPE":458,"FCODE":45800}},{"type":"Feature","id":23714,"geometry":{"type":"Point","coordinates":[-122.57318391095109,41.81746410706364]},"properties":{"OBJECTID":23714,"PERMANENT_IDENTIFIER":"103355031","GNIS_NAME":"Silvas Spring","FTYPE":458,"FCODE":45800}},{"type":"Feature","id":23715,"geometry":{"type":"Point","coordinates":[-122.35495581605481,41.420712432831984]},"properties":{"OBJECTID":23715,"PERMANENT_IDENTIFIER":"103355199","GNIS_NAME":null,"FTYPE":458,"FCODE":45800}},{"type":"Feature","id":23716,"geometry":{"type":"Point","coordinates":[-122.35551021561199,41.4206902326671]},"properties":{"OBJECTID":23716,"PERMANENT_IDENTIFIER":"103355203","GNIS_NAME":null,"FTYPE":458,"FCODE":45800}},{"type":"Feature","id":23717,"geometry":{"type":"Point","coordinates":[-122.468378330221,41.6142313027704]},"properties":{"OBJECTID":23717,"PERMANENT_IDENTIFIER":"103356177","GNIS_NAME":null,"FTYPE":458,"FCODE":45800}},{"type":"Feature","id":23718,"geometry":{"type":"Point","coordinates":[-122.46941892026037,41.554898032156856]},"properties":{"OBJECTID":23718,"PERMANENT_IDENTIFIER":"103356187","GNIS_NAME":null,"FTYPE":458,"FCODE":45800}},{"type":"Feature","id":23719,"geometry":{"type":"Point","coordinates":[-122.46819691522522,41.52022402955723]},"properties":{"OBJECTID":23719,"PERMANENT_IDENTIFIER":"103356191","GNIS_NAME":null,"FTYPE":458,"FCODE":45800}},{"type":"Feature","id":23720,"geometry":{"type":"Point","coordinates":[-122.38547903997082,41.54635850537642]},"properties":{"OBJECTID":23720,"PERMANENT_IDENTIFIER":"103356195","GNIS_NAME":null,"FTYPE":458,"FCODE":45800}},{"type":"Feature","id":23721,"geometry":{"type":"Point","coordinates":[-122.46033204844028,41.530636497842046]},"properties":{"OBJECTID":23721,"PERMANENT_IDENTIFIER":"103356199","GNIS_NAME":null,"FTYPE":458,"FCODE":45800}},{"type":"Feature","id":23722,"geometry":{"type":"Point","coordinates":[-122.40596264597613,41.56720310524108]},"properties":{"OBJECTID":23722,"PERMANENT_IDENTIFIER":"103356203","GNIS_NAME":"Hole in the Ground Spring","FTYPE":458,"FCODE":45800}},{"type":"Feature","id":23723,"geometry":{"type":"Point","coordinates":[-122.41420411942079,41.60091243970347]},"properties":{"OBJECTID":23723,"PERMANENT_IDENTIFIER":"103356209","GNIS_NAME":null,"FTYPE":458,"FCODE":45800}},{"type":"Feature","id":23724,"geometry":{"type":"Point","coordinates":[-122.41426245278898,41.60174163964837]},"properties":{"OBJECTID":23724,"PERMANENT_IDENTIFIER":"103356213","GNIS_NAME":null,"FTYPE":458,"FCODE":45800}},{"type":"Feature","id":23725,"geometry":{"type":"Point","coordinates":[-122.46493187296073,41.68235730792576]},"properties":{"OBJECTID":23725,"PERMANENT_IDENTIFIER":"103357391","GNIS_NAME":null,"FTYPE":458,"FCODE":45800}},{"type":"Feature","id":23726,"geometry":{"type":"Point","coordinates":[-122.47715946614188,41.62633783642152]},"properties":{"OBJECTID":23726,"PERMANENT_IDENTIFIER":"103357399","GNIS_NAME":null,"FTYPE":458,"FCODE":45800}},{"type":"Feature","id":23727,"geometry":{"type":"Point","coordinates":[-122.47992701980763,41.3237532812985]},"properties":{"OBJECTID":23727,"PERMANENT_IDENTIFIER":"103359037","GNIS_NAME":null,"FTYPE":458,"FCODE":45800}},{"type":"Feature","id":23728,"geometry":{"type":"Point","coordinates":[-122.43419661529987,41.34031648657124]},"properties":{"OBJECTID":23728,"PERMANENT_IDENTIFIER":"103359041","GNIS_NAME":null,"FTYPE":458,"FCODE":45800}},{"type":"Feature","id":23729,"geometry":{"type":"Point","coordinates":[-122.4344294826135,41.34278741974281]},"properties":{"OBJECTID":23729,"PERMANENT_IDENTIFIER":"103359045","GNIS_NAME":null,"FTYPE":458,"FCODE":45800}},{"type":"Feature","id":23730,"geometry":{"type":"Point","coordinates":[-122.45858568718185,41.3507090854162]},"properties":{"OBJECTID":23730,"PERMANENT_IDENTIFIER":"103359049","GNIS_NAME":null,"FTYPE":458,"FCODE":45800}},{"type":"Feature","id":23731,"geometry":{"type":"Point","coordinates":[-122.223930598023,41.429903110992534]},"properties":{"OBJECTID":23731,"PERMANENT_IDENTIFIER":"103359211","GNIS_NAME":null,"FTYPE":458,"FCODE":45800}},{"type":"Feature","id":23732,"geometry":{"type":"Point","coordinates":[-122.1962045902712,41.40922484518484]},"properties":{"OBJECTID":23732,"PERMANENT_IDENTIFIER":"103359217","GNIS_NAME":"Sulphur Springs","FTYPE":458,"FCODE":45800}},{"type":"Feature","id":23733,"geometry":{"type":"Point","coordinates":[-122.21125671571122,41.770712069795806]},"properties":{"OBJECTID":23733,"PERMANENT_IDENTIFIER":"103359337","GNIS_NAME":null,"FTYPE":458,"FCODE":45800}},{"type":"Feature","id":23734,"geometry":{"type":"Point","coordinates":[-122.22762225188247,41.775780534884845]},"properties":{"OBJECTID":23734,"PERMANENT_IDENTIFIER":"103359341","GNIS_NAME":null,"FTYPE":458,"FCODE":45800}},{"type":"Feature","id":23735,"geometry":{"type":"Point","coordinates":[-122.23814712379487,41.794355868885496]},"properties":{"OBJECTID":23735,"PERMANENT_IDENTIFIER":"103359345","GNIS_NAME":null,"FTYPE":458,"FCODE":45800}},{"type":"Feature","id":23736,"geometry":{"type":"Point","coordinates":[-122.23777372301993,41.79532786873943]},"properties":{"OBJECTID":23736,"PERMANENT_IDENTIFIER":"103359349","GNIS_NAME":null,"FTYPE":458,"FCODE":45800}},{"type":"Feature","id":23737,"geometry":{"type":"Point","coordinates":[-122.21779372291189,41.80842373848737]},"properties":{"OBJECTID":23737,"PERMANENT_IDENTIFIER":"103359355","GNIS_NAME":null,"FTYPE":458,"FCODE":45800}},{"type":"Feature","id":23738,"geometry":{"type":"Point","coordinates":[-122.19019371860672,41.81132107399754]},"properties":{"OBJECTID":23738,"PERMANENT_IDENTIFIER":"103359461","GNIS_NAME":null,"FTYPE":458,"FCODE":45800}},{"type":"Feature","id":23739,"geometry":{"type":"Point","coordinates":[-122.21072311954732,41.79745573774399]},"properties":{"OBJECTID":23739,"PERMANENT_IDENTIFIER":"103359465","GNIS_NAME":null,"FTYPE":458,"FCODE":45800}},{"type":"Feature","id":23740,"geometry":{"type":"Point","coordinates":[-122.1587935057076,41.759505073173834]},"properties":{"OBJECTID":23740,"PERMANENT_IDENTIFIER":"103359499","GNIS_NAME":"Smith Spring","FTYPE":458,"FCODE":45800}},{"type":"Feature","id":23741,"geometry":{"type":"Point","coordinates":[-122.18227251107591,41.76785933826253]},"properties":{"OBJECTID":23741,"PERMANENT_IDENTIFIER":"103359503","GNIS_NAME":null,"FTYPE":458,"FCODE":45800}},{"type":"Feature","id":23742,"geometry":{"type":"Point","coordinates":[-122.18499311169215,41.772054138994925]},"properties":{"OBJECTID":23742,"PERMANENT_IDENTIFIER":"103359507","GNIS_NAME":null,"FTYPE":458,"FCODE":45800}},{"type":"Feature","id":23743,"geometry":{"type":"Point","coordinates":[-122.21217525321096,41.7957643380913]},"properties":{"OBJECTID":23743,"PERMANENT_IDENTIFIER":"103359511","GNIS_NAME":"Little Shasta Spring","FTYPE":458,"FCODE":45800}},{"type":"Feature","id":23744,"geometry":{"type":"Point","coordinates":[-122.20325672103829,41.811012540031854]},"properties":{"OBJECTID":23744,"PERMANENT_IDENTIFIER":"103359515","GNIS_NAME":null,"FTYPE":458,"FCODE":45800}},{"type":"Feature","id":23745,"geometry":{"type":"Point","coordinates":[-122.188058713793,41.78096493919308]},"properties":{"OBJECTID":23745,"PERMANENT_IDENTIFIER":"103359521","GNIS_NAME":null,"FTYPE":458,"FCODE":45800}},{"type":"Feature","id":23746,"geometry":{"type":"Point","coordinates":[-122.19608671963717,41.80934427389504]},"properties":{"OBJECTID":23746,"PERMANENT_IDENTIFIER":"103359525","GNIS_NAME":null,"FTYPE":458,"FCODE":45800}},{"type":"Feature","id":23747,"geometry":{"type":"Point","coordinates":[-122.21200631941873,41.795374537816244]},"properties":{"OBJECTID":23747,"PERMANENT_IDENTIFIER":"103359541","GNIS_NAME":"Little Shasta Spring","FTYPE":458,"FCODE":45800}},{"type":"Feature","id":23748,"geometry":{"type":"Point","coordinates":[-122.36169933488719,41.74799725434415]},"properties":{"OBJECTID":23748,"PERMANENT_IDENTIFIER":"103360053","GNIS_NAME":null,"FTYPE":458,"FCODE":45800}},{"type":"Feature","id":23749,"geometry":{"type":"Point","coordinates":[-122.34278072821175,41.724377921262295]},"properties":{"OBJECTID":23749,"PERMANENT_IDENTIFIER":"103360057","GNIS_NAME":"Evans Spring","FTYPE":458,"FCODE":45800}},{"type":"Feature","id":23750,"geometry":{"type":"Point","coordinates":[-122.321294461707,41.747705058434946]},"properties":{"OBJECTID":23750,"PERMANENT_IDENTIFIER":"103360061","GNIS_NAME":null,"FTYPE":458,"FCODE":45800}},{"type":"Feature","id":23751,"geometry":{"type":"Point","coordinates":[-122.32246765321815,41.68951105410201]},"properties":{"OBJECTID":23751,"PERMANENT_IDENTIFIER":"103360065","GNIS_NAME":null,"FTYPE":458,"FCODE":45800}},{"type":"Feature","id":23752,"geometry":{"type":"Point","coordinates":[-122.31347971951871,41.69477692188288]},"properties":{"OBJECTID":23752,"PERMANENT_IDENTIFIER":"103360067","GNIS_NAME":null,"FTYPE":458,"FCODE":45800}},{"type":"Feature","id":23753,"geometry":{"type":"Point","coordinates":[-122.28142991382313,41.69545892450975]},"properties":{"OBJECTID":23753,"PERMANENT_IDENTIFIER":"103360069","GNIS_NAME":"Warm Spring","FTYPE":458,"FCODE":45800}},{"type":"Feature","id":23754,"geometry":{"type":"Point","coordinates":[-122.33659951595325,41.65352371683559]},"properties":{"OBJECTID":23754,"PERMANENT_IDENTIFIER":"103360071","GNIS_NAME":null,"FTYPE":458,"FCODE":45800}},{"type":"Feature","id":23755,"geometry":{"type":"Point","coordinates":[-122.30439684230811,41.63791651866384]},"properties":{"OBJECTID":23755,"PERMANENT_IDENTIFIER":"103360073","GNIS_NAME":null,"FTYPE":458,"FCODE":45800}},{"type":"Feature","id":23756,"geometry":{"type":"Point","coordinates":[-122.30237030794561,41.633161452262705]},"properties":{"OBJECTID":23756,"PERMANENT_IDENTIFIER":"103360075","GNIS_NAME":null,"FTYPE":458,"FCODE":45800}},{"type":"Feature","id":23757,"geometry":{"type":"Point","coordinates":[-122.29382670821371,41.642236320290884]},"properties":{"OBJECTID":23757,"PERMANENT_IDENTIFIER":"103360077","GNIS_NAME":null,"FTYPE":458,"FCODE":45800}},{"type":"Feature","id":23758,"geometry":{"type":"Point","coordinates":[-122.29401410940072,41.652157853646266]},"properties":{"OBJECTID":23758,"PERMANENT_IDENTIFIER":"103360079","GNIS_NAME":null,"FTYPE":458,"FCODE":45800}},{"type":"Feature","id":23759,"geometry":{"type":"Point","coordinates":[-122.30670064460412,41.654657319437035]},"properties":{"OBJECTID":23759,"PERMANENT_IDENTIFIER":"103360083","GNIS_NAME":null,"FTYPE":458,"FCODE":45800}},{"type":"Feature","id":23760,"geometry":{"type":"Point","coordinates":[-122.30617364542485,41.65443771980122]},"properties":{"OBJECTID":23760,"PERMANENT_IDENTIFIER":"103360085","GNIS_NAME":null,"FTYPE":458,"FCODE":45800}},{"type":"Feature","id":23761,"geometry":{"type":"Point","coordinates":[-122.30502411149133,41.654629852905515]},"properties":{"OBJECTID":23761,"PERMANENT_IDENTIFIER":"103360087","GNIS_NAME":null,"FTYPE":458,"FCODE":45800}},{"type":"Feature","id":23762,"geometry":{"type":"Point","coordinates":[-122.30410164493576,41.65497565326507]},"properties":{"OBJECTID":23762,"PERMANENT_IDENTIFIER":"103360089","GNIS_NAME":null,"FTYPE":458,"FCODE":45800}},{"type":"Feature","id":23763,"geometry":{"type":"Point","coordinates":[-122.29200050887398,41.652970120772196]},"properties":{"OBJECTID":23763,"PERMANENT_IDENTIFIER":"103360091","GNIS_NAME":null,"FTYPE":458,"FCODE":45800}},{"type":"Feature","id":23764,"geometry":{"type":"Point","coordinates":[-122.29179624271434,41.651213120643305]},"properties":{"OBJECTID":23764,"PERMANENT_IDENTIFIER":"103360093","GNIS_NAME":null,"FTYPE":458,"FCODE":45800}},{"type":"Feature","id":23765,"geometry":{"type":"Point","coordinates":[-122.33877632317392,41.69783765296757]},"properties":{"OBJECTID":23765,"PERMANENT_IDENTIFIER":"103360095","GNIS_NAME":null,"FTYPE":458,"FCODE":45800}},{"type":"Feature","id":23766,"geometry":{"type":"Point","coordinates":[-122.3351733311228,41.7476098567668]},"properties":{"OBJECTID":23766,"PERMANENT_IDENTIFIER":"103360101","GNIS_NAME":null,"FTYPE":458,"FCODE":45800}},{"type":"Feature","id":23767,"geometry":{"type":"Point","coordinates":[-122.32435512439365,41.72100452291448]},"properties":{"OBJECTID":23767,"PERMANENT_IDENTIFIER":"103360103","GNIS_NAME":null,"FTYPE":458,"FCODE":45800}},{"type":"Feature","id":23768,"geometry":{"type":"Point","coordinates":[-122.28870524222276,41.65535785469413]},"properties":{"OBJECTID":23768,"PERMANENT_IDENTIFIER":"103360105","GNIS_NAME":null,"FTYPE":458,"FCODE":45800}},{"type":"Feature","id":23769,"geometry":{"type":"Point","coordinates":[-122.53242410230966,41.373229280119126]},"properties":{"OBJECTID":23769,"PERMANENT_IDENTIFIER":"103360297","GNIS_NAME":null,"FTYPE":458,"FCODE":45800}},{"type":"Feature","id":23770,"geometry":{"type":"Point","coordinates":[-122.24531389433844,41.60394032156617]},"properties":{"OBJECTID":23770,"PERMANENT_IDENTIFIER":"103360419","GNIS_NAME":null,"FTYPE":458,"FCODE":45800}},{"type":"Feature","id":23771,"geometry":{"type":"Point","coordinates":[-122.22546208591967,41.56779305406959]},"properties":{"OBJECTID":23771,"PERMANENT_IDENTIFIER":"103360425","GNIS_NAME":null,"FTYPE":458,"FCODE":45800}},{"type":"Feature","id":23772,"geometry":{"type":"Point","coordinates":[-122.24080388974048,41.58060205353241]},"properties":{"OBJECTID":23772,"PERMANENT_IDENTIFIER":"103360429","GNIS_NAME":null,"FTYPE":458,"FCODE":45800}},{"type":"Feature","id":23773,"geometry":{"type":"Point","coordinates":[-122.22258262387884,41.59824465612395]},"properties":{"OBJECTID":23773,"PERMANENT_IDENTIFIER":"103360433","GNIS_NAME":null,"FTYPE":458,"FCODE":45800}},{"type":"Feature","id":23774,"geometry":{"type":"Point","coordinates":[-122.48789104322533,41.46949302404024]},"properties":{"OBJECTID":23774,"PERMANENT_IDENTIFIER":"103360995","GNIS_NAME":null,"FTYPE":458,"FCODE":45800}},{"type":"Feature","id":23775,"geometry":{"type":"Point","coordinates":[-122.47592269385036,41.37599281888189]},"properties":{"OBJECTID":23775,"PERMANENT_IDENTIFIER":"103361001","GNIS_NAME":null,"FTYPE":458,"FCODE":45800}},{"type":"Feature","id":23776,"geometry":{"type":"Point","coordinates":[-122.38962128348732,41.391419493699146]},"properties":{"OBJECTID":23776,"PERMANENT_IDENTIFIER":"103361005","GNIS_NAME":null,"FTYPE":458,"FCODE":45800}},{"type":"Feature","id":23777,"geometry":{"type":"Point","coordinates":[-122.71584051083518,41.680205285505714]},"properties":{"OBJECTID":23777,"PERMANENT_IDENTIFIER":"103361625","GNIS_NAME":null,"FTYPE":458,"FCODE":45800}},{"type":"Feature","id":23778,"geometry":{"type":"Point","coordinates":[-122.6265356609041,41.44430621032434]},"properties":{"OBJECTID":23778,"PERMANENT_IDENTIFIER":"103361733","GNIS_NAME":null,"FTYPE":458,"FCODE":45800}},{"type":"Feature","id":30237,"geometry":{"type":"Point","coordinates":[-122.8696175301,41.22991337477098]},"properties":{"OBJECTID":30237,"PERMANENT_IDENTIFIER":"110168490","GNIS_NAME":null,"FTYPE":458,"FCODE":45800}},{"type":"Feature","id":30238,"geometry":{"type":"Point","coordinates":[-122.86892272818878,41.21890477409512]},"properties":{"OBJECTID":30238,"PERMANENT_IDENTIFIER":"110168494","GNIS_NAME":null,"FTYPE":458,"FCODE":45800}},{"type":"Feature","id":30239,"geometry":{"type":"Point","coordinates":[-122.79259531863127,41.22748624793749]},"properties":{"OBJECTID":30239,"PERMANENT_IDENTIFIER":"110168502","GNIS_NAME":null,"FTYPE":458,"FCODE":45800}},{"type":"Feature","id":30240,"geometry":{"type":"Point","coordinates":[-122.80753391870658,41.21145057848122]},"properties":{"OBJECTID":30240,"PERMANENT_IDENTIFIER":"110168506","GNIS_NAME":null,"FTYPE":458,"FCODE":45800}},{"type":"Feature","id":30241,"geometry":{"type":"Point","coordinates":[-123.05476041320097,41.58920438269901]},"properties":{"OBJECTID":30241,"PERMANENT_IDENTIFIER":"110168994","GNIS_NAME":null,"FTYPE":458,"FCODE":45800}},{"type":"Feature","id":30242,"geometry":{"type":"Point","coordinates":[-123.05241014066317,41.555612580749084]},"properties":{"OBJECTID":30242,"PERMANENT_IDENTIFIER":"110168998","GNIS_NAME":null,"FTYPE":458,"FCODE":45800}},{"type":"Feature","id":30243,"geometry":{"type":"Point","coordinates":[-123.08039661484841,41.573340646277124]},"properties":{"OBJECTID":30243,"PERMANENT_IDENTIFIER":"110169002","GNIS_NAME":null,"FTYPE":458,"FCODE":45800}},{"type":"Feature","id":30244,"geometry":{"type":"Point","coordinates":[-123.07497201325242,41.571560846092915]},"properties":{"OBJECTID":30244,"PERMANENT_IDENTIFIER":"110169006","GNIS_NAME":null,"FTYPE":458,"FCODE":45800}},{"type":"Feature","id":30245,"geometry":{"type":"Point","coordinates":[-123.07311754364851,41.55194397863694]},"properties":{"OBJECTID":30245,"PERMANENT_IDENTIFIER":"110169010","GNIS_NAME":null,"FTYPE":458,"FCODE":45800}},{"type":"Feature","id":30246,"geometry":{"type":"Point","coordinates":[-123.05681281211338,41.579952848324204]},"properties":{"OBJECTID":30246,"PERMANENT_IDENTIFIER":"110169014","GNIS_NAME":null,"FTYPE":458,"FCODE":45800}},{"type":"Feature","id":30247,"geometry":{"type":"Point","coordinates":[-123.08193781508808,41.57348804583227]},"properties":{"OBJECTID":30247,"PERMANENT_IDENTIFIER":"110169024","GNIS_NAME":null,"FTYPE":458,"FCODE":45800}},{"type":"Feature","id":30248,"geometry":{"type":"Point","coordinates":[-123.11954494559392,41.523648239121385]},"properties":{"OBJECTID":30248,"PERMANENT_IDENTIFIER":"110169028","GNIS_NAME":null,"FTYPE":458,"FCODE":45800}},{"type":"Feature","id":30249,"geometry":{"type":"Point","coordinates":[-122.85658627331566,41.30246538042367]},"properties":{"OBJECTID":30249,"PERMANENT_IDENTIFIER":"110170170","GNIS_NAME":null,"FTYPE":458,"FCODE":45800}},{"type":"Feature","id":30250,"geometry":{"type":"Point","coordinates":[-122.80155346496814,41.30653685198534]},"properties":{"OBJECTID":30250,"PERMANENT_IDENTIFIER":"110170174","GNIS_NAME":null,"FTYPE":458,"FCODE":45800}},{"type":"Feature","id":30251,"geometry":{"type":"Point","coordinates":[-122.75360025331928,41.27598505436182]},"properties":{"OBJECTID":30251,"PERMANENT_IDENTIFIER":"110170180","GNIS_NAME":null,"FTYPE":458,"FCODE":45800}},{"type":"Feature","id":30252,"geometry":{"type":"Point","coordinates":[-122.75603425241339,41.269274786770005]},"properties":{"OBJECTID":30252,"PERMANENT_IDENTIFIER":"110170184","GNIS_NAME":null,"FTYPE":458,"FCODE":45800}},{"type":"Feature","id":30253,"geometry":{"type":"Point","coordinates":[-122.59468391770534,41.41667727761313]},"properties":{"OBJECTID":30253,"PERMANENT_IDENTIFIER":"110170314","GNIS_NAME":null,"FTYPE":458,"FCODE":45800}},{"type":"Feature","id":30254,"geometry":{"type":"Point","coordinates":[-122.88228348666543,41.36555718239842]},"properties":{"OBJECTID":30254,"PERMANENT_IDENTIFIER":"110171900","GNIS_NAME":null,"FTYPE":458,"FCODE":45800}},{"type":"Feature","id":30255,"geometry":{"type":"Point","coordinates":[-122.96647656213787,41.345249640477725]},"properties":{"OBJECTID":30255,"PERMANENT_IDENTIFIER":"110171904","GNIS_NAME":null,"FTYPE":458,"FCODE":45800}},{"type":"Feature","id":30256,"geometry":{"type":"Point","coordinates":[-122.94409127958895,41.26442803671019]},"properties":{"OBJECTID":30256,"PERMANENT_IDENTIFIER":"110171910","GNIS_NAME":null,"FTYPE":458,"FCODE":45800}},{"type":"Feature","id":30257,"geometry":{"type":"Point","coordinates":[-122.91837927713154,41.27333063952378]},"properties":{"OBJECTID":30257,"PERMANENT_IDENTIFIER":"110171914","GNIS_NAME":null,"FTYPE":458,"FCODE":45800}},{"type":"Feature","id":30258,"geometry":{"type":"Point","coordinates":[-122.92114094449728,41.272580439660885]},"properties":{"OBJECTID":30258,"PERMANENT_IDENTIFIER":"110171918","GNIS_NAME":null,"FTYPE":458,"FCODE":45800}},{"type":"Feature","id":30259,"geometry":{"type":"Point","coordinates":[-122.901441278776,41.296147975842935]},"properties":{"OBJECTID":30259,"PERMANENT_IDENTIFIER":"110171922","GNIS_NAME":null,"FTYPE":458,"FCODE":45800}},{"type":"Feature","id":30260,"geometry":{"type":"Point","coordinates":[-122.87877368586649,41.366057982733466]},"properties":{"OBJECTID":30260,"PERMANENT_IDENTIFIER":"110171926","GNIS_NAME":null,"FTYPE":458,"FCODE":45800}},{"type":"Feature","id":30261,"geometry":{"type":"Point","coordinates":[-122.96717857911081,41.45167498110209]},"properties":{"OBJECTID":30261,"PERMANENT_IDENTIFIER":"110171966","GNIS_NAME":null,"FTYPE":458,"FCODE":45800}},{"type":"Feature","id":30262,"geometry":{"type":"Point","coordinates":[-122.92320137320941,41.45591945213359]},"properties":{"OBJECTID":30262,"PERMANENT_IDENTIFIER":"110172492","GNIS_NAME":null,"FTYPE":458,"FCODE":45800}},{"type":"Feature","id":30263,"geometry":{"type":"Point","coordinates":[-122.95326217763905,41.455516449337956]},"properties":{"OBJECTID":30263,"PERMANENT_IDENTIFIER":"110172496","GNIS_NAME":null,"FTYPE":458,"FCODE":45800}},{"type":"Feature","id":30264,"geometry":{"type":"Point","coordinates":[-122.93459990023447,41.40833044789096]},"properties":{"OBJECTID":30264,"PERMANENT_IDENTIFIER":"110172500","GNIS_NAME":null,"FTYPE":458,"FCODE":45800}},{"type":"Feature","id":30265,"geometry":{"type":"Point","coordinates":[-122.87688949341316,41.418710053082805]},"properties":{"OBJECTID":30265,"PERMANENT_IDENTIFIER":"110172504","GNIS_NAME":null,"FTYPE":458,"FCODE":45800}},{"type":"Feature","id":30266,"geometry":{"type":"Point","coordinates":[-122.88832636202955,41.418572985423296]},"properties":{"OBJECTID":30266,"PERMANENT_IDENTIFIER":"110172510","GNIS_NAME":null,"FTYPE":458,"FCODE":45800}},{"type":"Feature","id":30267,"geometry":{"type":"Point","coordinates":[-122.78135250957799,41.60892747484505]},"properties":{"OBJECTID":30267,"PERMANENT_IDENTIFIER":"110173376","GNIS_NAME":null,"FTYPE":458,"FCODE":45800}},{"type":"Feature","id":30268,"geometry":{"type":"Point","coordinates":[-122.85161330607265,41.51963646215068]},"properties":{"OBJECTID":30268,"PERMANENT_IDENTIFIER":"110173384","GNIS_NAME":null,"FTYPE":458,"FCODE":45800}},{"type":"Feature","id":30269,"geometry":{"type":"Point","coordinates":[-122.82264376672141,41.508412997858265]},"properties":{"OBJECTID":30269,"PERMANENT_IDENTIFIER":"110173388","GNIS_NAME":null,"FTYPE":458,"FCODE":45800}},{"type":"Feature","id":30270,"geometry":{"type":"Point","coordinates":[-122.73039287202893,41.42092959954425]},"properties":{"OBJECTID":30270,"PERMANENT_IDENTIFIER":"110173766","GNIS_NAME":null,"FTYPE":458,"FCODE":45800}},{"type":"Feature","id":30271,"geometry":{"type":"Point","coordinates":[-122.69279413238804,41.411175002365546]},"properties":{"OBJECTID":30271,"PERMANENT_IDENTIFIER":"110173770","GNIS_NAME":null,"FTYPE":458,"FCODE":45800}},{"type":"Feature","id":30272,"geometry":{"type":"Point","coordinates":[-122.65476026022051,41.41579640609414]},"properties":{"OBJECTID":30272,"PERMANENT_IDENTIFIER":"110173774","GNIS_NAME":null,"FTYPE":458,"FCODE":45800}},{"type":"Feature","id":30273,"geometry":{"type":"Point","coordinates":[-122.72448087917465,41.46766907008224]},"properties":{"OBJECTID":30273,"PERMANENT_IDENTIFIER":"110173778","GNIS_NAME":null,"FTYPE":458,"FCODE":45800}},{"type":"Feature","id":30274,"geometry":{"type":"Point","coordinates":[-122.9938673421396,41.62109025666981]},"properties":{"OBJECTID":30274,"PERMANENT_IDENTIFIER":"110174882","GNIS_NAME":null,"FTYPE":458,"FCODE":45800}},{"type":"Feature","id":30275,"geometry":{"type":"Point","coordinates":[-123.154727047448,41.715073981950695]},"properties":{"OBJECTID":30275,"PERMANENT_IDENTIFIER":"110175188","GNIS_NAME":null,"FTYPE":458,"FCODE":45800}},{"type":"Feature","id":30276,"geometry":{"type":"Point","coordinates":[-123.18055404450392,41.668914643228185]},"properties":{"OBJECTID":30276,"PERMANENT_IDENTIFIER":"110175192","GNIS_NAME":null,"FTYPE":458,"FCODE":45800}},{"type":"Feature","id":30277,"geometry":{"type":"Point","coordinates":[-123.16273837665615,41.67898004592545]},"properties":{"OBJECTID":30277,"PERMANENT_IDENTIFIER":"110175196","GNIS_NAME":null,"FTYPE":458,"FCODE":45800}},{"type":"Feature","id":30278,"geometry":{"type":"Point","coordinates":[-123.14261097452281,41.68386184793641]},"properties":{"OBJECTID":30278,"PERMANENT_IDENTIFIER":"110175200","GNIS_NAME":null,"FTYPE":458,"FCODE":45800}},{"type":"Feature","id":30279,"geometry":{"type":"Point","coordinates":[-122.8682768053552,41.716415674361244]},"properties":{"OBJECTID":30279,"PERMANENT_IDENTIFIER":"110176388","GNIS_NAME":null,"FTYPE":458,"FCODE":45800}},{"type":"Feature","id":30280,"geometry":{"type":"Point","coordinates":[-122.86794120613452,41.717257474571994]},"properties":{"OBJECTID":30280,"PERMANENT_IDENTIFIER":"110176392","GNIS_NAME":null,"FTYPE":458,"FCODE":45800}},{"type":"Feature","id":30281,"geometry":{"type":"Point","coordinates":[-122.78154358593058,41.67610821252185]},"properties":{"OBJECTID":30281,"PERMANENT_IDENTIFIER":"110176396","GNIS_NAME":null,"FTYPE":458,"FCODE":45800}},{"type":"Feature","id":30282,"geometry":{"type":"Point","coordinates":[-123.1709475644165,41.59585797247825]},"properties":{"OBJECTID":30282,"PERMANENT_IDENTIFIER":"110176654","GNIS_NAME":null,"FTYPE":458,"FCODE":45800}},{"type":"Feature","id":30283,"geometry":{"type":"Point","coordinates":[-123.1742969648413,41.59556457234472]},"properties":{"OBJECTID":30283,"PERMANENT_IDENTIFIER":"110176658","GNIS_NAME":null,"FTYPE":458,"FCODE":45800}},{"type":"Feature","id":30284,"geometry":{"type":"Point","coordinates":[-123.164027430571,41.59934044038487]},"properties":{"OBJECTID":30284,"PERMANENT_IDENTIFIER":"110176662","GNIS_NAME":null,"FTYPE":458,"FCODE":45800}},{"type":"Feature","id":30285,"geometry":{"type":"Point","coordinates":[-123.16691123059746,41.59760237320939]},"properties":{"OBJECTID":30285,"PERMANENT_IDENTIFIER":"110176666","GNIS_NAME":null,"FTYPE":458,"FCODE":45800}},{"type":"Feature","id":30286,"geometry":{"type":"Point","coordinates":[-123.1565118314594,41.610074175179264]},"properties":{"OBJECTID":30286,"PERMANENT_IDENTIFIER":"110176670","GNIS_NAME":null,"FTYPE":458,"FCODE":45800}},{"type":"Feature","id":30287,"geometry":{"type":"Point","coordinates":[-123.2013293641742,41.563692634795814]},"properties":{"OBJECTID":30287,"PERMANENT_IDENTIFIER":"110176676","GNIS_NAME":null,"FTYPE":458,"FCODE":45800}},{"type":"Feature","id":30288,"geometry":{"type":"Point","coordinates":[-123.20100876424901,41.563031167891765]},"properties":{"OBJECTID":30288,"PERMANENT_IDENTIFIER":"110176678","GNIS_NAME":null,"FTYPE":458,"FCODE":45800}},{"type":"Feature","id":30289,"geometry":{"type":"Point","coordinates":[-122.83810815895676,41.44873859192158]},"properties":{"OBJECTID":30289,"PERMANENT_IDENTIFIER":"110177750","GNIS_NAME":null,"FTYPE":458,"FCODE":45800}},{"type":"Feature","id":30290,"geometry":{"type":"Point","coordinates":[-122.81981289032767,41.45387286041975]},"properties":{"OBJECTID":30290,"PERMANENT_IDENTIFIER":"110177752","GNIS_NAME":null,"FTYPE":458,"FCODE":45800}},{"type":"Feature","id":30291,"geometry":{"type":"Point","coordinates":[-122.82816715868228,41.45222819338339]},"properties":{"OBJECTID":30291,"PERMANENT_IDENTIFIER":"110177754","GNIS_NAME":null,"FTYPE":458,"FCODE":45800}},{"type":"Feature","id":30292,"geometry":{"type":"Point","coordinates":[-122.87469975859997,41.41124038661621]},"properties":{"OBJECTID":30292,"PERMANENT_IDENTIFIER":"110177756","GNIS_NAME":null,"FTYPE":458,"FCODE":45800}},{"type":"Feature","id":30293,"geometry":{"type":"Point","coordinates":[-122.84438769438036,41.45552539186406]},"properties":{"OBJECTID":30293,"PERMANENT_IDENTIFIER":"110177758","GNIS_NAME":null,"FTYPE":458,"FCODE":45800}},{"type":"Feature","id":30294,"geometry":{"type":"Point","coordinates":[-122.82815935884052,41.45221019355706]},"properties":{"OBJECTID":30294,"PERMANENT_IDENTIFIER":"110177762","GNIS_NAME":null,"FTYPE":458,"FCODE":45800}},{"type":"Feature","id":30295,"geometry":{"type":"Point","coordinates":[-122.85123848705007,41.398867854462694]},"properties":{"OBJECTID":30295,"PERMANENT_IDENTIFIER":"110177764","GNIS_NAME":null,"FTYPE":458,"FCODE":45800}},{"type":"Feature","id":30296,"geometry":{"type":"Point","coordinates":[-122.86365948737964,41.39236605291978]},"properties":{"OBJECTID":30296,"PERMANENT_IDENTIFIER":"110177766","GNIS_NAME":null,"FTYPE":458,"FCODE":45800}},{"type":"Feature","id":30297,"geometry":{"type":"Point","coordinates":[-122.76441414911672,41.45641706556188]},"properties":{"OBJECTID":30297,"PERMANENT_IDENTIFIER":"110177768","GNIS_NAME":null,"FTYPE":458,"FCODE":45800}},{"type":"Feature","id":30298,"geometry":{"type":"Point","coordinates":[-122.8322872929355,41.45788646026077]},"properties":{"OBJECTID":30298,"PERMANENT_IDENTIFIER":"110177770","GNIS_NAME":null,"FTYPE":458,"FCODE":45800}},{"type":"Feature","id":30299,"geometry":{"type":"Point","coordinates":[-122.75866087825545,41.43495826495229]},"properties":{"OBJECTID":30299,"PERMANENT_IDENTIFIER":"110177772","GNIS_NAME":null,"FTYPE":458,"FCODE":45800}},{"type":"Feature","id":30300,"geometry":{"type":"Point","coordinates":[-122.82071248594923,41.42221279199089]},"properties":{"OBJECTID":30300,"PERMANENT_IDENTIFIER":"110177774","GNIS_NAME":null,"FTYPE":458,"FCODE":45800}},{"type":"Feature","id":30301,"geometry":{"type":"Point","coordinates":[-122.8872363435107,41.72455107348644]},"properties":{"OBJECTID":30301,"PERMANENT_IDENTIFIER":"110178510","GNIS_NAME":null,"FTYPE":458,"FCODE":45800}},{"type":"Feature","id":30302,"geometry":{"type":"Point","coordinates":[-122.88710680953274,41.72417720668331]},"properties":{"OBJECTID":30302,"PERMANENT_IDENTIFIER":"110178512","GNIS_NAME":null,"FTYPE":458,"FCODE":45800}},{"type":"Feature","id":30303,"geometry":{"type":"Point","coordinates":[-122.88868600902808,41.72139107291]},"properties":{"OBJECTID":30303,"PERMANENT_IDENTIFIER":"110178514","GNIS_NAME":null,"FTYPE":458,"FCODE":45800}},{"type":"Feature","id":30304,"geometry":{"type":"Point","coordinates":[-122.89160041011452,41.72001120589055]},"properties":{"OBJECTID":30304,"PERMANENT_IDENTIFIER":"110178518","GNIS_NAME":null,"FTYPE":458,"FCODE":45800}},{"type":"Feature","id":30305,"geometry":{"type":"Point","coordinates":[-122.88144540844566,41.7204290735099]},"properties":{"OBJECTID":30305,"PERMANENT_IDENTIFIER":"110178522","GNIS_NAME":null,"FTYPE":458,"FCODE":45800}},{"type":"Feature","id":30306,"geometry":{"type":"Point","coordinates":[-122.89441600939027,41.715181472164595]},"properties":{"OBJECTID":30306,"PERMANENT_IDENTIFIER":"110178526","GNIS_NAME":null,"FTYPE":458,"FCODE":45800}},{"type":"Feature","id":30307,"geometry":{"type":"Point","coordinates":[-122.88381074167043,41.71881480672879]},"properties":{"OBJECTID":30307,"PERMANENT_IDENTIFIER":"110178530","GNIS_NAME":null,"FTYPE":458,"FCODE":45800}},{"type":"Feature","id":30308,"geometry":{"type":"Point","coordinates":[-122.96199121507058,41.68792686437661]},"properties":{"OBJECTID":30308,"PERMANENT_IDENTIFIER":"110178538","GNIS_NAME":null,"FTYPE":458,"FCODE":45800}},{"type":"Feature","id":30309,"geometry":{"type":"Point","coordinates":[-122.93279294556835,41.69768660081181]},"properties":{"OBJECTID":30309,"PERMANENT_IDENTIFIER":"110178544","GNIS_NAME":"Chipmunk Spring","FTYPE":458,"FCODE":45800}},{"type":"Feature","id":30310,"geometry":{"type":"Point","coordinates":[-122.93338014587407,41.69675020036431]},"properties":{"OBJECTID":30310,"PERMANENT_IDENTIFIER":"110178548","GNIS_NAME":null,"FTYPE":458,"FCODE":45800}},{"type":"Feature","id":30311,"geometry":{"type":"Point","coordinates":[-122.9528431473737,41.69047266537939]},"properties":{"OBJECTID":30311,"PERMANENT_IDENTIFIER":"110178552","GNIS_NAME":null,"FTYPE":458,"FCODE":45800}},{"type":"Feature","id":30312,"geometry":{"type":"Point","coordinates":[-122.9551397470944,41.6879560642851]},"properties":{"OBJECTID":30312,"PERMANENT_IDENTIFIER":"110178556","GNIS_NAME":null,"FTYPE":458,"FCODE":45800}},{"type":"Feature","id":30313,"geometry":{"type":"Point","coordinates":[-122.97084100645549,41.62523479252527]},"properties":{"OBJECTID":30313,"PERMANENT_IDENTIFIER":"110178560","GNIS_NAME":null,"FTYPE":458,"FCODE":45800}},{"type":"Feature","id":30314,"geometry":{"type":"Point","coordinates":[-122.996537811916,41.63314645724879]},"properties":{"OBJECTID":30314,"PERMANENT_IDENTIFIER":"110178566","GNIS_NAME":null,"FTYPE":458,"FCODE":45800}},{"type":"Feature","id":30315,"geometry":{"type":"Point","coordinates":[-122.99690381137364,41.634668657732]},"properties":{"OBJECTID":30315,"PERMANENT_IDENTIFIER":"110178570","GNIS_NAME":null,"FTYPE":458,"FCODE":45800}},{"type":"Feature","id":30316,"geometry":{"type":"Point","coordinates":[-122.95481120477432,41.63200766126033]},"properties":{"OBJECTID":30316,"PERMANENT_IDENTIFIER":"110178578","GNIS_NAME":null,"FTYPE":458,"FCODE":45800}},{"type":"Feature","id":30317,"geometry":{"type":"Point","coordinates":[-122.9261929361241,41.644923064275645]},"properties":{"OBJECTID":30317,"PERMANENT_IDENTIFIER":"110178582","GNIS_NAME":null,"FTYPE":458,"FCODE":45800}},{"type":"Feature","id":30318,"geometry":{"type":"Point","coordinates":[-122.91628980295751,41.65590519909636]},"properties":{"OBJECTID":30318,"PERMANENT_IDENTIFIER":"110178586","GNIS_NAME":null,"FTYPE":458,"FCODE":45800}},{"type":"Feature","id":30319,"geometry":{"type":"Point","coordinates":[-122.91693073643128,41.65543266550353]},"properties":{"OBJECTID":30319,"PERMANENT_IDENTIFIER":"110178592","GNIS_NAME":null,"FTYPE":458,"FCODE":45800}},{"type":"Feature","id":30320,"geometry":{"type":"Point","coordinates":[-123.12595463203209,41.63920104601625]},"properties":{"OBJECTID":30320,"PERMANENT_IDENTIFIER":"110179450","GNIS_NAME":null,"FTYPE":458,"FCODE":45800}},{"type":"Feature","id":30321,"geometry":{"type":"Point","coordinates":[-123.08740895976322,41.643430183018616]},"properties":{"OBJECTID":30321,"PERMANENT_IDENTIFIER":"110179454","GNIS_NAME":null,"FTYPE":458,"FCODE":45800}},{"type":"Feature","id":30322,"geometry":{"type":"Point","coordinates":[-123.08301436181517,41.65870078458114]},"properties":{"OBJECTID":30322,"PERMANENT_IDENTIFIER":"110179458","GNIS_NAME":null,"FTYPE":458,"FCODE":45800}},{"type":"Feature","id":30323,"geometry":{"type":"Point","coordinates":[-123.01896942111303,41.672569391100225]},"properties":{"OBJECTID":30323,"PERMANENT_IDENTIFIER":"110179468","GNIS_NAME":null,"FTYPE":458,"FCODE":45800}},{"type":"Feature","id":30324,"geometry":{"type":"Point","coordinates":[-123.01037062106036,41.6779837923631]},"properties":{"OBJECTID":30324,"PERMANENT_IDENTIFIER":"110179472","GNIS_NAME":null,"FTYPE":458,"FCODE":45800}},{"type":"Feature","id":30325,"geometry":{"type":"Point","coordinates":[-122.68694852143132,41.35150179862438]},"properties":{"OBJECTID":30325,"PERMANENT_IDENTIFIER":"110180068","GNIS_NAME":null,"FTYPE":458,"FCODE":45800}},{"type":"Feature","id":30326,"geometry":{"type":"Point","coordinates":[-122.74294145013283,41.2664990548254]},"properties":{"OBJECTID":30326,"PERMANENT_IDENTIFIER":"110180072","GNIS_NAME":null,"FTYPE":458,"FCODE":45800}},{"type":"Feature","id":30327,"geometry":{"type":"Point","coordinates":[-122.6759616535298,41.352745999522554]},"properties":{"OBJECTID":30327,"PERMANENT_IDENTIFIER":"110180076","GNIS_NAME":null,"FTYPE":458,"FCODE":45800}},{"type":"Feature","id":30328,"geometry":{"type":"Point","coordinates":[-122.66711905119328,41.34631186637616]},"properties":{"OBJECTID":30328,"PERMANENT_IDENTIFIER":"110180080","GNIS_NAME":null,"FTYPE":458,"FCODE":45800}},{"type":"Feature","id":31453,"geometry":{"type":"Point","coordinates":[-122.24323580360472,41.00742861288581]},"properties":{"OBJECTID":31453,"PERMANENT_IDENTIFIER":"97663317","GNIS_NAME":null,"FTYPE":458,"FCODE":45800}},{"type":"Feature","id":31454,"geometry":{"type":"Point","coordinates":[-122.17602880123275,41.059927022504425]},"properties":{"OBJECTID":31454,"PERMANENT_IDENTIFIER":"97662731","GNIS_NAME":null,"FTYPE":458,"FCODE":45800}},{"type":"Feature","id":31455,"geometry":{"type":"Point","coordinates":[-122.25210394688514,41.070738216610465]},"properties":{"OBJECTID":31455,"PERMANENT_IDENTIFIER":"97662487","GNIS_NAME":null,"FTYPE":458,"FCODE":45800}},{"type":"Feature","id":73029,"geometry":{"type":"Point","coordinates":[-121.75094073198508,41.030818523179455]},"properties":{"OBJECTID":73029,"PERMANENT_IDENTIFIER":"83411830","GNIS_NAME":null,"FTYPE":458,"FCODE":45800}},{"type":"Feature","id":73035,"geometry":{"type":"Point","coordinates":[-121.74326876560855,41.26677907485473]},"properties":{"OBJECTID":73035,"PERMANENT_IDENTIFIER":"83411860","GNIS_NAME":null,"FTYPE":458,"FCODE":45800}},{"type":"Feature","id":73036,"geometry":{"type":"Point","coordinates":[-121.90923595005191,40.99275044015963]},"properties":{"OBJECTID":73036,"PERMANENT_IDENTIFIER":"83411872","GNIS_NAME":null,"FTYPE":458,"FCODE":45800}},{"type":"Feature","id":73039,"geometry":{"type":"Point","coordinates":[-121.94706648941866,40.99069050376581]},"properties":{"OBJECTID":73039,"PERMANENT_IDENTIFIER":"83411946","GNIS_NAME":null,"FTYPE":458,"FCODE":45800}},{"type":"Feature","id":73044,"geometry":{"type":"Point","coordinates":[-122.12195631718393,41.00453788993518]},"properties":{"OBJECTID":73044,"PERMANENT_IDENTIFIER":"83411974","GNIS_NAME":null,"FTYPE":458,"FCODE":45800}},{"type":"Feature","id":73076,"geometry":{"type":"Point","coordinates":[-121.80398832244768,41.35556514272428]},"properties":{"OBJECTID":73076,"PERMANENT_IDENTIFIER":"83412220","GNIS_NAME":"Slagger Spring","FTYPE":458,"FCODE":45800}},{"type":"Feature","id":73081,"geometry":{"type":"Point","coordinates":[-121.76744847063392,41.05049845650126]},"properties":{"OBJECTID":73081,"PERMANENT_IDENTIFIER":"83412252","GNIS_NAME":null,"FTYPE":458,"FCODE":45800}},{"type":"Feature","id":73085,"geometry":{"type":"Point","coordinates":[-121.70906274277614,41.147054935651695]},"properties":{"OBJECTID":73085,"PERMANENT_IDENTIFIER":"83412278","GNIS_NAME":null,"FTYPE":458,"FCODE":45800}},{"type":"Feature","id":73092,"geometry":{"type":"Point","coordinates":[-121.62075493029957,41.592463508582796]},"properties":{"OBJECTID":73092,"PERMANENT_IDENTIFIER":"83412314","GNIS_NAME":"Schonchin Spring","FTYPE":458,"FCODE":45800}},{"type":"Feature","id":73105,"geometry":{"type":"Point","coordinates":[-121.73889629357231,41.233236672516995]},"properties":{"OBJECTID":73105,"PERMANENT_IDENTIFIER":"83412400","GNIS_NAME":null,"FTYPE":458,"FCODE":45800}},{"type":"Feature","id":73106,"geometry":{"type":"Point","coordinates":[-121.87158455107392,41.035588446595355]},"properties":{"OBJECTID":73106,"PERMANENT_IDENTIFIER":"83412404","GNIS_NAME":null,"FTYPE":458,"FCODE":45800}},{"type":"Feature","id":73112,"geometry":{"type":"Point","coordinates":[-121.56076078267483,41.56161817822827]},"properties":{"OBJECTID":73112,"PERMANENT_IDENTIFIER":"83412440","GNIS_NAME":null,"FTYPE":458,"FCODE":45800}},{"type":"Feature","id":73113,"geometry":{"type":"Point","coordinates":[-121.76636434465827,41.10298732711688]},"properties":{"OBJECTID":73113,"PERMANENT_IDENTIFIER":"83412444","GNIS_NAME":null,"FTYPE":458,"FCODE":45800}},{"type":"Feature","id":73118,"geometry":{"type":"Point","coordinates":[-121.71635068868927,41.22760627434565]},"properties":{"OBJECTID":73118,"PERMANENT_IDENTIFIER":"83412482","GNIS_NAME":null,"FTYPE":458,"FCODE":45800}},{"type":"Feature","id":73122,"geometry":{"type":"Point","coordinates":[-121.44343485248368,41.26277349997886]},"properties":{"OBJECTID":73122,"PERMANENT_IDENTIFIER":"83412520","GNIS_NAME":"Bowman Springs","FTYPE":458,"FCODE":45800}},{"type":"Feature","id":73123,"geometry":{"type":"Point","coordinates":[-121.9143972830568,40.98805783969502]},"properties":{"OBJECTID":73123,"PERMANENT_IDENTIFIER":"83412530","GNIS_NAME":null,"FTYPE":458,"FCODE":45800}},{"type":"Feature","id":73128,"geometry":{"type":"Point","coordinates":[-121.44122891759895,41.258223100334256]},"properties":{"OBJECTID":73128,"PERMANENT_IDENTIFIER":"83412562","GNIS_NAME":null,"FTYPE":458,"FCODE":45800}},{"type":"Feature","id":73129,"geometry":{"type":"Point","coordinates":[-121.77655455278996,41.14370026293198]},"properties":{"OBJECTID":73129,"PERMANENT_IDENTIFIER":"83412564","GNIS_NAME":null,"FTYPE":458,"FCODE":45800}},{"type":"Feature","id":73133,"geometry":{"type":"Point","coordinates":[-121.8569231003113,41.162149523710234]},"properties":{"OBJECTID":73133,"PERMANENT_IDENTIFIER":"83412602","GNIS_NAME":null,"FTYPE":458,"FCODE":45800}},{"type":"Feature","id":73134,"geometry":{"type":"Point","coordinates":[-122.00716336582882,40.99851463200166]},"properties":{"OBJECTID":73134,"PERMANENT_IDENTIFIER":"83412610","GNIS_NAME":null,"FTYPE":458,"FCODE":45800}},{"type":"Feature","id":73140,"geometry":{"type":"Point","coordinates":[-121.77438209083869,41.180325932190485]},"properties":{"OBJECTID":73140,"PERMANENT_IDENTIFIER":"83412644","GNIS_NAME":null,"FTYPE":458,"FCODE":45800}},{"type":"Feature","id":73144,"geometry":{"type":"Point","coordinates":[-121.75903435909653,41.203798935290855]},"properties":{"OBJECTID":73144,"PERMANENT_IDENTIFIER":"83412688","GNIS_NAME":null,"FTYPE":458,"FCODE":45800}},{"type":"Feature","id":73145,"geometry":{"type":"Point","coordinates":[-121.61532564109854,41.01190273365537]},"properties":{"OBJECTID":73145,"PERMANENT_IDENTIFIER":"83412692","GNIS_NAME":null,"FTYPE":458,"FCODE":45800}},{"type":"Feature","id":73151,"geometry":{"type":"Point","coordinates":[-121.87829554385867,40.98000190885448]},"properties":{"OBJECTID":73151,"PERMANENT_IDENTIFIER":"83412738","GNIS_NAME":null,"FTYPE":458,"FCODE":45800}},{"type":"Feature","id":73541,"geometry":{"type":"Point","coordinates":[-121.87880234315432,40.980211108578686]},"properties":{"OBJECTID":73541,"PERMANENT_IDENTIFIER":"83412780","GNIS_NAME":null,"FTYPE":458,"FCODE":45800}},{"type":"Feature","id":73547,"geometry":{"type":"Point","coordinates":[-121.92548415770722,41.02451030807581]},"properties":{"OBJECTID":73547,"PERMANENT_IDENTIFIER":"83412812","GNIS_NAME":null,"FTYPE":458,"FCODE":45800}},{"type":"Feature","id":73553,"geometry":{"type":"Point","coordinates":[-121.45082045874187,41.300285569002874]},"properties":{"OBJECTID":73553,"PERMANENT_IDENTIFIER":"83412846","GNIS_NAME":null,"FTYPE":458,"FCODE":45800}},{"type":"Feature","id":73554,"geometry":{"type":"Point","coordinates":[-121.7458582631218,41.0224766565194]},"properties":{"OBJECTID":73554,"PERMANENT_IDENTIFIER":"83412850","GNIS_NAME":"Jake Spring","FTYPE":458,"FCODE":45800}},{"type":"Feature","id":73560,"geometry":{"type":"Point","coordinates":[-121.78242554444837,41.52123028926944]},"properties":{"OBJECTID":73560,"PERMANENT_IDENTIFIER":"83412882","GNIS_NAME":"Lost Spring","FTYPE":458,"FCODE":45800}},{"type":"Feature","id":73561,"geometry":{"type":"Point","coordinates":[-121.93171609286931,41.033542241250956]},"properties":{"OBJECTID":73561,"PERMANENT_IDENTIFIER":"83412886","GNIS_NAME":"Hunt Hot Spring","FTYPE":458,"FCODE":45800}},{"type":"Feature","id":75043,"geometry":{"type":"Point","coordinates":[-121.95770278065528,41.585158478898116]},"properties":{"OBJECTID":75043,"PERMANENT_IDENTIFIER":"104081187","GNIS_NAME":null,"FTYPE":458,"FCODE":45800}},{"type":"Feature","id":75044,"geometry":{"type":"Point","coordinates":[-121.99070798580281,41.58196714232507]},"properties":{"OBJECTID":75044,"PERMANENT_IDENTIFIER":"104081189","GNIS_NAME":"Blue Spring","FTYPE":458,"FCODE":45800}},{"type":"Feature","id":75045,"geometry":{"type":"Point","coordinates":[-122.06666406628828,41.598898136833576]},"properties":{"OBJECTID":75045,"PERMANENT_IDENTIFIER":"104081201","GNIS_NAME":"Rose Spring","FTYPE":458,"FCODE":45800}},{"type":"Feature","id":75046,"geometry":{"type":"Point","coordinates":[-122.06785179821942,41.58782446937288]},"properties":{"OBJECTID":75046,"PERMANENT_IDENTIFIER":"104081427","GNIS_NAME":null,"FTYPE":458,"FCODE":45800}},{"type":"Feature","id":75047,"geometry":{"type":"Point","coordinates":[-122.07202446278359,41.57046546760941]},"properties":{"OBJECTID":75047,"PERMANENT_IDENTIFIER":"104081431","GNIS_NAME":null,"FTYPE":458,"FCODE":45800}},{"type":"Feature","id":75048,"geometry":{"type":"Point","coordinates":[-122.05671925661936,41.54387326684709]},"properties":{"OBJECTID":75048,"PERMANENT_IDENTIFIER":"104081435","GNIS_NAME":null,"FTYPE":458,"FCODE":45800}},{"type":"Feature","id":75049,"geometry":{"type":"Point","coordinates":[-122.07216926243369,41.56411653425449]},"properties":{"OBJECTID":75049,"PERMANENT_IDENTIFIER":"104081439","GNIS_NAME":null,"FTYPE":458,"FCODE":45800}},{"type":"Feature","id":75050,"geometry":{"type":"Point","coordinates":[-122.00570038668086,41.57684214075674]},"properties":{"OBJECTID":75050,"PERMANENT_IDENTIFIER":"104081441","GNIS_NAME":"Trapper Spring","FTYPE":458,"FCODE":45800}},{"type":"Feature","id":75051,"geometry":{"type":"Point","coordinates":[-122.04654938780287,41.539281267898595]},"properties":{"OBJECTID":75051,"PERMANENT_IDENTIFIER":"104081451","GNIS_NAME":null,"FTYPE":458,"FCODE":45800}},{"type":"Feature","id":75052,"geometry":{"type":"Point","coordinates":[-122.06305178435093,41.5029375305206]},"properties":{"OBJECTID":75052,"PERMANENT_IDENTIFIER":"104081455","GNIS_NAME":null,"FTYPE":458,"FCODE":45800}},{"type":"Feature","id":75053,"geometry":{"type":"Point","coordinates":[-122.06405125041145,41.500103930330816]},"properties":{"OBJECTID":75053,"PERMANENT_IDENTIFIER":"104081457","GNIS_NAME":null,"FTYPE":458,"FCODE":45800}},{"type":"Feature","id":75054,"geometry":{"type":"Point","coordinates":[-122.06666858844838,41.528061132120236]},"properties":{"OBJECTID":75054,"PERMANENT_IDENTIFIER":"104081461","GNIS_NAME":"Onion Spring","FTYPE":458,"FCODE":45800}},{"type":"Feature","id":75055,"geometry":{"type":"Point","coordinates":[-122.06336539396975,41.56501793448727]},"properties":{"OBJECTID":75055,"PERMANENT_IDENTIFIER":"104081467","GNIS_NAME":null,"FTYPE":458,"FCODE":45800}},{"type":"Feature","id":75056,"geometry":{"type":"Point","coordinates":[-122.06339566101839,41.56453186780728]},"properties":{"OBJECTID":75056,"PERMANENT_IDENTIFIER":"104081469","GNIS_NAME":null,"FTYPE":458,"FCODE":45800}},{"type":"Feature","id":75057,"geometry":{"type":"Point","coordinates":[-122.06199966103438,41.56564186869454]},"properties":{"OBJECTID":75057,"PERMANENT_IDENTIFIER":"104081473","GNIS_NAME":null,"FTYPE":458,"FCODE":45800}},{"type":"Feature","id":75058,"geometry":{"type":"Point","coordinates":[-121.82468806294177,41.80971950687932]},"properties":{"OBJECTID":75058,"PERMANENT_IDENTIFIER":"104080469","GNIS_NAME":null,"FTYPE":458,"FCODE":45800}},{"type":"Feature","id":75059,"geometry":{"type":"Point","coordinates":[-122.02773752325196,41.99249730149247]},"properties":{"OBJECTID":75059,"PERMANENT_IDENTIFIER":"104080639","GNIS_NAME":null,"FTYPE":458,"FCODE":45800}},{"type":"Feature","id":75060,"geometry":{"type":"Point","coordinates":[-122.03444371709458,41.9530962981474]},"properties":{"OBJECTID":75060,"PERMANENT_IDENTIFIER":"104080645","GNIS_NAME":null,"FTYPE":458,"FCODE":45800}},{"type":"Feature","id":75061,"geometry":{"type":"Point","coordinates":[-122.09469465702772,41.93373195827018]},"properties":{"OBJECTID":75061,"PERMANENT_IDENTIFIER":"104080649","GNIS_NAME":null,"FTYPE":458,"FCODE":45800}},{"type":"Feature","id":75062,"geometry":{"type":"Point","coordinates":[-122.09378712421396,41.93722835854853]},"properties":{"OBJECTID":75062,"PERMANENT_IDENTIFIER":"104080653","GNIS_NAME":null,"FTYPE":458,"FCODE":45800}},{"type":"Feature","id":75063,"geometry":{"type":"Point","coordinates":[-122.10638243373364,41.773147745428496]},"properties":{"OBJECTID":75063,"PERMANENT_IDENTIFIER":"104079733","GNIS_NAME":null,"FTYPE":458,"FCODE":45800}},{"type":"Feature","id":75064,"geometry":{"type":"Point","coordinates":[-122.09965309633711,41.75737827866425]},"properties":{"OBJECTID":75064,"PERMANENT_IDENTIFIER":"104079737","GNIS_NAME":null,"FTYPE":458,"FCODE":45800}},{"type":"Feature","id":75065,"geometry":{"type":"Point","coordinates":[-122.08312749484364,41.76144034685687]},"properties":{"OBJECTID":75065,"PERMANENT_IDENTIFIER":"104079741","GNIS_NAME":null,"FTYPE":458,"FCODE":45800}},{"type":"Feature","id":75066,"geometry":{"type":"Point","coordinates":[-122.17247845395124,41.839059344405584]},"properties":{"OBJECTID":75066,"PERMANENT_IDENTIFIER":"104079849","GNIS_NAME":null,"FTYPE":458,"FCODE":45800}},{"type":"Feature","id":75067,"geometry":{"type":"Point","coordinates":[-122.16968592018937,41.83955707791651]},"properties":{"OBJECTID":75067,"PERMANENT_IDENTIFIER":"104079853","GNIS_NAME":null,"FTYPE":458,"FCODE":45800}},{"type":"Feature","id":75068,"geometry":{"type":"Point","coordinates":[-122.16734371803214,41.8286149442929]},"properties":{"OBJECTID":75068,"PERMANENT_IDENTIFIER":"104079859","GNIS_NAME":null,"FTYPE":458,"FCODE":45800}},{"type":"Feature","id":75069,"geometry":{"type":"Point","coordinates":[-122.16726745106303,41.82648874362491]},"properties":{"OBJECTID":75069,"PERMANENT_IDENTIFIER":"104079863","GNIS_NAME":null,"FTYPE":458,"FCODE":45800}},{"type":"Feature","id":75070,"geometry":{"type":"Point","coordinates":[-122.1573563151506,41.821489744252446]},"properties":{"OBJECTID":75070,"PERMANENT_IDENTIFIER":"104079867","GNIS_NAME":null,"FTYPE":458,"FCODE":45800}},{"type":"Feature","id":75071,"geometry":{"type":"Point","coordinates":[-122.1750497202709,41.83748814404667]},"properties":{"OBJECTID":75071,"PERMANENT_IDENTIFIER":"104079871","GNIS_NAME":null,"FTYPE":458,"FCODE":45800}},{"type":"Feature","id":75072,"geometry":{"type":"Point","coordinates":[-122.13924371952268,41.86339908246467]},"properties":{"OBJECTID":75072,"PERMANENT_IDENTIFIER":"104079875","GNIS_NAME":null,"FTYPE":458,"FCODE":45800}},{"type":"Feature","id":75073,"geometry":{"type":"Point","coordinates":[-122.14353931899916,41.857063481516064]},"properties":{"OBJECTID":75073,"PERMANENT_IDENTIFIER":"104079877","GNIS_NAME":null,"FTYPE":458,"FCODE":45800}},{"type":"Feature","id":75074,"geometry":{"type":"Point","coordinates":[-122.16507011827163,41.83525894483587]},"properties":{"OBJECTID":75074,"PERMANENT_IDENTIFIER":"104079881","GNIS_NAME":null,"FTYPE":458,"FCODE":45800}},{"type":"Feature","id":75075,"geometry":{"type":"Point","coordinates":[-122.16182785329313,41.84416107877857]},"properties":{"OBJECTID":75075,"PERMANENT_IDENTIFIER":"104079885","GNIS_NAME":null,"FTYPE":458,"FCODE":45800}},{"type":"Feature","id":75076,"geometry":{"type":"Point","coordinates":[-122.1608506504949,41.82918914475673]},"properties":{"OBJECTID":75076,"PERMANENT_IDENTIFIER":"104079893","GNIS_NAME":null,"FTYPE":458,"FCODE":45800}},{"type":"Feature","id":75077,"geometry":{"type":"Point","coordinates":[-122.15873771644468,41.82966907816089]},"properties":{"OBJECTID":75077,"PERMANENT_IDENTIFIER":"104079897","GNIS_NAME":null,"FTYPE":458,"FCODE":45800}},{"type":"Feature","id":75078,"geometry":{"type":"Point","coordinates":[-121.96289803402315,41.491116338585876]},"properties":{"OBJECTID":75078,"PERMANENT_IDENTIFIER":"104080313","GNIS_NAME":null,"FTYPE":458,"FCODE":45800}},{"type":"Feature","id":75079,"geometry":{"type":"Point","coordinates":[-122.10465843250712,41.77160774567231]},"properties":{"OBJECTID":75079,"PERMANENT_IDENTIFIER":"104079731","GNIS_NAME":null,"FTYPE":458,"FCODE":45800}},{"type":"Feature","id":75462,"geometry":{"type":"Point","coordinates":[-122.13115582887438,41.72115173957439]},"properties":{"OBJECTID":75462,"PERMANENT_IDENTIFIER":"104079101","GNIS_NAME":"First Spring","FTYPE":458,"FCODE":45800}},{"type":"Feature","id":75463,"geometry":{"type":"Point","coordinates":[-122.12251923975384,41.8010628791563]},"properties":{"OBJECTID":75463,"PERMANENT_IDENTIFIER":"104079709","GNIS_NAME":null,"FTYPE":458,"FCODE":45800}},{"type":"Feature","id":75464,"geometry":{"type":"Point","coordinates":[-122.12052770166635,41.76978474383775]},"properties":{"OBJECTID":75464,"PERMANENT_IDENTIFIER":"104079713","GNIS_NAME":null,"FTYPE":458,"FCODE":45800}},{"type":"Feature","id":75465,"geometry":{"type":"Point","coordinates":[-122.12128323537631,41.77128574399872]},"properties":{"OBJECTID":75465,"PERMANENT_IDENTIFIER":"104079717","GNIS_NAME":null,"FTYPE":458,"FCODE":45800}},{"type":"Feature","id":75466,"geometry":{"type":"Point","coordinates":[-122.12136730218714,41.7720114774417]},"properties":{"OBJECTID":75466,"PERMANENT_IDENTIFIER":"104079719","GNIS_NAME":null,"FTYPE":458,"FCODE":45800}},{"type":"Feature","id":75467,"geometry":{"type":"Point","coordinates":[-122.12139790220661,41.773673477597704]},"properties":{"OBJECTID":75467,"PERMANENT_IDENTIFIER":"104079723","GNIS_NAME":null,"FTYPE":458,"FCODE":45800}},{"type":"Feature","id":75468,"geometry":{"type":"Point","coordinates":[-122.11582810035497,41.7667043440905]},"properties":{"OBJECTID":75468,"PERMANENT_IDENTIFIER":"104079727","GNIS_NAME":null,"FTYPE":458,"FCODE":45800}},{"type":"Feature","id":75469,"geometry":{"type":"Point","coordinates":[-122.02948897792358,41.49148126621456]},"properties":{"OBJECTID":75469,"PERMANENT_IDENTIFIER":"104078199","GNIS_NAME":null,"FTYPE":458,"FCODE":45800}},{"type":"Feature","id":75470,"geometry":{"type":"Point","coordinates":[-122.05359064707231,41.48858812995935]},"properties":{"OBJECTID":75470,"PERMANENT_IDENTIFIER":"104078203","GNIS_NAME":null,"FTYPE":458,"FCODE":45800}},{"type":"Feature","id":75471,"geometry":{"type":"Point","coordinates":[-122.05529244746857,41.48982266349956]},"properties":{"OBJECTID":75471,"PERMANENT_IDENTIFIER":"104078207","GNIS_NAME":null,"FTYPE":458,"FCODE":45800}},{"type":"Feature","id":75472,"geometry":{"type":"Point","coordinates":[-122.02919737559569,41.48157533219685]},"properties":{"OBJECTID":75472,"PERMANENT_IDENTIFIER":"104078211","GNIS_NAME":null,"FTYPE":458,"FCODE":45800}},{"type":"Feature","id":77222,"geometry":{"type":"Point","coordinates":[-121.96031921863042,41.39619853218298]},"properties":{"OBJECTID":77222,"PERMANENT_IDENTIFIER":"97661053","GNIS_NAME":"Cramer Spring","FTYPE":458,"FCODE":45800}},{"type":"Feature","id":77223,"geometry":{"type":"Point","coordinates":[-122.14710578102839,41.39817631564618]},"properties":{"OBJECTID":77223,"PERMANENT_IDENTIFIER":"97660117","GNIS_NAME":null,"FTYPE":458,"FCODE":45800}},{"type":"Feature","id":77224,"geometry":{"type":"Point","coordinates":[-122.13558757908355,41.394009716265934]},"properties":{"OBJECTID":77224,"PERMANENT_IDENTIFIER":"97660121","GNIS_NAME":null,"FTYPE":458,"FCODE":45800}},{"type":"Feature","id":77225,"geometry":{"type":"Point","coordinates":[-122.14262158062938,41.39749371609105]},"properties":{"OBJECTID":77225,"PERMANENT_IDENTIFIER":"97660429","GNIS_NAME":null,"FTYPE":458,"FCODE":45800}},{"type":"Feature","id":77226,"geometry":{"type":"Point","coordinates":[-122.1674558480409,41.38073751260897]},"properties":{"OBJECTID":77226,"PERMANENT_IDENTIFIER":"97660433","GNIS_NAME":null,"FTYPE":458,"FCODE":45800}},{"type":"Feature","id":77227,"geometry":{"type":"Point","coordinates":[-122.16419718112734,41.38096744617319]},"properties":{"OBJECTID":77227,"PERMANENT_IDENTIFIER":"97660437","GNIS_NAME":null,"FTYPE":458,"FCODE":45800}},{"type":"Feature","id":77228,"geometry":{"type":"Point","coordinates":[-122.16113558091973,41.38022551293851]},"properties":{"OBJECTID":77228,"PERMANENT_IDENTIFIER":"97660441","GNIS_NAME":null,"FTYPE":458,"FCODE":45800}},{"type":"Feature","id":77229,"geometry":{"type":"Point","coordinates":[-122.16065458062039,41.3798411133298]},"properties":{"OBJECTID":77229,"PERMANENT_IDENTIFIER":"97660443","GNIS_NAME":null,"FTYPE":458,"FCODE":45800}},{"type":"Feature","id":77230,"geometry":{"type":"Point","coordinates":[-122.15840984630944,41.37848431350887]},"properties":{"OBJECTID":77230,"PERMANENT_IDENTIFIER":"97660447","GNIS_NAME":null,"FTYPE":458,"FCODE":45800}},{"type":"Feature","id":77231,"geometry":{"type":"Point","coordinates":[-122.15669517971209,41.38174544716364]},"properties":{"OBJECTID":77231,"PERMANENT_IDENTIFIER":"97660451","GNIS_NAME":null,"FTYPE":458,"FCODE":45800}},{"type":"Feature","id":77232,"geometry":{"type":"Point","coordinates":[-122.16160638190627,41.38781931344588]},"properties":{"OBJECTID":77232,"PERMANENT_IDENTIFIER":"97660455","GNIS_NAME":null,"FTYPE":458,"FCODE":45800}},{"type":"Feature","id":77233,"geometry":{"type":"Point","coordinates":[-122.1623746475884,41.38086824626338]},"properties":{"OBJECTID":77233,"PERMANENT_IDENTIFIER":"97660459","GNIS_NAME":null,"FTYPE":458,"FCODE":45800}},{"type":"Feature","id":77234,"geometry":{"type":"Point","coordinates":[-122.1579829808242,41.38746724709776]},"properties":{"OBJECTID":77234,"PERMANENT_IDENTIFIER":"97660461","GNIS_NAME":null,"FTYPE":458,"FCODE":45800}},{"type":"Feature","id":77235,"geometry":{"type":"Point","coordinates":[-122.18129636546003,41.26137830318619]},"properties":{"OBJECTID":77235,"PERMANENT_IDENTIFIER":"97659245","GNIS_NAME":"Hooper Spring","FTYPE":458,"FCODE":45800}},{"type":"Feature","id":77236,"geometry":{"type":"Point","coordinates":[-122.13339503378843,41.320134445039564]},"properties":{"OBJECTID":77236,"PERMANENT_IDENTIFIER":"97659633","GNIS_NAME":"Intake Spring","FTYPE":458,"FCODE":45800}},{"type":"Feature","id":77237,"geometry":{"type":"Point","coordinates":[-122.21411938041409,41.32707350477651]},"properties":{"OBJECTID":77237,"PERMANENT_IDENTIFIER":"97659643","GNIS_NAME":"McGinnis Springs","FTYPE":458,"FCODE":45800}},{"type":"Feature","id":77238,"geometry":{"type":"Point","coordinates":[-122.21508084721891,41.327117304862334]},"properties":{"OBJECTID":77238,"PERMANENT_IDENTIFIER":"97659647","GNIS_NAME":"McGinnis Springs","FTYPE":458,"FCODE":45800}},{"type":"Feature","id":77239,"geometry":{"type":"Point","coordinates":[-122.21476844774098,41.329385104834]},"properties":{"OBJECTID":77239,"PERMANENT_IDENTIFIER":"97659663","GNIS_NAME":null,"FTYPE":458,"FCODE":45800}},{"type":"Feature","id":77240,"geometry":{"type":"Point","coordinates":[-122.09070600879399,41.19817770666589]},"properties":{"OBJECTID":77240,"PERMANENT_IDENTIFIER":"97659013","GNIS_NAME":null,"FTYPE":458,"FCODE":45800}},{"type":"Feature","id":77241,"geometry":{"type":"Point","coordinates":[-122.06287760314649,41.1913723083284]},"properties":{"OBJECTID":77241,"PERMANENT_IDENTIFIER":"97659017","GNIS_NAME":null,"FTYPE":458,"FCODE":45800}},{"type":"Feature","id":77242,"geometry":{"type":"Point","coordinates":[-122.07043800556464,41.199048441229905]},"properties":{"OBJECTID":77242,"PERMANENT_IDENTIFIER":"97659021","GNIS_NAME":null,"FTYPE":458,"FCODE":45800}},{"type":"Feature","id":77243,"geometry":{"type":"Point","coordinates":[-122.07010373926781,41.19988304132418]},"properties":{"OBJECTID":77243,"PERMANENT_IDENTIFIER":"97659025","GNIS_NAME":null,"FTYPE":458,"FCODE":45800}},{"type":"Feature","id":77244,"geometry":{"type":"Point","coordinates":[-122.06924600536362,41.20089344194486]},"properties":{"OBJECTID":77244,"PERMANENT_IDENTIFIER":"97659029","GNIS_NAME":null,"FTYPE":458,"FCODE":45800}},{"type":"Feature","id":77245,"geometry":{"type":"Point","coordinates":[-122.04373373962203,41.228758645620786]},"properties":{"OBJECTID":77245,"PERMANENT_IDENTIFIER":"97659033","GNIS_NAME":null,"FTYPE":458,"FCODE":45800}},{"type":"Feature","id":77246,"geometry":{"type":"Point","coordinates":[-122.04315900595236,41.22906604585238]},"properties":{"OBJECTID":77246,"PERMANENT_IDENTIFIER":"97659035","GNIS_NAME":null,"FTYPE":458,"FCODE":45800}},{"type":"Feature","id":77247,"geometry":{"type":"Point","coordinates":[-122.0425116055607,41.22931851269664]},"properties":{"OBJECTID":77247,"PERMANENT_IDENTIFIER":"97659039","GNIS_NAME":null,"FTYPE":458,"FCODE":45800}},{"type":"Feature","id":77248,"geometry":{"type":"Point","coordinates":[-122.04189333907631,41.22955451273286]},"properties":{"OBJECTID":77248,"PERMANENT_IDENTIFIER":"97659043","GNIS_NAME":null,"FTYPE":458,"FCODE":45800}},{"type":"Feature","id":77249,"geometry":{"type":"Point","coordinates":[-122.03986433864863,41.2288622459443]},"properties":{"OBJECTID":77249,"PERMANENT_IDENTIFIER":"97659051","GNIS_NAME":null,"FTYPE":458,"FCODE":45800}},{"type":"Feature","id":77250,"geometry":{"type":"Point","coordinates":[-122.03137620457362,41.22978264722177]},"properties":{"OBJECTID":77250,"PERMANENT_IDENTIFIER":"97659055","GNIS_NAME":null,"FTYPE":458,"FCODE":45800}},{"type":"Feature","id":77251,"geometry":{"type":"Point","coordinates":[-122.02695840480176,41.234805648056934]},"properties":{"OBJECTID":77251,"PERMANENT_IDENTIFIER":"97659057","GNIS_NAME":null,"FTYPE":458,"FCODE":45800}},{"type":"Feature","id":77252,"geometry":{"type":"Point","coordinates":[-122.04436653924269,41.22858844601856]},"properties":{"OBJECTID":77252,"PERMANENT_IDENTIFIER":"97659061","GNIS_NAME":null,"FTYPE":458,"FCODE":45800}},{"type":"Feature","id":77253,"geometry":{"type":"Point","coordinates":[-122.03099673852687,41.23225891369783]},"properties":{"OBJECTID":77253,"PERMANENT_IDENTIFIER":"97659065","GNIS_NAME":null,"FTYPE":458,"FCODE":45800}},{"type":"Feature","id":77254,"geometry":{"type":"Point","coordinates":[-122.17559264690183,41.366406511065385]},"properties":{"OBJECTID":77254,"PERMANENT_IDENTIFIER":"97659221","GNIS_NAME":null,"FTYPE":458,"FCODE":45800}},{"type":"Feature","id":77255,"geometry":{"type":"Point","coordinates":[-122.19731884906663,41.35893944165529]},"properties":{"OBJECTID":77255,"PERMANENT_IDENTIFIER":"97659225","GNIS_NAME":null,"FTYPE":458,"FCODE":45800}},{"type":"Feature","id":77256,"geometry":{"type":"Point","coordinates":[-122.1877939801302,41.35204884231317]},"properties":{"OBJECTID":77256,"PERMANENT_IDENTIFIER":"97659227","GNIS_NAME":null,"FTYPE":458,"FCODE":45800}},{"type":"Feature","id":77257,"geometry":{"type":"Point","coordinates":[-122.21275018041996,41.327941438612264]},"properties":{"OBJECTID":77257,"PERMANENT_IDENTIFIER":"97659231","GNIS_NAME":null,"FTYPE":458,"FCODE":45800}},{"type":"Feature","id":77258,"geometry":{"type":"Point","coordinates":[-122.13839475315672,41.227473837714555]},"properties":{"OBJECTID":77258,"PERMANENT_IDENTIFIER":"97657993","GNIS_NAME":"Soda Springs","FTYPE":458,"FCODE":45800}},{"type":"Feature","id":77259,"geometry":{"type":"Point","coordinates":[-121.98654332294397,41.17745571390736]},"properties":{"OBJECTID":77259,"PERMANENT_IDENTIFIER":"97658159","GNIS_NAME":"Grass Spring","FTYPE":458,"FCODE":45800}},{"type":"Feature","id":77260,"geometry":{"type":"Point","coordinates":[-121.8819069070046,41.18103685642824]},"properties":{"OBJECTID":77260,"PERMANENT_IDENTIFIER":"97658165","GNIS_NAME":"Deer Springs","FTYPE":458,"FCODE":45800}},{"type":"Feature","id":77261,"geometry":{"type":"Point","coordinates":[-121.99278673207284,41.232982517260396]},"properties":{"OBJECTID":77261,"PERMANENT_IDENTIFIER":"97658169","GNIS_NAME":"Bundoora Spring","FTYPE":458,"FCODE":45800}},{"type":"Feature","id":77262,"geometry":{"type":"Point","coordinates":[-121.87733331850465,41.25521352889124]},"properties":{"OBJECTID":77262,"PERMANENT_IDENTIFIER":"97658371","GNIS_NAME":null,"FTYPE":458,"FCODE":45800}},{"type":"Feature","id":77263,"geometry":{"type":"Point","coordinates":[-121.90344739884992,41.320930131143626]},"properties":{"OBJECTID":77263,"PERMANENT_IDENTIFIER":"97658375","GNIS_NAME":null,"FTYPE":458,"FCODE":45800}},{"type":"Feature","id":77264,"geometry":{"type":"Point","coordinates":[-122.11870457814472,41.40437105183481]},"properties":{"OBJECTID":77264,"PERMANENT_IDENTIFIER":"97656893","GNIS_NAME":null,"FTYPE":458,"FCODE":45800}},{"type":"Feature","id":77265,"geometry":{"type":"Point","coordinates":[-122.12046024385684,41.40223985135969]},"properties":{"OBJECTID":77265,"PERMANENT_IDENTIFIER":"97656897","GNIS_NAME":null,"FTYPE":458,"FCODE":45800}},{"type":"Feature","id":77266,"geometry":{"type":"Point","coordinates":[-121.85193219738632,41.36223513841487]},"properties":{"OBJECTID":77266,"PERMANENT_IDENTIFIER":"97656909","GNIS_NAME":null,"FTYPE":458,"FCODE":45800}},{"type":"Feature","id":77656,"geometry":{"type":"Point","coordinates":[-121.86066739269718,41.32735653576371]},"properties":{"OBJECTID":77656,"PERMANENT_IDENTIFIER":"97656913","GNIS_NAME":null,"FTYPE":458,"FCODE":45800}},{"type":"Feature","id":77657,"geometry":{"type":"Point","coordinates":[-121.83975551752647,41.289752934221426]},"properties":{"OBJECTID":77657,"PERMANENT_IDENTIFIER":"97656915","GNIS_NAME":"McKay Springs","FTYPE":458,"FCODE":45800}},{"type":"Feature","id":77658,"geometry":{"type":"Point","coordinates":[-121.80285011680623,41.324520940510446]},"properties":{"OBJECTID":77658,"PERMANENT_IDENTIFIER":"97656979","GNIS_NAME":null,"FTYPE":458,"FCODE":45800}},{"type":"Feature","id":77659,"geometry":{"type":"Point","coordinates":[-121.79427298483044,41.34004114221697]},"properties":{"OBJECTID":77659,"PERMANENT_IDENTIFIER":"97656983","GNIS_NAME":"Red Tank Spring","FTYPE":458,"FCODE":45800}},{"type":"Feature","id":77660,"geometry":{"type":"Point","coordinates":[-121.82018978307924,41.3053761374652]},"properties":{"OBJECTID":77660,"PERMANENT_IDENTIFIER":"97656989","GNIS_NAME":"Twin Springs","FTYPE":458,"FCODE":45800}},{"type":"Feature","id":78109,"geometry":{"type":"Point","coordinates":[-122.43074504901841,41.12284800527982]},"properties":{"OBJECTID":78109,"PERMANENT_IDENTIFIER":"92976596","GNIS_NAME":null,"FTYPE":458,"FCODE":45800}},{"type":"Feature","id":78110,"geometry":{"type":"Point","coordinates":[-122.43993844861303,41.11673640391313]},"properties":{"OBJECTID":78110,"PERMANENT_IDENTIFIER":"92976600","GNIS_NAME":null,"FTYPE":458,"FCODE":45800}},{"type":"Feature","id":78111,"geometry":{"type":"Point","coordinates":[-122.43857344925404,41.116313603919274]},"properties":{"OBJECTID":78111,"PERMANENT_IDENTIFIER":"92976604","GNIS_NAME":null,"FTYPE":458,"FCODE":45800}},{"type":"Feature","id":78112,"geometry":{"type":"Point","coordinates":[-122.44226924964087,41.116170803742236]},"properties":{"OBJECTID":78112,"PERMANENT_IDENTIFIER":"92976606","GNIS_NAME":null,"FTYPE":458,"FCODE":45800}},{"type":"Feature","id":78113,"geometry":{"type":"Point","coordinates":[-122.4260191804705,41.1152256712258]},"properties":{"OBJECTID":78113,"PERMANENT_IDENTIFIER":"92976610","GNIS_NAME":null,"FTYPE":458,"FCODE":45800}},{"type":"Feature","id":78114,"geometry":{"type":"Point","coordinates":[-122.4371141816903,41.112898070108145]},"properties":{"OBJECTID":78114,"PERMANENT_IDENTIFIER":"92976614","GNIS_NAME":null,"FTYPE":458,"FCODE":45800}},{"type":"Feature","id":78115,"geometry":{"type":"Point","coordinates":[-122.42978824692686,41.111827004306726]},"properties":{"OBJECTID":78115,"PERMANENT_IDENTIFIER":"92976618","GNIS_NAME":null,"FTYPE":458,"FCODE":45800}},{"type":"Feature","id":78116,"geometry":{"type":"Point","coordinates":[-122.47022138308748,41.09347626575358]},"properties":{"OBJECTID":78116,"PERMANENT_IDENTIFIER":"92976622","GNIS_NAME":null,"FTYPE":458,"FCODE":45800}},{"type":"Feature","id":78117,"geometry":{"type":"Point","coordinates":[-122.46881198310855,41.09104946609124]},"properties":{"OBJECTID":78117,"PERMANENT_IDENTIFIER":"92976626","GNIS_NAME":null,"FTYPE":458,"FCODE":45800}},{"type":"Feature","id":78118,"geometry":{"type":"Point","coordinates":[-122.46866644988206,41.09012699919896]},"properties":{"OBJECTID":78118,"PERMANENT_IDENTIFIER":"92976628","GNIS_NAME":null,"FTYPE":458,"FCODE":45800}},{"type":"Feature","id":78119,"geometry":{"type":"Point","coordinates":[-122.47230704682654,41.069780463958374]},"properties":{"OBJECTID":78119,"PERMANENT_IDENTIFIER":"92976632","GNIS_NAME":"Sardine Spring","FTYPE":458,"FCODE":45800}},{"type":"Feature","id":78120,"geometry":{"type":"Point","coordinates":[-122.40624523415926,41.04797000135793]},"properties":{"OBJECTID":78120,"PERMANENT_IDENTIFIER":"92976638","GNIS_NAME":null,"FTYPE":458,"FCODE":45800}},{"type":"Feature","id":78121,"geometry":{"type":"Point","coordinates":[-122.48587117868483,41.04256586134237]},"properties":{"OBJECTID":78121,"PERMANENT_IDENTIFIER":"92977096","GNIS_NAME":null,"FTYPE":458,"FCODE":45800}},{"type":"Feature","id":78122,"geometry":{"type":"Point","coordinates":[-122.48952198222584,41.06484839607875]},"properties":{"OBJECTID":78122,"PERMANENT_IDENTIFIER":"92977100","GNIS_NAME":null,"FTYPE":458,"FCODE":45800}},{"type":"Feature","id":78123,"geometry":{"type":"Point","coordinates":[-122.47998418153472,41.0699976634215]},"properties":{"OBJECTID":78123,"PERMANENT_IDENTIFIER":"92977104","GNIS_NAME":null,"FTYPE":458,"FCODE":45800}},{"type":"Feature","id":78124,"geometry":{"type":"Point","coordinates":[-122.43979243465992,41.023416797487414]},"properties":{"OBJECTID":78124,"PERMANENT_IDENTIFIER":"92977108","GNIS_NAME":null,"FTYPE":458,"FCODE":45800}},{"type":"Feature","id":78125,"geometry":{"type":"Point","coordinates":[-122.43900184848617,41.112310470275176]},"properties":{"OBJECTID":78125,"PERMANENT_IDENTIFIER":"92977112","GNIS_NAME":null,"FTYPE":458,"FCODE":45800}},{"type":"Feature","id":78126,"geometry":{"type":"Point","coordinates":[-122.42973684767624,41.115808204363745]},"properties":{"OBJECTID":78126,"PERMANENT_IDENTIFIER":"92977116","GNIS_NAME":null,"FTYPE":458,"FCODE":45800}},{"type":"Feature","id":78127,"geometry":{"type":"Point","coordinates":[-122.43054998117799,41.11643967118783]},"properties":{"OBJECTID":78127,"PERMANENT_IDENTIFIER":"92977118","GNIS_NAME":null,"FTYPE":458,"FCODE":45800}},{"type":"Feature","id":78128,"geometry":{"type":"Point","coordinates":[-122.43081204691198,41.11105280410092]},"properties":{"OBJECTID":78128,"PERMANENT_IDENTIFIER":"92977122","GNIS_NAME":null,"FTYPE":458,"FCODE":45800}},{"type":"Feature","id":78129,"geometry":{"type":"Point","coordinates":[-122.43045464850714,41.122057271297116]},"properties":{"OBJECTID":78129,"PERMANENT_IDENTIFIER":"92977126","GNIS_NAME":null,"FTYPE":458,"FCODE":45800}},{"type":"Feature","id":78130,"geometry":{"type":"Point","coordinates":[-122.3944816316706,41.0454402028537]},"properties":{"OBJECTID":78130,"PERMANENT_IDENTIFIER":"92977130","GNIS_NAME":null,"FTYPE":458,"FCODE":45800}},{"type":"Feature","id":78131,"geometry":{"type":"Point","coordinates":[-122.39110856430337,41.04587266968293]},"properties":{"OBJECTID":78131,"PERMANENT_IDENTIFIER":"92977134","GNIS_NAME":"Shiloah Mineral Springs","FTYPE":458,"FCODE":45800}},{"type":"Feature","id":78132,"geometry":{"type":"Point","coordinates":[-122.39544543239286,41.04680246954857]},"properties":{"OBJECTID":78132,"PERMANENT_IDENTIFIER":"92977138","GNIS_NAME":null,"FTYPE":458,"FCODE":45800}},{"type":"Feature","id":78133,"geometry":{"type":"Point","coordinates":[-122.3959016326084,41.04796666939828]},"properties":{"OBJECTID":78133,"PERMANENT_IDENTIFIER":"92977142","GNIS_NAME":null,"FTYPE":458,"FCODE":45800}},{"type":"Feature","id":78134,"geometry":{"type":"Point","coordinates":[-122.45644983433304,41.004101994070716]},"properties":{"OBJECTID":78134,"PERMANENT_IDENTIFIER":"92977150","GNIS_NAME":null,"FTYPE":458,"FCODE":45800}},{"type":"Feature","id":78135,"geometry":{"type":"Point","coordinates":[-122.32711986445584,41.32870982829226]},"properties":{"OBJECTID":78135,"PERMANENT_IDENTIFIER":"92977224","GNIS_NAME":"Big Springs","FTYPE":458,"FCODE":45800}},{"type":"Feature","id":78136,"geometry":{"type":"Point","coordinates":[-122.331013587908,41.26227962316245]},"properties":{"OBJECTID":78136,"PERMANENT_IDENTIFIER":"92977674","GNIS_NAME":"Ney Springs","FTYPE":458,"FCODE":45800}},{"type":"Feature","id":78137,"geometry":{"type":"Point","coordinates":[-122.36735919806522,41.29285262222323]},"properties":{"OBJECTID":78137,"PERMANENT_IDENTIFIER":"92977678","GNIS_NAME":null,"FTYPE":458,"FCODE":45800}},{"type":"Feature","id":78138,"geometry":{"type":"Point","coordinates":[-122.28224999496939,41.353635433987385]},"properties":{"OBJECTID":78138,"PERMANENT_IDENTIFIER":"92977684","GNIS_NAME":"McBride Springs","FTYPE":458,"FCODE":45800}},{"type":"Feature","id":78140,"geometry":{"type":"Point","coordinates":[-122.26608844297313,41.24807562767344]},"properties":{"OBJECTID":78140,"PERMANENT_IDENTIFIER":"92978054","GNIS_NAME":null,"FTYPE":458,"FCODE":45800}},{"type":"Feature","id":78141,"geometry":{"type":"Point","coordinates":[-122.26489677574298,41.24613122797821]},"properties":{"OBJECTID":78141,"PERMANENT_IDENTIFIER":"92978058","GNIS_NAME":null,"FTYPE":458,"FCODE":45800}},{"type":"Feature","id":78142,"geometry":{"type":"Point","coordinates":[-122.2658530419596,41.24193102736286]},"properties":{"OBJECTID":78142,"PERMANENT_IDENTIFIER":"92978062","GNIS_NAME":null,"FTYPE":458,"FCODE":45800}},{"type":"Feature","id":78143,"geometry":{"type":"Point","coordinates":[-122.33623365072448,41.231389887243665]},"properties":{"OBJECTID":78143,"PERMANENT_IDENTIFIER":"92978400","GNIS_NAME":null,"FTYPE":458,"FCODE":45800}},{"type":"Feature","id":78144,"geometry":{"type":"Point","coordinates":[-122.30763443424905,41.149843217165085]},"properties":{"OBJECTID":78144,"PERMANENT_IDENTIFIER":"92978404","GNIS_NAME":"Soda Springs","FTYPE":458,"FCODE":45800}},{"type":"Feature","id":78145,"geometry":{"type":"Point","coordinates":[-122.27248264418658,41.249659427907844]},"properties":{"OBJECTID":78145,"PERMANENT_IDENTIFIER":"92978408","GNIS_NAME":null,"FTYPE":458,"FCODE":45800}},{"type":"Feature","id":78148,"geometry":{"type":"Point","coordinates":[-122.20148105106293,41.364276108869966]},"properties":{"OBJECTID":78148,"PERMANENT_IDENTIFIER":"92979476","GNIS_NAME":null,"FTYPE":458,"FCODE":45800}},{"type":"Feature","id":78149,"geometry":{"type":"Point","coordinates":[-122.24301218247489,41.31411583446969]},"properties":{"OBJECTID":78149,"PERMANENT_IDENTIFIER":"92979480","GNIS_NAME":null,"FTYPE":458,"FCODE":45800}},{"type":"Feature","id":78150,"geometry":{"type":"Point","coordinates":[-122.24529098282356,41.31318670108883]},"properties":{"OBJECTID":78150,"PERMANENT_IDENTIFIER":"92979484","GNIS_NAME":null,"FTYPE":458,"FCODE":45800}},{"type":"Feature","id":78151,"geometry":{"type":"Point","coordinates":[-122.19269923359235,41.261938302270345]},"properties":{"OBJECTID":78151,"PERMANENT_IDENTIFIER":"92979488","GNIS_NAME":null,"FTYPE":458,"FCODE":45800}},{"type":"Feature","id":78152,"geometry":{"type":"Point","coordinates":[-122.19968476811195,41.260339901337396]},"properties":{"OBJECTID":78152,"PERMANENT_IDENTIFIER":"92979490","GNIS_NAME":null,"FTYPE":458,"FCODE":45800}},{"type":"Feature","id":78153,"geometry":{"type":"Point","coordinates":[-122.2149786366193,41.25594989954414]},"properties":{"OBJECTID":78153,"PERMANENT_IDENTIFIER":"92979494","GNIS_NAME":null,"FTYPE":458,"FCODE":45800}},{"type":"Feature","id":78154,"geometry":{"type":"Point","coordinates":[-122.21341376943724,41.254363433315895]},"properties":{"OBJECTID":78154,"PERMANENT_IDENTIFIER":"92979498","GNIS_NAME":null,"FTYPE":458,"FCODE":45800}},{"type":"Feature","id":78155,"geometry":{"type":"Point","coordinates":[-122.24246638293002,41.314582701348904]},"properties":{"OBJECTID":78155,"PERMANENT_IDENTIFIER":"92979672","GNIS_NAME":null,"FTYPE":458,"FCODE":45800}},{"type":"Feature","id":78156,"geometry":{"type":"Point","coordinates":[-122.4229452821933,41.34832142128641]},"properties":{"OBJECTID":78156,"PERMANENT_IDENTIFIER":"92979700","GNIS_NAME":null,"FTYPE":458,"FCODE":45800}},{"type":"Feature","id":78157,"geometry":{"type":"Point","coordinates":[-122.45209261444197,41.313997283129744]},"properties":{"OBJECTID":78157,"PERMANENT_IDENTIFIER":"92979706","GNIS_NAME":null,"FTYPE":458,"FCODE":45800}},{"type":"Feature","id":78158,"geometry":{"type":"Point","coordinates":[-122.48531688526212,41.313230279949146]},"properties":{"OBJECTID":78158,"PERMANENT_IDENTIFIER":"92979710","GNIS_NAME":null,"FTYPE":458,"FCODE":45800}},{"type":"Feature","id":78159,"geometry":{"type":"Point","coordinates":[-122.45578407268106,41.25689541234663]},"properties":{"OBJECTID":78159,"PERMANENT_IDENTIFIER":"92980450","GNIS_NAME":null,"FTYPE":458,"FCODE":45800}},{"type":"Feature","id":78160,"geometry":{"type":"Point","coordinates":[-122.46136547336354,41.25744881190358]},"properties":{"OBJECTID":78160,"PERMANENT_IDENTIFIER":"92980454","GNIS_NAME":null,"FTYPE":458,"FCODE":45800}},{"type":"Feature","id":78161,"geometry":{"type":"Point","coordinates":[-122.49845261684774,41.28649921076605]},"properties":{"OBJECTID":78161,"PERMANENT_IDENTIFIER":"92980458","GNIS_NAME":null,"FTYPE":458,"FCODE":45800}},{"type":"Feature","id":78162,"geometry":{"type":"Point","coordinates":[-122.45962207762659,41.28836941398051]},"properties":{"OBJECTID":78162,"PERMANENT_IDENTIFIER":"92980462","GNIS_NAME":null,"FTYPE":458,"FCODE":45800}},{"type":"Feature","id":78163,"geometry":{"type":"Point","coordinates":[-122.38498539926624,41.28065048651577]},"properties":{"OBJECTID":78163,"PERMANENT_IDENTIFIER":"92980466","GNIS_NAME":null,"FTYPE":458,"FCODE":45800}},{"type":"Feature","id":78164,"geometry":{"type":"Point","coordinates":[-122.43071180812404,41.2966902841851]},"properties":{"OBJECTID":78164,"PERMANENT_IDENTIFIER":"92980470","GNIS_NAME":null,"FTYPE":458,"FCODE":45800}},{"type":"Feature","id":78165,"geometry":{"type":"Point","coordinates":[-122.4568602801941,41.30513401582971]},"properties":{"OBJECTID":78165,"PERMANENT_IDENTIFIER":"92980472","GNIS_NAME":null,"FTYPE":458,"FCODE":45800}},{"type":"Feature","id":78166,"geometry":{"type":"Point","coordinates":[-122.46588081381907,41.30062401439029]},"properties":{"OBJECTID":78166,"PERMANENT_IDENTIFIER":"92980476","GNIS_NAME":null,"FTYPE":458,"FCODE":45800}},{"type":"Feature","id":78167,"geometry":{"type":"Point","coordinates":[-122.4956200839241,41.29408387826729]},"properties":{"OBJECTID":78167,"PERMANENT_IDENTIFIER":"92980484","GNIS_NAME":null,"FTYPE":458,"FCODE":45800}},{"type":"Feature","id":78168,"geometry":{"type":"Point","coordinates":[-122.46463988251374,41.311227415169725]},"properties":{"OBJECTID":78168,"PERMANENT_IDENTIFIER":"92980488","GNIS_NAME":null,"FTYPE":458,"FCODE":45800}},{"type":"Feature","id":78169,"geometry":{"type":"Point","coordinates":[-122.45497021496773,41.31731888285901]},"properties":{"OBJECTID":78169,"PERMANENT_IDENTIFIER":"92980490","GNIS_NAME":null,"FTYPE":458,"FCODE":45800}},{"type":"Feature","id":78170,"geometry":{"type":"Point","coordinates":[-122.46307546172068,41.18035800602876]},"properties":{"OBJECTID":78170,"PERMANENT_IDENTIFIER":"92981656","GNIS_NAME":null,"FTYPE":458,"FCODE":45800}},{"type":"Feature","id":78171,"geometry":{"type":"Point","coordinates":[-122.45592026399463,41.196503474315406]},"properties":{"OBJECTID":78171,"PERMANENT_IDENTIFIER":"92981662","GNIS_NAME":null,"FTYPE":458,"FCODE":45800}},{"type":"Feature","id":78172,"geometry":{"type":"Point","coordinates":[-122.48902027634341,41.24477767528444]},"properties":{"OBJECTID":78172,"PERMANENT_IDENTIFIER":"92981666","GNIS_NAME":null,"FTYPE":458,"FCODE":45800}},{"type":"Feature","id":78173,"geometry":{"type":"Point","coordinates":[-122.47419606631641,41.194813272643536]},"properties":{"OBJECTID":78173,"PERMANENT_IDENTIFIER":"92981668","GNIS_NAME":null,"FTYPE":458,"FCODE":45800}},{"type":"Feature","id":78174,"geometry":{"type":"Point","coordinates":[-122.4949936773434,41.24501640789282]},"properties":{"OBJECTID":78174,"PERMANENT_IDENTIFIER":"92981676","GNIS_NAME":null,"FTYPE":458,"FCODE":45800}},{"type":"Feature","id":78175,"geometry":{"type":"Point","coordinates":[-122.51062308055835,41.252830406864376]},"properties":{"OBJECTID":78175,"PERMANENT_IDENTIFIER":"92982406","GNIS_NAME":null,"FTYPE":458,"FCODE":45800}},{"type":"Feature","id":78566,"geometry":{"type":"Point","coordinates":[-122.50956341441191,41.25857360738742]},"properties":{"OBJECTID":78566,"PERMANENT_IDENTIFIER":"92982410","GNIS_NAME":null,"FTYPE":458,"FCODE":45800}},{"type":"Feature","id":78567,"geometry":{"type":"Point","coordinates":[-122.50710028349164,41.27974600922957]},"properties":{"OBJECTID":78567,"PERMANENT_IDENTIFIER":"92982414","GNIS_NAME":null,"FTYPE":458,"FCODE":45800}},{"type":"Feature","id":78568,"geometry":{"type":"Point","coordinates":[-122.50545801828014,41.28491780983121]},"properties":{"OBJECTID":78568,"PERMANENT_IDENTIFIER":"92982416","GNIS_NAME":null,"FTYPE":458,"FCODE":45800}},{"type":"Feature","id":78569,"geometry":{"type":"Point","coordinates":[-122.35916455800862,41.0371930054081]},"properties":{"OBJECTID":78569,"PERMANENT_IDENTIFIER":"92982806","GNIS_NAME":null,"FTYPE":458,"FCODE":45800}},{"type":"Feature","id":78570,"geometry":{"type":"Point","coordinates":[-122.53248585591264,41.07154825886238]},"properties":{"OBJECTID":78570,"PERMANENT_IDENTIFIER":"92984102","GNIS_NAME":null,"FTYPE":458,"FCODE":45800}},{"type":"Feature","id":78571,"geometry":{"type":"Point","coordinates":[-122.51611578821648,41.08188299478673]},"properties":{"OBJECTID":78571,"PERMANENT_IDENTIFIER":"92984690","GNIS_NAME":null,"FTYPE":458,"FCODE":45800}},{"type":"Feature","id":78572,"geometry":{"type":"Point","coordinates":[-122.51318278862797,41.08311199542165]},"properties":{"OBJECTID":78572,"PERMANENT_IDENTIFIER":"92984694","GNIS_NAME":null,"FTYPE":458,"FCODE":45800}},{"type":"Feature","id":81520,"geometry":{"type":"Point","coordinates":[-122.97515732712301,41.10589655682751]},"properties":{"OBJECTID":81520,"PERMANENT_IDENTIFIER":"97546040","GNIS_NAME":null,"FTYPE":458,"FCODE":45800}},{"type":"Feature","id":81521,"geometry":{"type":"Point","coordinates":[-122.97434872722727,41.104693756530736]},"properties":{"OBJECTID":81521,"PERMANENT_IDENTIFIER":"97546044","GNIS_NAME":null,"FTYPE":458,"FCODE":45800}},{"type":"Feature","id":81522,"geometry":{"type":"Point","coordinates":[-122.95971465291022,41.0697602223047]},"properties":{"OBJECTID":81522,"PERMANENT_IDENTIFIER":"97546048","GNIS_NAME":"Blue Lady Spring","FTYPE":458,"FCODE":45800}},{"type":"Feature","id":81523,"geometry":{"type":"Point","coordinates":[-122.90666443822126,41.027291624100506]},"properties":{"OBJECTID":81523,"PERMANENT_IDENTIFIER":"97546052","GNIS_NAME":null,"FTYPE":458,"FCODE":45800}},{"type":"Feature","id":81524,"geometry":{"type":"Point","coordinates":[-122.91388250500256,41.021081556447356]},"properties":{"OBJECTID":81524,"PERMANENT_IDENTIFIER":"97546056","GNIS_NAME":null,"FTYPE":458,"FCODE":45800}},{"type":"Feature","id":81525,"geometry":{"type":"Point","coordinates":[-123.21120429054919,41.07595380066399]},"properties":{"OBJECTID":81525,"PERMANENT_IDENTIFIER":"97546282","GNIS_NAME":null,"FTYPE":458,"FCODE":45800}},{"type":"Feature","id":81526,"geometry":{"type":"Point","coordinates":[-123.1537528830086,41.07887380625544]},"properties":{"OBJECTID":81526,"PERMANENT_IDENTIFIER":"97546286","GNIS_NAME":null,"FTYPE":458,"FCODE":45800}},{"type":"Feature","id":81527,"geometry":{"type":"Point","coordinates":[-123.15558730880893,41.247114617178326]},"properties":{"OBJECTID":81527,"PERMANENT_IDENTIFIER":"97547390","GNIS_NAME":null,"FTYPE":458,"FCODE":45800}},{"type":"Feature","id":81528,"geometry":{"type":"Point","coordinates":[-123.199710315354,41.24908614683489]},"properties":{"OBJECTID":81528,"PERMANENT_IDENTIFIER":"97547392","GNIS_NAME":null,"FTYPE":458,"FCODE":45800}},{"type":"Feature","id":81529,"geometry":{"type":"Point","coordinates":[-123.22628230239035,41.140089737270046]},"properties":{"OBJECTID":81529,"PERMANENT_IDENTIFIER":"97547396","GNIS_NAME":null,"FTYPE":458,"FCODE":45800}},{"type":"Feature","id":81530,"geometry":{"type":"Point","coordinates":[-122.96409266891084,41.17163522919008]},"properties":{"OBJECTID":81530,"PERMANENT_IDENTIFIER":"97547402","GNIS_NAME":null,"FTYPE":458,"FCODE":45800}},{"type":"Feature","id":81531,"geometry":{"type":"Point","coordinates":[-122.96942066734417,41.15748496044865]},"properties":{"OBJECTID":81531,"PERMANENT_IDENTIFIER":"97547766","GNIS_NAME":null,"FTYPE":458,"FCODE":45800}},{"type":"Feature","id":81532,"geometry":{"type":"Point","coordinates":[-122.97734889847848,41.34966143978402]},"properties":{"OBJECTID":81532,"PERMANENT_IDENTIFIER":"97548350","GNIS_NAME":null,"FTYPE":458,"FCODE":45800}},{"type":"Feature","id":81533,"geometry":{"type":"Point","coordinates":[-122.99899449152643,41.28843323365785]},"properties":{"OBJECTID":81533,"PERMANENT_IDENTIFIER":"97548352","GNIS_NAME":null,"FTYPE":458,"FCODE":45800}},{"type":"Feature","id":81534,"geometry":{"type":"Point","coordinates":[-123.0009706911044,41.28376263351932]},"properties":{"OBJECTID":81534,"PERMANENT_IDENTIFIER":"97548356","GNIS_NAME":null,"FTYPE":458,"FCODE":45800}},{"type":"Feature","id":81535,"geometry":{"type":"Point","coordinates":[-122.95390314649097,41.252546368665506]},"properties":{"OBJECTID":81535,"PERMANENT_IDENTIFIER":"97548360","GNIS_NAME":null,"FTYPE":458,"FCODE":45800}},{"type":"Feature","id":81536,"geometry":{"type":"Point","coordinates":[-123.22673554228707,41.39864995444169]},"properties":{"OBJECTID":81536,"PERMANENT_IDENTIFIER":"97548818","GNIS_NAME":null,"FTYPE":458,"FCODE":45800}},{"type":"Feature","id":81537,"geometry":{"type":"Point","coordinates":[-123.28888721083753,41.35484494638121]},"properties":{"OBJECTID":81537,"PERMANENT_IDENTIFIER":"97549800","GNIS_NAME":null,"FTYPE":458,"FCODE":45800}},{"type":"Feature","id":81538,"geometry":{"type":"Point","coordinates":[-123.33612974410967,41.30508340526254]},"properties":{"OBJECTID":81538,"PERMANENT_IDENTIFIER":"97549804","GNIS_NAME":"Barrel Spring","FTYPE":458,"FCODE":45800}},{"type":"Feature","id":81539,"geometry":{"type":"Point","coordinates":[-123.35016073853386,41.25602540086286]},"properties":{"OBJECTID":81539,"PERMANENT_IDENTIFIER":"97549808","GNIS_NAME":"Acorn Spring","FTYPE":458,"FCODE":45800}},{"type":"Feature","id":81540,"geometry":{"type":"Point","coordinates":[-123.33119320283517,41.26111273661692]},"properties":{"OBJECTID":81540,"PERMANENT_IDENTIFIER":"97549812","GNIS_NAME":null,"FTYPE":458,"FCODE":45800}},{"type":"Feature","id":81541,"geometry":{"type":"Point","coordinates":[-123.09211548166526,41.129975948044724]},"properties":{"OBJECTID":81541,"PERMANENT_IDENTIFIER":"97549818","GNIS_NAME":null,"FTYPE":458,"FCODE":45800}},{"type":"Feature","id":81542,"geometry":{"type":"Point","coordinates":[-123.01119307150222,41.1415301561363]},"properties":{"OBJECTID":81542,"PERMANENT_IDENTIFIER":"97550578","GNIS_NAME":null,"FTYPE":458,"FCODE":45800}},{"type":"Feature","id":81543,"geometry":{"type":"Point","coordinates":[-123.04641275327685,41.21122535772772]},"properties":{"OBJECTID":81543,"PERMANENT_IDENTIFIER":"97550582","GNIS_NAME":"Maple Spring","FTYPE":458,"FCODE":45800}},{"type":"Feature","id":81544,"geometry":{"type":"Point","coordinates":[-123.05808648797843,41.20990475649638]},"properties":{"OBJECTID":81544,"PERMANENT_IDENTIFIER":"97550586","GNIS_NAME":null,"FTYPE":458,"FCODE":45800}},{"type":"Feature","id":81545,"geometry":{"type":"Point","coordinates":[-123.04738827561293,41.13331415245342]},"properties":{"OBJECTID":81545,"PERMANENT_IDENTIFIER":"97550590","GNIS_NAME":null,"FTYPE":458,"FCODE":45800}},{"type":"Feature","id":81546,"geometry":{"type":"Point","coordinates":[-123.20451836006275,41.53379136548163]},"properties":{"OBJECTID":81546,"PERMANENT_IDENTIFIER":"97550776","GNIS_NAME":null,"FTYPE":458,"FCODE":45800}},{"type":"Feature","id":81547,"geometry":{"type":"Point","coordinates":[-123.2059525601255,41.5326942321603]},"properties":{"OBJECTID":81547,"PERMANENT_IDENTIFIER":"97550780","GNIS_NAME":null,"FTYPE":458,"FCODE":45800}},{"type":"Feature","id":81548,"geometry":{"type":"Point","coordinates":[-123.22971236708028,41.55293823146572]},"properties":{"OBJECTID":81548,"PERMANENT_IDENTIFIER":"97550782","GNIS_NAME":null,"FTYPE":458,"FCODE":45800}},{"type":"Feature","id":81549,"geometry":{"type":"Point","coordinates":[-123.20195476247761,41.549284166574274]},"properties":{"OBJECTID":81549,"PERMANENT_IDENTIFIER":"97550786","GNIS_NAME":null,"FTYPE":458,"FCODE":45800}},{"type":"Feature","id":81550,"geometry":{"type":"Point","coordinates":[-123.15970842116397,41.53997897006222]},"properties":{"OBJECTID":81550,"PERMANENT_IDENTIFIER":"97550790","GNIS_NAME":"Cold Spring","FTYPE":458,"FCODE":45800}},{"type":"Feature","id":81551,"geometry":{"type":"Point","coordinates":[-123.26109241027126,41.377994016627525]},"properties":{"OBJECTID":81551,"PERMANENT_IDENTIFIER":"97551252","GNIS_NAME":null,"FTYPE":458,"FCODE":45800}},{"type":"Feature","id":81552,"geometry":{"type":"Point","coordinates":[-123.37991372807771,41.15759172504972]},"properties":{"OBJECTID":81552,"PERMANENT_IDENTIFIER":"97551828","GNIS_NAME":null,"FTYPE":458,"FCODE":45800}},{"type":"Feature","id":81553,"geometry":{"type":"Point","coordinates":[-123.24464178860654,41.25172354358094]},"properties":{"OBJECTID":81553,"PERMANENT_IDENTIFIER":"97553252","GNIS_NAME":null,"FTYPE":458,"FCODE":45800}},{"type":"Feature","id":81554,"geometry":{"type":"Point","coordinates":[-123.45703884314158,41.40161460168892]},"properties":{"OBJECTID":81554,"PERMANENT_IDENTIFIER":"97553530","GNIS_NAME":null,"FTYPE":458,"FCODE":45800}},{"type":"Feature","id":81555,"geometry":{"type":"Point","coordinates":[-123.32500757871315,41.540001821782475]},"properties":{"OBJECTID":81555,"PERMANENT_IDENTIFIER":"97555162","GNIS_NAME":null,"FTYPE":458,"FCODE":45800}},{"type":"Feature","id":81556,"geometry":{"type":"Point","coordinates":[-123.27593078092343,41.170648734954106]},"properties":{"OBJECTID":81556,"PERMANENT_IDENTIFIER":"97555626","GNIS_NAME":null,"FTYPE":458,"FCODE":45800}},{"type":"Feature","id":81557,"geometry":{"type":"Point","coordinates":[-123.33723459647912,41.21167353233008]},"properties":{"OBJECTID":81557,"PERMANENT_IDENTIFIER":"97556558","GNIS_NAME":null,"FTYPE":458,"FCODE":45800}},{"type":"Feature","id":81558,"geometry":{"type":"Point","coordinates":[-123.31735259905174,41.24615833678448]},"properties":{"OBJECTID":81558,"PERMANENT_IDENTIFIER":"97556562","GNIS_NAME":null,"FTYPE":458,"FCODE":45800}},{"type":"Feature","id":81559,"geometry":{"type":"Point","coordinates":[-123.35247953388215,41.2267023324641]},"properties":{"OBJECTID":81559,"PERMANENT_IDENTIFIER":"97556566","GNIS_NAME":null,"FTYPE":458,"FCODE":45800}},{"type":"Feature","id":81560,"geometry":{"type":"Point","coordinates":[-123.30599199636393,41.24234740424862]},"properties":{"OBJECTID":81560,"PERMANENT_IDENTIFIER":"97556568","GNIS_NAME":null,"FTYPE":458,"FCODE":45800}},{"type":"Feature","id":81561,"geometry":{"type":"Point","coordinates":[-123.32896379246627,41.19279439861976]},"properties":{"OBJECTID":81561,"PERMANENT_IDENTIFIER":"97556572","GNIS_NAME":null,"FTYPE":458,"FCODE":45800}},{"type":"Feature","id":81562,"geometry":{"type":"Point","coordinates":[-123.3155511248774,41.20252913420573]},"properties":{"OBJECTID":81562,"PERMANENT_IDENTIFIER":"97556576","GNIS_NAME":null,"FTYPE":458,"FCODE":45800}},{"type":"Feature","id":81616,"geometry":{"type":"Point","coordinates":[-122.63490178197976,41.78513843317703]},"properties":{"OBJECTID":81616,"PERMANENT_IDENTIFIER":"103351557","GNIS_NAME":null,"FTYPE":458,"FCODE":45800}},{"type":"Feature","id":81617,"geometry":{"type":"Point","coordinates":[-122.62725811396184,41.78457463335835]},"properties":{"OBJECTID":81617,"PERMANENT_IDENTIFIER":"103351561","GNIS_NAME":null,"FTYPE":458,"FCODE":45800}},{"type":"Feature","id":81618,"geometry":{"type":"Point","coordinates":[-122.6603711829294,41.77193109680249]},"properties":{"OBJECTID":81618,"PERMANENT_IDENTIFIER":"103351565","GNIS_NAME":null,"FTYPE":458,"FCODE":45800}},{"type":"Feature","id":81619,"geometry":{"type":"Point","coordinates":[-122.68093978286122,41.75201402687043]},"properties":{"OBJECTID":81619,"PERMANENT_IDENTIFIER":"103351569","GNIS_NAME":null,"FTYPE":458,"FCODE":45800}},{"type":"Feature","id":81620,"geometry":{"type":"Point","coordinates":[-122.42938294754622,41.767310649862075]},"properties":{"OBJECTID":81620,"PERMANENT_IDENTIFIER":"103352133","GNIS_NAME":null,"FTYPE":458,"FCODE":45800}},{"type":"Feature","id":81621,"geometry":{"type":"Point","coordinates":[-122.53564250472539,41.384548613979405]},"properties":{"OBJECTID":81621,"PERMANENT_IDENTIFIER":"103352597","GNIS_NAME":null,"FTYPE":458,"FCODE":45800}},{"type":"Feature","id":81622,"geometry":{"type":"Point","coordinates":[-122.50488023792737,41.419652219016335]},"properties":{"OBJECTID":81622,"PERMANENT_IDENTIFIER":"103352601","GNIS_NAME":null,"FTYPE":458,"FCODE":45800}},{"type":"Feature","id":81623,"geometry":{"type":"Point","coordinates":[-122.60374345574168,41.43808647893545]},"properties":{"OBJECTID":81623,"PERMANENT_IDENTIFIER":"103352607","GNIS_NAME":null,"FTYPE":458,"FCODE":45800}},{"type":"Feature","id":81624,"geometry":{"type":"Point","coordinates":[-122.5247603134887,41.453539419721324]},"properties":{"OBJECTID":81624,"PERMANENT_IDENTIFIER":"103352611","GNIS_NAME":null,"FTYPE":458,"FCODE":45800}},{"type":"Feature","id":81625,"geometry":{"type":"Point","coordinates":[-122.50685104545893,41.46023108890878]},"properties":{"OBJECTID":81625,"PERMANENT_IDENTIFIER":"103352615","GNIS_NAME":null,"FTYPE":458,"FCODE":45800}},{"type":"Feature","id":81626,"geometry":{"type":"Point","coordinates":[-122.5055333123501,41.46466162224367]},"properties":{"OBJECTID":81626,"PERMANENT_IDENTIFIER":"103352619","GNIS_NAME":null,"FTYPE":458,"FCODE":45800}},{"type":"Feature","id":81627,"geometry":{"type":"Point","coordinates":[-122.56297552261199,41.475355418107085]},"properties":{"OBJECTID":81627,"PERMANENT_IDENTIFIER":"103352623","GNIS_NAME":null,"FTYPE":458,"FCODE":45800}},{"type":"Feature","id":81628,"geometry":{"type":"Point","coordinates":[-122.56238425589994,41.47566841840208]},"properties":{"OBJECTID":81628,"PERMANENT_IDENTIFIER":"103352625","GNIS_NAME":null,"FTYPE":458,"FCODE":45800}},{"type":"Feature","id":81629,"geometry":{"type":"Point","coordinates":[-122.56215785550421,41.4760252846375]},"properties":{"OBJECTID":81629,"PERMANENT_IDENTIFIER":"103352629","GNIS_NAME":null,"FTYPE":458,"FCODE":45800}},{"type":"Feature","id":81630,"geometry":{"type":"Point","coordinates":[-122.56265432229873,41.477030218405325]},"properties":{"OBJECTID":81630,"PERMANENT_IDENTIFIER":"103352633","GNIS_NAME":null,"FTYPE":458,"FCODE":45800}},{"type":"Feature","id":81631,"geometry":{"type":"Point","coordinates":[-122.55797412174098,41.47815568575055]},"properties":{"OBJECTID":81631,"PERMANENT_IDENTIFIER":"103352637","GNIS_NAME":null,"FTYPE":458,"FCODE":45800}},{"type":"Feature","id":81632,"geometry":{"type":"Point","coordinates":[-122.50643604726227,41.47580848937242]},"properties":{"OBJECTID":81632,"PERMANENT_IDENTIFIER":"103352645","GNIS_NAME":null,"FTYPE":458,"FCODE":45800}},{"type":"Feature","id":81633,"geometry":{"type":"Point","coordinates":[-122.5497226550092,41.482619086687734]},"properties":{"OBJECTID":81633,"PERMANENT_IDENTIFIER":"103352649","GNIS_NAME":null,"FTYPE":458,"FCODE":45800}},{"type":"Feature","id":81634,"geometry":{"type":"Point","coordinates":[-122.55081792198082,41.48212508633188]},"properties":{"OBJECTID":81634,"PERMANENT_IDENTIFIER":"103352651","GNIS_NAME":null,"FTYPE":458,"FCODE":45800}},{"type":"Feature","id":81635,"geometry":{"type":"Point","coordinates":[-122.55241752114227,41.47981348561962]},"properties":{"OBJECTID":81635,"PERMANENT_IDENTIFIER":"103352655","GNIS_NAME":null,"FTYPE":458,"FCODE":45800}},{"type":"Feature","id":81636,"geometry":{"type":"Point","coordinates":[-122.54449452077165,41.48303568655173]},"properties":{"OBJECTID":81636,"PERMANENT_IDENTIFIER":"103352659","GNIS_NAME":null,"FTYPE":458,"FCODE":45800}},{"type":"Feature","id":81637,"geometry":{"type":"Point","coordinates":[-122.52826691880817,41.487798221613566]},"properties":{"OBJECTID":81637,"PERMANENT_IDENTIFIER":"103352663","GNIS_NAME":null,"FTYPE":458,"FCODE":45800}},{"type":"Feature","id":81638,"geometry":{"type":"Point","coordinates":[-122.52894523762266,41.39276688199585]},"properties":{"OBJECTID":81638,"PERMANENT_IDENTIFIER":"103352667","GNIS_NAME":null,"FTYPE":458,"FCODE":45800}},{"type":"Feature","id":82023,"geometry":{"type":"Point","coordinates":[-122.53163084716658,41.44866548589075]},"properties":{"OBJECTID":82023,"PERMANENT_IDENTIFIER":"103352671","GNIS_NAME":null,"FTYPE":458,"FCODE":45800}},{"type":"Feature","id":82024,"geometry":{"type":"Point","coordinates":[-122.56399032197932,41.473082217900135]},"properties":{"OBJECTID":82024,"PERMANENT_IDENTIFIER":"103352673","GNIS_NAME":null,"FTYPE":458,"FCODE":45800}},{"type":"Feature","id":82025,"geometry":{"type":"Point","coordinates":[-122.50659624785389,41.476302689900265]},"properties":{"OBJECTID":82025,"PERMANENT_IDENTIFIER":"103352677","GNIS_NAME":null,"FTYPE":458,"FCODE":45800}},{"type":"Feature","id":82026,"geometry":{"type":"Point","coordinates":[-122.54539245466063,41.48354108656308]},"properties":{"OBJECTID":82026,"PERMANENT_IDENTIFIER":"103352681","GNIS_NAME":null,"FTYPE":458,"FCODE":45800}},{"type":"Feature","id":82027,"geometry":{"type":"Point","coordinates":[-122.32731373360126,41.77404372641044]},"properties":{"OBJECTID":82027,"PERMANENT_IDENTIFIER":"103353033","GNIS_NAME":null,"FTYPE":458,"FCODE":45800}},{"type":"Feature","id":82028,"geometry":{"type":"Point","coordinates":[-122.31656032923925,41.7562774593285]},"properties":{"OBJECTID":82028,"PERMANENT_IDENTIFIER":"103353037","GNIS_NAME":null,"FTYPE":458,"FCODE":45800}},{"type":"Feature","id":82029,"geometry":{"type":"Point","coordinates":[-122.29722365999496,41.75893406074397]},"properties":{"OBJECTID":82029,"PERMANENT_IDENTIFIER":"103353041","GNIS_NAME":null,"FTYPE":458,"FCODE":45800}},{"type":"Feature","id":82030,"geometry":{"type":"Point","coordinates":[-122.3038527273875,41.75732606075361]},"properties":{"OBJECTID":82030,"PERMANENT_IDENTIFIER":"103353045","GNIS_NAME":null,"FTYPE":458,"FCODE":45800}},{"type":"Feature","id":82031,"geometry":{"type":"Point","coordinates":[-122.30104966238252,41.76819686162085]},"properties":{"OBJECTID":82031,"PERMANENT_IDENTIFIER":"103353047","GNIS_NAME":null,"FTYPE":458,"FCODE":45800}},{"type":"Feature","id":82032,"geometry":{"type":"Point","coordinates":[-122.2722192600962,41.78069766484323]},"properties":{"OBJECTID":82032,"PERMANENT_IDENTIFIER":"103353051","GNIS_NAME":null,"FTYPE":458,"FCODE":45800}},{"type":"Feature","id":82033,"geometry":{"type":"Point","coordinates":[-122.28775865817359,41.75429306126172]},"properties":{"OBJECTID":82033,"PERMANENT_IDENTIFIER":"103353055","GNIS_NAME":null,"FTYPE":458,"FCODE":45800}},{"type":"Feature","id":82034,"geometry":{"type":"Point","coordinates":[-122.26107172128172,41.76002726446136]},"properties":{"OBJECTID":82034,"PERMANENT_IDENTIFIER":"103353059","GNIS_NAME":null,"FTYPE":458,"FCODE":45800}},{"type":"Feature","id":82035,"geometry":{"type":"Point","coordinates":[-122.5638309423689,41.60212629341951]},"properties":{"OBJECTID":82035,"PERMANENT_IDENTIFIER":"103354201","GNIS_NAME":null,"FTYPE":458,"FCODE":45800}},{"type":"Feature","id":82036,"geometry":{"type":"Point","coordinates":[-122.54006752476162,41.511575289232546]},"properties":{"OBJECTID":82036,"PERMANENT_IDENTIFIER":"103354205","GNIS_NAME":null,"FTYPE":458,"FCODE":45800}},{"type":"Feature","id":82037,"geometry":{"type":"Point","coordinates":[-122.55382992722353,41.51422382127375]},"properties":{"OBJECTID":82037,"PERMANENT_IDENTIFIER":"103354207","GNIS_NAME":null,"FTYPE":458,"FCODE":45800}},{"type":"Feature","id":82038,"geometry":{"type":"Point","coordinates":[-122.5538426768848,41.62031689548701]},"properties":{"OBJECTID":82038,"PERMANENT_IDENTIFIER":"103354211","GNIS_NAME":null,"FTYPE":458,"FCODE":45800}},{"type":"Feature","id":82039,"geometry":{"type":"Point","coordinates":[-122.55586086096312,41.51410302133541]},"properties":{"OBJECTID":82039,"PERMANENT_IDENTIFIER":"103354221","GNIS_NAME":null,"FTYPE":458,"FCODE":45800}},{"type":"Feature","id":82040,"geometry":{"type":"Point","coordinates":[-122.21525423553655,41.68565573014496]},"properties":{"OBJECTID":82040,"PERMANENT_IDENTIFIER":"103354361","GNIS_NAME":null,"FTYPE":458,"FCODE":45800}},{"type":"Feature","id":82041,"geometry":{"type":"Point","coordinates":[-122.60425970620629,41.75826283381815]},"properties":{"OBJECTID":82041,"PERMANENT_IDENTIFIER":"103355009","GNIS_NAME":null,"FTYPE":458,"FCODE":45800}},{"type":"Feature","id":82042,"geometry":{"type":"Point","coordinates":[-122.56661317068352,41.783274838571664]},"properties":{"OBJECTID":82042,"PERMANENT_IDENTIFIER":"103355013","GNIS_NAME":null,"FTYPE":458,"FCODE":45800}},{"type":"Feature","id":82043,"geometry":{"type":"Point","coordinates":[-122.54183489960117,41.77684924043915]},"properties":{"OBJECTID":82043,"PERMANENT_IDENTIFIER":"103355017","GNIS_NAME":null,"FTYPE":458,"FCODE":45800}},{"type":"Feature","id":82044,"geometry":{"type":"Point","coordinates":[-122.5481927684941,41.78398784061177]},"properties":{"OBJECTID":82044,"PERMANENT_IDENTIFIER":"103355019","GNIS_NAME":null,"FTYPE":458,"FCODE":45800}},{"type":"Feature","id":82045,"geometry":{"type":"Point","coordinates":[-122.55400737258265,41.803194441445044]},"properties":{"OBJECTID":82045,"PERMANENT_IDENTIFIER":"103355023","GNIS_NAME":null,"FTYPE":458,"FCODE":45800}},{"type":"Feature","id":82046,"geometry":{"type":"Point","coordinates":[-122.56850530345066,41.77419883840734]},"properties":{"OBJECTID":82046,"PERMANENT_IDENTIFIER":"103355067","GNIS_NAME":null,"FTYPE":458,"FCODE":45800}},{"type":"Feature","id":82047,"geometry":{"type":"Point","coordinates":[-122.35521841558267,41.42068483243605]},"properties":{"OBJECTID":82047,"PERMANENT_IDENTIFIER":"103355201","GNIS_NAME":null,"FTYPE":458,"FCODE":45800}},{"type":"Feature","id":82048,"geometry":{"type":"Point","coordinates":[-122.27599730219752,41.624701320392866]},"properties":{"OBJECTID":82048,"PERMANENT_IDENTIFIER":"103355395","GNIS_NAME":null,"FTYPE":458,"FCODE":45800}},{"type":"Feature","id":82049,"geometry":{"type":"Point","coordinates":[-122.4579507274129,41.60901743666047]},"properties":{"OBJECTID":82049,"PERMANENT_IDENTIFIER":"103356179","GNIS_NAME":null,"FTYPE":458,"FCODE":45800}},{"type":"Feature","id":82050,"geometry":{"type":"Point","coordinates":[-122.41769351951305,41.60042443955087]},"properties":{"OBJECTID":82050,"PERMANENT_IDENTIFIER":"103356181","GNIS_NAME":null,"FTYPE":458,"FCODE":45800}},{"type":"Feature","id":82051,"geometry":{"type":"Point","coordinates":[-122.47338211911718,41.54356383044742]},"properties":{"OBJECTID":82051,"PERMANENT_IDENTIFIER":"103356185","GNIS_NAME":null,"FTYPE":458,"FCODE":45800}},{"type":"Feature","id":82052,"geometry":{"type":"Point","coordinates":[-122.46793411487434,41.52052062953417]},"properties":{"OBJECTID":82052,"PERMANENT_IDENTIFIER":"103356189","GNIS_NAME":null,"FTYPE":458,"FCODE":45800}},{"type":"Feature","id":82053,"geometry":{"type":"Point","coordinates":[-122.46859851550803,41.519482696233624]},"properties":{"OBJECTID":82053,"PERMANENT_IDENTIFIER":"103356193","GNIS_NAME":null,"FTYPE":458,"FCODE":45800}},{"type":"Feature","id":82054,"geometry":{"type":"Point","coordinates":[-122.38734550484894,41.53371410409131]},"properties":{"OBJECTID":82054,"PERMANENT_IDENTIFIER":"103356197","GNIS_NAME":null,"FTYPE":458,"FCODE":45800}},{"type":"Feature","id":82055,"geometry":{"type":"Point","coordinates":[-122.46064644886481,41.5312348977595]},"properties":{"OBJECTID":82055,"PERMANENT_IDENTIFIER":"103356201","GNIS_NAME":null,"FTYPE":458,"FCODE":45800}},{"type":"Feature","id":82056,"geometry":{"type":"Point","coordinates":[-122.4675389201179,41.551818232021105]},"properties":{"OBJECTID":82056,"PERMANENT_IDENTIFIER":"103356205","GNIS_NAME":null,"FTYPE":458,"FCODE":45800}},{"type":"Feature","id":82057,"geometry":{"type":"Point","coordinates":[-122.41405771942964,41.601165040238655]},"properties":{"OBJECTID":82057,"PERMANENT_IDENTIFIER":"103356207","GNIS_NAME":null,"FTYPE":458,"FCODE":45800}},{"type":"Feature","id":82058,"geometry":{"type":"Point","coordinates":[-122.41339245307176,41.600132639734994]},"properties":{"OBJECTID":82058,"PERMANENT_IDENTIFIER":"103356211","GNIS_NAME":null,"FTYPE":458,"FCODE":45800}},{"type":"Feature","id":82059,"geometry":{"type":"Point","coordinates":[-122.4411517464609,41.74806111457426]},"properties":{"OBJECTID":82059,"PERMANENT_IDENTIFIER":"103357385","GNIS_NAME":null,"FTYPE":458,"FCODE":45800}},{"type":"Feature","id":82060,"geometry":{"type":"Point","coordinates":[-122.46517367325745,41.68242864086381]},"properties":{"OBJECTID":82060,"PERMANENT_IDENTIFIER":"103357389","GNIS_NAME":null,"FTYPE":458,"FCODE":45800}},{"type":"Feature","id":82061,"geometry":{"type":"Point","coordinates":[-122.4647999395117,41.682148707275644]},"properties":{"OBJECTID":82061,"PERMANENT_IDENTIFIER":"103357393","GNIS_NAME":null,"FTYPE":458,"FCODE":45800}},{"type":"Feature","id":82062,"geometry":{"type":"Point","coordinates":[-122.58745189736509,41.718912432366814]},"properties":{"OBJECTID":82062,"PERMANENT_IDENTIFIER":"103358701","GNIS_NAME":null,"FTYPE":458,"FCODE":45800}},{"type":"Feature","id":82063,"geometry":{"type":"Point","coordinates":[-122.58064316723576,41.74625723503877]},"properties":{"OBJECTID":82063,"PERMANENT_IDENTIFIER":"103358705","GNIS_NAME":null,"FTYPE":458,"FCODE":45800}},{"type":"Feature","id":82064,"geometry":{"type":"Point","coordinates":[-122.4813184872262,41.324197481102104]},"properties":{"OBJECTID":82064,"PERMANENT_IDENTIFIER":"103359039","GNIS_NAME":null,"FTYPE":458,"FCODE":45800}},{"type":"Feature","id":82065,"geometry":{"type":"Point","coordinates":[-122.43414541583174,41.34228222025413]},"properties":{"OBJECTID":82065,"PERMANENT_IDENTIFIER":"103359043","GNIS_NAME":null,"FTYPE":458,"FCODE":45800}},{"type":"Feature","id":82066,"geometry":{"type":"Point","coordinates":[-122.42466381645495,41.3533460217553]},"properties":{"OBJECTID":82066,"PERMANENT_IDENTIFIER":"103359047","GNIS_NAME":null,"FTYPE":458,"FCODE":45800}},{"type":"Feature","id":82067,"geometry":{"type":"Point","coordinates":[-122.45895122152089,41.35443741870803]},"properties":{"OBJECTID":82067,"PERMANENT_IDENTIFIER":"103359051","GNIS_NAME":null,"FTYPE":458,"FCODE":45800}},{"type":"Feature","id":82068,"geometry":{"type":"Point","coordinates":[-122.22100346288327,41.42695544425797]},"properties":{"OBJECTID":82068,"PERMANENT_IDENTIFIER":"103359213","GNIS_NAME":null,"FTYPE":458,"FCODE":45800}},{"type":"Feature","id":82069,"geometry":{"type":"Point","coordinates":[-122.2187863963674,41.42828491160246]},"properties":{"OBJECTID":82069,"PERMANENT_IDENTIFIER":"103359215","GNIS_NAME":null,"FTYPE":458,"FCODE":45800}},{"type":"Feature","id":82070,"geometry":{"type":"Point","coordinates":[-122.18590211269917,41.77808233920874]},"properties":{"OBJECTID":82070,"PERMANENT_IDENTIFIER":"103359295","GNIS_NAME":null,"FTYPE":458,"FCODE":45800}},{"type":"Feature","id":82071,"geometry":{"type":"Point","coordinates":[-122.18791931347302,41.778543671895235]},"properties":{"OBJECTID":82071,"PERMANENT_IDENTIFIER":"103359299","GNIS_NAME":null,"FTYPE":458,"FCODE":45800}},{"type":"Feature","id":82072,"geometry":{"type":"Point","coordinates":[-122.23853845400858,41.77843906795685]},"properties":{"OBJECTID":82072,"PERMANENT_IDENTIFIER":"103359339","GNIS_NAME":null,"FTYPE":458,"FCODE":45800}},{"type":"Feature","id":82073,"geometry":{"type":"Point","coordinates":[-122.2241469187673,41.77829626899309]},"properties":{"OBJECTID":82073,"PERMANENT_IDENTIFIER":"103359343","GNIS_NAME":null,"FTYPE":458,"FCODE":45800}},{"type":"Feature","id":82074,"geometry":{"type":"Point","coordinates":[-122.23777352323745,41.79506986865416]},"properties":{"OBJECTID":82074,"PERMANENT_IDENTIFIER":"103359347","GNIS_NAME":null,"FTYPE":458,"FCODE":45800}},{"type":"Feature","id":82075,"geometry":{"type":"Point","coordinates":[-122.23666645661196,41.79599266870501]},"properties":{"OBJECTID":82075,"PERMANENT_IDENTIFIER":"103359351","GNIS_NAME":null,"FTYPE":458,"FCODE":45800}},{"type":"Feature","id":82076,"geometry":{"type":"Point","coordinates":[-122.21904145618699,41.80894507159815]},"properties":{"OBJECTID":82076,"PERMANENT_IDENTIFIER":"103359353","GNIS_NAME":null,"FTYPE":458,"FCODE":45800}},{"type":"Feature","id":82077,"geometry":{"type":"Point","coordinates":[-122.19005445251562,41.81241354072508]},"properties":{"OBJECTID":82077,"PERMANENT_IDENTIFIER":"103359459","GNIS_NAME":null,"FTYPE":458,"FCODE":45800}},{"type":"Feature","id":82078,"geometry":{"type":"Point","coordinates":[-122.21085505299637,41.797065871734624]},"properties":{"OBJECTID":82078,"PERMANENT_IDENTIFIER":"103359463","GNIS_NAME":null,"FTYPE":458,"FCODE":45800}},{"type":"Feature","id":82079,"geometry":{"type":"Point","coordinates":[-122.23907812168751,41.78391266799876]},"properties":{"OBJECTID":82079,"PERMANENT_IDENTIFIER":"103359467","GNIS_NAME":null,"FTYPE":458,"FCODE":45800}},{"type":"Feature","id":82080,"geometry":{"type":"Point","coordinates":[-122.15841223953728,41.759609273328245]},"properties":{"OBJECTID":82080,"PERMANENT_IDENTIFIER":"103359497","GNIS_NAME":"Smith Spring","FTYPE":458,"FCODE":45800}},{"type":"Feature","id":82081,"geometry":{"type":"Point","coordinates":[-122.17770364347803,41.76697507216211]},"properties":{"OBJECTID":82081,"PERMANENT_IDENTIFIER":"103359501","GNIS_NAME":null,"FTYPE":458,"FCODE":45800}},{"type":"Feature","id":82082,"geometry":{"type":"Point","coordinates":[-122.18651864565416,41.771867338701384]},"properties":{"OBJECTID":82082,"PERMANENT_IDENTIFIER":"103359505","GNIS_NAME":null,"FTYPE":458,"FCODE":45800}},{"type":"Feature","id":82083,"geometry":{"type":"Point","coordinates":[-122.20406764652724,41.764014936096444]},"properties":{"OBJECTID":82083,"PERMANENT_IDENTIFIER":"103359509","GNIS_NAME":null,"FTYPE":458,"FCODE":45800}},{"type":"Feature","id":82084,"geometry":{"type":"Point","coordinates":[-122.19355465126817,41.80574274028615]},"properties":{"OBJECTID":82084,"PERMANENT_IDENTIFIER":"103359513","GNIS_NAME":null,"FTYPE":458,"FCODE":45800}},{"type":"Feature","id":82085,"geometry":{"type":"Point","coordinates":[-122.20407865433485,41.81088613996374]},"properties":{"OBJECTID":82085,"PERMANENT_IDENTIFIER":"103359517","GNIS_NAME":null,"FTYPE":458,"FCODE":45800}},{"type":"Feature","id":82086,"geometry":{"type":"Point","coordinates":[-122.18876284721175,41.780454339225685]},"properties":{"OBJECTID":82086,"PERMANENT_IDENTIFIER":"103359519","GNIS_NAME":null,"FTYPE":458,"FCODE":45800}},{"type":"Feature","id":82087,"geometry":{"type":"Point","coordinates":[-122.1842162439167,41.763126671117845]},"properties":{"OBJECTID":82087,"PERMANENT_IDENTIFIER":"103359523","GNIS_NAME":null,"FTYPE":458,"FCODE":45800}},{"type":"Feature","id":82088,"geometry":{"type":"Point","coordinates":[-122.21340751999094,41.79501193774456]},"properties":{"OBJECTID":82088,"PERMANENT_IDENTIFIER":"103359533","GNIS_NAME":"Little Shasta Spring","FTYPE":458,"FCODE":45800}},{"type":"Feature","id":82089,"geometry":{"type":"Point","coordinates":[-122.37085626897301,41.74753725386186]},"properties":{"OBJECTID":82089,"PERMANENT_IDENTIFIER":"103360049","GNIS_NAME":null,"FTYPE":458,"FCODE":45800}},{"type":"Feature","id":82090,"geometry":{"type":"Point","coordinates":[-122.36595146814311,41.747446254213024]},"properties":{"OBJECTID":82090,"PERMANENT_IDENTIFIER":"103360051","GNIS_NAME":null,"FTYPE":458,"FCODE":45800}},{"type":"Feature","id":82091,"geometry":{"type":"Point","coordinates":[-122.36731213471916,41.743805320902894]},"properties":{"OBJECTID":82091,"PERMANENT_IDENTIFIER":"103360055","GNIS_NAME":null,"FTYPE":458,"FCODE":45800}},{"type":"Feature","id":82092,"geometry":{"type":"Point","coordinates":[-122.33896052680039,41.720002854459636]},"properties":{"OBJECTID":82092,"PERMANENT_IDENTIFIER":"103360059","GNIS_NAME":null,"FTYPE":458,"FCODE":45800}},{"type":"Feature","id":82093,"geometry":{"type":"Point","coordinates":[-122.32850012844642,41.74132985723233]},"properties":{"OBJECTID":82093,"PERMANENT_IDENTIFIER":"103360063","GNIS_NAME":null,"FTYPE":458,"FCODE":45800}},{"type":"Feature","id":82094,"geometry":{"type":"Point","coordinates":[-122.24048482876482,41.61179952276068]},"properties":{"OBJECTID":82094,"PERMANENT_IDENTIFIER":"103360421","GNIS_NAME":null,"FTYPE":458,"FCODE":45800}},{"type":"Feature","id":82095,"geometry":{"type":"Point","coordinates":[-122.24149562311736,41.576890119820646]},"properties":{"OBJECTID":82095,"PERMANENT_IDENTIFIER":"103360423","GNIS_NAME":null,"FTYPE":458,"FCODE":45800}},{"type":"Feature","id":82096,"geometry":{"type":"Point","coordinates":[-122.24100088985224,41.58002545363326]},"properties":{"OBJECTID":82096,"PERMANENT_IDENTIFIER":"103360427","GNIS_NAME":null,"FTYPE":458,"FCODE":45800}},{"type":"Feature","id":82097,"geometry":{"type":"Point","coordinates":[-122.20813888921644,41.6075872582953]},"properties":{"OBJECTID":82097,"PERMANENT_IDENTIFIER":"103360431","GNIS_NAME":null,"FTYPE":458,"FCODE":45800}},{"type":"Feature","id":82098,"geometry":{"type":"Point","coordinates":[-122.40068263176133,41.47977169903107]},"properties":{"OBJECTID":82098,"PERMANENT_IDENTIFIER":"103360989","GNIS_NAME":null,"FTYPE":458,"FCODE":45800}},{"type":"Feature","id":82099,"geometry":{"type":"Point","coordinates":[-122.49173864397402,41.47001849089146]},"properties":{"OBJECTID":82099,"PERMANENT_IDENTIFIER":"103360993","GNIS_NAME":null,"FTYPE":458,"FCODE":45800}},{"type":"Feature","id":82100,"geometry":{"type":"Point","coordinates":[-122.48729931035415,41.469043091311335]},"properties":{"OBJECTID":82100,"PERMANENT_IDENTIFIER":"103360997","GNIS_NAME":null,"FTYPE":458,"FCODE":45800}},{"type":"Feature","id":82101,"geometry":{"type":"Point","coordinates":[-122.45454069508064,41.40183308884793]},"properties":{"OBJECTID":82101,"PERMANENT_IDENTIFIER":"103360999","GNIS_NAME":null,"FTYPE":458,"FCODE":45800}},{"type":"Feature","id":82102,"geometry":{"type":"Point","coordinates":[-122.38927181707201,41.39078242741013]},"properties":{"OBJECTID":82102,"PERMANENT_IDENTIFIER":"103361003","GNIS_NAME":null,"FTYPE":458,"FCODE":45800}},{"type":"Feature","id":82103,"geometry":{"type":"Point","coordinates":[-122.7273635876811,41.7330774875762]},"properties":{"OBJECTID":82103,"PERMANENT_IDENTIFIER":"103361623","GNIS_NAME":null,"FTYPE":458,"FCODE":45800}},{"type":"Feature","id":82104,"geometry":{"type":"Point","coordinates":[-122.63270732730503,41.44022300960723]},"properties":{"OBJECTID":82104,"PERMANENT_IDENTIFIER":"103361731","GNIS_NAME":null,"FTYPE":458,"FCODE":45800}},{"type":"Feature","id":90205,"geometry":{"type":"Point","coordinates":[-122.1454173889513,41.01161942175677]},"properties":{"OBJECTID":90205,"PERMANENT_IDENTIFIER":"97663319","GNIS_NAME":null,"FTYPE":458,"FCODE":45800}},{"type":"Feature","id":90206,"geometry":{"type":"Point","coordinates":[-122.19874480602022,41.073825221128466]},"properties":{"OBJECTID":90206,"PERMANENT_IDENTIFIER":"97663321","GNIS_NAME":"Cold Spring","FTYPE":458,"FCODE":45800}},{"type":"Feature","id":90207,"geometry":{"type":"Point","coordinates":[-122.0841007175999,41.04419029555608]},"properties":{"OBJECTID":90207,"PERMANENT_IDENTIFIER":"97661711","GNIS_NAME":null,"FTYPE":458,"FCODE":45800}},{"type":"Feature","id":93171,"geometry":{"type":"Point","coordinates":[-122.86764872871767,41.22303344055797]},"properties":{"OBJECTID":93171,"PERMANENT_IDENTIFIER":"110168486","GNIS_NAME":null,"FTYPE":458,"FCODE":45800}},{"type":"Feature","id":93172,"geometry":{"type":"Point","coordinates":[-122.79910325227563,41.221700980231546]},"properties":{"OBJECTID":93172,"PERMANENT_IDENTIFIER":"110168488","GNIS_NAME":null,"FTYPE":458,"FCODE":45800}},{"type":"Feature","id":93173,"geometry":{"type":"Point","coordinates":[-122.85815712564843,41.21334304092719]},"properties":{"OBJECTID":93173,"PERMANENT_IDENTIFIER":"110168492","GNIS_NAME":null,"FTYPE":458,"FCODE":45800}},{"type":"Feature","id":93174,"geometry":{"type":"Point","coordinates":[-122.7675700497856,41.23799605018076]},"properties":{"OBJECTID":93174,"PERMANENT_IDENTIFIER":"110168496","GNIS_NAME":null,"FTYPE":458,"FCODE":45800}},{"type":"Feature","id":93175,"geometry":{"type":"Point","coordinates":[-122.78984871923622,41.2335661819058]},"properties":{"OBJECTID":93175,"PERMANENT_IDENTIFIER":"110168500","GNIS_NAME":null,"FTYPE":458,"FCODE":45800}},{"type":"Feature","id":93176,"geometry":{"type":"Point","coordinates":[-122.78642284997873,41.22042164773245]},"properties":{"OBJECTID":93176,"PERMANENT_IDENTIFIER":"110168504","GNIS_NAME":null,"FTYPE":458,"FCODE":45800}},{"type":"Feature","id":93177,"geometry":{"type":"Point","coordinates":[-122.80792325213585,41.211397178250444]},"properties":{"OBJECTID":93177,"PERMANENT_IDENTIFIER":"110168508","GNIS_NAME":null,"FTYPE":458,"FCODE":45800}},{"type":"Feature","id":93178,"geometry":{"type":"Point","coordinates":[-123.0671437482862,41.58949044807468]},"properties":{"OBJECTID":93178,"PERMANENT_IDENTIFIER":"110168992","GNIS_NAME":null,"FTYPE":458,"FCODE":45800}},{"type":"Feature","id":93179,"geometry":{"type":"Point","coordinates":[-123.08471514873148,41.574301245828636]},"properties":{"OBJECTID":93179,"PERMANENT_IDENTIFIER":"110168996","GNIS_NAME":null,"FTYPE":458,"FCODE":45800}},{"type":"Feature","id":93180,"geometry":{"type":"Point","coordinates":[-123.08215901489562,41.57532537946755]},"properties":{"OBJECTID":93180,"PERMANENT_IDENTIFIER":"110169000","GNIS_NAME":null,"FTYPE":458,"FCODE":45800}},{"type":"Feature","id":93181,"geometry":{"type":"Point","coordinates":[-123.07615474749949,41.573158845893545]},"properties":{"OBJECTID":93181,"PERMANENT_IDENTIFIER":"110169004","GNIS_NAME":null,"FTYPE":458,"FCODE":45800}},{"type":"Feature","id":93182,"geometry":{"type":"Point","coordinates":[-123.06130660935608,41.559395646752]},"properties":{"OBJECTID":93182,"PERMANENT_IDENTIFIER":"110169008","GNIS_NAME":null,"FTYPE":458,"FCODE":45800}},{"type":"Feature","id":93183,"geometry":{"type":"Point","coordinates":[-123.04471960908168,41.57401804936686]},"properties":{"OBJECTID":93183,"PERMANENT_IDENTIFIER":"110169012","GNIS_NAME":null,"FTYPE":458,"FCODE":45800}},{"type":"Feature","id":93184,"geometry":{"type":"Point","coordinates":[-123.05800301219082,41.5820059815899]},"properties":{"OBJECTID":93184,"PERMANENT_IDENTIFIER":"110169016","GNIS_NAME":null,"FTYPE":458,"FCODE":45800}},{"type":"Feature","id":93185,"geometry":{"type":"Point","coordinates":[-123.02067020594825,41.57359278490039]},"properties":{"OBJECTID":93185,"PERMANENT_IDENTIFIER":"110169018","GNIS_NAME":null,"FTYPE":458,"FCODE":45800}},{"type":"Feature","id":93186,"geometry":{"type":"Point","coordinates":[-123.02160901408796,41.62446585469744]},"properties":{"OBJECTID":93186,"PERMANENT_IDENTIFIER":"110169022","GNIS_NAME":null,"FTYPE":458,"FCODE":45800}},{"type":"Feature","id":93187,"geometry":{"type":"Point","coordinates":[-123.05246381139919,41.577185181834665]},"properties":{"OBJECTID":93187,"PERMANENT_IDENTIFIER":"110169026","GNIS_NAME":null,"FTYPE":458,"FCODE":45800}},{"type":"Feature","id":93188,"geometry":{"type":"Point","coordinates":[-122.77357586653663,41.34401165752907]},"properties":{"OBJECTID":93188,"PERMANENT_IDENTIFIER":"110170168","GNIS_NAME":null,"FTYPE":458,"FCODE":45800}},{"type":"Feature","id":93189,"geometry":{"type":"Point","coordinates":[-122.85711287292992,41.301380580108976]},"properties":{"OBJECTID":93189,"PERMANENT_IDENTIFIER":"110170172","GNIS_NAME":null,"FTYPE":458,"FCODE":45800}},{"type":"Feature","id":93190,"geometry":{"type":"Point","coordinates":[-122.8004700652851,41.30460725223218]},"properties":{"OBJECTID":93190,"PERMANENT_IDENTIFIER":"110170176","GNIS_NAME":null,"FTYPE":458,"FCODE":45800}},{"type":"Feature","id":93191,"geometry":{"type":"Point","coordinates":[-122.80751212992777,41.28812145049369]},"properties":{"OBJECTID":93191,"PERMANENT_IDENTIFIER":"110170178","GNIS_NAME":null,"FTYPE":458,"FCODE":45800}},{"type":"Feature","id":93192,"geometry":{"type":"Point","coordinates":[-122.77592485505568,41.26672525210577]},"properties":{"OBJECTID":93192,"PERMANENT_IDENTIFIER":"110170182","GNIS_NAME":null,"FTYPE":458,"FCODE":45800}},{"type":"Feature","id":93193,"geometry":{"type":"Point","coordinates":[-122.77405545379101,41.26053325161305]},"properties":{"OBJECTID":93193,"PERMANENT_IDENTIFIER":"110170186","GNIS_NAME":null,"FTYPE":458,"FCODE":45800}},{"type":"Feature","id":93194,"geometry":{"type":"Point","coordinates":[-122.59328825069217,41.41610041111274]},"properties":{"OBJECTID":93194,"PERMANENT_IDENTIFIER":"110170316","GNIS_NAME":null,"FTYPE":458,"FCODE":45800}},{"type":"Feature","id":93195,"geometry":{"type":"Point","coordinates":[-122.96511876327311,41.351496174717546]},"properties":{"OBJECTID":93195,"PERMANENT_IDENTIFIER":"110171902","GNIS_NAME":null,"FTYPE":458,"FCODE":45800}},{"type":"Feature","id":93196,"geometry":{"type":"Point","coordinates":[-122.96512629569767,41.345830240927306]},"properties":{"OBJECTID":93196,"PERMANENT_IDENTIFIER":"110171906","GNIS_NAME":null,"FTYPE":458,"FCODE":45800}},{"type":"Feature","id":93197,"geometry":{"type":"Point","coordinates":[-122.94066535206157,41.30480837317797]},"properties":{"OBJECTID":93197,"PERMANENT_IDENTIFIER":"110171908","GNIS_NAME":null,"FTYPE":458,"FCODE":45800}},{"type":"Feature","id":93198,"geometry":{"type":"Point","coordinates":[-122.91087154341533,41.272289373844465]},"properties":{"OBJECTID":93198,"PERMANENT_IDENTIFIER":"110171912","GNIS_NAME":null,"FTYPE":458,"FCODE":45800}},{"type":"Feature","id":93199,"geometry":{"type":"Point","coordinates":[-122.91848614412012,41.27204717318743]},"properties":{"OBJECTID":93199,"PERMANENT_IDENTIFIER":"110171916","GNIS_NAME":null,"FTYPE":458,"FCODE":45800}},{"type":"Feature","id":93200,"geometry":{"type":"Point","coordinates":[-122.92504747796168,41.271740772818994]},"properties":{"OBJECTID":93200,"PERMANENT_IDENTIFIER":"110171920","GNIS_NAME":null,"FTYPE":458,"FCODE":45800}},{"type":"Feature","id":93201,"geometry":{"type":"Point","coordinates":[-122.89640567867896,41.304624376849]},"properties":{"OBJECTID":93201,"PERMANENT_IDENTIFIER":"110171924","GNIS_NAME":null,"FTYPE":458,"FCODE":45800}},{"type":"Feature","id":93202,"geometry":{"type":"Point","coordinates":[-122.95345288564262,41.28903243785311]},"properties":{"OBJECTID":93202,"PERMANENT_IDENTIFIER":"110171928","GNIS_NAME":null,"FTYPE":458,"FCODE":45800}},{"type":"Feature","id":93203,"geometry":{"type":"Point","coordinates":[-122.9460825492187,41.27984137134234]},"properties":{"OBJECTID":93203,"PERMANENT_IDENTIFIER":"110171930","GNIS_NAME":null,"FTYPE":458,"FCODE":45800}},{"type":"Feature","id":93204,"geometry":{"type":"Point","coordinates":[-122.9980935224002,41.48880824735303]},"properties":{"OBJECTID":93204,"PERMANENT_IDENTIFIER":"110172490","GNIS_NAME":null,"FTYPE":458,"FCODE":45800}},{"type":"Feature","id":93205,"geometry":{"type":"Point","coordinates":[-122.92246130599462,41.45478405171946]},"properties":{"OBJECTID":93205,"PERMANENT_IDENTIFIER":"110172494","GNIS_NAME":null,"FTYPE":458,"FCODE":45800}},{"type":"Feature","id":93206,"geometry":{"type":"Point","coordinates":[-122.94521270974369,41.459931183270434]},"properties":{"OBJECTID":93206,"PERMANENT_IDENTIFIER":"110172498","GNIS_NAME":null,"FTYPE":458,"FCODE":45800}},{"type":"Feature","id":93207,"geometry":{"type":"Point","coordinates":[-122.87778976017906,41.41826065294829]},"properties":{"OBJECTID":93207,"PERMANENT_IDENTIFIER":"110172502","GNIS_NAME":null,"FTYPE":458,"FCODE":45800}},{"type":"Feature","id":93208,"geometry":{"type":"Point","coordinates":[-122.93662956868492,41.4119706473957]},"properties":{"OBJECTID":93208,"PERMANENT_IDENTIFIER":"110172506","GNIS_NAME":null,"FTYPE":458,"FCODE":45800}},{"type":"Feature","id":93209,"geometry":{"type":"Point","coordinates":[-122.960281167403,41.38326917684274]},"properties":{"OBJECTID":93209,"PERMANENT_IDENTIFIER":"110172508","GNIS_NAME":null,"FTYPE":458,"FCODE":45800}},{"type":"Feature","id":93210,"geometry":{"type":"Point","coordinates":[-122.86856632037215,41.59812446599187]},"properties":{"OBJECTID":93210,"PERMANENT_IDENTIFIER":"110173374","GNIS_NAME":null,"FTYPE":458,"FCODE":45800}},{"type":"Feature","id":93211,"geometry":{"type":"Point","coordinates":[-122.79236197579368,41.597945405935036]},"properties":{"OBJECTID":93211,"PERMANENT_IDENTIFIER":"110173378","GNIS_NAME":null,"FTYPE":458,"FCODE":45800}},{"type":"Feature","id":93212,"geometry":{"type":"Point","coordinates":[-122.81396876421275,41.506395197900204]},"properties":{"OBJECTID":93212,"PERMANENT_IDENTIFIER":"110173386","GNIS_NAME":null,"FTYPE":458,"FCODE":45800}},{"type":"Feature","id":93213,"geometry":{"type":"Point","coordinates":[-122.83128816921062,41.51864946401454]},"properties":{"OBJECTID":93213,"PERMANENT_IDENTIFIER":"110173390","GNIS_NAME":null,"FTYPE":458,"FCODE":45800}},{"type":"Feature","id":93214,"geometry":{"type":"Point","coordinates":[-122.78128597576251,41.608958874980985]},"properties":{"OBJECTID":93214,"PERMANENT_IDENTIFIER":"110173392","GNIS_NAME":null,"FTYPE":458,"FCODE":45800}},{"type":"Feature","id":93215,"geometry":{"type":"Point","coordinates":[-122.73160587020305,41.40699766491459]},"properties":{"OBJECTID":93215,"PERMANENT_IDENTIFIER":"110173768","GNIS_NAME":null,"FTYPE":458,"FCODE":45800}},{"type":"Feature","id":93216,"geometry":{"type":"Point","coordinates":[-122.66300746076348,41.41312307207427]},"properties":{"OBJECTID":93216,"PERMANENT_IDENTIFIER":"110173772","GNIS_NAME":null,"FTYPE":458,"FCODE":45800}},{"type":"Feature","id":93217,"geometry":{"type":"Point","coordinates":[-122.66741033095566,41.427120005296494]},"properties":{"OBJECTID":93217,"PERMANENT_IDENTIFIER":"110173776","GNIS_NAME":null,"FTYPE":458,"FCODE":45800}},{"type":"Feature","id":93218,"geometry":{"type":"Point","coordinates":[-122.69343433020441,41.40082700173192]},"properties":{"OBJECTID":93218,"PERMANENT_IDENTIFIER":"110173780","GNIS_NAME":null,"FTYPE":458,"FCODE":45800}},{"type":"Feature","id":93219,"geometry":{"type":"Point","coordinates":[-122.98623760582937,41.60403885600451]},"properties":{"OBJECTID":93219,"PERMANENT_IDENTIFIER":"110174884","GNIS_NAME":null,"FTYPE":458,"FCODE":45800}},{"type":"Feature","id":93220,"geometry":{"type":"Point","coordinates":[-123.149180581649,41.721098049964596]},"properties":{"OBJECTID":93220,"PERMANENT_IDENTIFIER":"110175180","GNIS_NAME":null,"FTYPE":458,"FCODE":45800}},{"type":"Feature","id":93221,"geometry":{"type":"Point","coordinates":[-123.12801544782282,41.742560652713564]},"properties":{"OBJECTID":93221,"PERMANENT_IDENTIFIER":"110175186","GNIS_NAME":null,"FTYPE":458,"FCODE":45800}},{"type":"Feature","id":93222,"geometry":{"type":"Point","coordinates":[-123.155169782115,41.71798264926779]},"properties":{"OBJECTID":93222,"PERMANENT_IDENTIFIER":"110175190","GNIS_NAME":null,"FTYPE":458,"FCODE":45800}},{"type":"Feature","id":93223,"geometry":{"type":"Point","coordinates":[-123.18188144417222,41.6675885766586]},"properties":{"OBJECTID":93223,"PERMANENT_IDENTIFIER":"110175194","GNIS_NAME":"Stud Horse Spring","FTYPE":458,"FCODE":45800}},{"type":"Feature","id":93224,"geometry":{"type":"Point","coordinates":[-123.12823623141682,41.63906344622208]},"properties":{"OBJECTID":93224,"PERMANENT_IDENTIFIER":"110175198","GNIS_NAME":null,"FTYPE":458,"FCODE":45800}},{"type":"Feature","id":93225,"geometry":{"type":"Point","coordinates":[-122.8678192056216,41.71628907459925]},"properties":{"OBJECTID":93225,"PERMANENT_IDENTIFIER":"110176386","GNIS_NAME":null,"FTYPE":458,"FCODE":45800}},{"type":"Feature","id":93226,"geometry":{"type":"Point","coordinates":[-122.86720873897897,41.7144960739174]},"properties":{"OBJECTID":93226,"PERMANENT_IDENTIFIER":"110176390","GNIS_NAME":null,"FTYPE":458,"FCODE":45800}},{"type":"Feature","id":93227,"geometry":{"type":"Point","coordinates":[-122.86472913432677,41.687764472765714]},"properties":{"OBJECTID":93227,"PERMANENT_IDENTIFIER":"110176394","GNIS_NAME":null,"FTYPE":458,"FCODE":45800}},{"type":"Feature","id":93228,"geometry":{"type":"Point","coordinates":[-122.75883791572531,41.671500881110696]},"properties":{"OBJECTID":93228,"PERMANENT_IDENTIFIER":"110176398","GNIS_NAME":null,"FTYPE":458,"FCODE":45800}},{"type":"Feature","id":93229,"geometry":{"type":"Point","coordinates":[-123.2074790409733,41.62143677141948]},"properties":{"OBJECTID":93229,"PERMANENT_IDENTIFIER":"110176652","GNIS_NAME":null,"FTYPE":458,"FCODE":45800}},{"type":"Feature","id":93230,"geometry":{"type":"Point","coordinates":[-123.17263376512928,41.59564377291796]},"properties":{"OBJECTID":93230,"PERMANENT_IDENTIFIER":"110176656","GNIS_NAME":null,"FTYPE":458,"FCODE":45800}},{"type":"Feature","id":93617,"geometry":{"type":"Point","coordinates":[-123.18774097018814,41.61250417258012]},"properties":{"OBJECTID":93617,"PERMANENT_IDENTIFIER":"110176660","GNIS_NAME":null,"FTYPE":458,"FCODE":45800}},{"type":"Feature","id":93618,"geometry":{"type":"Point","coordinates":[-123.16652236436789,41.5980217735168]},"properties":{"OBJECTID":93618,"PERMANENT_IDENTIFIER":"110176664","GNIS_NAME":null,"FTYPE":458,"FCODE":45800}},{"type":"Feature","id":93619,"geometry":{"type":"Point","coordinates":[-123.15636696521511,41.61058324167253]},"properties":{"OBJECTID":93619,"PERMANENT_IDENTIFIER":"110176668","GNIS_NAME":null,"FTYPE":458,"FCODE":45800}},{"type":"Feature","id":93620,"geometry":{"type":"Point","coordinates":[-123.20047482991161,41.55688456760982]},"properties":{"OBJECTID":93620,"PERMANENT_IDENTIFIER":"110176672","GNIS_NAME":null,"FTYPE":458,"FCODE":45800}},{"type":"Feature","id":93621,"geometry":{"type":"Point","coordinates":[-122.88992200924346,41.72082027289174]},"properties":{"OBJECTID":93621,"PERMANENT_IDENTIFIER":"110178516","GNIS_NAME":null,"FTYPE":458,"FCODE":45800}},{"type":"Feature","id":93622,"geometry":{"type":"Point","coordinates":[-122.88172780829217,41.720298806512844]},"properties":{"OBJECTID":93622,"PERMANENT_IDENTIFIER":"110178520","GNIS_NAME":null,"FTYPE":458,"FCODE":45800}},{"type":"Feature","id":93623,"geometry":{"type":"Point","coordinates":[-122.89507954325927,41.71557840534866]},"properties":{"OBJECTID":93623,"PERMANENT_IDENTIFIER":"110178524","GNIS_NAME":null,"FTYPE":458,"FCODE":45800}},{"type":"Feature","id":93624,"geometry":{"type":"Point","coordinates":[-122.88577154134741,41.712903472257494]},"properties":{"OBJECTID":93624,"PERMANENT_IDENTIFIER":"110178528","GNIS_NAME":null,"FTYPE":458,"FCODE":45800}},{"type":"Feature","id":93625,"geometry":{"type":"Point","coordinates":[-122.89710134319274,41.7172014718194]},"properties":{"OBJECTID":93625,"PERMANENT_IDENTIFIER":"110178532","GNIS_NAME":null,"FTYPE":458,"FCODE":45800}},{"type":"Feature","id":93626,"geometry":{"type":"Point","coordinates":[-122.9111399449599,41.717037404226595]},"properties":{"OBJECTID":93626,"PERMANENT_IDENTIFIER":"110178536","GNIS_NAME":null,"FTYPE":458,"FCODE":45800}},{"type":"Feature","id":93627,"geometry":{"type":"Point","coordinates":[-122.93602774679752,41.70349346727291]},"properties":{"OBJECTID":93627,"PERMANENT_IDENTIFIER":"110178540","GNIS_NAME":null,"FTYPE":458,"FCODE":45800}},{"type":"Feature","id":93628,"geometry":{"type":"Point","coordinates":[-122.95314081497338,41.69722359843943]},"properties":{"OBJECTID":93628,"PERMANENT_IDENTIFIER":"110178542","GNIS_NAME":null,"FTYPE":458,"FCODE":45800}},{"type":"Feature","id":93629,"geometry":{"type":"Point","coordinates":[-122.93302154565265,41.69695706693821]},"properties":{"OBJECTID":93629,"PERMANENT_IDENTIFIER":"110178546","GNIS_NAME":null,"FTYPE":458,"FCODE":45800}},{"type":"Feature","id":93630,"geometry":{"type":"Point","coordinates":[-122.94079634694906,41.70106860036369]},"properties":{"OBJECTID":93630,"PERMANENT_IDENTIFIER":"110178550","GNIS_NAME":null,"FTYPE":458,"FCODE":45800}},{"type":"Feature","id":93631,"geometry":{"type":"Point","coordinates":[-122.95523901402376,41.69039706465076]},"properties":{"OBJECTID":93631,"PERMANENT_IDENTIFIER":"110178554","GNIS_NAME":null,"FTYPE":458,"FCODE":45800}},{"type":"Feature","id":93632,"geometry":{"type":"Point","coordinates":[-122.95639114721081,41.68763666421483]},"properties":{"OBJECTID":93632,"PERMANENT_IDENTIFIER":"110178558","GNIS_NAME":null,"FTYPE":458,"FCODE":45800}},{"type":"Feature","id":93633,"geometry":{"type":"Point","coordinates":[-122.97248140703032,41.6255053926104]},"properties":{"OBJECTID":93633,"PERMANENT_IDENTIFIER":"110178562","GNIS_NAME":null,"FTYPE":458,"FCODE":45800}},{"type":"Feature","id":93634,"geometry":{"type":"Point","coordinates":[-122.99530921093678,41.630845190280446]},"properties":{"OBJECTID":93634,"PERMANENT_IDENTIFIER":"110178564","GNIS_NAME":null,"FTYPE":458,"FCODE":45800}},{"type":"Feature","id":93635,"geometry":{"type":"Point","coordinates":[-122.99695701178837,41.63365985697788]},"properties":{"OBJECTID":93635,"PERMANENT_IDENTIFIER":"110178568","GNIS_NAME":null,"FTYPE":458,"FCODE":45800}},{"type":"Feature","id":93636,"geometry":{"type":"Point","coordinates":[-122.99857481196797,41.63566405728684]},"properties":{"OBJECTID":93636,"PERMANENT_IDENTIFIER":"110178572","GNIS_NAME":null,"FTYPE":458,"FCODE":45800}},{"type":"Feature","id":93638,"geometry":{"type":"Point","coordinates":[-122.92521613601242,41.64553039748473]},"properties":{"OBJECTID":93638,"PERMANENT_IDENTIFIER":"110178580","GNIS_NAME":null,"FTYPE":458,"FCODE":45800}},{"type":"Feature","id":93639,"geometry":{"type":"Point","coordinates":[-122.92691020316111,41.645072064665875]},"properties":{"OBJECTID":93639,"PERMANENT_IDENTIFIER":"110178584","GNIS_NAME":null,"FTYPE":458,"FCODE":45800}},{"type":"Feature","id":93640,"geometry":{"type":"Point","coordinates":[-122.91641160368792,41.65570259927268]},"properties":{"OBJECTID":93640,"PERMANENT_IDENTIFIER":"110178588","GNIS_NAME":null,"FTYPE":458,"FCODE":45800}},{"type":"Feature","id":93641,"geometry":{"type":"Point","coordinates":[-122.9166711367625,41.65554966552622]},"properties":{"OBJECTID":93641,"PERMANENT_IDENTIFIER":"110178590","GNIS_NAME":null,"FTYPE":458,"FCODE":45800}},{"type":"Feature","id":93642,"geometry":{"type":"Point","coordinates":[-122.91734260366158,41.65531139944445]},"properties":{"OBJECTID":93642,"PERMANENT_IDENTIFIER":"110178594","GNIS_NAME":null,"FTYPE":458,"FCODE":45800}},{"type":"Feature","id":93643,"geometry":{"type":"Point","coordinates":[-123.12469583163896,41.640233780071334]},"properties":{"OBJECTID":93643,"PERMANENT_IDENTIFIER":"110179452","GNIS_NAME":null,"FTYPE":458,"FCODE":45800}},{"type":"Feature","id":93644,"geometry":{"type":"Point","coordinates":[-123.05767542299975,41.65157825290358]},"properties":{"OBJECTID":93644,"PERMANENT_IDENTIFIER":"110179456","GNIS_NAME":null,"FTYPE":458,"FCODE":45800}},{"type":"Feature","id":93645,"geometry":{"type":"Point","coordinates":[-123.06771642690151,41.66260198667409]},"properties":{"OBJECTID":93645,"PERMANENT_IDENTIFIER":"110179460","GNIS_NAME":null,"FTYPE":458,"FCODE":45800}},{"type":"Feature","id":93646,"geometry":{"type":"Point","coordinates":[-123.00728781789446,41.66047865833805]},"properties":{"OBJECTID":93646,"PERMANENT_IDENTIFIER":"110179464","GNIS_NAME":null,"FTYPE":458,"FCODE":45800}},{"type":"Feature","id":93647,"geometry":{"type":"Point","coordinates":[-123.00409895207265,41.6708685926357]},"properties":{"OBJECTID":93647,"PERMANENT_IDENTIFIER":"110179466","GNIS_NAME":null,"FTYPE":458,"FCODE":45800}},{"type":"Feature","id":93648,"geometry":{"type":"Point","coordinates":[-123.016695420747,41.67272739161695]},"properties":{"OBJECTID":93648,"PERMANENT_IDENTIFIER":"110179470","GNIS_NAME":null,"FTYPE":458,"FCODE":45800}},{"type":"Feature","id":93649,"geometry":{"type":"Point","coordinates":[-123.11267184700009,41.74654005469542]},"properties":{"OBJECTID":93649,"PERMANENT_IDENTIFIER":"110179474","GNIS_NAME":"Eagle Spring","FTYPE":458,"FCODE":45800}},{"type":"Feature","id":93650,"geometry":{"type":"Point","coordinates":[-122.74426253063906,41.35086386015093]},"properties":{"OBJECTID":93650,"PERMANENT_IDENTIFIER":"110180070","GNIS_NAME":null,"FTYPE":458,"FCODE":45800}},{"type":"Feature","id":93651,"geometry":{"type":"Point","coordinates":[-122.70518392710743,41.36574146509378]},"properties":{"OBJECTID":93651,"PERMANENT_IDENTIFIER":"110180074","GNIS_NAME":null,"FTYPE":458,"FCODE":45800}},{"type":"Feature","id":93652,"geometry":{"type":"Point","coordinates":[-122.667470451961,41.34641646679524]},"properties":{"OBJECTID":93652,"PERMANENT_IDENTIFIER":"110180078","GNIS_NAME":null,"FTYPE":458,"FCODE":45800}},{"type":"Feature","id":93653,"geometry":{"type":"Point","coordinates":[-122.64523684490985,41.32754660103001]},"properties":{"OBJECTID":93653,"PERMANENT_IDENTIFIER":"110180082","GNIS_NAME":null,"FTYPE":458,"FCODE":45800}},{"type":"Feature","id":121607,"geometry":{"type":"Point","coordinates":[-122.16781984863304,41.38221464621962]},"properties":{"OBJECTID":121607,"PERMANENT_IDENTIFIER":"97660431","GNIS_NAME":null,"FTYPE":458,"FCODE":45800}},{"type":"Feature","id":121608,"geometry":{"type":"Point","coordinates":[-122.13151703355203,41.31870591141045]},"properties":{"OBJECTID":121608,"PERMANENT_IDENTIFIER":"97659631","GNIS_NAME":null,"FTYPE":458,"FCODE":45800}},{"type":"Feature","id":121609,"geometry":{"type":"Point","coordinates":[-122.06990753932655,41.200454241566504]},"properties":{"OBJECTID":121609,"PERMANENT_IDENTIFIER":"97659027","GNIS_NAME":null,"FTYPE":458,"FCODE":45800}},{"type":"Feature","id":121610,"geometry":{"type":"Point","coordinates":[-122.04149333913458,41.22955444621533]},"properties":{"OBJECTID":121610,"PERMANENT_IDENTIFIER":"97659063","GNIS_NAME":null,"FTYPE":458,"FCODE":45800}},{"type":"Feature","id":121611,"geometry":{"type":"Point","coordinates":[-121.95463178858911,41.205451518466646]},"properties":{"OBJECTID":121611,"PERMANENT_IDENTIFIER":"97658167","GNIS_NAME":null,"FTYPE":458,"FCODE":45800}},{"type":"Feature","id":121612,"geometry":{"type":"Point","coordinates":[-122.11079901504034,41.21815283924564]},"properties":{"OBJECTID":121612,"PERMANENT_IDENTIFIER":"97658393","GNIS_NAME":"Huckleberry Spring","FTYPE":458,"FCODE":45800}},{"type":"Feature","id":121613,"geometry":{"type":"Point","coordinates":[-122.12679495150681,41.2266171056094]},"properties":{"OBJECTID":121613,"PERMANENT_IDENTIFIER":"97657793","GNIS_NAME":null,"FTYPE":458,"FCODE":45800}},{"type":"Feature","id":121614,"geometry":{"type":"Point","coordinates":[-121.7836129153143,41.32882734255965]},"properties":{"OBJECTID":121614,"PERMANENT_IDENTIFIER":"97656981","GNIS_NAME":null,"FTYPE":458,"FCODE":45800}},{"type":"Feature","id":122180,"geometry":{"type":"Point","coordinates":[-123.12994108057728,41.08772240904658]},"properties":{"OBJECTID":122180,"PERMANENT_IDENTIFIER":"97546284","GNIS_NAME":null,"FTYPE":458,"FCODE":45800}},{"type":"Feature","id":122181,"geometry":{"type":"Point","coordinates":[-123.26598274455905,41.37363201605727]},"properties":{"OBJECTID":122181,"PERMANENT_IDENTIFIER":"97549798","GNIS_NAME":null,"FTYPE":458,"FCODE":45800}},{"type":"Feature","id":122182,"geometry":{"type":"Point","coordinates":[-123.0488473600427,41.24840936039675]},"properties":{"OBJECTID":122182,"PERMANENT_IDENTIFIER":"97550592","GNIS_NAME":null,"FTYPE":458,"FCODE":45800}},{"type":"Feature","id":122183,"geometry":{"type":"Point","coordinates":[-123.10967647677204,41.08056414309936]},"properties":{"OBJECTID":122183,"PERMANENT_IDENTIFIER":"97554888","GNIS_NAME":null,"FTYPE":458,"FCODE":45800}},{"type":"Feature","id":122184,"geometry":{"type":"Point","coordinates":[-123.32255078048188,41.55464595683788]},"properties":{"OBJECTID":122184,"PERMANENT_IDENTIFIER":"97555148","GNIS_NAME":null,"FTYPE":458,"FCODE":45800}},{"type":"Feature","id":122185,"geometry":{"type":"Point","coordinates":[-123.32308152662358,41.20692200043206]},"properties":{"OBJECTID":122185,"PERMANENT_IDENTIFIER":"97556560","GNIS_NAME":null,"FTYPE":458,"FCODE":45800}},{"type":"Feature","id":122193,"geometry":{"type":"Point","coordinates":[-122.56211405527232,41.47550368499875]},"properties":{"OBJECTID":122193,"PERMANENT_IDENTIFIER":"103352627","GNIS_NAME":null,"FTYPE":458,"FCODE":45800}},{"type":"Feature","id":122194,"geometry":{"type":"Point","coordinates":[-122.52923745282496,41.48938528839289]},"properties":{"OBJECTID":122194,"PERMANENT_IDENTIFIER":"103352665","GNIS_NAME":null,"FTYPE":458,"FCODE":45800}},{"type":"Feature","id":122195,"geometry":{"type":"Point","coordinates":[-122.29913526219097,41.76906412820101]},"properties":{"OBJECTID":122195,"PERMANENT_IDENTIFIER":"103353049","GNIS_NAME":null,"FTYPE":458,"FCODE":45800}},{"type":"Feature","id":122196,"geometry":{"type":"Point","coordinates":[-122.2414679032956,41.66680872633676]},"properties":{"OBJECTID":122196,"PERMANENT_IDENTIFIER":"103354363","GNIS_NAME":null,"FTYPE":458,"FCODE":45800}},{"type":"Feature","id":122197,"geometry":{"type":"Point","coordinates":[-122.4735570526276,41.54266329762307]},"properties":{"OBJECTID":122197,"PERMANENT_IDENTIFIER":"103356183","GNIS_NAME":null,"FTYPE":458,"FCODE":45800}},{"type":"Feature","id":122198,"geometry":{"type":"Point","coordinates":[-122.44368854717781,41.748143447287504]},"properties":{"OBJECTID":122198,"PERMANENT_IDENTIFIER":"103357387","GNIS_NAME":null,"FTYPE":458,"FCODE":45800}},{"type":"Feature","id":122199,"geometry":{"type":"Point","coordinates":[-122.1862469133607,41.77851067217111]},"properties":{"OBJECTID":122199,"PERMANENT_IDENTIFIER":"103359297","GNIS_NAME":null,"FTYPE":458,"FCODE":45800}},{"type":"Feature","id":122200,"geometry":{"type":"Point","coordinates":[-122.23732052370401,41.797441869352205]},"properties":{"OBJECTID":122200,"PERMANENT_IDENTIFIER":"103359469","GNIS_NAME":null,"FTYPE":458,"FCODE":45800}},{"type":"Feature","id":122201,"geometry":{"type":"Point","coordinates":[-122.18390064375662,41.76676127147681]},"properties":{"OBJECTID":122201,"PERMANENT_IDENTIFIER":"103359539","GNIS_NAME":null,"FTYPE":458,"FCODE":45800}},{"type":"Feature","id":122202,"geometry":{"type":"Point","coordinates":[-122.3077769114276,41.654618919622735]},"properties":{"OBJECTID":122202,"PERMANENT_IDENTIFIER":"103360081","GNIS_NAME":null,"FTYPE":458,"FCODE":45800}},{"type":"Feature","id":122203,"geometry":{"type":"Point","coordinates":[-122.338878856339,41.69755211948337]},"properties":{"OBJECTID":122203,"PERMANENT_IDENTIFIER":"103360097","GNIS_NAME":null,"FTYPE":458,"FCODE":45800}},{"type":"Feature","id":122204,"geometry":{"type":"Point","coordinates":[-122.49119804397678,41.469519024050044]},"properties":{"OBJECTID":122204,"PERMANENT_IDENTIFIER":"103360991","GNIS_NAME":null,"FTYPE":458,"FCODE":45800}},{"type":"Feature","id":122561,"geometry":{"type":"Point","coordinates":[-122.42746495126967,41.78976671871849]},"properties":{"OBJECTID":122561,"PERMANENT_IDENTIFIER":"103352103","GNIS_NAME":null,"FTYPE":458,"FCODE":45800}},{"type":"Feature","id":122994,"geometry":{"type":"Point","coordinates":[-122.75771231615144,41.24402025143087]},"properties":{"OBJECTID":122994,"PERMANENT_IDENTIFIER":"110168498","GNIS_NAME":null,"FTYPE":458,"FCODE":45800}},{"type":"Feature","id":122995,"geometry":{"type":"Point","coordinates":[-123.02925353118151,41.514979779958445]},"properties":{"OBJECTID":122995,"PERMANENT_IDENTIFIER":"110169020","GNIS_NAME":null,"FTYPE":458,"FCODE":45800}},{"type":"Feature","id":122996,"geometry":{"type":"Point","coordinates":[-122.72584730198399,41.61438008005498]},"properties":{"OBJECTID":122996,"PERMANENT_IDENTIFIER":"110171012","GNIS_NAME":null,"FTYPE":458,"FCODE":45800}},{"type":"Feature","id":122997,"geometry":{"type":"Point","coordinates":[-122.94551055319359,41.30570697289173]},"properties":{"OBJECTID":122997,"PERMANENT_IDENTIFIER":"110171932","GNIS_NAME":null,"FTYPE":458,"FCODE":45800}},{"type":"Feature","id":122998,"geometry":{"type":"Point","coordinates":[-122.79526897348183,41.578922604742964]},"properties":{"OBJECTID":122998,"PERMANENT_IDENTIFIER":"110173380","GNIS_NAME":null,"FTYPE":458,"FCODE":45800}},{"type":"Feature","id":122999,"geometry":{"type":"Point","coordinates":[-122.96096833075524,41.57602518973493]},"properties":{"OBJECTID":122999,"PERMANENT_IDENTIFIER":"110174886","GNIS_NAME":null,"FTYPE":458,"FCODE":45800}},{"type":"Feature","id":123000,"geometry":{"type":"Point","coordinates":[-122.75404651435551,41.66963081439774]},"properties":{"OBJECTID":123000,"PERMANENT_IDENTIFIER":"110176400","GNIS_NAME":null,"FTYPE":458,"FCODE":45800}},{"type":"Feature","id":123001,"geometry":{"type":"Point","coordinates":[-123.21340024151164,41.61766537025366]},"properties":{"OBJECTID":123001,"PERMANENT_IDENTIFIER":"110176674","GNIS_NAME":null,"FTYPE":458,"FCODE":45800}},{"type":"Feature","id":123002,"geometry":{"type":"Point","coordinates":[-122.85513789806028,41.46501519153658]},"properties":{"OBJECTID":123002,"PERMANENT_IDENTIFIER":"110177760","GNIS_NAME":null,"FTYPE":458,"FCODE":45800}},{"type":"Feature","id":123003,"geometry":{"type":"Point","coordinates":[-122.9147030148488,41.72807380448805]},"properties":{"OBJECTID":123003,"PERMANENT_IDENTIFIER":"110178508","GNIS_NAME":null,"FTYPE":458,"FCODE":45800}},{"type":"Feature","id":123004,"geometry":{"type":"Point","coordinates":[-122.9000162114789,41.72561667241338]},"properties":{"OBJECTID":123004,"PERMANENT_IDENTIFIER":"110178534","GNIS_NAME":null,"FTYPE":458,"FCODE":45800}},{"type":"Feature","id":123005,"geometry":{"type":"Point","coordinates":[-122.99694194589874,41.636587257595444]},"properties":{"OBJECTID":123005,"PERMANENT_IDENTIFIER":"110178574","GNIS_NAME":null,"FTYPE":458,"FCODE":45800}},{"type":"Feature","id":123006,"geometry":{"type":"Point","coordinates":[-123.04041675500322,41.65878705504895]},"properties":{"OBJECTID":123006,"PERMANENT_IDENTIFIER":"110179462","GNIS_NAME":null,"FTYPE":458,"FCODE":45800}},{"type":"Feature","id":127915,"geometry":{"type":"Point","coordinates":[-121.75716970266625,41.277259074273886]},"properties":{"OBJECTID":127915,"PERMANENT_IDENTIFIER":"83411936","GNIS_NAME":"Cold Spring","FTYPE":458,"FCODE":45800}},{"type":"Feature","id":127925,"geometry":{"type":"Point","coordinates":[-121.44318785159876,41.259714700162334]},"properties":{"OBJECTID":127925,"PERMANENT_IDENTIFIER":"83412642","GNIS_NAME":null,"FTYPE":458,"FCODE":45800}},{"type":"Feature","id":127965,"geometry":{"type":"Point","coordinates":[-122.07067466250253,41.568981867881476]},"properties":{"OBJECTID":127965,"PERMANENT_IDENTIFIER":"104081433","GNIS_NAME":null,"FTYPE":458,"FCODE":45800}},{"type":"Feature","id":127966,"geometry":{"type":"Point","coordinates":[-122.09950646014475,41.52313486233583]},"properties":{"OBJECTID":127966,"PERMANENT_IDENTIFIER":"104081465","GNIS_NAME":null,"FTYPE":458,"FCODE":45800}},{"type":"Feature","id":127967,"geometry":{"type":"Point","coordinates":[-122.08371509471436,41.76014354648951]},"properties":{"OBJECTID":127967,"PERMANENT_IDENTIFIER":"104079739","GNIS_NAME":"Dorris Spring","FTYPE":458,"FCODE":45800}},{"type":"Feature","id":127968,"geometry":{"type":"Point","coordinates":[-122.16373451711551,41.82765194424206]},"properties":{"OBJECTID":127968,"PERMANENT_IDENTIFIER":"104079887","GNIS_NAME":null,"FTYPE":458,"FCODE":45800}},{"type":"Feature","id":127969,"geometry":{"type":"Point","coordinates":[-122.15216824770947,41.81880367776777]},"properties":{"OBJECTID":127969,"PERMANENT_IDENTIFIER":"104079905","GNIS_NAME":null,"FTYPE":458,"FCODE":45800}},{"type":"Feature","id":127970,"geometry":{"type":"Point","coordinates":[-122.17794845299862,41.82585414323154]},"properties":{"OBJECTID":127970,"PERMANENT_IDENTIFIER":"104079921","GNIS_NAME":null,"FTYPE":458,"FCODE":45800}},{"type":"Feature","id":127971,"geometry":{"type":"Point","coordinates":[-122.10353582446805,41.721547675955975]},"properties":{"OBJECTID":127971,"PERMANENT_IDENTIFIER":"104080219","GNIS_NAME":null,"FTYPE":458,"FCODE":45800}},{"type":"Feature","id":127972,"geometry":{"type":"Point","coordinates":[-122.11614803329799,41.76689147761708]},"properties":{"OBJECTID":127972,"PERMANENT_IDENTIFIER":"104079729","GNIS_NAME":null,"FTYPE":458,"FCODE":45800}},{"type":"Feature","id":128428,"geometry":{"type":"Point","coordinates":[-122.43977878181528,41.11184366987521]},"properties":{"OBJECTID":128428,"PERMANENT_IDENTIFIER":"92976620","GNIS_NAME":null,"FTYPE":458,"FCODE":45800}},{"type":"Feature","id":128429,"geometry":{"type":"Point","coordinates":[-122.43126523374151,41.025366064905754]},"properties":{"OBJECTID":128429,"PERMANENT_IDENTIFIER":"92977114","GNIS_NAME":null,"FTYPE":458,"FCODE":45800}},{"type":"Feature","id":128430,"geometry":{"type":"Point","coordinates":[-122.47921424787681,41.06874039668948]},"properties":{"OBJECTID":128430,"PERMANENT_IDENTIFIER":"92977152","GNIS_NAME":null,"FTYPE":458,"FCODE":45800}},{"type":"Feature","id":128431,"geometry":{"type":"Point","coordinates":[-122.28415383374237,41.168608687699816]},"properties":{"OBJECTID":128431,"PERMANENT_IDENTIFIER":"92978398","GNIS_NAME":"Soda Spring","FTYPE":458,"FCODE":45800}},{"type":"Feature","id":128432,"geometry":{"type":"Point","coordinates":[-122.23049137205736,41.25541243189058]},"properties":{"OBJECTID":128432,"PERMANENT_IDENTIFIER":"92979660","GNIS_NAME":null,"FTYPE":458,"FCODE":45800}},{"type":"Feature","id":128433,"geometry":{"type":"Point","coordinates":[-122.43782527628055,41.299452483462105]},"properties":{"OBJECTID":128433,"PERMANENT_IDENTIFIER":"92980468","GNIS_NAME":null,"FTYPE":458,"FCODE":45800}},{"type":"Feature","id":128434,"geometry":{"type":"Point","coordinates":[-122.5072992783068,41.24165520642607]},"properties":{"OBJECTID":128434,"PERMANENT_IDENTIFIER":"92980586","GNIS_NAME":null,"FTYPE":458,"FCODE":45800}},{"type":"Feature","id":128435,"geometry":{"type":"Point","coordinates":[-122.40729365317533,41.177567410560286]},"properties":{"OBJECTID":128435,"PERMANENT_IDENTIFIER":"92981620","GNIS_NAME":null,"FTYPE":458,"FCODE":45800}},{"type":"Feature","id":128436,"geometry":{"type":"Point","coordinates":[-122.50985708011844,41.25522967379525]},"properties":{"OBJECTID":128436,"PERMANENT_IDENTIFIER":"92982408","GNIS_NAME":null,"FTYPE":458,"FCODE":45800}},{"type":"Feature","id":129328,"geometry":{"type":"Point","coordinates":[-121.94975237678513,41.566031544928975]},"properties":{"OBJECTID":129328,"PERMANENT_IDENTIFIER":"104081183","GNIS_NAME":null,"FTYPE":458,"FCODE":45800}},{"type":"Feature","id":129329,"geometry":{"type":"Point","coordinates":[-122.06870585695808,41.53253633237598]},"properties":{"OBJECTID":129329,"PERMANENT_IDENTIFIER":"104081447","GNIS_NAME":null,"FTYPE":458,"FCODE":45800}},{"type":"Feature","id":129330,"geometry":{"type":"Point","coordinates":[-122.094603324169,41.93623955815691]},"properties":{"OBJECTID":129330,"PERMANENT_IDENTIFIER":"104080643","GNIS_NAME":null,"FTYPE":458,"FCODE":45800}},{"type":"Feature","id":129331,"geometry":{"type":"Point","coordinates":[-122.170143720746,41.84065014435273]},"properties":{"OBJECTID":129331,"PERMANENT_IDENTIFIER":"104079855","GNIS_NAME":null,"FTYPE":458,"FCODE":45800}},{"type":"Feature","id":129332,"geometry":{"type":"Point","coordinates":[-122.16351351709046,41.829186077513256]},"properties":{"OBJECTID":129332,"PERMANENT_IDENTIFIER":"104079889","GNIS_NAME":null,"FTYPE":458,"FCODE":45800}},{"type":"Feature","id":129390,"geometry":{"type":"Point","coordinates":[-122.63809848406201,41.58219381865793]},"properties":{"OBJECTID":129390,"PERMANENT_IDENTIFIER":"110171016","GNIS_NAME":null,"FTYPE":458,"FCODE":45800}},{"type":"Feature","id":129391,"geometry":{"type":"Point","coordinates":[-122.95182009761346,41.374569177031226]},"properties":{"OBJECTID":129391,"PERMANENT_IDENTIFIER":"110171934","GNIS_NAME":null,"FTYPE":458,"FCODE":45800}},{"type":"Feature","id":129392,"geometry":{"type":"Point","coordinates":[-122.79636777306582,41.57894707103233]},"properties":{"OBJECTID":129392,"PERMANENT_IDENTIFIER":"110173382","GNIS_NAME":null,"FTYPE":458,"FCODE":45800}},{"type":"Feature","id":129393,"geometry":{"type":"Point","coordinates":[-123.1486388474699,41.721940983311164]},"properties":{"OBJECTID":129393,"PERMANENT_IDENTIFIER":"110175182","GNIS_NAME":null,"FTYPE":458,"FCODE":45800}},{"type":"Feature","id":129394,"geometry":{"type":"Point","coordinates":[-122.79971738575955,41.65166407575026]},"properties":{"OBJECTID":129394,"PERMANENT_IDENTIFIER":"110176402","GNIS_NAME":null,"FTYPE":458,"FCODE":45800}},{"type":"Feature","id":129644,"geometry":{"type":"Point","coordinates":[-122.17389418037601,41.36760331117715]},"properties":{"OBJECTID":129644,"PERMANENT_IDENTIFIER":"97659653","GNIS_NAME":null,"FTYPE":458,"FCODE":45800}},{"type":"Feature","id":129645,"geometry":{"type":"Point","coordinates":[-122.0408169390645,41.22948831285775]},"properties":{"OBJECTID":129645,"PERMANENT_IDENTIFIER":"97659047","GNIS_NAME":null,"FTYPE":458,"FCODE":45800}},{"type":"Feature","id":129646,"geometry":{"type":"Point","coordinates":[-122.23957382056801,41.12724342193847]},"properties":{"OBJECTID":129646,"PERMANENT_IDENTIFIER":"97657989","GNIS_NAME":null,"FTYPE":458,"FCODE":45800}},{"type":"Feature","id":129671,"geometry":{"type":"Point","coordinates":[-122.39045704235711,41.122223275313196]},"properties":{"OBJECTID":129671,"PERMANENT_IDENTIFIER":"92977146","GNIS_NAME":null,"FTYPE":458,"FCODE":45800}},{"type":"Feature","id":129672,"geometry":{"type":"Point","coordinates":[-122.32583557306442,41.16671668400646]},"properties":{"OBJECTID":129672,"PERMANENT_IDENTIFIER":"92978072","GNIS_NAME":"Indian Springs","FTYPE":458,"FCODE":45800}},{"type":"Feature","id":129673,"geometry":{"type":"Point","coordinates":[-122.23172577921542,41.30575810198834]},"properties":{"OBJECTID":129673,"PERMANENT_IDENTIFIER":"92979668","GNIS_NAME":"Bear Spring","FTYPE":458,"FCODE":45800}},{"type":"Feature","id":129674,"geometry":{"type":"Point","coordinates":[-122.46007921432262,41.30569348165702]},"properties":{"OBJECTID":129674,"PERMANENT_IDENTIFIER":"92980480","GNIS_NAME":null,"FTYPE":458,"FCODE":45800}},{"type":"Feature","id":130032,"geometry":{"type":"Point","coordinates":[-122.5505881127962,41.42643068256295]},"properties":{"OBJECTID":130032,"PERMANENT_IDENTIFIER":"103352603","GNIS_NAME":null,"FTYPE":458,"FCODE":45800}},{"type":"Feature","id":130033,"geometry":{"type":"Point","coordinates":[-122.5082193141753,41.473673422982614]},"properties":{"OBJECTID":130033,"PERMANENT_IDENTIFIER":"103352641","GNIS_NAME":null,"FTYPE":458,"FCODE":45800}},{"type":"Feature","id":130916,"geometry":{"type":"Point","coordinates":[-122.31879017142973,42.01854601043836]},"properties":{"OBJECTID":130916,"PERMANENT_IDENTIFIER":"124335303","GNIS_NAME":null,"FTYPE":458,"FCODE":45800}},{"type":"Feature","id":130917,"geometry":{"type":"Point","coordinates":[-122.27700896227422,42.00214147971492]},"properties":{"OBJECTID":130917,"PERMANENT_IDENTIFIER":"124335305","GNIS_NAME":null,"FTYPE":458,"FCODE":45800}},{"type":"Feature","id":130918,"geometry":{"type":"Point","coordinates":[-122.3019451676655,42.01361541117433]},"properties":{"OBJECTID":130918,"PERMANENT_IDENTIFIER":"124335306","GNIS_NAME":null,"FTYPE":458,"FCODE":45800}},{"type":"Feature","id":130919,"geometry":{"type":"Point","coordinates":[-122.2873026993619,42.01191687904443]},"properties":{"OBJECTID":130919,"PERMANENT_IDENTIFIER":"124335310","GNIS_NAME":null,"FTYPE":458,"FCODE":45800}},{"type":"Feature","id":130920,"geometry":{"type":"Point","coordinates":[-122.2929809654216,42.00428654489103]},"properties":{"OBJECTID":130920,"PERMANENT_IDENTIFIER":"124335312","GNIS_NAME":null,"FTYPE":458,"FCODE":45800}},{"type":"Feature","id":130921,"geometry":{"type":"Point","coordinates":[-122.31135416795503,42.00387081043314]},"properties":{"OBJECTID":130921,"PERMANENT_IDENTIFIER":"124335314","GNIS_NAME":null,"FTYPE":458,"FCODE":45800}},{"type":"Feature","id":130922,"geometry":{"type":"Point","coordinates":[-122.37471777749717,42.00404567087245]},"properties":{"OBJECTID":130922,"PERMANENT_IDENTIFIER":"124335316","GNIS_NAME":null,"FTYPE":458,"FCODE":45800}},{"type":"Feature","id":130923,"geometry":{"type":"Point","coordinates":[-122.20643853100009,41.87425861074168]},"properties":{"OBJECTID":130923,"PERMANENT_IDENTIFIER":"124335318","GNIS_NAME":null,"FTYPE":458,"FCODE":45800}},{"type":"Feature","id":130924,"geometry":{"type":"Point","coordinates":[-122.20734606485438,41.87323361040635]},"properties":{"OBJECTID":130924,"PERMANENT_IDENTIFIER":"124335320","GNIS_NAME":null,"FTYPE":458,"FCODE":45800}},{"type":"Feature","id":130925,"geometry":{"type":"Point","coordinates":[-122.21024673193452,41.87327607672917]},"properties":{"OBJECTID":130925,"PERMANENT_IDENTIFIER":"124335322","GNIS_NAME":null,"FTYPE":458,"FCODE":45800}},{"type":"Feature","id":130926,"geometry":{"type":"Point","coordinates":[-122.2112819986027,41.872139276798315]},"properties":{"OBJECTID":130926,"PERMANENT_IDENTIFIER":"124335323","GNIS_NAME":null,"FTYPE":458,"FCODE":45800}},{"type":"Feature","id":130927,"geometry":{"type":"Point","coordinates":[-122.18194999344679,41.87309594584387]},"properties":{"OBJECTID":130927,"PERMANENT_IDENTIFIER":"124335324","GNIS_NAME":null,"FTYPE":458,"FCODE":45800}},{"type":"Feature","id":130928,"geometry":{"type":"Point","coordinates":[-122.18058152702902,41.873396946256]},"properties":{"OBJECTID":130928,"PERMANENT_IDENTIFIER":"124335325","GNIS_NAME":null,"FTYPE":458,"FCODE":45800}},{"type":"Feature","id":130929,"geometry":{"type":"Point","coordinates":[-122.21844872648435,41.83466607364676]},"properties":{"OBJECTID":130929,"PERMANENT_IDENTIFIER":"124335326","GNIS_NAME":null,"FTYPE":458,"FCODE":45800}},{"type":"Feature","id":130930,"geometry":{"type":"Point","coordinates":[-122.21990619392454,41.83489213982532]},"properties":{"OBJECTID":130930,"PERMANENT_IDENTIFIER":"124335327","GNIS_NAME":null,"FTYPE":458,"FCODE":45800}},{"type":"Feature","id":130931,"geometry":{"type":"Point","coordinates":[-122.22280079469236,41.83803707296801]},"properties":{"OBJECTID":130931,"PERMANENT_IDENTIFIER":"124335328","GNIS_NAME":null,"FTYPE":458,"FCODE":45800}},{"type":"Feature","id":130932,"geometry":{"type":"Point","coordinates":[-122.23446786269358,41.83735440509051]},"properties":{"OBJECTID":130932,"PERMANENT_IDENTIFIER":"124335329","GNIS_NAME":null,"FTYPE":458,"FCODE":45800}},{"type":"Feature","id":130933,"geometry":{"type":"Point","coordinates":[-122.23281866232398,41.83588867253199]},"properties":{"OBJECTID":130933,"PERMANENT_IDENTIFIER":"124335331","GNIS_NAME":null,"FTYPE":458,"FCODE":45800}},{"type":"Feature","id":130934,"geometry":{"type":"Point","coordinates":[-122.1648665232563,41.86518681357339]},"properties":{"OBJECTID":130934,"PERMANENT_IDENTIFIER":"124335332","GNIS_NAME":null,"FTYPE":458,"FCODE":45800}},{"type":"Feature","id":130935,"geometry":{"type":"Point","coordinates":[-122.16410898964031,41.865064213657526]},"properties":{"OBJECTID":130935,"PERMANENT_IDENTIFIER":"124335333","GNIS_NAME":null,"FTYPE":458,"FCODE":45800}},{"type":"Feature","id":130936,"geometry":{"type":"Point","coordinates":[-122.23590433112011,41.845100738832166]},"properties":{"OBJECTID":130936,"PERMANENT_IDENTIFIER":"124335334","GNIS_NAME":null,"FTYPE":458,"FCODE":45800}},{"type":"Feature","id":130937,"geometry":{"type":"Point","coordinates":[-122.23597933071899,41.84562360579551]},"properties":{"OBJECTID":130937,"PERMANENT_IDENTIFIER":"124335335","GNIS_NAME":null,"FTYPE":458,"FCODE":45800}},{"type":"Feature","id":132263,"geometry":{"type":"Point","coordinates":[-122.29168996674898,42.013394479149426]},"properties":{"OBJECTID":132263,"PERMANENT_IDENTIFIER":"124335308","GNIS_NAME":null,"FTYPE":458,"FCODE":45800}},{"type":"Feature","id":132264,"geometry":{"type":"Point","coordinates":[-122.20983579806308,41.873376876506754]},"properties":{"OBJECTID":132264,"PERMANENT_IDENTIFIER":"124335321","GNIS_NAME":null,"FTYPE":458,"FCODE":45800}},{"type":"Feature","id":132265,"geometry":{"type":"Point","coordinates":[-122.23369799562984,41.83669613863939]},"properties":{"OBJECTID":132265,"PERMANENT_IDENTIFIER":"124335330","GNIS_NAME":null,"FTYPE":458,"FCODE":45800}},{"type":"Feature","id":132692,"geometry":{"type":"Point","coordinates":[-122.15306987861521,42.01460129164492]},"properties":{"OBJECTID":132692,"PERMANENT_IDENTIFIER":"165551604","GNIS_NAME":null,"FTYPE":458,"FCODE":45800}},{"type":"Feature","id":132695,"geometry":{"type":"Point","coordinates":[-122.19825394770315,41.98501501875888]},"properties":{"OBJECTID":132695,"PERMANENT_IDENTIFIER":"165551610","GNIS_NAME":null,"FTYPE":458,"FCODE":45800}},{"type":"Feature","id":132697,"geometry":{"type":"Point","coordinates":[-122.1731896130546,42.00192895552878]},"properties":{"OBJECTID":132697,"PERMANENT_IDENTIFIER":"165551614","GNIS_NAME":null,"FTYPE":458,"FCODE":45800}},{"type":"Feature","id":132698,"geometry":{"type":"Point","coordinates":[-122.22434008243079,41.96678474836162]},"properties":{"OBJECTID":132698,"PERMANENT_IDENTIFIER":"165551618","GNIS_NAME":null,"FTYPE":458,"FCODE":45800}},{"type":"Feature","id":132699,"geometry":{"type":"Point","coordinates":[-122.08330433357153,42.00601529694769]},"properties":{"OBJECTID":132699,"PERMANENT_IDENTIFIER":"165551620","GNIS_NAME":null,"FTYPE":458,"FCODE":45800}},{"type":"Feature","id":132715,"geometry":{"type":"Point","coordinates":[-122.15354727866745,42.01456422506634]},"properties":{"OBJECTID":132715,"PERMANENT_IDENTIFIER":"165551639","GNIS_NAME":null,"FTYPE":458,"FCODE":45800}},{"type":"Feature","id":132718,"geometry":{"type":"Point","coordinates":[-122.1355064070379,41.99669162552965]},"properties":{"OBJECTID":132718,"PERMANENT_IDENTIFIER":"165551645","GNIS_NAME":null,"FTYPE":458,"FCODE":45800}},{"type":"Feature","id":132719,"geometry":{"type":"Point","coordinates":[-122.55448746969863,41.9921422539293]},"properties":{"OBJECTID":132719,"PERMANENT_IDENTIFIER":"165551647","GNIS_NAME":null,"FTYPE":458,"FCODE":45800}},{"type":"Feature","id":132720,"geometry":{"type":"Point","coordinates":[-122.65776442191904,42.01671477991442]},"properties":{"OBJECTID":132720,"PERMANENT_IDENTIFIER":"165551649","GNIS_NAME":null,"FTYPE":458,"FCODE":45800}},{"type":"Feature","id":132744,"geometry":{"type":"Point","coordinates":[-122.6196130131288,41.9933928482162]},"properties":{"OBJECTID":132744,"PERMANENT_IDENTIFIER":"165549791","GNIS_NAME":null,"FTYPE":458,"FCODE":45800}},{"type":"Feature","id":132747,"geometry":{"type":"Point","coordinates":[-122.11676487425099,42.01914169521183]},"properties":{"OBJECTID":132747,"PERMANENT_IDENTIFIER":"165549794","GNIS_NAME":null,"FTYPE":458,"FCODE":45800}},{"type":"Feature","id":132755,"geometry":{"type":"Point","coordinates":[-122.19096481037877,41.965248484909154]},"properties":{"OBJECTID":132755,"PERMANENT_IDENTIFIER":"165549803","GNIS_NAME":null,"FTYPE":458,"FCODE":45800}},{"type":"Feature","id":132782,"geometry":{"type":"Point","coordinates":[-122.19166387743823,41.96675755150462]},"properties":{"OBJECTID":132782,"PERMANENT_IDENTIFIER":"165549844","GNIS_NAME":null,"FTYPE":458,"FCODE":45800}},{"type":"Feature","id":132789,"geometry":{"type":"Point","coordinates":[-122.22361014897517,41.966032281711335]},"properties":{"OBJECTID":132789,"PERMANENT_IDENTIFIER":"165549860","GNIS_NAME":null,"FTYPE":458,"FCODE":45800}},{"type":"Feature","id":132790,"geometry":{"type":"Point","coordinates":[-122.34998016943715,41.97703133845085]},"properties":{"OBJECTID":132790,"PERMANENT_IDENTIFIER":"165549862","GNIS_NAME":null,"FTYPE":458,"FCODE":45800}},{"type":"Feature","id":132799,"geometry":{"type":"Point","coordinates":[-122.17323247368445,41.96429815268552]},"properties":{"OBJECTID":132799,"PERMANENT_IDENTIFIER":"165549882","GNIS_NAME":null,"FTYPE":458,"FCODE":45800}},{"type":"Feature","id":132810,"geometry":{"type":"Point","coordinates":[-122.15445214563348,42.01429622500489]},"properties":{"OBJECTID":132810,"PERMANENT_IDENTIFIER":"165549906","GNIS_NAME":null,"FTYPE":458,"FCODE":45800}},{"type":"Feature","id":132812,"geometry":{"type":"Point","coordinates":[-122.4704197858389,41.96694006027356]},"properties":{"OBJECTID":132812,"PERMANENT_IDENTIFIER":"165549928","GNIS_NAME":null,"FTYPE":458,"FCODE":45800}},{"type":"Feature","id":132817,"geometry":{"type":"Point","coordinates":[-122.15293054384888,42.007233824717744]},"properties":{"OBJECTID":132817,"PERMANENT_IDENTIFIER":"165549938","GNIS_NAME":null,"FTYPE":458,"FCODE":45800}},{"type":"Feature","id":132820,"geometry":{"type":"Point","coordinates":[-122.14406807564009,42.00634142480524]},"properties":{"OBJECTID":132820,"PERMANENT_IDENTIFIER":"165549946","GNIS_NAME":null,"FTYPE":458,"FCODE":45800}},{"type":"Feature","id":135216,"geometry":{"type":"Point","coordinates":[-123.33111825734407,41.613966360014366]},"properties":{"OBJECTID":135216,"PERMANENT_IDENTIFIER":"122415213","GNIS_NAME":null,"FTYPE":458,"FCODE":45800}},{"type":"Feature","id":135217,"geometry":{"type":"Point","coordinates":[-123.3190246495447,41.57585475843873]},"properties":{"OBJECTID":135217,"PERMANENT_IDENTIFIER":"122415214","GNIS_NAME":null,"FTYPE":458,"FCODE":45800}},{"type":"Feature","id":135218,"geometry":{"type":"Point","coordinates":[-123.35172678880295,41.58276195601346]},"properties":{"OBJECTID":135218,"PERMANENT_IDENTIFIER":"122415427","GNIS_NAME":null,"FTYPE":458,"FCODE":45800}},{"type":"Feature","id":135219,"geometry":{"type":"Point","coordinates":[-123.3508798525185,41.56550195466107]},"properties":{"OBJECTID":135219,"PERMANENT_IDENTIFIER":"122415429","GNIS_NAME":null,"FTYPE":458,"FCODE":45800}},{"type":"Feature","id":135220,"geometry":{"type":"Point","coordinates":[-123.41373160368943,41.61460695218971]},"properties":{"OBJECTID":135220,"PERMANENT_IDENTIFIER":"122415452","GNIS_NAME":null,"FTYPE":458,"FCODE":45800}},{"type":"Feature","id":135221,"geometry":{"type":"Point","coordinates":[-123.39847239848625,41.598393952716904]},"properties":{"OBJECTID":135221,"PERMANENT_IDENTIFIER":"122415454","GNIS_NAME":null,"FTYPE":458,"FCODE":45800}},{"type":"Feature","id":135222,"geometry":{"type":"Point","coordinates":[-123.49126240417202,41.55149240787949]},"properties":{"OBJECTID":135222,"PERMANENT_IDENTIFIER":"122415458","GNIS_NAME":null,"FTYPE":458,"FCODE":45800}},{"type":"Feature","id":135223,"geometry":{"type":"Point","coordinates":[-123.46544480001518,41.54850621006828]},"properties":{"OBJECTID":135223,"PERMANENT_IDENTIFIER":"122415460","GNIS_NAME":null,"FTYPE":458,"FCODE":45800}},{"type":"Feature","id":135224,"geometry":{"type":"Point","coordinates":[-123.48968080312457,41.54672074100037]},"properties":{"OBJECTID":135224,"PERMANENT_IDENTIFIER":"122415462","GNIS_NAME":null,"FTYPE":458,"FCODE":45800}},{"type":"Feature","id":135225,"geometry":{"type":"Point","coordinates":[-123.4367476620207,41.541922212058296]},"properties":{"OBJECTID":135225,"PERMANENT_IDENTIFIER":"122415464","GNIS_NAME":null,"FTYPE":458,"FCODE":45800}},{"type":"Feature","id":135226,"geometry":{"type":"Point","coordinates":[-123.43500539422244,41.53626321236132]},"properties":{"OBJECTID":135226,"PERMANENT_IDENTIFIER":"122415466","GNIS_NAME":null,"FTYPE":458,"FCODE":45800}},{"type":"Feature","id":135227,"geometry":{"type":"Point","coordinates":[-123.44109825995436,41.52866021097229]},"properties":{"OBJECTID":135227,"PERMANENT_IDENTIFIER":"122415469","GNIS_NAME":null,"FTYPE":458,"FCODE":45800}},{"type":"Feature","id":135228,"geometry":{"type":"Point","coordinates":[-123.3945332526099,41.522732148122856]},"properties":{"OBJECTID":135228,"PERMANENT_IDENTIFIER":"122415471","GNIS_NAME":null,"FTYPE":458,"FCODE":45800}},{"type":"Feature","id":135229,"geometry":{"type":"Point","coordinates":[-123.49007619974455,41.5218091394239]},"properties":{"OBJECTID":135229,"PERMANENT_IDENTIFIER":"122415473","GNIS_NAME":null,"FTYPE":458,"FCODE":45800}},{"type":"Feature","id":135230,"geometry":{"type":"Point","coordinates":[-123.43236739014272,41.512727944490514]},"properties":{"OBJECTID":135230,"PERMANENT_IDENTIFIER":"122415477","GNIS_NAME":null,"FTYPE":458,"FCODE":45800}},{"type":"Feature","id":135231,"geometry":{"type":"Point","coordinates":[-123.47258919595936,41.51186634063095]},"properties":{"OBJECTID":135231,"PERMANENT_IDENTIFIER":"122415479","GNIS_NAME":null,"FTYPE":458,"FCODE":45800}},{"type":"Feature","id":135232,"geometry":{"type":"Point","coordinates":[-123.44298279162173,41.51126861010942]},"properties":{"OBJECTID":135232,"PERMANENT_IDENTIFIER":"122415481","GNIS_NAME":null,"FTYPE":458,"FCODE":45800}},{"type":"Feature","id":135233,"geometry":{"type":"Point","coordinates":[-123.44190919064596,41.51034954346362]},"properties":{"OBJECTID":135233,"PERMANENT_IDENTIFIER":"122415483","GNIS_NAME":null,"FTYPE":458,"FCODE":45800}},{"type":"Feature","id":135234,"geometry":{"type":"Point","coordinates":[-123.43094125525785,41.50825654426012]},"properties":{"OBJECTID":135234,"PERMANENT_IDENTIFIER":"122415486","GNIS_NAME":null,"FTYPE":458,"FCODE":45800}},{"type":"Feature","id":135235,"geometry":{"type":"Point","coordinates":[-123.46178526015196,41.506546541098004]},"properties":{"OBJECTID":135235,"PERMANENT_IDENTIFIER":"122415487","GNIS_NAME":null,"FTYPE":458,"FCODE":45800}},{"type":"Feature","id":135236,"geometry":{"type":"Point","coordinates":[-123.4622698596579,41.50501780736793]},"properties":{"OBJECTID":135236,"PERMANENT_IDENTIFIER":"122415488","GNIS_NAME":null,"FTYPE":458,"FCODE":45800}},{"type":"Feature","id":135237,"geometry":{"type":"Point","coordinates":[-123.44682959011885,41.50363794218521]},"properties":{"OBJECTID":135237,"PERMANENT_IDENTIFIER":"122415489","GNIS_NAME":null,"FTYPE":458,"FCODE":45800}},{"type":"Feature","id":135238,"geometry":{"type":"Point","coordinates":[-123.44645379091337,41.50256300900347]},"properties":{"OBJECTID":135238,"PERMANENT_IDENTIFIER":"122415490","GNIS_NAME":null,"FTYPE":458,"FCODE":45800}},{"type":"Feature","id":135239,"geometry":{"type":"Point","coordinates":[-123.48006619854885,41.524869007554244]},"properties":{"OBJECTID":135239,"PERMANENT_IDENTIFIER":"122415701","GNIS_NAME":null,"FTYPE":458,"FCODE":45800}},{"type":"Feature","id":135240,"geometry":{"type":"Point","coordinates":[-123.4795856654492,41.522425540557755]},"properties":{"OBJECTID":135240,"PERMANENT_IDENTIFIER":"122415702","GNIS_NAME":null,"FTYPE":458,"FCODE":45800}},{"type":"Feature","id":135241,"geometry":{"type":"Point","coordinates":[-123.67701104237835,41.19112156799381]},"properties":{"OBJECTID":135241,"PERMANENT_IDENTIFIER":"122415868","GNIS_NAME":"Sulphur Spring","FTYPE":458,"FCODE":45800}},{"type":"Feature","id":135242,"geometry":{"type":"Point","coordinates":[-123.64498843623763,41.18269130410493]},"properties":{"OBJECTID":135242,"PERMANENT_IDENTIFIER":"122415870","GNIS_NAME":null,"FTYPE":458,"FCODE":45800}},{"type":"Feature","id":135243,"geometry":{"type":"Point","coordinates":[-123.71986144792983,41.18901956414197]},"properties":{"OBJECTID":135243,"PERMANENT_IDENTIFIER":"122415871","GNIS_NAME":null,"FTYPE":458,"FCODE":45800}},{"type":"Feature","id":135251,"geometry":{"type":"Point","coordinates":[-123.56053418989028,41.393179992089514]},"properties":{"OBJECTID":135251,"PERMANENT_IDENTIFIER":"122409545","GNIS_NAME":null,"FTYPE":458,"FCODE":45800}},{"type":"Feature","id":135252,"geometry":{"type":"Point","coordinates":[-123.60975366984376,41.43137839009037]},"properties":{"OBJECTID":135252,"PERMANENT_IDENTIFIER":"122409700","GNIS_NAME":"Maple Spring","FTYPE":458,"FCODE":45800}},{"type":"Feature","id":135253,"geometry":{"type":"Point","coordinates":[-123.6122490052867,41.444295390390714]},"properties":{"OBJECTID":135253,"PERMANENT_IDENTIFIER":"122409701","GNIS_NAME":null,"FTYPE":458,"FCODE":45800}},{"type":"Feature","id":135254,"geometry":{"type":"Point","coordinates":[-123.5634193967185,41.43498339417889]},"properties":{"OBJECTID":135254,"PERMANENT_IDENTIFIER":"122409702","GNIS_NAME":null,"FTYPE":458,"FCODE":45800}},{"type":"Feature","id":135255,"geometry":{"type":"Point","coordinates":[-123.56168730117916,41.67483881026384]},"properties":{"OBJECTID":135255,"PERMANENT_IDENTIFIER":"122410061","GNIS_NAME":"Elbow Spring","FTYPE":458,"FCODE":45800}},{"type":"Feature","id":135258,"geometry":{"type":"Point","coordinates":[-123.49688088739987,41.65079601380639]},"properties":{"OBJECTID":135258,"PERMANENT_IDENTIFIER":"122410903","GNIS_NAME":null,"FTYPE":458,"FCODE":45800}},{"type":"Feature","id":135259,"geometry":{"type":"Point","coordinates":[-123.38139080437827,41.655162024684216]},"properties":{"OBJECTID":135259,"PERMANENT_IDENTIFIER":"122410905","GNIS_NAME":null,"FTYPE":458,"FCODE":45800}},{"type":"Feature","id":135260,"geometry":{"type":"Point","coordinates":[-123.49440128899087,41.66133614816912]},"properties":{"OBJECTID":135260,"PERMANENT_IDENTIFIER":"122410906","GNIS_NAME":null,"FTYPE":458,"FCODE":45800}},{"type":"Feature","id":135261,"geometry":{"type":"Point","coordinates":[-123.38046760736793,41.67053595887133]},"properties":{"OBJECTID":135261,"PERMANENT_IDENTIFIER":"122410907","GNIS_NAME":null,"FTYPE":458,"FCODE":45800}},{"type":"Feature","id":135262,"geometry":{"type":"Point","coordinates":[-123.39147707982683,41.701352827050556]},"properties":{"OBJECTID":135262,"PERMANENT_IDENTIFIER":"122410908","GNIS_NAME":null,"FTYPE":458,"FCODE":45800}},{"type":"Feature","id":135263,"geometry":{"type":"Point","coordinates":[-123.38497628008255,41.70523456119251]},"properties":{"OBJECTID":135263,"PERMANENT_IDENTIFIER":"122410909","GNIS_NAME":null,"FTYPE":458,"FCODE":45800}},{"type":"Feature","id":135264,"geometry":{"type":"Point","coordinates":[-123.38683081315902,41.70458416105219]},"properties":{"OBJECTID":135264,"PERMANENT_IDENTIFIER":"122410910","GNIS_NAME":null,"FTYPE":458,"FCODE":45800}},{"type":"Feature","id":135265,"geometry":{"type":"Point","coordinates":[-123.39478081538309,41.7079617600083]},"properties":{"OBJECTID":135265,"PERMANENT_IDENTIFIER":"122410911","GNIS_NAME":null,"FTYPE":458,"FCODE":45800}},{"type":"Feature","id":135267,"geometry":{"type":"Point","coordinates":[-123.56469382488956,41.61175133858239]},"properties":{"OBJECTID":135267,"PERMANENT_IDENTIFIER":"122411464","GNIS_NAME":null,"FTYPE":458,"FCODE":45800}},{"type":"Feature","id":135268,"geometry":{"type":"Point","coordinates":[-123.59932488707028,41.55281253194726]},"properties":{"OBJECTID":135268,"PERMANENT_IDENTIFIER":"122411465","GNIS_NAME":null,"FTYPE":458,"FCODE":45800}},{"type":"Feature","id":135269,"geometry":{"type":"Point","coordinates":[-123.59951548685835,41.551910731749174]},"properties":{"OBJECTID":135269,"PERMANENT_IDENTIFIER":"122411466","GNIS_NAME":null,"FTYPE":458,"FCODE":45800}},{"type":"Feature","id":135270,"geometry":{"type":"Point","coordinates":[-123.53513687816637,41.553750804777906]},"properties":{"OBJECTID":135270,"PERMANENT_IDENTIFIER":"122411467","GNIS_NAME":null,"FTYPE":458,"FCODE":45800}},{"type":"Feature","id":135271,"geometry":{"type":"Point","coordinates":[-123.36233323856924,41.88162397437969]},"properties":{"OBJECTID":135271,"PERMANENT_IDENTIFIER":"122411645","GNIS_NAME":null,"FTYPE":458,"FCODE":45800}},{"type":"Feature","id":135272,"geometry":{"type":"Point","coordinates":[-123.70645465623562,41.25461956981257]},"properties":{"OBJECTID":135272,"PERMANENT_IDENTIFIER":"122411798","GNIS_NAME":"Cold Spring","FTYPE":458,"FCODE":45800}},{"type":"Feature","id":135277,"geometry":{"type":"Point","coordinates":[-123.51877262705442,41.2370647849249]},"properties":{"OBJECTID":135277,"PERMANENT_IDENTIFIER":"122412591","GNIS_NAME":"LePerron Peak Spring","FTYPE":458,"FCODE":45800}},{"type":"Feature","id":135278,"geometry":{"type":"Point","coordinates":[-123.36555401340213,41.7238755636047]},"properties":{"OBJECTID":135278,"PERMANENT_IDENTIFIER":"122412947","GNIS_NAME":null,"FTYPE":458,"FCODE":45800}},{"type":"Feature","id":135279,"geometry":{"type":"Point","coordinates":[-123.31875506283204,41.6576913633998]},"properties":{"OBJECTID":135279,"PERMANENT_IDENTIFIER":"122412949","GNIS_NAME":null,"FTYPE":458,"FCODE":45800}},{"type":"Feature","id":135280,"geometry":{"type":"Point","coordinates":[-123.31994219645624,41.660034430242284]},"properties":{"OBJECTID":135280,"PERMANENT_IDENTIFIER":"122412950","GNIS_NAME":null,"FTYPE":458,"FCODE":45800}},{"type":"Feature","id":135281,"geometry":{"type":"Point","coordinates":[-123.2737446661275,41.72072343845371]},"properties":{"OBJECTID":135281,"PERMANENT_IDENTIFIER":"122412953","GNIS_NAME":null,"FTYPE":458,"FCODE":45800}},{"type":"Feature","id":135282,"geometry":{"type":"Point","coordinates":[-123.25614279052682,41.679340371054664]},"properties":{"OBJECTID":135282,"PERMANENT_IDENTIFIER":"122412957","GNIS_NAME":null,"FTYPE":458,"FCODE":45800}},{"type":"Feature","id":135283,"geometry":{"type":"Point","coordinates":[-123.34213000961262,41.71983183279145]},"properties":{"OBJECTID":135283,"PERMANENT_IDENTIFIER":"122412959","GNIS_NAME":null,"FTYPE":458,"FCODE":45800}},{"type":"Feature","id":135284,"geometry":{"type":"Point","coordinates":[-123.35337726590755,41.6422636264781]},"properties":{"OBJECTID":135284,"PERMANENT_IDENTIFIER":"122412961","GNIS_NAME":null,"FTYPE":458,"FCODE":45800}},{"type":"Feature","id":135285,"geometry":{"type":"Point","coordinates":[-123.35243526541001,41.64030295979102]},"properties":{"OBJECTID":135285,"PERMANENT_IDENTIFIER":"122412962","GNIS_NAME":null,"FTYPE":458,"FCODE":45800}},{"type":"Feature","id":135286,"geometry":{"type":"Point","coordinates":[-123.2784963961037,41.69364096979003]},"properties":{"OBJECTID":135286,"PERMANENT_IDENTIFIER":"122412964","GNIS_NAME":null,"FTYPE":458,"FCODE":45800}},{"type":"Feature","id":135287,"geometry":{"type":"Point","coordinates":[-123.25934725811317,41.68448063738952]},"properties":{"OBJECTID":135287,"PERMANENT_IDENTIFIER":"122412966","GNIS_NAME":null,"FTYPE":458,"FCODE":45800}},{"type":"Feature","id":135289,"geometry":{"type":"Point","coordinates":[-123.63112501458738,41.487073324661615]},"properties":{"OBJECTID":135289,"PERMANENT_IDENTIFIER":"122413665","GNIS_NAME":"Salal Spring","FTYPE":458,"FCODE":45800}},{"type":"Feature","id":135290,"geometry":{"type":"Point","coordinates":[-123.21436636782703,41.57816176802591]},"properties":{"OBJECTID":135290,"PERMANENT_IDENTIFIER":"122413671","GNIS_NAME":null,"FTYPE":458,"FCODE":45800}},{"type":"Feature","id":135292,"geometry":{"type":"Point","coordinates":[-123.52044833294279,41.913267162125656]},"properties":{"OBJECTID":135292,"PERMANENT_IDENTIFIER":"122414098","GNIS_NAME":null,"FTYPE":458,"FCODE":45800}},{"type":"Feature","id":135294,"geometry":{"type":"Point","coordinates":[-123.4094606013927,41.178410723971005]},"properties":{"OBJECTID":135294,"PERMANENT_IDENTIFIER":"122414778","GNIS_NAME":null,"FTYPE":458,"FCODE":45800}},{"type":"Feature","id":135735,"geometry":{"type":"Point","coordinates":[-123.47840880397516,41.56008134323436]},"properties":{"OBJECTID":135735,"PERMANENT_IDENTIFIER":"122415456","GNIS_NAME":null,"FTYPE":458,"FCODE":45800}},{"type":"Feature","id":135736,"geometry":{"type":"Point","coordinates":[-123.47836979748273,41.51812054045301]},"properties":{"OBJECTID":135736,"PERMANENT_IDENTIFIER":"122415475","GNIS_NAME":null,"FTYPE":458,"FCODE":45800}},{"type":"Feature","id":135737,"geometry":{"type":"Point","coordinates":[-123.46097106010299,41.508653008119964]},"properties":{"OBJECTID":135737,"PERMANENT_IDENTIFIER":"122415485","GNIS_NAME":null,"FTYPE":458,"FCODE":45800}},{"type":"Feature","id":135738,"geometry":{"type":"Point","coordinates":[-123.69421658591914,41.244164369970505]},"properties":{"OBJECTID":135738,"PERMANENT_IDENTIFIER":"122415869","GNIS_NAME":"Dragsaw Spring","FTYPE":458,"FCODE":45800}},{"type":"Feature","id":135739,"geometry":{"type":"Point","coordinates":[-122.49737192775538,41.99665145992291]},"properties":{"OBJECTID":135739,"PERMANENT_IDENTIFIER":"124336247","GNIS_NAME":null,"FTYPE":458,"FCODE":45800}},{"type":"Feature","id":135740,"geometry":{"type":"Point","coordinates":[-122.46963652398293,41.9957405290155]},"properties":{"OBJECTID":135740,"PERMANENT_IDENTIFIER":"124336248","GNIS_NAME":null,"FTYPE":458,"FCODE":45800}},{"type":"Feature","id":135741,"geometry":{"type":"Point","coordinates":[-122.47833585521354,41.97615365969831]},"properties":{"OBJECTID":135741,"PERMANENT_IDENTIFIER":"124336250","GNIS_NAME":null,"FTYPE":458,"FCODE":45800}},{"type":"Feature","id":135742,"geometry":{"type":"Point","coordinates":[-122.4470823128444,41.95093699462649]},"properties":{"OBJECTID":135742,"PERMANENT_IDENTIFIER":"124336269","GNIS_NAME":null,"FTYPE":458,"FCODE":45800}},{"type":"Feature","id":135743,"geometry":{"type":"Point","coordinates":[-122.62017846939867,41.93364377746229]},"properties":{"OBJECTID":135743,"PERMANENT_IDENTIFIER":"124336315","GNIS_NAME":null,"FTYPE":458,"FCODE":45800}},{"type":"Feature","id":135744,"geometry":{"type":"Point","coordinates":[-122.28911262163058,41.947281208454925]},"properties":{"OBJECTID":135744,"PERMANENT_IDENTIFIER":"124336480","GNIS_NAME":"Sylva Spring","FTYPE":458,"FCODE":45800}},{"type":"Feature","id":135745,"geometry":{"type":"Point","coordinates":[-122.92042225505045,41.97443268704062]},"properties":{"OBJECTID":135745,"PERMANENT_IDENTIFIER":"124336517","GNIS_NAME":null,"FTYPE":458,"FCODE":45800}},{"type":"Feature","id":135747,"geometry":{"type":"Point","coordinates":[-122.94633738844509,41.95414688317877]},"properties":{"OBJECTID":135747,"PERMANENT_IDENTIFIER":"124336528","GNIS_NAME":null,"FTYPE":458,"FCODE":45800}},{"type":"Feature","id":135748,"geometry":{"type":"Point","coordinates":[-122.82159084427488,41.99888049754005]},"properties":{"OBJECTID":135748,"PERMANENT_IDENTIFIER":"124336590","GNIS_NAME":null,"FTYPE":458,"FCODE":45800}},{"type":"Feature","id":135749,"geometry":{"type":"Point","coordinates":[-122.81804377675607,41.99669989759995]},"properties":{"OBJECTID":135749,"PERMANENT_IDENTIFIER":"124336592","GNIS_NAME":null,"FTYPE":458,"FCODE":45800}},{"type":"Feature","id":135750,"geometry":{"type":"Point","coordinates":[-122.83108824519873,41.99617482972975]},"properties":{"OBJECTID":135750,"PERMANENT_IDENTIFIER":"124336594","GNIS_NAME":null,"FTYPE":458,"FCODE":45800}},{"type":"Feature","id":135751,"geometry":{"type":"Point","coordinates":[-122.83086571142678,41.99576469600628]},"properties":{"OBJECTID":135751,"PERMANENT_IDENTIFIER":"124336596","GNIS_NAME":null,"FTYPE":458,"FCODE":45800}},{"type":"Feature","id":135752,"geometry":{"type":"Point","coordinates":[-122.87411111299271,41.9644448903351]},"properties":{"OBJECTID":135752,"PERMANENT_IDENTIFIER":"124336601","GNIS_NAME":"Cinnabar Springs","FTYPE":458,"FCODE":45800}},{"type":"Feature","id":135753,"geometry":{"type":"Point","coordinates":[-122.88689538866231,42.01097282527597]},"properties":{"OBJECTID":135753,"PERMANENT_IDENTIFIER":"124336654","GNIS_NAME":null,"FTYPE":458,"FCODE":45800}},{"type":"Feature","id":135760,"geometry":{"type":"Point","coordinates":[-122.0864374652787,41.990705096018644]},"properties":{"OBJECTID":135760,"PERMANENT_IDENTIFIER":"165549734","GNIS_NAME":null,"FTYPE":458,"FCODE":45800}},{"type":"Feature","id":135765,"geometry":{"type":"Point","coordinates":[-122.07988986648398,42.00989183096729]},"properties":{"OBJECTID":135765,"PERMANENT_IDENTIFIER":"165549744","GNIS_NAME":null,"FTYPE":458,"FCODE":45800}},{"type":"Feature","id":135769,"geometry":{"type":"Point","coordinates":[-122.18698587552853,41.96349108531659]},"properties":{"OBJECTID":135769,"PERMANENT_IDENTIFIER":"165549748","GNIS_NAME":null,"FTYPE":458,"FCODE":45800}},{"type":"Feature","id":135773,"geometry":{"type":"Point","coordinates":[-122.0676523247587,41.96411989558455]},"properties":{"OBJECTID":135773,"PERMANENT_IDENTIFIER":"165549752","GNIS_NAME":null,"FTYPE":458,"FCODE":45800}},{"type":"Feature","id":135774,"geometry":{"type":"Point","coordinates":[-122.17438914255855,41.97320495360603]},"properties":{"OBJECTID":135774,"PERMANENT_IDENTIFIER":"165549753","GNIS_NAME":null,"FTYPE":458,"FCODE":45800}},{"type":"Feature","id":135776,"geometry":{"type":"Point","coordinates":[-122.1549820791182,42.01430009124587]},"properties":{"OBJECTID":135776,"PERMANENT_IDENTIFIER":"165549755","GNIS_NAME":null,"FTYPE":458,"FCODE":45800}},{"type":"Feature","id":135785,"geometry":{"type":"Point","coordinates":[-122.18084507448319,41.95965121833677]},"properties":{"OBJECTID":135785,"PERMANENT_IDENTIFIER":"165549764","GNIS_NAME":null,"FTYPE":458,"FCODE":45800}},{"type":"Feature","id":135791,"geometry":{"type":"Point","coordinates":[-122.19272967961281,41.98393601906225]},"properties":{"OBJECTID":135791,"PERMANENT_IDENTIFIER":"165549770","GNIS_NAME":null,"FTYPE":458,"FCODE":45800}},{"type":"Feature","id":135806,"geometry":{"type":"Point","coordinates":[-122.49576925901906,41.98291379195565]},"properties":{"OBJECTID":135806,"PERMANENT_IDENTIFIER":"165549785","GNIS_NAME":null,"FTYPE":458,"FCODE":45800}},{"type":"Feature","id":135813,"geometry":{"type":"Point","coordinates":[-122.86772985393934,42.01634749450752]},"properties":{"OBJECTID":135813,"PERMANENT_IDENTIFIER":"124336191","GNIS_NAME":null,"FTYPE":458,"FCODE":45800}},{"type":"Feature","id":135814,"geometry":{"type":"Point","coordinates":[-122.87554998609296,42.00724135935092]},"properties":{"OBJECTID":135814,"PERMANENT_IDENTIFIER":"124336193","GNIS_NAME":null,"FTYPE":458,"FCODE":45800}},{"type":"Feature","id":135815,"geometry":{"type":"Point","coordinates":[-122.86826871832609,42.00690016057678]},"properties":{"OBJECTID":135815,"PERMANENT_IDENTIFIER":"124336195","GNIS_NAME":null,"FTYPE":458,"FCODE":45800}},{"type":"Feature","id":135818,"geometry":{"type":"Point","coordinates":[-122.13399300674112,41.99722055873501]},"properties":{"OBJECTID":135818,"PERMANENT_IDENTIFIER":"124336202","GNIS_NAME":null,"FTYPE":458,"FCODE":45800}},{"type":"Feature","id":135819,"geometry":{"type":"Point","coordinates":[-122.22071347858554,41.95077348097664]},"properties":{"OBJECTID":135819,"PERMANENT_IDENTIFIER":"124336204","GNIS_NAME":null,"FTYPE":458,"FCODE":45800}},{"type":"Feature","id":135820,"geometry":{"type":"Point","coordinates":[-122.19991707041568,41.91746808077877]},"properties":{"OBJECTID":135820,"PERMANENT_IDENTIFIER":"124336206","GNIS_NAME":null,"FTYPE":458,"FCODE":45800}},{"type":"Feature","id":135821,"geometry":{"type":"Point","coordinates":[-122.2141187997962,41.878499476485096]},"properties":{"OBJECTID":135821,"PERMANENT_IDENTIFIER":"124336208","GNIS_NAME":null,"FTYPE":458,"FCODE":45800}},{"type":"Feature","id":135822,"geometry":{"type":"Point","coordinates":[-122.08559353197496,41.99146389588503]},"properties":{"OBJECTID":135822,"PERMANENT_IDENTIFIER":"124336210","GNIS_NAME":null,"FTYPE":458,"FCODE":45800}},{"type":"Feature","id":135823,"geometry":{"type":"Point","coordinates":[-122.21679713288692,41.87223114239262]},"properties":{"OBJECTID":135823,"PERMANENT_IDENTIFIER":"124336212","GNIS_NAME":null,"FTYPE":458,"FCODE":45800}},{"type":"Feature","id":135824,"geometry":{"type":"Point","coordinates":[-122.19407019000765,41.83467327515953]},"properties":{"OBJECTID":135824,"PERMANENT_IDENTIFIER":"124336214","GNIS_NAME":null,"FTYPE":458,"FCODE":45800}},{"type":"Feature","id":135825,"geometry":{"type":"Point","coordinates":[-122.20303212180667,41.820856207067884]},"properties":{"OBJECTID":135825,"PERMANENT_IDENTIFIER":"124336216","GNIS_NAME":null,"FTYPE":458,"FCODE":45800}},{"type":"Feature","id":137937,"geometry":{"type":"Point","coordinates":[-122.9408662552158,41.959791417619776]},"properties":{"OBJECTID":137937,"PERMANENT_IDENTIFIER":"124335611","GNIS_NAME":null,"FTYPE":458,"FCODE":45800}},{"type":"Feature","id":137938,"geometry":{"type":"Point","coordinates":[-122.07994113358681,42.00868949772877]},"properties":{"OBJECTID":137938,"PERMANENT_IDENTIFIER":"124335616","GNIS_NAME":null,"FTYPE":458,"FCODE":45800}},{"type":"Feature","id":137939,"geometry":{"type":"Point","coordinates":[-122.08260526651206,42.00659176399614]},"properties":{"OBJECTID":137939,"PERMANENT_IDENTIFIER":"124335618","GNIS_NAME":null,"FTYPE":458,"FCODE":45800}},{"type":"Feature","id":137940,"geometry":{"type":"Point","coordinates":[-122.83459864534515,41.995112562191146]},"properties":{"OBJECTID":137940,"PERMANENT_IDENTIFIER":"124335620","GNIS_NAME":null,"FTYPE":458,"FCODE":45800}},{"type":"Feature","id":137941,"geometry":{"type":"Point","coordinates":[-122.83367024462504,41.995291362814534]},"properties":{"OBJECTID":137941,"PERMANENT_IDENTIFIER":"124335622","GNIS_NAME":null,"FTYPE":458,"FCODE":45800}},{"type":"Feature","id":137942,"geometry":{"type":"Point","coordinates":[-122.8184563754817,41.988274830455765]},"properties":{"OBJECTID":137942,"PERMANENT_IDENTIFIER":"124335624","GNIS_NAME":null,"FTYPE":458,"FCODE":45800}},{"type":"Feature","id":137943,"geometry":{"type":"Point","coordinates":[-122.8232647750125,41.985134562988414]},"properties":{"OBJECTID":137943,"PERMANENT_IDENTIFIER":"124335626","GNIS_NAME":null,"FTYPE":458,"FCODE":45800}},{"type":"Feature","id":137944,"geometry":{"type":"Point","coordinates":[-122.75823256330656,41.9709125013839]},"properties":{"OBJECTID":137944,"PERMANENT_IDENTIFIER":"124335630","GNIS_NAME":null,"FTYPE":458,"FCODE":45800}},{"type":"Feature","id":137945,"geometry":{"type":"Point","coordinates":[-122.86482991003018,41.95715689035829]},"properties":{"OBJECTID":137945,"PERMANENT_IDENTIFIER":"124335632","GNIS_NAME":null,"FTYPE":458,"FCODE":45800}},{"type":"Feature","id":137946,"geometry":{"type":"Point","coordinates":[-122.86581637670132,41.957216690969396]},"properties":{"OBJECTID":137946,"PERMANENT_IDENTIFIER":"124335634","GNIS_NAME":null,"FTYPE":458,"FCODE":45800}},{"type":"Feature","id":137947,"geometry":{"type":"Point","coordinates":[-122.77997149536249,41.94067996379471]},"properties":{"OBJECTID":137947,"PERMANENT_IDENTIFIER":"124335637","GNIS_NAME":null,"FTYPE":458,"FCODE":45800}},{"type":"Feature","id":137949,"geometry":{"type":"Point","coordinates":[-122.19945607021748,41.91787914763052]},"properties":{"OBJECTID":137949,"PERMANENT_IDENTIFIER":"124335730","GNIS_NAME":null,"FTYPE":458,"FCODE":45800}},{"type":"Feature","id":137951,"geometry":{"type":"Point","coordinates":[-122.45833231718925,41.966700727652416]},"properties":{"OBJECTID":137951,"PERMANENT_IDENTIFIER":"124335773","GNIS_NAME":null,"FTYPE":458,"FCODE":45800}},{"type":"Feature","id":137952,"geometry":{"type":"Point","coordinates":[-122.45444124917948,41.959921260669006]},"properties":{"OBJECTID":137952,"PERMANENT_IDENTIFIER":"124335776","GNIS_NAME":null,"FTYPE":458,"FCODE":45800}},{"type":"Feature","id":137953,"geometry":{"type":"Point","coordinates":[-122.41766537619402,41.95807579770444]},"properties":{"OBJECTID":137953,"PERMANENT_IDENTIFIER":"124335778","GNIS_NAME":null,"FTYPE":458,"FCODE":45800}},{"type":"Feature","id":137954,"geometry":{"type":"Point","coordinates":[-122.42183657672703,41.95711466397267]},"properties":{"OBJECTID":137954,"PERMANENT_IDENTIFIER":"124335780","GNIS_NAME":null,"FTYPE":458,"FCODE":45800}},{"type":"Feature","id":137955,"geometry":{"type":"Point","coordinates":[-122.38236357028521,41.954643133997855]},"properties":{"OBJECTID":137955,"PERMANENT_IDENTIFIER":"124335783","GNIS_NAME":null,"FTYPE":458,"FCODE":45800}},{"type":"Feature","id":137956,"geometry":{"type":"Point","coordinates":[-122.40060183951051,41.9533593983346]},"properties":{"OBJECTID":137956,"PERMANENT_IDENTIFIER":"124335785","GNIS_NAME":null,"FTYPE":458,"FCODE":45800}},{"type":"Feature","id":137957,"geometry":{"type":"Point","coordinates":[-122.4040276390522,41.94628039792641]},"properties":{"OBJECTID":137957,"PERMANENT_IDENTIFIER":"124335793","GNIS_NAME":null,"FTYPE":458,"FCODE":45800}},{"type":"Feature","id":137958,"geometry":{"type":"Point","coordinates":[-122.879432455131,42.01678349368844]},"properties":{"OBJECTID":137958,"PERMANENT_IDENTIFIER":"124335866","GNIS_NAME":null,"FTYPE":458,"FCODE":45800}},{"type":"Feature","id":137959,"geometry":{"type":"Point","coordinates":[-122.88601172257347,42.01193562571642]},"properties":{"OBJECTID":137959,"PERMANENT_IDENTIFIER":"124335870","GNIS_NAME":null,"FTYPE":458,"FCODE":45800}},{"type":"Feature","id":137960,"geometry":{"type":"Point","coordinates":[-122.88488912181815,42.01155622564516]},"properties":{"OBJECTID":137960,"PERMANENT_IDENTIFIER":"124335872","GNIS_NAME":null,"FTYPE":458,"FCODE":45800}},{"type":"Feature","id":137961,"geometry":{"type":"Point","coordinates":[-122.89203852168963,42.00488009153423]},"properties":{"OBJECTID":137961,"PERMANENT_IDENTIFIER":"124335874","GNIS_NAME":null,"FTYPE":458,"FCODE":45800}},{"type":"Feature","id":137962,"geometry":{"type":"Point","coordinates":[-122.73360762529241,41.967940103110564]},"properties":{"OBJECTID":137962,"PERMANENT_IDENTIFIER":"124335921","GNIS_NAME":null,"FTYPE":458,"FCODE":45800}},{"type":"Feature","id":137963,"geometry":{"type":"Point","coordinates":[-122.72524362274365,41.960431436547395]},"properties":{"OBJECTID":137963,"PERMANENT_IDENTIFIER":"124335923","GNIS_NAME":null,"FTYPE":458,"FCODE":45800}},{"type":"Feature","id":137964,"geometry":{"type":"Point","coordinates":[-122.65487360661336,41.92089157391574]},"properties":{"OBJECTID":137964,"PERMANENT_IDENTIFIER":"124335925","GNIS_NAME":null,"FTYPE":458,"FCODE":45800}},{"type":"Feature","id":137965,"geometry":{"type":"Point","coordinates":[-122.63881760116826,41.902815173572996]},"properties":{"OBJECTID":137965,"PERMANENT_IDENTIFIER":"124335929","GNIS_NAME":null,"FTYPE":458,"FCODE":45800}},{"type":"Feature","id":137966,"geometry":{"type":"Point","coordinates":[-122.35341897253039,41.99461700552972]},"properties":{"OBJECTID":137966,"PERMANENT_IDENTIFIER":"124335935","GNIS_NAME":null,"FTYPE":458,"FCODE":45800}},{"type":"Feature","id":137967,"geometry":{"type":"Point","coordinates":[-122.35460790523763,41.99001233840333]},"properties":{"OBJECTID":137967,"PERMANENT_IDENTIFIER":"124335939","GNIS_NAME":null,"FTYPE":458,"FCODE":45800}},{"type":"Feature","id":137968,"geometry":{"type":"Point","coordinates":[-122.29164342887252,41.98813721053814]},"properties":{"OBJECTID":137968,"PERMANENT_IDENTIFIER":"124335941","GNIS_NAME":null,"FTYPE":458,"FCODE":45800}},{"type":"Feature","id":137969,"geometry":{"type":"Point","coordinates":[-122.3304935686298,41.98833407361993]},"properties":{"OBJECTID":137969,"PERMANENT_IDENTIFIER":"124335943","GNIS_NAME":null,"FTYPE":458,"FCODE":45800}},{"type":"Feature","id":137970,"geometry":{"type":"Point","coordinates":[-122.36078743911501,41.98740780430756]},"properties":{"OBJECTID":137970,"PERMANENT_IDENTIFIER":"124335945","GNIS_NAME":null,"FTYPE":458,"FCODE":45800}},{"type":"Feature","id":137971,"geometry":{"type":"Point","coordinates":[-122.30007709204098,41.95857980825314]},"properties":{"OBJECTID":137971,"PERMANENT_IDENTIFIER":"124335947","GNIS_NAME":null,"FTYPE":458,"FCODE":45800}},{"type":"Feature","id":137972,"geometry":{"type":"Point","coordinates":[-122.29246542356054,41.953246341880806]},"properties":{"OBJECTID":137972,"PERMANENT_IDENTIFIER":"124335949","GNIS_NAME":null,"FTYPE":458,"FCODE":45800}},{"type":"Feature","id":137973,"geometry":{"type":"Point","coordinates":[-122.27548201734832,41.93221800851694]},"properties":{"OBJECTID":137973,"PERMANENT_IDENTIFIER":"124336009","GNIS_NAME":null,"FTYPE":458,"FCODE":45800}},{"type":"Feature","id":137974,"geometry":{"type":"Point","coordinates":[-122.27931401737301,41.930139074133415]},"properties":{"OBJECTID":137974,"PERMANENT_IDENTIFIER":"124336012","GNIS_NAME":null,"FTYPE":458,"FCODE":45800}},{"type":"Feature","id":137975,"geometry":{"type":"Point","coordinates":[-122.25582694682684,41.92686400992648]},"properties":{"OBJECTID":137975,"PERMANENT_IDENTIFIER":"124336016","GNIS_NAME":null,"FTYPE":458,"FCODE":45800}},{"type":"Feature","id":137976,"geometry":{"type":"Point","coordinates":[-122.89393525465691,41.996929024317794]},"properties":{"OBJECTID":137976,"PERMANENT_IDENTIFIER":"124336028","GNIS_NAME":null,"FTYPE":458,"FCODE":45800}},{"type":"Feature","id":137978,"geometry":{"type":"Point","coordinates":[-122.93309998837803,41.96688455182255]},"properties":{"OBJECTID":137978,"PERMANENT_IDENTIFIER":"124336032","GNIS_NAME":null,"FTYPE":458,"FCODE":45800}},{"type":"Feature","id":137979,"geometry":{"type":"Point","coordinates":[-122.9363141214833,41.96251815120409]},"properties":{"OBJECTID":137979,"PERMANENT_IDENTIFIER":"124336034","GNIS_NAME":null,"FTYPE":458,"FCODE":45800}},{"type":"Feature","id":137980,"geometry":{"type":"Point","coordinates":[-122.93961758858184,41.95952448447482]},"properties":{"OBJECTID":137980,"PERMANENT_IDENTIFIER":"124336038","GNIS_NAME":null,"FTYPE":458,"FCODE":45800}},{"type":"Feature","id":137981,"geometry":{"type":"Point","coordinates":[-122.94735158846493,41.95325574939505]},"properties":{"OBJECTID":137981,"PERMANENT_IDENTIFIER":"124336040","GNIS_NAME":null,"FTYPE":458,"FCODE":45800}},{"type":"Feature","id":137982,"geometry":{"type":"Point","coordinates":[-122.95469638810711,41.941153815157]},"properties":{"OBJECTID":137982,"PERMANENT_IDENTIFIER":"124336044","GNIS_NAME":null,"FTYPE":458,"FCODE":45800}},{"type":"Feature","id":137983,"geometry":{"type":"Point","coordinates":[-122.95600192095655,41.937821681271714]},"properties":{"OBJECTID":137983,"PERMANENT_IDENTIFIER":"124336046","GNIS_NAME":null,"FTYPE":458,"FCODE":45800}},{"type":"Feature","id":137984,"geometry":{"type":"Point","coordinates":[-122.95318058625823,41.936001347933455]},"properties":{"OBJECTID":137984,"PERMANENT_IDENTIFIER":"124336048","GNIS_NAME":null,"FTYPE":458,"FCODE":45800}},{"type":"Feature","id":137985,"geometry":{"type":"Point","coordinates":[-122.95344671943904,41.93485748092779]},"properties":{"OBJECTID":137985,"PERMANENT_IDENTIFIER":"124336050","GNIS_NAME":null,"FTYPE":458,"FCODE":45800}},{"type":"Feature","id":137986,"geometry":{"type":"Point","coordinates":[-122.9573553204442,41.933697080893445]},"properties":{"OBJECTID":137986,"PERMANENT_IDENTIFIER":"124336052","GNIS_NAME":null,"FTYPE":458,"FCODE":45800}},{"type":"Feature","id":137987,"geometry":{"type":"Point","coordinates":[-122.95924945415796,41.9333375471835]},"properties":{"OBJECTID":137987,"PERMANENT_IDENTIFIER":"124336054","GNIS_NAME":null,"FTYPE":458,"FCODE":45800}},{"type":"Feature","id":137988,"geometry":{"type":"Point","coordinates":[-122.93335511583228,41.93013734940357]},"properties":{"OBJECTID":137988,"PERMANENT_IDENTIFIER":"124336060","GNIS_NAME":null,"FTYPE":458,"FCODE":45800}},{"type":"Feature","id":137989,"geometry":{"type":"Point","coordinates":[-122.91402457949451,41.92696361733492]},"properties":{"OBJECTID":137989,"PERMANENT_IDENTIFIER":"124336063","GNIS_NAME":null,"FTYPE":458,"FCODE":45800}},{"type":"Feature","id":137990,"geometry":{"type":"Point","coordinates":[-122.9020876438365,41.924684485094325]},"properties":{"OBJECTID":137990,"PERMANENT_IDENTIFIER":"124336068","GNIS_NAME":null,"FTYPE":458,"FCODE":45800}},{"type":"Feature","id":137991,"geometry":{"type":"Point","coordinates":[-122.90334324354751,41.92398301823901]},"properties":{"OBJECTID":137991,"PERMANENT_IDENTIFIER":"124336070","GNIS_NAME":null,"FTYPE":458,"FCODE":45800}},{"type":"Feature","id":137992,"geometry":{"type":"Point","coordinates":[-122.90824164405373,41.922473684426755]},"properties":{"OBJECTID":137992,"PERMANENT_IDENTIFIER":"124336075","GNIS_NAME":null,"FTYPE":458,"FCODE":45800}},{"type":"Feature","id":137993,"geometry":{"type":"Point","coordinates":[-122.91088397779481,41.921611083873465]},"properties":{"OBJECTID":137993,"PERMANENT_IDENTIFIER":"124336077","GNIS_NAME":null,"FTYPE":458,"FCODE":45800}},{"type":"Feature","id":137994,"geometry":{"type":"Point","coordinates":[-122.89073597413179,41.91915315226886]},"properties":{"OBJECTID":137994,"PERMANENT_IDENTIFIER":"124336081","GNIS_NAME":null,"FTYPE":458,"FCODE":45800}},{"type":"Feature","id":137995,"geometry":{"type":"Point","coordinates":[-122.93244164677292,41.915545948793124]},"properties":{"OBJECTID":137995,"PERMANENT_IDENTIFIER":"124336084","GNIS_NAME":null,"FTYPE":458,"FCODE":45800}},{"type":"Feature","id":137996,"geometry":{"type":"Point","coordinates":[-122.93356338076357,41.91538448144311]},"properties":{"OBJECTID":137996,"PERMANENT_IDENTIFIER":"124336085","GNIS_NAME":null,"FTYPE":458,"FCODE":45800}},{"type":"Feature","id":137997,"geometry":{"type":"Point","coordinates":[-122.93938151330237,41.909614347326404]},"properties":{"OBJECTID":137997,"PERMANENT_IDENTIFIER":"124336091","GNIS_NAME":null,"FTYPE":458,"FCODE":45800}},{"type":"Feature","id":137998,"geometry":{"type":"Point","coordinates":[-122.82656224239282,41.98387389606893]},"properties":{"OBJECTID":137998,"PERMANENT_IDENTIFIER":"124336109","GNIS_NAME":null,"FTYPE":458,"FCODE":45800}},{"type":"Feature","id":137999,"geometry":{"type":"Point","coordinates":[-122.82778190934839,41.98372716218119]},"properties":{"OBJECTID":137999,"PERMANENT_IDENTIFIER":"124336110","GNIS_NAME":null,"FTYPE":458,"FCODE":45800}},{"type":"Feature","id":138000,"geometry":{"type":"Point","coordinates":[-122.81837423990169,41.97908336308532]},"properties":{"OBJECTID":138000,"PERMANENT_IDENTIFIER":"124336111","GNIS_NAME":null,"FTYPE":458,"FCODE":45800}},{"type":"Feature","id":138008,"geometry":{"type":"Point","coordinates":[-122.23183313213332,41.857219340406246]},"properties":{"OBJECTID":138008,"PERMANENT_IDENTIFIER":"124335336","GNIS_NAME":null,"FTYPE":458,"FCODE":45800}},{"type":"Feature","id":138009,"geometry":{"type":"Point","coordinates":[-122.20874412405486,41.82549380685963]},"properties":{"OBJECTID":138009,"PERMANENT_IDENTIFIER":"124335337","GNIS_NAME":null,"FTYPE":458,"FCODE":45800}},{"type":"Feature","id":138010,"geometry":{"type":"Point","coordinates":[-122.20718805666756,41.82668087361188]},"properties":{"OBJECTID":138010,"PERMANENT_IDENTIFIER":"124335338","GNIS_NAME":null,"FTYPE":458,"FCODE":45800}},{"type":"Feature","id":138011,"geometry":{"type":"Point","coordinates":[-122.21284773150894,41.87257774313933]},"properties":{"OBJECTID":138011,"PERMANENT_IDENTIFIER":"124335339","GNIS_NAME":null,"FTYPE":458,"FCODE":45800}},{"type":"Feature","id":138012,"geometry":{"type":"Point","coordinates":[-122.21413273150395,41.87146074312807]},"properties":{"OBJECTID":138012,"PERMANENT_IDENTIFIER":"124335341","GNIS_NAME":null,"FTYPE":458,"FCODE":45800}},{"type":"Feature","id":138013,"geometry":{"type":"Point","coordinates":[-122.22028620000836,41.8726871421134]},"properties":{"OBJECTID":138013,"PERMANENT_IDENTIFIER":"124335342","GNIS_NAME":null,"FTYPE":458,"FCODE":45800}},{"type":"Feature","id":138014,"geometry":{"type":"Point","coordinates":[-122.21961786615668,41.87276367572493]},"properties":{"OBJECTID":138014,"PERMANENT_IDENTIFIER":"124335343","GNIS_NAME":null,"FTYPE":458,"FCODE":45800}},{"type":"Feature","id":138015,"geometry":{"type":"Point","coordinates":[-122.22308333292986,41.871395542144214]},"properties":{"OBJECTID":138015,"PERMANENT_IDENTIFIER":"124335344","GNIS_NAME":null,"FTYPE":458,"FCODE":45800}},{"type":"Feature","id":138016,"geometry":{"type":"Point","coordinates":[-122.22418233333691,41.87070507507069]},"properties":{"OBJECTID":138016,"PERMANENT_IDENTIFIER":"124335345","GNIS_NAME":null,"FTYPE":458,"FCODE":45800}},{"type":"Feature","id":138017,"geometry":{"type":"Point","coordinates":[-122.23191653300252,41.864209074003945]},"properties":{"OBJECTID":138017,"PERMANENT_IDENTIFIER":"124335346","GNIS_NAME":null,"FTYPE":458,"FCODE":45800}},{"type":"Feature","id":138018,"geometry":{"type":"Point","coordinates":[-122.23182233347302,41.864595740842226]},"properties":{"OBJECTID":138018,"PERMANENT_IDENTIFIER":"124335347","GNIS_NAME":null,"FTYPE":458,"FCODE":45800}},{"type":"Feature","id":138019,"geometry":{"type":"Point","coordinates":[-122.21733705965876,41.83360467313064]},"properties":{"OBJECTID":138019,"PERMANENT_IDENTIFIER":"124335348","GNIS_NAME":null,"FTYPE":458,"FCODE":45800}},{"type":"Feature","id":138020,"geometry":{"type":"Point","coordinates":[-122.18377445197338,41.81911800877705]},"properties":{"OBJECTID":138020,"PERMANENT_IDENTIFIER":"124335350","GNIS_NAME":null,"FTYPE":458,"FCODE":45800}},{"type":"Feature","id":138021,"geometry":{"type":"Point","coordinates":[-122.18370718562207,41.81871660845823]},"properties":{"OBJECTID":138021,"PERMANENT_IDENTIFIER":"124335351","GNIS_NAME":null,"FTYPE":458,"FCODE":45800}},{"type":"Feature","id":138022,"geometry":{"type":"Point","coordinates":[-122.18386051869028,41.81838447533287]},"properties":{"OBJECTID":138022,"PERMANENT_IDENTIFIER":"124335352","GNIS_NAME":null,"FTYPE":458,"FCODE":45800}},{"type":"Feature","id":138023,"geometry":{"type":"Point","coordinates":[-122.19411265627515,41.83530847579039]},"properties":{"OBJECTID":138023,"PERMANENT_IDENTIFIER":"124335353","GNIS_NAME":null,"FTYPE":458,"FCODE":45800}},{"type":"Feature","id":138024,"geometry":{"type":"Point","coordinates":[-122.22308146100947,41.8395432062357]},"properties":{"OBJECTID":138024,"PERMANENT_IDENTIFIER":"124335354","GNIS_NAME":null,"FTYPE":458,"FCODE":45800}},{"type":"Feature","id":138025,"geometry":{"type":"Point","coordinates":[-122.21920305941826,41.83200060624015]},"properties":{"OBJECTID":138025,"PERMANENT_IDENTIFIER":"124335355","GNIS_NAME":null,"FTYPE":458,"FCODE":45800}},{"type":"Feature","id":138027,"geometry":{"type":"Point","coordinates":[-122.14247380817407,42.00210782515064]},"properties":{"OBJECTID":138027,"PERMANENT_IDENTIFIER":"124335357","GNIS_NAME":null,"FTYPE":458,"FCODE":45800}},{"type":"Feature","id":138028,"geometry":{"type":"Point","coordinates":[-122.18783001693905,42.00935255469207]},"properties":{"OBJECTID":138028,"PERMANENT_IDENTIFIER":"124335359","GNIS_NAME":null,"FTYPE":458,"FCODE":45800}},{"type":"Feature","id":138029,"geometry":{"type":"Point","coordinates":[-122.19363754955953,42.00354928760614]},"properties":{"OBJECTID":138029,"PERMANENT_IDENTIFIER":"124335360","GNIS_NAME":null,"FTYPE":458,"FCODE":45800}},{"type":"Feature","id":138036,"geometry":{"type":"Point","coordinates":[-122.37656971027953,41.999625537002125]},"properties":{"OBJECTID":138036,"PERMANENT_IDENTIFIER":"124335394","GNIS_NAME":null,"FTYPE":458,"FCODE":45800}},{"type":"Feature","id":138037,"geometry":{"type":"Point","coordinates":[-122.4648329192321,41.97136366068875]},"properties":{"OBJECTID":138037,"PERMANENT_IDENTIFIER":"124335397","GNIS_NAME":null,"FTYPE":458,"FCODE":45800}},{"type":"Feature","id":138038,"geometry":{"type":"Point","coordinates":[-122.41950638233041,41.99012593286149]},"properties":{"OBJECTID":138038,"PERMANENT_IDENTIFIER":"124335399","GNIS_NAME":null,"FTYPE":458,"FCODE":45800}},{"type":"Feature","id":138039,"geometry":{"type":"Point","coordinates":[-122.40527277411431,41.95362426486498]},"properties":{"OBJECTID":138039,"PERMANENT_IDENTIFIER":"124335402","GNIS_NAME":null,"FTYPE":458,"FCODE":45800}},{"type":"Feature","id":138040,"geometry":{"type":"Point","coordinates":[-122.40557810732686,41.95272459836226]},"properties":{"OBJECTID":138040,"PERMANENT_IDENTIFIER":"124335404","GNIS_NAME":null,"FTYPE":458,"FCODE":45800}},{"type":"Feature","id":138041,"geometry":{"type":"Point","coordinates":[-122.41169744007779,41.943412863832876]},"properties":{"OBJECTID":138041,"PERMANENT_IDENTIFIER":"124335410","GNIS_NAME":null,"FTYPE":458,"FCODE":45800}},{"type":"Feature","id":138042,"geometry":{"type":"Point","coordinates":[-122.38219963833922,41.960051134403834]},"properties":{"OBJECTID":138042,"PERMANENT_IDENTIFIER":"124335424","GNIS_NAME":null,"FTYPE":458,"FCODE":45800}},{"type":"Feature","id":138050,"geometry":{"type":"Point","coordinates":[-122.57417187286936,41.99611058587774]},"properties":{"OBJECTID":138050,"PERMANENT_IDENTIFIER":"124335443","GNIS_NAME":"Collins Spring","FTYPE":458,"FCODE":45800}},{"type":"Feature","id":138051,"geometry":{"type":"Point","coordinates":[-122.55855639928106,41.96851405253244]},"properties":{"OBJECTID":138051,"PERMANENT_IDENTIFIER":"124335447","GNIS_NAME":"Mud Spring","FTYPE":458,"FCODE":45800}},{"type":"Feature","id":138052,"geometry":{"type":"Point","coordinates":[-122.59841273215021,41.928125379265005]},"properties":{"OBJECTID":138052,"PERMANENT_IDENTIFIER":"124335455","GNIS_NAME":null,"FTYPE":458,"FCODE":45800}},{"type":"Feature","id":138053,"geometry":{"type":"Point","coordinates":[-122.57866739739825,41.93585904819501]},"properties":{"OBJECTID":138053,"PERMANENT_IDENTIFIER":"124335457","GNIS_NAME":null,"FTYPE":458,"FCODE":45800}},{"type":"Feature","id":138054,"geometry":{"type":"Point","coordinates":[-122.54985526584579,41.971447853179285]},"properties":{"OBJECTID":138054,"PERMANENT_IDENTIFIER":"124335477","GNIS_NAME":null,"FTYPE":458,"FCODE":45800}},{"type":"Feature","id":138055,"geometry":{"type":"Point","coordinates":[-122.88413492207259,42.01459975938074]},"properties":{"OBJECTID":138055,"PERMANENT_IDENTIFIER":"124335521","GNIS_NAME":null,"FTYPE":458,"FCODE":45800}},{"type":"Feature","id":138056,"geometry":{"type":"Point","coordinates":[-122.7120520248956,41.98169090627336]},"properties":{"OBJECTID":138056,"PERMANENT_IDENTIFIER":"124335547","GNIS_NAME":null,"FTYPE":458,"FCODE":45800}},{"type":"Feature","id":138057,"geometry":{"type":"Point","coordinates":[-122.73739442972929,41.98785817079667]},"properties":{"OBJECTID":138057,"PERMANENT_IDENTIFIER":"124335549","GNIS_NAME":null,"FTYPE":458,"FCODE":45800}},{"type":"Feature","id":138058,"geometry":{"type":"Point","coordinates":[-122.64889154108799,41.93453657483743]},"properties":{"OBJECTID":138058,"PERMANENT_IDENTIFIER":"124335552","GNIS_NAME":null,"FTYPE":458,"FCODE":45800}},{"type":"Feature","id":138059,"geometry":{"type":"Point","coordinates":[-122.35227070180498,41.96655493753288]},"properties":{"OBJECTID":138059,"PERMANENT_IDENTIFIER":"124335566","GNIS_NAME":null,"FTYPE":458,"FCODE":45800}},{"type":"Feature","id":138060,"geometry":{"type":"Point","coordinates":[-122.28792075773951,41.962958876032395]},"properties":{"OBJECTID":138060,"PERMANENT_IDENTIFIER":"124335568","GNIS_NAME":null,"FTYPE":458,"FCODE":45800}},{"type":"Feature","id":138061,"geometry":{"type":"Point","coordinates":[-122.28072388455165,41.93072880746744]},"properties":{"OBJECTID":138061,"PERMANENT_IDENTIFIER":"124335588","GNIS_NAME":null,"FTYPE":458,"FCODE":45800}},{"type":"Feature","id":138062,"geometry":{"type":"Point","coordinates":[-122.96164998760231,41.93292408040845]},"properties":{"OBJECTID":138062,"PERMANENT_IDENTIFIER":"124335601","GNIS_NAME":null,"FTYPE":458,"FCODE":45800}},{"type":"Feature","id":138063,"geometry":{"type":"Point","coordinates":[-122.94283318883988,41.95980148418148]},"properties":{"OBJECTID":138063,"PERMANENT_IDENTIFIER":"124335610","GNIS_NAME":null,"FTYPE":458,"FCODE":45800}},{"type":"Feature","id":138301,"geometry":{"type":"Point","coordinates":[-122.22966814537723,41.939143279220914]},"properties":{"OBJECTID":138301,"PERMANENT_IDENTIFIER":"124335263","GNIS_NAME":null,"FTYPE":458,"FCODE":45800}},{"type":"Feature","id":138302,"geometry":{"type":"Point","coordinates":[-122.15104220174656,41.948942153614226]},"properties":{"OBJECTID":138302,"PERMANENT_IDENTIFIER":"124335264","GNIS_NAME":null,"FTYPE":458,"FCODE":45800}},{"type":"Feature","id":138303,"geometry":{"type":"Point","coordinates":[-122.15938013892237,41.96641768768195]},"properties":{"OBJECTID":138303,"PERMANENT_IDENTIFIER":"124335266","GNIS_NAME":null,"FTYPE":458,"FCODE":45800}},{"type":"Feature","id":138304,"geometry":{"type":"Point","coordinates":[-122.2063137491402,41.984197351402926]},"properties":{"OBJECTID":138304,"PERMANENT_IDENTIFIER":"124335267","GNIS_NAME":null,"FTYPE":458,"FCODE":45800}},{"type":"Feature","id":138305,"geometry":{"type":"Point","coordinates":[-122.19934247617753,41.95313921668377]},"properties":{"OBJECTID":138305,"PERMANENT_IDENTIFIER":"124335268","GNIS_NAME":null,"FTYPE":458,"FCODE":45800}},{"type":"Feature","id":138306,"geometry":{"type":"Point","coordinates":[-122.24346201358276,41.93433987832507]},"properties":{"OBJECTID":138306,"PERMANENT_IDENTIFIER":"124335269","GNIS_NAME":null,"FTYPE":458,"FCODE":45800}},{"type":"Feature","id":138307,"geometry":{"type":"Point","coordinates":[-122.13181260655709,41.99769035908461]},"properties":{"OBJECTID":138307,"PERMANENT_IDENTIFIER":"124335270","GNIS_NAME":null,"FTYPE":458,"FCODE":45800}},{"type":"Feature","id":138308,"geometry":{"type":"Point","coordinates":[-122.11436300268008,41.98959082701643]},"properties":{"OBJECTID":138308,"PERMANENT_IDENTIFIER":"124335273","GNIS_NAME":"Secret Spring","FTYPE":458,"FCODE":45800}},{"type":"Feature","id":138309,"geometry":{"type":"Point","coordinates":[-122.05024219145224,41.98076076484872]},"properties":{"OBJECTID":138309,"PERMANENT_IDENTIFIER":"124335274","GNIS_NAME":null,"FTYPE":458,"FCODE":45800}},{"type":"Feature","id":138310,"geometry":{"type":"Point","coordinates":[-122.03625292139492,41.97469543225326]},"properties":{"OBJECTID":138310,"PERMANENT_IDENTIFIER":"124335275","GNIS_NAME":null,"FTYPE":458,"FCODE":45800}},{"type":"Feature","id":138311,"geometry":{"type":"Point","coordinates":[-122.06811852450454,41.96349776244078]},"properties":{"OBJECTID":138311,"PERMANENT_IDENTIFIER":"124335276","GNIS_NAME":null,"FTYPE":458,"FCODE":45800}},{"type":"Feature","id":138312,"geometry":{"type":"Point","coordinates":[-122.06758225729025,41.96360602924309]},"properties":{"OBJECTID":138312,"PERMANENT_IDENTIFIER":"124335277","GNIS_NAME":null,"FTYPE":458,"FCODE":45800}},{"type":"Feature","id":138313,"geometry":{"type":"Point","coordinates":[-122.04730199032893,41.977894898908474]},"properties":{"OBJECTID":138313,"PERMANENT_IDENTIFIER":"124335279","GNIS_NAME":null,"FTYPE":458,"FCODE":45800}},{"type":"Feature","id":138314,"geometry":{"type":"Point","coordinates":[-122.07561772480267,41.95630796138322]},"properties":{"OBJECTID":138314,"PERMANENT_IDENTIFIER":"124335280","GNIS_NAME":null,"FTYPE":458,"FCODE":45800}},{"type":"Feature","id":138331,"geometry":{"type":"Point","coordinates":[-123.66930395070062,41.887215147159765]},"properties":{"OBJECTID":138331,"PERMANENT_IDENTIFIER":"165588410","GNIS_NAME":null,"FTYPE":458,"FCODE":45800}},{"type":"Feature","id":138339,"geometry":{"type":"Point","coordinates":[-122.41192004980871,42.00199860079602]},"properties":{"OBJECTID":138339,"PERMANENT_IDENTIFIER":"124335174","GNIS_NAME":null,"FTYPE":458,"FCODE":45800}},{"type":"Feature","id":138342,"geometry":{"type":"Point","coordinates":[-122.39346511542242,42.014489003331896]},"properties":{"OBJECTID":138342,"PERMANENT_IDENTIFIER":"124335180","GNIS_NAME":null,"FTYPE":458,"FCODE":45800}},{"type":"Feature","id":138343,"geometry":{"type":"Point","coordinates":[-122.39697804926878,42.01266746988899]},"properties":{"OBJECTID":138343,"PERMANENT_IDENTIFIER":"124335182","GNIS_NAME":null,"FTYPE":458,"FCODE":45800}},{"type":"Feature","id":138353,"geometry":{"type":"Point","coordinates":[-122.84422291648033,42.012841762653046]},"properties":{"OBJECTID":138353,"PERMANENT_IDENTIFIER":"124335210","GNIS_NAME":null,"FTYPE":458,"FCODE":45800}},{"type":"Feature","id":138355,"geometry":{"type":"Point","coordinates":[-122.823056180232,42.015369431438316]},"properties":{"OBJECTID":138355,"PERMANENT_IDENTIFIER":"124335214","GNIS_NAME":null,"FTYPE":458,"FCODE":45800}},{"type":"Feature","id":138358,"geometry":{"type":"Point","coordinates":[-122.20544187958362,41.972352217247376]},"properties":{"OBJECTID":138358,"PERMANENT_IDENTIFIER":"124335225","GNIS_NAME":"Klamath Hot Springs","FTYPE":458,"FCODE":45800}},{"type":"Feature","id":138359,"geometry":{"type":"Point","coordinates":[-122.19695248126,41.98968935267313]},"properties":{"OBJECTID":138359,"PERMANENT_IDENTIFIER":"124335229","GNIS_NAME":null,"FTYPE":458,"FCODE":45800}},{"type":"Feature","id":138360,"geometry":{"type":"Point","coordinates":[-122.14564967460649,41.993741357145396]},"properties":{"OBJECTID":138360,"PERMANENT_IDENTIFIER":"124335231","GNIS_NAME":null,"FTYPE":458,"FCODE":45800}},{"type":"Feature","id":138361,"geometry":{"type":"Point","coordinates":[-122.22736073763141,41.89174367680581]},"properties":{"OBJECTID":138361,"PERMANENT_IDENTIFIER":"124335233","GNIS_NAME":null,"FTYPE":458,"FCODE":45800}},{"type":"Feature","id":138362,"geometry":{"type":"Point","coordinates":[-122.2010678040847,41.917300414054516]},"properties":{"OBJECTID":138362,"PERMANENT_IDENTIFIER":"124335235","GNIS_NAME":null,"FTYPE":458,"FCODE":45800}},{"type":"Feature","id":138363,"geometry":{"type":"Point","coordinates":[-122.24182081283739,41.935099144615094]},"properties":{"OBJECTID":138363,"PERMANENT_IDENTIFIER":"124335237","GNIS_NAME":null,"FTYPE":458,"FCODE":45800}},{"type":"Feature","id":138364,"geometry":{"type":"Point","coordinates":[-122.21750120907635,41.935305146774105]},"properties":{"OBJECTID":138364,"PERMANENT_IDENTIFIER":"124335239","GNIS_NAME":null,"FTYPE":458,"FCODE":45800}},{"type":"Feature","id":138365,"geometry":{"type":"Point","coordinates":[-122.20022906720702,41.8942598792156]},"properties":{"OBJECTID":138365,"PERMANENT_IDENTIFIER":"124335241","GNIS_NAME":null,"FTYPE":458,"FCODE":45800}},{"type":"Feature","id":138366,"geometry":{"type":"Point","coordinates":[-122.2169677336144,41.879649276342384]},"properties":{"OBJECTID":138366,"PERMANENT_IDENTIFIER":"124335243","GNIS_NAME":null,"FTYPE":458,"FCODE":45800}},{"type":"Feature","id":138367,"geometry":{"type":"Point","coordinates":[-122.21146806582533,41.87747261037518]},"properties":{"OBJECTID":138367,"PERMANENT_IDENTIFIER":"124335247","GNIS_NAME":null,"FTYPE":458,"FCODE":45800}},{"type":"Feature","id":138368,"geometry":{"type":"Point","coordinates":[-122.17997206137994,41.87835088000852]},"properties":{"OBJECTID":138368,"PERMANENT_IDENTIFIER":"124335249","GNIS_NAME":null,"FTYPE":458,"FCODE":45800}},{"type":"Feature","id":138369,"geometry":{"type":"Point","coordinates":[-122.17687392698829,41.87877014677421]},"properties":{"OBJECTID":138369,"PERMANENT_IDENTIFIER":"124335251","GNIS_NAME":null,"FTYPE":458,"FCODE":45800}},{"type":"Feature","id":138370,"geometry":{"type":"Point","coordinates":[-122.2152326704725,41.90464447842737]},"properties":{"OBJECTID":138370,"PERMANENT_IDENTIFIER":"124335253","GNIS_NAME":null,"FTYPE":458,"FCODE":45800}},{"type":"Feature","id":138371,"geometry":{"type":"Point","coordinates":[-122.21007000454377,41.91564234662339]},"properties":{"OBJECTID":138371,"PERMANENT_IDENTIFIER":"124335255","GNIS_NAME":null,"FTYPE":458,"FCODE":45800}},{"type":"Feature","id":138372,"geometry":{"type":"Point","coordinates":[-122.22198287369436,41.91748001227008]},"properties":{"OBJECTID":138372,"PERMANENT_IDENTIFIER":"124335257","GNIS_NAME":null,"FTYPE":458,"FCODE":45800}},{"type":"Feature","id":138373,"geometry":{"type":"Point","coordinates":[-122.19413187493535,41.95131961701744]},"properties":{"OBJECTID":138373,"PERMANENT_IDENTIFIER":"124335259","GNIS_NAME":null,"FTYPE":458,"FCODE":45800}},{"type":"Feature","id":138374,"geometry":{"type":"Point","coordinates":[-122.24529894706968,41.937310611533235]},"properties":{"OBJECTID":138374,"PERMANENT_IDENTIFIER":"124335261","GNIS_NAME":null,"FTYPE":458,"FCODE":45800}},{"type":"Feature","id":140751,"geometry":{"type":"Point","coordinates":[-123.20997661044244,41.848364852393374]},"properties":{"OBJECTID":140751,"PERMANENT_IDENTIFIER":"124335221","GNIS_NAME":"Fern Spring","FTYPE":458,"FCODE":45800}},{"type":"Feature","id":140752,"geometry":{"type":"Point","coordinates":[-123.21215947773224,41.852918452640445]},"properties":{"OBJECTID":140752,"PERMANENT_IDENTIFIER":"124335222","GNIS_NAME":null,"FTYPE":458,"FCODE":45800}},{"type":"Feature","id":140753,"geometry":{"type":"Point","coordinates":[-123.17839820924304,41.87106185686552]},"properties":{"OBJECTID":140753,"PERMANENT_IDENTIFIER":"124335223","GNIS_NAME":"Quail Spring","FTYPE":458,"FCODE":45800}},{"type":"Feature","id":140760,"geometry":{"type":"Point","coordinates":[-122.41097629393053,41.86513692527029]},"properties":{"OBJECTID":140760,"PERMANENT_IDENTIFIER":"124336611","GNIS_NAME":null,"FTYPE":458,"FCODE":45800}},{"type":"Feature","id":140761,"geometry":{"type":"Point","coordinates":[-122.44612836597773,41.862762854935596]},"properties":{"OBJECTID":140761,"PERMANENT_IDENTIFIER":"124336613","GNIS_NAME":null,"FTYPE":458,"FCODE":45800}},{"type":"Feature","id":140762,"geometry":{"type":"Point","coordinates":[-122.42845749569898,41.86085232329226]},"properties":{"OBJECTID":140762,"PERMANENT_IDENTIFIER":"124336615","GNIS_NAME":null,"FTYPE":458,"FCODE":45800}},{"type":"Feature","id":140765,"geometry":{"type":"Point","coordinates":[-122.46617556688346,41.85433711943173]},"properties":{"OBJECTID":140765,"PERMANENT_IDENTIFIER":"124336621","GNIS_NAME":null,"FTYPE":458,"FCODE":45800}},{"type":"Feature","id":140767,"geometry":{"type":"Point","coordinates":[-122.39471175509645,41.84756532499972]},"properties":{"OBJECTID":140767,"PERMANENT_IDENTIFIER":"124336627","GNIS_NAME":null,"FTYPE":458,"FCODE":45800}},{"type":"Feature","id":140768,"geometry":{"type":"Point","coordinates":[-122.43977529498633,41.84419112080364]},"properties":{"OBJECTID":140768,"PERMANENT_IDENTIFIER":"124336629","GNIS_NAME":null,"FTYPE":458,"FCODE":45800}},{"type":"Feature","id":140770,"geometry":{"type":"Point","coordinates":[-122.42268295840691,41.837540455606764]},"properties":{"OBJECTID":140770,"PERMANENT_IDENTIFIER":"124336633","GNIS_NAME":null,"FTYPE":458,"FCODE":45800}},{"type":"Feature","id":140773,"geometry":{"type":"Point","coordinates":[-122.39594095022048,41.81035485583034]},"properties":{"OBJECTID":140773,"PERMANENT_IDENTIFIER":"124336641","GNIS_NAME":null,"FTYPE":458,"FCODE":45800}},{"type":"Feature","id":140775,"geometry":{"type":"Point","coordinates":[-122.38674787943457,41.79774132215522]},"properties":{"OBJECTID":140775,"PERMANENT_IDENTIFIER":"124336645","GNIS_NAME":null,"FTYPE":458,"FCODE":45800}},{"type":"Feature","id":140777,"geometry":{"type":"Point","coordinates":[-122.72845440116781,41.81801722699196]},"properties":{"OBJECTID":140777,"PERMANENT_IDENTIFIER":"124336650","GNIS_NAME":null,"FTYPE":458,"FCODE":45800}},{"type":"Feature","id":140778,"geometry":{"type":"Point","coordinates":[-122.74298513382493,41.79889249090345]},"properties":{"OBJECTID":140778,"PERMANENT_IDENTIFIER":"124336652","GNIS_NAME":null,"FTYPE":458,"FCODE":45800}},{"type":"Feature","id":140783,"geometry":{"type":"Point","coordinates":[-122.31837795145844,41.89294233505688]},"properties":{"OBJECTID":140783,"PERMANENT_IDENTIFIER":"124336458","GNIS_NAME":null,"FTYPE":458,"FCODE":45800}},{"type":"Feature","id":140787,"geometry":{"type":"Point","coordinates":[-122.31844049170496,41.94117893860885]},"properties":{"OBJECTID":140787,"PERMANENT_IDENTIFIER":"124336484","GNIS_NAME":null,"FTYPE":458,"FCODE":45800}},{"type":"Feature","id":140789,"geometry":{"type":"Point","coordinates":[-122.32279355882544,41.93863327118289]},"properties":{"OBJECTID":140789,"PERMANENT_IDENTIFIER":"124336489","GNIS_NAME":null,"FTYPE":458,"FCODE":45800}},{"type":"Feature","id":140791,"geometry":{"type":"Point","coordinates":[-122.30189688793536,41.930847739073194]},"properties":{"OBJECTID":140791,"PERMANENT_IDENTIFIER":"124336495","GNIS_NAME":"Frame Mill Spring","FTYPE":458,"FCODE":45800}},{"type":"Feature","id":140793,"geometry":{"type":"Point","coordinates":[-122.37114556339681,41.918750932506605]},"properties":{"OBJECTID":140793,"PERMANENT_IDENTIFIER":"124336503","GNIS_NAME":"Soda Spring","FTYPE":458,"FCODE":45800}},{"type":"Feature","id":140795,"geometry":{"type":"Point","coordinates":[-122.3155564846123,41.89612306925999]},"properties":{"OBJECTID":140795,"PERMANENT_IDENTIFIER":"124336508","GNIS_NAME":"Flat Springs","FTYPE":458,"FCODE":45800}},{"type":"Feature","id":140796,"geometry":{"type":"Point","coordinates":[-122.342908487039,41.884010932076166]},"properties":{"OBJECTID":140796,"PERMANENT_IDENTIFIER":"124336510","GNIS_NAME":null,"FTYPE":458,"FCODE":45800}},{"type":"Feature","id":140797,"geometry":{"type":"Point","coordinates":[-122.27367447582108,41.87838333789482]},"properties":{"OBJECTID":140797,"PERMANENT_IDENTIFIER":"124336512","GNIS_NAME":null,"FTYPE":458,"FCODE":45800}},{"type":"Feature","id":140799,"geometry":{"type":"Point","coordinates":[-122.90302984515709,41.93129448556246]},"properties":{"OBJECTID":140799,"PERMANENT_IDENTIFIER":"124336546","GNIS_NAME":null,"FTYPE":458,"FCODE":45800}},{"type":"Feature","id":140800,"geometry":{"type":"Point","coordinates":[-122.9671669875637,41.9309388800575]},"properties":{"OBJECTID":140800,"PERMANENT_IDENTIFIER":"124336548","GNIS_NAME":"Buckhorn Spring","FTYPE":458,"FCODE":45800}},{"type":"Feature","id":140801,"geometry":{"type":"Point","coordinates":[-122.98683479109795,41.9301276776008]},"properties":{"OBJECTID":140801,"PERMANENT_IDENTIFIER":"124336550","GNIS_NAME":null,"FTYPE":458,"FCODE":45800}},{"type":"Feature","id":140804,"geometry":{"type":"Point","coordinates":[-122.93161197918828,41.907352081181195]},"properties":{"OBJECTID":140804,"PERMANENT_IDENTIFIER":"124336581","GNIS_NAME":null,"FTYPE":458,"FCODE":45800}},{"type":"Feature","id":140806,"geometry":{"type":"Point","coordinates":[-122.94879397961014,41.89675087951435]},"properties":{"OBJECTID":140806,"PERMANENT_IDENTIFIER":"124336585","GNIS_NAME":null,"FTYPE":458,"FCODE":45800}},{"type":"Feature","id":140807,"geometry":{"type":"Point","coordinates":[-122.94378924486867,41.89126781244614]},"properties":{"OBJECTID":140807,"PERMANENT_IDENTIFIER":"124336587","GNIS_NAME":null,"FTYPE":458,"FCODE":45800}},{"type":"Feature","id":140808,"geometry":{"type":"Point","coordinates":[-122.69796674477988,41.91300990293623]},"properties":{"OBJECTID":140808,"PERMANENT_IDENTIFIER":"124336411","GNIS_NAME":null,"FTYPE":458,"FCODE":45800}},{"type":"Feature","id":140809,"geometry":{"type":"Point","coordinates":[-122.69765560955057,41.89798103512392]},"properties":{"OBJECTID":140809,"PERMANENT_IDENTIFIER":"124336415","GNIS_NAME":null,"FTYPE":458,"FCODE":45800}},{"type":"Feature","id":140810,"geometry":{"type":"Point","coordinates":[-122.3556625653757,41.94915773586163]},"properties":{"OBJECTID":140810,"PERMANENT_IDENTIFIER":"124336433","GNIS_NAME":null,"FTYPE":458,"FCODE":45800}},{"type":"Feature","id":140814,"geometry":{"type":"Point","coordinates":[-122.32699235951887,41.93818513719625]},"properties":{"OBJECTID":140814,"PERMANENT_IDENTIFIER":"124336443","GNIS_NAME":null,"FTYPE":458,"FCODE":45800}},{"type":"Feature","id":140816,"geometry":{"type":"Point","coordinates":[-122.37574450242298,41.94767006723014]},"properties":{"OBJECTID":140816,"PERMANENT_IDENTIFIER":"124336272","GNIS_NAME":null,"FTYPE":458,"FCODE":45800}},{"type":"Feature","id":140820,"geometry":{"type":"Point","coordinates":[-122.44341877837172,41.943564127664544]},"properties":{"OBJECTID":140820,"PERMANENT_IDENTIFIER":"124336279","GNIS_NAME":null,"FTYPE":458,"FCODE":45800}},{"type":"Feature","id":140821,"geometry":{"type":"Point","coordinates":[-122.44546351167126,41.94305612703178]},"properties":{"OBJECTID":140821,"PERMANENT_IDENTIFIER":"124336280","GNIS_NAME":null,"FTYPE":458,"FCODE":45800}},{"type":"Feature","id":140823,"geometry":{"type":"Point","coordinates":[-122.42902990689713,41.928010727457185]},"properties":{"OBJECTID":140823,"PERMANENT_IDENTIFIER":"124336282","GNIS_NAME":null,"FTYPE":458,"FCODE":45800}},{"type":"Feature","id":140826,"geometry":{"type":"Point","coordinates":[-122.43914590727617,41.92223312648158]},"properties":{"OBJECTID":140826,"PERMANENT_IDENTIFIER":"124336285","GNIS_NAME":null,"FTYPE":458,"FCODE":45800}},{"type":"Feature","id":140830,"geometry":{"type":"Point","coordinates":[-122.39967409952938,41.91320232901745]},"properties":{"OBJECTID":140830,"PERMANENT_IDENTIFIER":"124336290","GNIS_NAME":null,"FTYPE":458,"FCODE":45800}},{"type":"Feature","id":140831,"geometry":{"type":"Point","coordinates":[-122.39393376562549,41.91280292978714]},"properties":{"OBJECTID":140831,"PERMANENT_IDENTIFIER":"124336291","GNIS_NAME":null,"FTYPE":458,"FCODE":45800}},{"type":"Feature","id":140835,"geometry":{"type":"Point","coordinates":[-122.38755936264963,41.89643512907928]},"properties":{"OBJECTID":140835,"PERMANENT_IDENTIFIER":"124336296","GNIS_NAME":null,"FTYPE":458,"FCODE":45800}},{"type":"Feature","id":140836,"geometry":{"type":"Point","coordinates":[-122.40519929681645,41.88969152729422]},"properties":{"OBJECTID":140836,"PERMANENT_IDENTIFIER":"124336297","GNIS_NAME":null,"FTYPE":458,"FCODE":45800}},{"type":"Feature","id":140838,"geometry":{"type":"Point","coordinates":[-122.45098856952681,41.88413265590754]},"properties":{"OBJECTID":140838,"PERMANENT_IDENTIFIER":"124336299","GNIS_NAME":null,"FTYPE":458,"FCODE":45800}},{"type":"Feature","id":140841,"geometry":{"type":"Point","coordinates":[-123.25384066349025,41.72174424062094]},"properties":{"OBJECTID":140841,"PERMANENT_IDENTIFIER":"124336302","GNIS_NAME":null,"FTYPE":458,"FCODE":45800}},{"type":"Feature","id":140842,"geometry":{"type":"Point","coordinates":[-123.25497359466567,41.70838843954448]},"properties":{"OBJECTID":140842,"PERMANENT_IDENTIFIER":"124336304","GNIS_NAME":null,"FTYPE":458,"FCODE":45800}},{"type":"Feature","id":140843,"geometry":{"type":"Point","coordinates":[-123.25360579418951,41.70622523932334]},"properties":{"OBJECTID":140843,"PERMANENT_IDENTIFIER":"124336305","GNIS_NAME":null,"FTYPE":458,"FCODE":45800}},{"type":"Feature","id":140844,"geometry":{"type":"Point","coordinates":[-123.25611019372286,41.69912203879217]},"properties":{"OBJECTID":140844,"PERMANENT_IDENTIFIER":"124336306","GNIS_NAME":null,"FTYPE":458,"FCODE":45800}},{"type":"Feature","id":140845,"geometry":{"type":"Point","coordinates":[-123.2561691930327,41.69864443835369]},"properties":{"OBJECTID":140845,"PERMANENT_IDENTIFIER":"124336307","GNIS_NAME":null,"FTYPE":458,"FCODE":45800}},{"type":"Feature","id":140846,"geometry":{"type":"Point","coordinates":[-123.25538059323809,41.69589457223824]},"properties":{"OBJECTID":140846,"PERMANENT_IDENTIFIER":"124336308","GNIS_NAME":null,"FTYPE":458,"FCODE":45800}},{"type":"Feature","id":140847,"geometry":{"type":"Point","coordinates":[-123.25468505983159,41.695238572088684]},"properties":{"OBJECTID":140847,"PERMANENT_IDENTIFIER":"124336309","GNIS_NAME":null,"FTYPE":458,"FCODE":45800}},{"type":"Feature","id":140848,"geometry":{"type":"Point","coordinates":[-123.25287719261723,41.69349963868648]},"properties":{"OBJECTID":140848,"PERMANENT_IDENTIFIER":"124336310","GNIS_NAME":null,"FTYPE":458,"FCODE":45800}},{"type":"Feature","id":140849,"geometry":{"type":"Point","coordinates":[-122.91027356838153,41.859114080391095]},"properties":{"OBJECTID":140849,"PERMANENT_IDENTIFIER":"124336311","GNIS_NAME":null,"FTYPE":458,"FCODE":45800}},{"type":"Feature","id":140850,"geometry":{"type":"Point","coordinates":[-122.93887836003734,41.784545272511835]},"properties":{"OBJECTID":140850,"PERMANENT_IDENTIFIER":"124336313","GNIS_NAME":null,"FTYPE":458,"FCODE":45800}},{"type":"Feature","id":140853,"geometry":{"type":"Point","coordinates":[-122.56710331623489,41.85487004362845]},"properties":{"OBJECTID":140853,"PERMANENT_IDENTIFIER":"124336320","GNIS_NAME":null,"FTYPE":458,"FCODE":45800}},{"type":"Feature","id":140854,"geometry":{"type":"Point","coordinates":[-122.5286781752451,41.84630171294424]},"properties":{"OBJECTID":140854,"PERMANENT_IDENTIFIER":"124336323","GNIS_NAME":null,"FTYPE":458,"FCODE":45800}},{"type":"Feature","id":140856,"geometry":{"type":"Point","coordinates":[-122.50327036973731,41.83232831464514]},"properties":{"OBJECTID":140856,"PERMANENT_IDENTIFIER":"124336327","GNIS_NAME":null,"FTYPE":458,"FCODE":45800}},{"type":"Feature","id":140857,"geometry":{"type":"Point","coordinates":[-122.53909930697317,41.82255191092705]},"properties":{"OBJECTID":140857,"PERMANENT_IDENTIFIER":"124336330","GNIS_NAME":null,"FTYPE":458,"FCODE":45800}},{"type":"Feature","id":140858,"geometry":{"type":"Point","coordinates":[-123.17716178969246,41.74931044886708]},"properties":{"OBJECTID":140858,"PERMANENT_IDENTIFIER":"124336332","GNIS_NAME":null,"FTYPE":458,"FCODE":45800}},{"type":"Feature","id":140860,"geometry":{"type":"Point","coordinates":[-123.22322146177243,41.73837657748482]},"properties":{"OBJECTID":140860,"PERMANENT_IDENTIFIER":"124336336","GNIS_NAME":null,"FTYPE":458,"FCODE":45800}},{"type":"Feature","id":140861,"geometry":{"type":"Point","coordinates":[-123.16342245066336,41.72767304855855]},"properties":{"OBJECTID":140861,"PERMANENT_IDENTIFIER":"124336338","GNIS_NAME":null,"FTYPE":458,"FCODE":45800}},{"type":"Feature","id":140862,"geometry":{"type":"Point","coordinates":[-123.16167965011178,41.72342858198157]},"properties":{"OBJECTID":140862,"PERMANENT_IDENTIFIER":"124336340","GNIS_NAME":null,"FTYPE":458,"FCODE":45800}},{"type":"Feature","id":140863,"geometry":{"type":"Point","coordinates":[-123.16975858280418,41.71390524748166]},"properties":{"OBJECTID":140863,"PERMANENT_IDENTIFIER":"124336342","GNIS_NAME":null,"FTYPE":458,"FCODE":45800}},{"type":"Feature","id":140865,"geometry":{"type":"Point","coordinates":[-122.25798113804423,41.87045607233504]},"properties":{"OBJECTID":140865,"PERMANENT_IDENTIFIER":"124336357","GNIS_NAME":"Black Rock Spring","FTYPE":458,"FCODE":45800}},{"type":"Feature","id":140866,"geometry":{"type":"Point","coordinates":[-122.32239147989709,41.86011793282086]},"properties":{"OBJECTID":140866,"PERMANENT_IDENTIFIER":"124336359","GNIS_NAME":null,"FTYPE":458,"FCODE":45800}},{"type":"Feature","id":140867,"geometry":{"type":"Point","coordinates":[-122.2751870717852,41.853506736194404]},"properties":{"OBJECTID":140867,"PERMANENT_IDENTIFIER":"124336362","GNIS_NAME":null,"FTYPE":458,"FCODE":45800}},{"type":"Feature","id":140868,"geometry":{"type":"Point","coordinates":[-122.28063647242448,41.85077146876223]},"properties":{"OBJECTID":140868,"PERMANENT_IDENTIFIER":"124336365","GNIS_NAME":null,"FTYPE":458,"FCODE":45800}},{"type":"Feature","id":140869,"geometry":{"type":"Point","coordinates":[-122.36717568535319,41.85029466139481]},"properties":{"OBJECTID":140869,"PERMANENT_IDENTIFIER":"124336366","GNIS_NAME":null,"FTYPE":458,"FCODE":45800}},{"type":"Feature","id":140872,"geometry":{"type":"Point","coordinates":[-122.34673294631486,41.83753886249175]},"properties":{"OBJECTID":140872,"PERMANENT_IDENTIFIER":"124336372","GNIS_NAME":null,"FTYPE":458,"FCODE":45800}},{"type":"Feature","id":140874,"geometry":{"type":"Point","coordinates":[-122.36468088266354,41.834829327377854]},"properties":{"OBJECTID":140874,"PERMANENT_IDENTIFIER":"124336376","GNIS_NAME":null,"FTYPE":458,"FCODE":45800}},{"type":"Feature","id":140875,"geometry":{"type":"Point","coordinates":[-122.3649177466677,41.818091125828026]},"properties":{"OBJECTID":140875,"PERMANENT_IDENTIFIER":"124336380","GNIS_NAME":null,"FTYPE":458,"FCODE":45800}},{"type":"Feature","id":140876,"geometry":{"type":"Point","coordinates":[-122.32542187137291,41.806327928476335]},"properties":{"OBJECTID":140876,"PERMANENT_IDENTIFIER":"124336382","GNIS_NAME":null,"FTYPE":458,"FCODE":45800}},{"type":"Feature","id":140879,"geometry":{"type":"Point","coordinates":[-122.34857694086448,41.799314525777724]},"properties":{"OBJECTID":140879,"PERMANENT_IDENTIFIER":"124336388","GNIS_NAME":null,"FTYPE":458,"FCODE":45800}},{"type":"Feature","id":140881,"geometry":{"type":"Point","coordinates":[-122.34341787310177,41.797758526078866]},"properties":{"OBJECTID":140881,"PERMANENT_IDENTIFIER":"124336392","GNIS_NAME":null,"FTYPE":458,"FCODE":45800}},{"type":"Feature","id":140886,"geometry":{"type":"Point","coordinates":[-122.44930149996823,41.86514692153175]},"properties":{"OBJECTID":140886,"PERMANENT_IDENTIFIER":"124336121","GNIS_NAME":null,"FTYPE":458,"FCODE":45800}},{"type":"Feature","id":140888,"geometry":{"type":"Point","coordinates":[-122.42990529553914,41.8565587223431]},"properties":{"OBJECTID":140888,"PERMANENT_IDENTIFIER":"124336127","GNIS_NAME":null,"FTYPE":458,"FCODE":45800}},{"type":"Feature","id":140890,"geometry":{"type":"Point","coordinates":[-122.42150456006439,41.853963256990575]},"properties":{"OBJECTID":140890,"PERMANENT_IDENTIFIER":"124336131","GNIS_NAME":null,"FTYPE":458,"FCODE":45800}},{"type":"Feature","id":140891,"geometry":{"type":"Point","coordinates":[-122.4041816911293,41.852050724754676]},"properties":{"OBJECTID":140891,"PERMANENT_IDENTIFIER":"124336133","GNIS_NAME":null,"FTYPE":458,"FCODE":45800}},{"type":"Feature","id":140892,"geometry":{"type":"Point","coordinates":[-122.49274250420902,41.85122851675324]},"properties":{"OBJECTID":140892,"PERMANENT_IDENTIFIER":"124336135","GNIS_NAME":null,"FTYPE":458,"FCODE":45800}},{"type":"Feature","id":140894,"geometry":{"type":"Point","coordinates":[-122.39675728856653,41.8413973249935]},"properties":{"OBJECTID":140894,"PERMANENT_IDENTIFIER":"124336139","GNIS_NAME":null,"FTYPE":458,"FCODE":45800}},{"type":"Feature","id":140896,"geometry":{"type":"Point","coordinates":[-122.4374698933898,41.83278605337756]},"properties":{"OBJECTID":140896,"PERMANENT_IDENTIFIER":"124336145","GNIS_NAME":null,"FTYPE":458,"FCODE":45800}},{"type":"Feature","id":140897,"geometry":{"type":"Point","coordinates":[-122.40123748395072,41.81291805565362]},"properties":{"OBJECTID":140897,"PERMANENT_IDENTIFIER":"124336147","GNIS_NAME":null,"FTYPE":458,"FCODE":45800}},{"type":"Feature","id":140899,"geometry":{"type":"Point","coordinates":[-122.39712268347398,41.810000722128]},"properties":{"OBJECTID":140899,"PERMANENT_IDENTIFIER":"124336151","GNIS_NAME":null,"FTYPE":458,"FCODE":45800}},{"type":"Feature","id":140901,"geometry":{"type":"Point","coordinates":[-122.40225534769023,41.79107672099636]},"properties":{"OBJECTID":140901,"PERMANENT_IDENTIFIER":"124336155","GNIS_NAME":null,"FTYPE":458,"FCODE":45800}},{"type":"Feature","id":140902,"geometry":{"type":"Point","coordinates":[-122.65736799621106,41.853576101908374]},"properties":{"OBJECTID":140902,"PERMANENT_IDENTIFIER":"124336157","GNIS_NAME":null,"FTYPE":458,"FCODE":45800}},{"type":"Feature","id":140905,"geometry":{"type":"Point","coordinates":[-122.85308016016867,41.86487808587234]},"properties":{"OBJECTID":140905,"PERMANENT_IDENTIFIER":"124336225","GNIS_NAME":null,"FTYPE":458,"FCODE":45800}},{"type":"Feature","id":140906,"geometry":{"type":"Point","coordinates":[-122.7968492166326,41.855132490205776]},"properties":{"OBJECTID":140906,"PERMANENT_IDENTIFIER":"124336227","GNIS_NAME":null,"FTYPE":458,"FCODE":45800}},{"type":"Feature","id":140907,"geometry":{"type":"Point","coordinates":[-122.85775635363055,41.81908768201954]},"properties":{"OBJECTID":140907,"PERMANENT_IDENTIFIER":"124336232","GNIS_NAME":null,"FTYPE":458,"FCODE":45800}},{"type":"Feature","id":140909,"geometry":{"type":"Point","coordinates":[-122.85993074369108,41.75153687766262]},"properties":{"OBJECTID":140909,"PERMANENT_IDENTIFIER":"124336236","GNIS_NAME":null,"FTYPE":458,"FCODE":45800}},{"type":"Feature","id":140910,"geometry":{"type":"Point","coordinates":[-123.17559581850398,41.92744526100232]},"properties":{"OBJECTID":140910,"PERMANENT_IDENTIFIER":"124336243","GNIS_NAME":null,"FTYPE":458,"FCODE":45800}},{"type":"Feature","id":140911,"geometry":{"type":"Point","coordinates":[-123.19418101940407,41.91652145810508]},"properties":{"OBJECTID":140911,"PERMANENT_IDENTIFIER":"124336244","GNIS_NAME":"Kangaroo Spring","FTYPE":458,"FCODE":45800}},{"type":"Feature","id":140913,"geometry":{"type":"Point","coordinates":[-122.2687044751401,41.884021738794985]},"properties":{"OBJECTID":140913,"PERMANENT_IDENTIFIER":"124335976","GNIS_NAME":"Poison Spring","FTYPE":458,"FCODE":45800}},{"type":"Feature","id":140927,"geometry":{"type":"Point","coordinates":[-122.37191756355494,41.91903446520345]},"properties":{"OBJECTID":140927,"PERMANENT_IDENTIFIER":"124336018","GNIS_NAME":null,"FTYPE":458,"FCODE":45800}},{"type":"Feature","id":140928,"geometry":{"type":"Point","coordinates":[-122.35583049193114,41.903701132716876]},"properties":{"OBJECTID":140928,"PERMANENT_IDENTIFIER":"124336019","GNIS_NAME":null,"FTYPE":458,"FCODE":45800}},{"type":"Feature","id":140929,"geometry":{"type":"Point","coordinates":[-122.35959755848144,41.8992953316857]},"properties":{"OBJECTID":140929,"PERMANENT_IDENTIFIER":"124336020","GNIS_NAME":null,"FTYPE":458,"FCODE":45800}},{"type":"Feature","id":140935,"geometry":{"type":"Point","coordinates":[-122.90743578388357,41.95965622067863]},"properties":{"OBJECTID":140935,"PERMANENT_IDENTIFIER":"124336037","GNIS_NAME":null,"FTYPE":458,"FCODE":45800}},{"type":"Feature","id":140938,"geometry":{"type":"Point","coordinates":[-122.98423418900744,41.92333167767767]},"properties":{"OBJECTID":140938,"PERMANENT_IDENTIFIER":"124336072","GNIS_NAME":null,"FTYPE":458,"FCODE":45800}},{"type":"Feature","id":140939,"geometry":{"type":"Point","coordinates":[-122.96207538593484,41.921169279578365]},"properties":{"OBJECTID":140939,"PERMANENT_IDENTIFIER":"124336078","GNIS_NAME":null,"FTYPE":458,"FCODE":45800}},{"type":"Feature","id":140940,"geometry":{"type":"Point","coordinates":[-122.92128337797342,41.91471308306844]},"properties":{"OBJECTID":140940,"PERMANENT_IDENTIFIER":"124336086","GNIS_NAME":null,"FTYPE":458,"FCODE":45800}},{"type":"Feature","id":140942,"geometry":{"type":"Point","coordinates":[-122.93394257731202,41.898747280914534]},"properties":{"OBJECTID":140942,"PERMANENT_IDENTIFIER":"124336094","GNIS_NAME":null,"FTYPE":458,"FCODE":45800}},{"type":"Feature","id":140945,"geometry":{"type":"Point","coordinates":[-122.41160489499713,41.87279605896765]},"properties":{"OBJECTID":140945,"PERMANENT_IDENTIFIER":"124336114","GNIS_NAME":null,"FTYPE":458,"FCODE":45800}},{"type":"Feature","id":140947,"geometry":{"type":"Point","coordinates":[-122.42303629560814,41.86531972409874]},"properties":{"OBJECTID":140947,"PERMANENT_IDENTIFIER":"124336119","GNIS_NAME":null,"FTYPE":458,"FCODE":45800}},{"type":"Feature","id":140951,"geometry":{"type":"Point","coordinates":[-122.53296091372317,41.872196314311424]},"properties":{"OBJECTID":140951,"PERMANENT_IDENTIFIER":"124335836","GNIS_NAME":null,"FTYPE":458,"FCODE":45800}},{"type":"Feature","id":140953,"geometry":{"type":"Point","coordinates":[-122.51076817259847,41.84699691524099]},"properties":{"OBJECTID":140953,"PERMANENT_IDENTIFIER":"124335840","GNIS_NAME":null,"FTYPE":458,"FCODE":45800}},{"type":"Feature","id":140955,"geometry":{"type":"Point","coordinates":[-122.50524370368511,41.83380951424545]},"properties":{"OBJECTID":140955,"PERMANENT_IDENTIFIER":"124335844","GNIS_NAME":null,"FTYPE":458,"FCODE":45800}},{"type":"Feature","id":140957,"geometry":{"type":"Point","coordinates":[-122.57548471338805,41.82769110757292]},"properties":{"OBJECTID":140957,"PERMANENT_IDENTIFIER":"124335847","GNIS_NAME":"Iron Trough Spring","FTYPE":458,"FCODE":45800}},{"type":"Feature","id":140958,"geometry":{"type":"Point","coordinates":[-122.53900310649709,41.82327211073938]},"properties":{"OBJECTID":140958,"PERMANENT_IDENTIFIER":"124335849","GNIS_NAME":"Lower Maple Spring","FTYPE":458,"FCODE":45800}},{"type":"Feature","id":140960,"geometry":{"type":"Point","coordinates":[-123.15153258563515,41.74365905131302]},"properties":{"OBJECTID":140960,"PERMANENT_IDENTIFIER":"124335855","GNIS_NAME":null,"FTYPE":458,"FCODE":45800}},{"type":"Feature","id":140961,"geometry":{"type":"Point","coordinates":[-123.22755979493357,41.73639544391258]},"properties":{"OBJECTID":140961,"PERMANENT_IDENTIFIER":"124335857","GNIS_NAME":null,"FTYPE":458,"FCODE":45800}},{"type":"Feature","id":140962,"geometry":{"type":"Point","coordinates":[-123.16285858432924,41.72608858201898]},"properties":{"OBJECTID":140962,"PERMANENT_IDENTIFIER":"124335859","GNIS_NAME":null,"FTYPE":458,"FCODE":45800}},{"type":"Feature","id":140964,"geometry":{"type":"Point","coordinates":[-123.16505764752841,41.70391404707759]},"properties":{"OBJECTID":140964,"PERMANENT_IDENTIFIER":"124335863","GNIS_NAME":null,"FTYPE":458,"FCODE":45800}},{"type":"Feature","id":140965,"geometry":{"type":"Point","coordinates":[-123.24140025720439,41.69379457294017]},"properties":{"OBJECTID":140965,"PERMANENT_IDENTIFIER":"124335865","GNIS_NAME":null,"FTYPE":458,"FCODE":45800}},{"type":"Feature","id":140966,"geometry":{"type":"Point","coordinates":[-123.11348000258789,41.89115346389997]},"properties":{"OBJECTID":140966,"PERMANENT_IDENTIFIER":"124335875","GNIS_NAME":null,"FTYPE":458,"FCODE":45800}},{"type":"Feature","id":140972,"geometry":{"type":"Point","coordinates":[-122.367009349774,41.83631032723002]},"properties":{"OBJECTID":140972,"PERMANENT_IDENTIFIER":"124335889","GNIS_NAME":null,"FTYPE":458,"FCODE":45800}},{"type":"Feature","id":140974,"geometry":{"type":"Point","coordinates":[-122.33554234396645,41.83278206292882]},"properties":{"OBJECTID":140974,"PERMANENT_IDENTIFIER":"124335893","GNIS_NAME":null,"FTYPE":458,"FCODE":45800}},{"type":"Feature","id":140977,"geometry":{"type":"Point","coordinates":[-122.35395947575797,41.806442525698415]},"properties":{"OBJECTID":140977,"PERMANENT_IDENTIFIER":"124335899","GNIS_NAME":null,"FTYPE":458,"FCODE":45800}},{"type":"Feature","id":140978,"geometry":{"type":"Point","coordinates":[-122.26283092793054,41.802327067085756]},"properties":{"OBJECTID":140978,"PERMANENT_IDENTIFIER":"124335901","GNIS_NAME":null,"FTYPE":458,"FCODE":45800}},{"type":"Feature","id":140980,"geometry":{"type":"Point","coordinates":[-122.34788634062896,41.79849992640256]},"properties":{"OBJECTID":140980,"PERMANENT_IDENTIFIER":"124335907","GNIS_NAME":null,"FTYPE":458,"FCODE":45800}},{"type":"Feature","id":140982,"geometry":{"type":"Point","coordinates":[-122.33129446961561,41.789568726843974]},"properties":{"OBJECTID":140982,"PERMANENT_IDENTIFIER":"124335912","GNIS_NAME":null,"FTYPE":458,"FCODE":45800}},{"type":"Feature","id":140983,"geometry":{"type":"Point","coordinates":[-122.31492026683794,41.78662592794443]},"properties":{"OBJECTID":140983,"PERMANENT_IDENTIFIER":"124335914","GNIS_NAME":null,"FTYPE":458,"FCODE":45800}},{"type":"Feature","id":140984,"geometry":{"type":"Point","coordinates":[-122.37397214238577,41.78506252250522]},"properties":{"OBJECTID":140984,"PERMANENT_IDENTIFIER":"124335916","GNIS_NAME":null,"FTYPE":458,"FCODE":45800}},{"type":"Feature","id":140987,"geometry":{"type":"Point","coordinates":[-122.69731774300664,41.90060563511685]},"properties":{"OBJECTID":140987,"PERMANENT_IDENTIFIER":"124335930","GNIS_NAME":null,"FTYPE":458,"FCODE":45800}},{"type":"Feature","id":140988,"geometry":{"type":"Point","coordinates":[-122.66333293558979,41.88755903754249]},"properties":{"OBJECTID":140988,"PERMANENT_IDENTIFIER":"124335932","GNIS_NAME":"Maple Grove Spring","FTYPE":458,"FCODE":45800}},{"type":"Feature","id":140990,"geometry":{"type":"Point","coordinates":[-122.30228448991627,41.94363987360366]},"properties":{"OBJECTID":140990,"PERMANENT_IDENTIFIER":"124335952","GNIS_NAME":null,"FTYPE":458,"FCODE":45800}},{"type":"Feature","id":140994,"geometry":{"type":"Point","coordinates":[-122.34319329364031,41.92671413557619]},"properties":{"OBJECTID":140994,"PERMANENT_IDENTIFIER":"124335970","GNIS_NAME":null,"FTYPE":458,"FCODE":45800}},{"type":"Feature","id":140999,"geometry":{"type":"Point","coordinates":[-122.86333615501252,41.82095448166911]},"properties":{"OBJECTID":140999,"PERMANENT_IDENTIFIER":"124335754","GNIS_NAME":null,"FTYPE":458,"FCODE":45800}},{"type":"Feature","id":141000,"geometry":{"type":"Point","coordinates":[-122.86616741744432,41.79228821282858]},"properties":{"OBJECTID":141000,"PERMANENT_IDENTIFIER":"124335756","GNIS_NAME":null,"FTYPE":458,"FCODE":45800}},{"type":"Feature","id":141001,"geometry":{"type":"Point","coordinates":[-122.86230074371012,41.75362947692189]},"properties":{"OBJECTID":141001,"PERMANENT_IDENTIFIER":"124335758","GNIS_NAME":null,"FTYPE":458,"FCODE":45800}},{"type":"Feature","id":141004,"geometry":{"type":"Point","coordinates":[-122.39107037150838,41.9486710656673]},"properties":{"OBJECTID":141004,"PERMANENT_IDENTIFIER":"124335790","GNIS_NAME":null,"FTYPE":458,"FCODE":45800}},{"type":"Feature","id":141005,"geometry":{"type":"Point","coordinates":[-122.48206691825206,41.94796472467344]},"properties":{"OBJECTID":141005,"PERMANENT_IDENTIFIER":"124335792","GNIS_NAME":null,"FTYPE":458,"FCODE":45800}},{"type":"Feature","id":141006,"geometry":{"type":"Point","coordinates":[-122.44444151180966,41.94655932730007]},"properties":{"OBJECTID":141006,"PERMANENT_IDENTIFIER":"124335794","GNIS_NAME":null,"FTYPE":458,"FCODE":45800}},{"type":"Feature","id":141009,"geometry":{"type":"Point","coordinates":[-122.44560897622249,41.92773172623498]},"properties":{"OBJECTID":141009,"PERMANENT_IDENTIFIER":"124335802","GNIS_NAME":null,"FTYPE":458,"FCODE":45800}},{"type":"Feature","id":141011,"geometry":{"type":"Point","coordinates":[-122.41395550258683,41.91531612821516]},"properties":{"OBJECTID":141011,"PERMANENT_IDENTIFIER":"124335806","GNIS_NAME":null,"FTYPE":458,"FCODE":45800}},{"type":"Feature","id":141012,"geometry":{"type":"Point","coordinates":[-122.42178470299298,41.91345092745713]},"properties":{"OBJECTID":141012,"PERMANENT_IDENTIFIER":"124335808","GNIS_NAME":null,"FTYPE":458,"FCODE":45800}},{"type":"Feature","id":141014,"geometry":{"type":"Point","coordinates":[-122.40184176566014,41.90138752845145]},"properties":{"OBJECTID":141014,"PERMANENT_IDENTIFIER":"124335812","GNIS_NAME":null,"FTYPE":458,"FCODE":45800}},{"type":"Feature","id":141017,"geometry":{"type":"Point","coordinates":[-122.39276169268824,41.87568372751363]},"properties":{"OBJECTID":141017,"PERMANENT_IDENTIFIER":"124335820","GNIS_NAME":null,"FTYPE":458,"FCODE":45800}},{"type":"Feature","id":141018,"geometry":{"type":"Point","coordinates":[-123.25395919486331,41.71224583966487]},"properties":{"OBJECTID":141018,"PERMANENT_IDENTIFIER":"124335822","GNIS_NAME":null,"FTYPE":458,"FCODE":45800}},{"type":"Feature","id":141022,"geometry":{"type":"Point","coordinates":[-122.36629794406413,41.80098092461802]},"properties":{"OBJECTID":141022,"PERMANENT_IDENTIFIER":"124335539","GNIS_NAME":null,"FTYPE":458,"FCODE":45800}},{"type":"Feature","id":141023,"geometry":{"type":"Point","coordinates":[-122.35142267296,41.785608324900096]},"properties":{"OBJECTID":141023,"PERMANENT_IDENTIFIER":"124335542","GNIS_NAME":null,"FTYPE":458,"FCODE":45800}},{"type":"Feature","id":141024,"geometry":{"type":"Point","coordinates":[-122.33835833760455,41.78603372604084]},"properties":{"OBJECTID":141024,"PERMANENT_IDENTIFIER":"124335544","GNIS_NAME":null,"FTYPE":458,"FCODE":45800}},{"type":"Feature","id":141025,"geometry":{"type":"Point","coordinates":[-122.74749774912233,41.893062030324806]},"properties":{"OBJECTID":141025,"PERMANENT_IDENTIFIER":"124335554","GNIS_NAME":null,"FTYPE":458,"FCODE":45800}},{"type":"Feature","id":141026,"geometry":{"type":"Point","coordinates":[-122.68688253701771,41.87583103476902]},"properties":{"OBJECTID":141026,"PERMANENT_IDENTIFIER":"124335556","GNIS_NAME":null,"FTYPE":458,"FCODE":45800}},{"type":"Feature","id":141027,"geometry":{"type":"Point","coordinates":[-122.69522534493248,41.91628110303738]},"properties":{"OBJECTID":141027,"PERMANENT_IDENTIFIER":"124335558","GNIS_NAME":null,"FTYPE":458,"FCODE":45800}},{"type":"Feature","id":141028,"geometry":{"type":"Point","coordinates":[-122.65562600311377,41.9010916389452]},"properties":{"OBJECTID":141028,"PERMANENT_IDENTIFIER":"124335560","GNIS_NAME":null,"FTYPE":458,"FCODE":45800}},{"type":"Feature","id":141029,"geometry":{"type":"Point","coordinates":[-122.63657533084147,41.885482439430696]},"properties":{"OBJECTID":141029,"PERMANENT_IDENTIFIER":"124335564","GNIS_NAME":null,"FTYPE":458,"FCODE":45800}},{"type":"Feature","id":141030,"geometry":{"type":"Point","coordinates":[-122.29891128832017,41.935301539686925]},"properties":{"OBJECTID":141030,"PERMANENT_IDENTIFIER":"124335570","GNIS_NAME":null,"FTYPE":458,"FCODE":45800}},{"type":"Feature","id":141031,"geometry":{"type":"Point","coordinates":[-122.3546936972536,41.9414469354106]},"properties":{"OBJECTID":141031,"PERMANENT_IDENTIFIER":"124335572","GNIS_NAME":null,"FTYPE":458,"FCODE":45800}},{"type":"Feature","id":141032,"geometry":{"type":"Point","coordinates":[-122.35004049750876,41.943812069145544]},"properties":{"OBJECTID":141032,"PERMANENT_IDENTIFIER":"124335573","GNIS_NAME":null,"FTYPE":458,"FCODE":45800}},{"type":"Feature","id":141033,"geometry":{"type":"Point","coordinates":[-122.3716017677745,41.9436844671461]},"properties":{"OBJECTID":141033,"PERMANENT_IDENTIFIER":"124335576","GNIS_NAME":null,"FTYPE":458,"FCODE":45800}},{"type":"Feature","id":141034,"geometry":{"type":"Point","coordinates":[-122.37257956783917,41.94331593368368]},"properties":{"OBJECTID":141034,"PERMANENT_IDENTIFIER":"124335578","GNIS_NAME":null,"FTYPE":458,"FCODE":45800}},{"type":"Feature","id":141035,"geometry":{"type":"Point","coordinates":[-122.37133596340239,41.918391731883766]},"properties":{"OBJECTID":141035,"PERMANENT_IDENTIFIER":"124335584","GNIS_NAME":null,"FTYPE":458,"FCODE":45800}},{"type":"Feature","id":141036,"geometry":{"type":"Point","coordinates":[-122.32625615892786,41.93478073763036]},"properties":{"OBJECTID":141036,"PERMANENT_IDENTIFIER":"124335586","GNIS_NAME":null,"FTYPE":458,"FCODE":45800}},{"type":"Feature","id":141037,"geometry":{"type":"Point","coordinates":[-122.36977989705561,41.92113033220008]},"properties":{"OBJECTID":141037,"PERMANENT_IDENTIFIER":"124335590","GNIS_NAME":null,"FTYPE":458,"FCODE":45800}},{"type":"Feature","id":141038,"geometry":{"type":"Point","coordinates":[-122.99410105644776,41.9158298766798]},"properties":{"OBJECTID":141038,"PERMANENT_IDENTIFIER":"124335592","GNIS_NAME":null,"FTYPE":458,"FCODE":45800}},{"type":"Feature","id":141039,"geometry":{"type":"Point","coordinates":[-122.99411645738928,41.92485927732299]},"properties":{"OBJECTID":141039,"PERMANENT_IDENTIFIER":"124335594","GNIS_NAME":null,"FTYPE":458,"FCODE":45800}},{"type":"Feature","id":141040,"geometry":{"type":"Point","coordinates":[-122.9931138572408,41.92167527667751]},"properties":{"OBJECTID":141040,"PERMANENT_IDENTIFIER":"124335596","GNIS_NAME":null,"FTYPE":458,"FCODE":45800}},{"type":"Feature","id":141041,"geometry":{"type":"Point","coordinates":[-122.98863004912306,41.87677967392426]},"properties":{"OBJECTID":141041,"PERMANENT_IDENTIFIER":"124335598","GNIS_NAME":null,"FTYPE":458,"FCODE":45800}},{"type":"Feature","id":141042,"geometry":{"type":"Point","coordinates":[-122.9841110563937,41.92607427821729]},"properties":{"OBJECTID":141042,"PERMANENT_IDENTIFIER":"124335600","GNIS_NAME":null,"FTYPE":458,"FCODE":45800}},{"type":"Feature","id":141043,"geometry":{"type":"Point","coordinates":[-122.95506018371407,41.91473588009]},"properties":{"OBJECTID":141043,"PERMANENT_IDENTIFIER":"124335604","GNIS_NAME":null,"FTYPE":458,"FCODE":45800}},{"type":"Feature","id":141044,"geometry":{"type":"Point","coordinates":[-122.9508775830922,41.91549521323826]},"properties":{"OBJECTID":141044,"PERMANENT_IDENTIFIER":"124335606","GNIS_NAME":null,"FTYPE":458,"FCODE":45800}},{"type":"Feature","id":141045,"geometry":{"type":"Point","coordinates":[-122.94910638325021,41.91662928050758]},"properties":{"OBJECTID":141045,"PERMANENT_IDENTIFIER":"124335608","GNIS_NAME":"Windy Spring","FTYPE":458,"FCODE":45800}},{"type":"Feature","id":141046,"geometry":{"type":"Point","coordinates":[-122.90633357551064,41.91144141697791]},"properties":{"OBJECTID":141046,"PERMANENT_IDENTIFIER":"124335614","GNIS_NAME":null,"FTYPE":458,"FCODE":45800}},{"type":"Feature","id":141047,"geometry":{"type":"Point","coordinates":[-122.76568441619288,41.88206709434345]},"properties":{"OBJECTID":141047,"PERMANENT_IDENTIFIER":"124335642","GNIS_NAME":null,"FTYPE":458,"FCODE":45800}},{"type":"Feature","id":141048,"geometry":{"type":"Point","coordinates":[-122.78535522166727,41.891923093638155]},"properties":{"OBJECTID":141048,"PERMANENT_IDENTIFIER":"124335644","GNIS_NAME":null,"FTYPE":458,"FCODE":45800}},{"type":"Feature","id":141049,"geometry":{"type":"Point","coordinates":[-122.49152517117085,41.85320471672471]},"properties":{"OBJECTID":141049,"PERMANENT_IDENTIFIER":"124335646","GNIS_NAME":null,"FTYPE":458,"FCODE":45800}},{"type":"Feature","id":141050,"geometry":{"type":"Point","coordinates":[-122.49113530394774,41.85234285061931]},"properties":{"OBJECTID":141050,"PERMANENT_IDENTIFIER":"124335648","GNIS_NAME":null,"FTYPE":458,"FCODE":45800}},{"type":"Feature","id":141051,"geometry":{"type":"Point","coordinates":[-122.49116377087284,41.85159091719512]},"properties":{"OBJECTID":141051,"PERMANENT_IDENTIFIER":"124335650","GNIS_NAME":null,"FTYPE":458,"FCODE":45800}},{"type":"Feature","id":141052,"geometry":{"type":"Point","coordinates":[-122.43281969766616,41.86596292347898]},"properties":{"OBJECTID":141052,"PERMANENT_IDENTIFIER":"124335653","GNIS_NAME":null,"FTYPE":458,"FCODE":45800}},{"type":"Feature","id":141053,"geometry":{"type":"Point","coordinates":[-122.41169429454396,41.868387524813826]},"properties":{"OBJECTID":141053,"PERMANENT_IDENTIFIER":"124335657","GNIS_NAME":null,"FTYPE":458,"FCODE":45800}},{"type":"Feature","id":141054,"geometry":{"type":"Point","coordinates":[-122.39623169306739,41.87031592694748]},"properties":{"OBJECTID":141054,"PERMANENT_IDENTIFIER":"124335659","GNIS_NAME":null,"FTYPE":458,"FCODE":45800}},{"type":"Feature","id":141055,"geometry":{"type":"Point","coordinates":[-122.40933176035527,41.86405212479273]},"properties":{"OBJECTID":141055,"PERMANENT_IDENTIFIER":"124335661","GNIS_NAME":null,"FTYPE":458,"FCODE":45800}},{"type":"Feature","id":141056,"geometry":{"type":"Point","coordinates":[-122.38240668792692,41.85450272713063]},"properties":{"OBJECTID":141056,"PERMANENT_IDENTIFIER":"124335663","GNIS_NAME":null,"FTYPE":458,"FCODE":45800}},{"type":"Feature","id":141057,"geometry":{"type":"Point","coordinates":[-122.48610916958712,41.84872671718562]},"properties":{"OBJECTID":141057,"PERMANENT_IDENTIFIER":"124335665","GNIS_NAME":null,"FTYPE":458,"FCODE":45800}},{"type":"Feature","id":141058,"geometry":{"type":"Point","coordinates":[-122.49410277017954,41.844564916335244]},"properties":{"OBJECTID":141058,"PERMANENT_IDENTIFIER":"124335667","GNIS_NAME":null,"FTYPE":458,"FCODE":45800}},{"type":"Feature","id":141059,"geometry":{"type":"Point","coordinates":[-122.44787489684315,41.8496976541022]},"properties":{"OBJECTID":141059,"PERMANENT_IDENTIFIER":"124335669","GNIS_NAME":null,"FTYPE":458,"FCODE":45800}},{"type":"Feature","id":141060,"geometry":{"type":"Point","coordinates":[-122.44816116435399,41.850284454314014]},"properties":{"OBJECTID":141060,"PERMANENT_IDENTIFIER":"124335671","GNIS_NAME":null,"FTYPE":458,"FCODE":45800}},{"type":"Feature","id":141061,"geometry":{"type":"Point","coordinates":[-122.47585369605073,41.81485891599797]},"properties":{"OBJECTID":141061,"PERMANENT_IDENTIFIER":"124335675","GNIS_NAME":null,"FTYPE":458,"FCODE":45800}},{"type":"Feature","id":141062,"geometry":{"type":"Point","coordinates":[-122.41002236059079,41.86306492458525]},"properties":{"OBJECTID":141062,"PERMANENT_IDENTIFIER":"124335677","GNIS_NAME":null,"FTYPE":458,"FCODE":45800}},{"type":"Feature","id":141063,"geometry":{"type":"Point","coordinates":[-122.66015372904371,41.84790990155012]},"properties":{"OBJECTID":141063,"PERMANENT_IDENTIFIER":"124335679","GNIS_NAME":null,"FTYPE":458,"FCODE":45800}},{"type":"Feature","id":141064,"geometry":{"type":"Point","coordinates":[-122.63388691809935,41.80477550101413]},"properties":{"OBJECTID":141064,"PERMANENT_IDENTIFIER":"124335681","GNIS_NAME":null,"FTYPE":458,"FCODE":45800}},{"type":"Feature","id":141065,"geometry":{"type":"Point","coordinates":[-122.37702490950153,41.99326473686541]},"properties":{"OBJECTID":141065,"PERMANENT_IDENTIFIER":"124335395","GNIS_NAME":null,"FTYPE":458,"FCODE":45800}},{"type":"Feature","id":141066,"geometry":{"type":"Point","coordinates":[-122.38616330231469,41.94212846547971]},"properties":{"OBJECTID":141066,"PERMANENT_IDENTIFIER":"124335401","GNIS_NAME":null,"FTYPE":458,"FCODE":45800}},{"type":"Feature","id":141067,"geometry":{"type":"Point","coordinates":[-122.39455370424776,41.9419343317864]},"properties":{"OBJECTID":141067,"PERMANENT_IDENTIFIER":"124335405","GNIS_NAME":null,"FTYPE":458,"FCODE":45800}},{"type":"Feature","id":141068,"geometry":{"type":"Point","coordinates":[-122.38678636774115,41.93469666543715]},"properties":{"OBJECTID":141068,"PERMANENT_IDENTIFIER":"124335407","GNIS_NAME":null,"FTYPE":458,"FCODE":45800}},{"type":"Feature","id":141069,"geometry":{"type":"Point","coordinates":[-122.40632317118519,41.93411032978904]},"properties":{"OBJECTID":141069,"PERMANENT_IDENTIFIER":"124335411","GNIS_NAME":null,"FTYPE":458,"FCODE":45800}},{"type":"Feature","id":141070,"geometry":{"type":"Point","coordinates":[-122.44829917660178,41.92695652608162]},"properties":{"OBJECTID":141070,"PERMANENT_IDENTIFIER":"124335412","GNIS_NAME":null,"FTYPE":458,"FCODE":45800}},{"type":"Feature","id":141071,"geometry":{"type":"Point","coordinates":[-122.4069041022745,41.91949512940222]},"properties":{"OBJECTID":141071,"PERMANENT_IDENTIFIER":"124335413","GNIS_NAME":null,"FTYPE":458,"FCODE":45800}},{"type":"Feature","id":141072,"geometry":{"type":"Point","coordinates":[-122.4048638984188,41.89815632801685]},"properties":{"OBJECTID":141072,"PERMANENT_IDENTIFIER":"124335415","GNIS_NAME":null,"FTYPE":458,"FCODE":45800}},{"type":"Feature","id":141073,"geometry":{"type":"Point","coordinates":[-122.38415049675581,41.9047887304142]},"properties":{"OBJECTID":141073,"PERMANENT_IDENTIFIER":"124335416","GNIS_NAME":null,"FTYPE":458,"FCODE":45800}},{"type":"Feature","id":141074,"geometry":{"type":"Point","coordinates":[-122.39262496549975,41.9140524630084]},"properties":{"OBJECTID":141074,"PERMANENT_IDENTIFIER":"124335417","GNIS_NAME":null,"FTYPE":458,"FCODE":45800}},{"type":"Feature","id":141075,"geometry":{"type":"Point","coordinates":[-122.49148858600068,41.949087656678486]},"properties":{"OBJECTID":141075,"PERMANENT_IDENTIFIER":"124335418","GNIS_NAME":null,"FTYPE":458,"FCODE":45800}},{"type":"Feature","id":141076,"geometry":{"type":"Point","coordinates":[-122.49709131970818,41.94724345645451]},"properties":{"OBJECTID":141076,"PERMANENT_IDENTIFIER":"124335420","GNIS_NAME":null,"FTYPE":458,"FCODE":45800}},{"type":"Feature","id":141078,"geometry":{"type":"Point","coordinates":[-122.42593956818507,41.89912832588552]},"properties":{"OBJECTID":141078,"PERMANENT_IDENTIFIER":"124335422","GNIS_NAME":null,"FTYPE":458,"FCODE":45800}},{"type":"Feature","id":141079,"geometry":{"type":"Point","coordinates":[-122.43350190287458,41.89846772499759]},"properties":{"OBJECTID":141079,"PERMANENT_IDENTIFIER":"124335423","GNIS_NAME":null,"FTYPE":458,"FCODE":45800}},{"type":"Feature","id":141080,"geometry":{"type":"Point","coordinates":[-123.25981919640321,41.71495743964445]},"properties":{"OBJECTID":141080,"PERMANENT_IDENTIFIER":"124335441","GNIS_NAME":"Cold Spring","FTYPE":458,"FCODE":45800}},{"type":"Feature","id":141081,"geometry":{"type":"Point","coordinates":[-122.52557412854013,41.96968352184834]},"properties":{"OBJECTID":141081,"PERMANENT_IDENTIFIER":"124335449","GNIS_NAME":null,"FTYPE":458,"FCODE":45800}},{"type":"Feature","id":141082,"geometry":{"type":"Point","coordinates":[-122.52409492746943,41.97018632191378]},"properties":{"OBJECTID":141082,"PERMANENT_IDENTIFIER":"124335450","GNIS_NAME":null,"FTYPE":458,"FCODE":45800}},{"type":"Feature","id":141083,"geometry":{"type":"Point","coordinates":[-122.52360959438712,41.97043205557812]},"properties":{"OBJECTID":141083,"PERMANENT_IDENTIFIER":"124335451","GNIS_NAME":null,"FTYPE":458,"FCODE":45800}},{"type":"Feature","id":141084,"geometry":{"type":"Point","coordinates":[-122.52312372751096,41.9706596553291]},"properties":{"OBJECTID":141084,"PERMANENT_IDENTIFIER":"124335452","GNIS_NAME":null,"FTYPE":458,"FCODE":45800}},{"type":"Feature","id":141085,"geometry":{"type":"Point","coordinates":[-122.52071019467719,41.97182952234433]},"properties":{"OBJECTID":141085,"PERMANENT_IDENTIFIER":"124335453","GNIS_NAME":null,"FTYPE":458,"FCODE":45800}},{"type":"Feature","id":141086,"geometry":{"type":"Point","coordinates":[-122.50973298397034,41.9194263199007]},"properties":{"OBJECTID":141086,"PERMANENT_IDENTIFIER":"124335462","GNIS_NAME":null,"FTYPE":458,"FCODE":45800}},{"type":"Feature","id":141087,"geometry":{"type":"Point","coordinates":[-122.52377199050517,41.94548832014073]},"properties":{"OBJECTID":141087,"PERMANENT_IDENTIFIER":"124335464","GNIS_NAME":null,"FTYPE":458,"FCODE":45800}},{"type":"Feature","id":141088,"geometry":{"type":"Point","coordinates":[-122.52574332246583,41.93261211921441]},"properties":{"OBJECTID":141088,"PERMANENT_IDENTIFIER":"124335466","GNIS_NAME":null,"FTYPE":458,"FCODE":45800}},{"type":"Feature","id":141089,"geometry":{"type":"Point","coordinates":[-122.52550932201085,41.92990451896279]},"properties":{"OBJECTID":141089,"PERMANENT_IDENTIFIER":"124335468","GNIS_NAME":null,"FTYPE":458,"FCODE":45800}},{"type":"Feature","id":141090,"geometry":{"type":"Point","coordinates":[-122.51353291994441,41.92938611984626]},"properties":{"OBJECTID":141090,"PERMANENT_IDENTIFIER":"124335470","GNIS_NAME":null,"FTYPE":458,"FCODE":45800}},{"type":"Feature","id":141091,"geometry":{"type":"Point","coordinates":[-122.50120230974993,41.87695805121612]},"properties":{"OBJECTID":141091,"PERMANENT_IDENTIFIER":"124335472","GNIS_NAME":null,"FTYPE":458,"FCODE":45800}},{"type":"Feature","id":141092,"geometry":{"type":"Point","coordinates":[-122.50986298306695,41.912577119647324]},"properties":{"OBJECTID":141092,"PERMANENT_IDENTIFIER":"124335474","GNIS_NAME":null,"FTYPE":458,"FCODE":45800}},{"type":"Feature","id":141093,"geometry":{"type":"Point","coordinates":[-122.50820231601432,41.912146719921424]},"properties":{"OBJECTID":141093,"PERMANENT_IDENTIFIER":"124335475","GNIS_NAME":null,"FTYPE":458,"FCODE":45800}},{"type":"Feature","id":141094,"geometry":{"type":"Point","coordinates":[-122.53654951623166,41.884005448149814]},"properties":{"OBJECTID":141094,"PERMANENT_IDENTIFIER":"124335481","GNIS_NAME":null,"FTYPE":458,"FCODE":45800}},{"type":"Feature","id":141097,"geometry":{"type":"Point","coordinates":[-122.55747090916553,41.82406530888324]},"properties":{"OBJECTID":141097,"PERMANENT_IDENTIFIER":"124335487","GNIS_NAME":null,"FTYPE":458,"FCODE":45800}},{"type":"Feature","id":141099,"geometry":{"type":"Point","coordinates":[-123.0416989882187,41.861870668555355]},"properties":{"OBJECTID":141099,"PERMANENT_IDENTIFIER":"124335491","GNIS_NAME":"Dead Mole Spring","FTYPE":458,"FCODE":45800}},{"type":"Feature","id":141100,"geometry":{"type":"Point","coordinates":[-123.0831645816061,41.785049259717134]},"properties":{"OBJECTID":141100,"PERMANENT_IDENTIFIER":"124335493","GNIS_NAME":null,"FTYPE":458,"FCODE":45800}},{"type":"Feature","id":141101,"geometry":{"type":"Point","coordinates":[-123.17020405095361,41.72016918077175]},"properties":{"OBJECTID":141101,"PERMANENT_IDENTIFIER":"124335497","GNIS_NAME":null,"FTYPE":458,"FCODE":45800}},{"type":"Feature","id":141102,"geometry":{"type":"Point","coordinates":[-122.89002061855541,41.7758394764349]},"properties":{"OBJECTID":141102,"PERMANENT_IDENTIFIER":"124335499","GNIS_NAME":null,"FTYPE":458,"FCODE":45800}},{"type":"Feature","id":141103,"geometry":{"type":"Point","coordinates":[-122.95805603779034,41.835511474079105]},"properties":{"OBJECTID":141103,"PERMANENT_IDENTIFIER":"124335501","GNIS_NAME":null,"FTYPE":458,"FCODE":45800}},{"type":"Feature","id":141104,"geometry":{"type":"Point","coordinates":[-122.90940636770037,41.85998707986794]},"properties":{"OBJECTID":141104,"PERMANENT_IDENTIFIER":"124335503","GNIS_NAME":null,"FTYPE":458,"FCODE":45800}},{"type":"Feature","id":141105,"geometry":{"type":"Point","coordinates":[-122.89383236458869,41.85506941474148]},"properties":{"OBJECTID":141105,"PERMANENT_IDENTIFIER":"124335505","GNIS_NAME":null,"FTYPE":458,"FCODE":45800}},{"type":"Feature","id":141106,"geometry":{"type":"Point","coordinates":[-123.12275680409222,41.88711326302617]},"properties":{"OBJECTID":141106,"PERMANENT_IDENTIFIER":"124335507","GNIS_NAME":null,"FTYPE":458,"FCODE":45800}},{"type":"Feature","id":141107,"geometry":{"type":"Point","coordinates":[-123.09813360168856,41.89754446559831]},"properties":{"OBJECTID":141107,"PERMANENT_IDENTIFIER":"124335509","GNIS_NAME":null,"FTYPE":458,"FCODE":45800}},{"type":"Feature","id":141108,"geometry":{"type":"Point","coordinates":[-123.06602820130988,41.925281803895864]},"properties":{"OBJECTID":141108,"PERMANENT_IDENTIFIER":"124335513","GNIS_NAME":null,"FTYPE":458,"FCODE":45800}},{"type":"Feature","id":141109,"geometry":{"type":"Point","coordinates":[-123.05676366874015,41.938103472045945]},"properties":{"OBJECTID":141109,"PERMANENT_IDENTIFIER":"124335515","GNIS_NAME":null,"FTYPE":458,"FCODE":45800}},{"type":"Feature","id":141110,"geometry":{"type":"Point","coordinates":[-123.04231439219444,41.88954887020334]},"properties":{"OBJECTID":141110,"PERMANENT_IDENTIFIER":"124335517","GNIS_NAME":null,"FTYPE":458,"FCODE":45800}},{"type":"Feature","id":141111,"geometry":{"type":"Point","coordinates":[-123.03916079214588,41.89362120452629]},"properties":{"OBJECTID":141111,"PERMANENT_IDENTIFIER":"124335519","GNIS_NAME":null,"FTYPE":458,"FCODE":45800}},{"type":"Feature","id":141112,"geometry":{"type":"Point","coordinates":[-122.371850155691,41.87123892903019]},"properties":{"OBJECTID":141112,"PERMANENT_IDENTIFIER":"124335523","GNIS_NAME":null,"FTYPE":458,"FCODE":45800}},{"type":"Feature","id":141113,"geometry":{"type":"Point","coordinates":[-122.36682534905158,41.835273526813644]},"properties":{"OBJECTID":141113,"PERMANENT_IDENTIFIER":"124335525","GNIS_NAME":null,"FTYPE":458,"FCODE":45800}},{"type":"Feature","id":141114,"geometry":{"type":"Point","coordinates":[-122.34102127911856,41.837537729093164]},"properties":{"OBJECTID":141114,"PERMANENT_IDENTIFIER":"124335527","GNIS_NAME":null,"FTYPE":458,"FCODE":45800}},{"type":"Feature","id":141115,"geometry":{"type":"Point","coordinates":[-122.34615207973869,41.835153262029074]},"properties":{"OBJECTID":141115,"PERMANENT_IDENTIFIER":"124335531","GNIS_NAME":null,"FTYPE":458,"FCODE":45800}},{"type":"Feature","id":141116,"geometry":{"type":"Point","coordinates":[-122.28218527272337,41.85270853563013]},"properties":{"OBJECTID":141116,"PERMANENT_IDENTIFIER":"124335533","GNIS_NAME":null,"FTYPE":458,"FCODE":45800}},{"type":"Feature","id":141117,"geometry":{"type":"Point","coordinates":[-122.3468002782198,41.82500152818182]},"properties":{"OBJECTID":141117,"PERMANENT_IDENTIFIER":"124335535","GNIS_NAME":null,"FTYPE":458,"FCODE":45800}},{"type":"Feature","id":141118,"geometry":{"type":"Point","coordinates":[-122.34801787763459,41.8233781279788]},"properties":{"OBJECTID":141118,"PERMANENT_IDENTIFIER":"124335537","GNIS_NAME":null,"FTYPE":458,"FCODE":45800}},{"type":"Feature","id":141119,"geometry":{"type":"Point","coordinates":[-123.08795037657954,41.7498277904926]},"properties":{"OBJECTID":141119,"PERMANENT_IDENTIFIER":"124335271","GNIS_NAME":null,"FTYPE":458,"FCODE":45800}},{"type":"Feature","id":141121,"geometry":{"type":"Point","coordinates":[-122.79393993913482,41.783989418765536]},"properties":{"OBJECTID":141121,"PERMANENT_IDENTIFIER":"124335369","GNIS_NAME":null,"FTYPE":458,"FCODE":45800}},{"type":"Feature","id":141122,"geometry":{"type":"Point","coordinates":[-122.82854201932619,41.84052068647033]},"properties":{"OBJECTID":141122,"PERMANENT_IDENTIFIER":"124335371","GNIS_NAME":null,"FTYPE":458,"FCODE":45800}},{"type":"Feature","id":141123,"geometry":{"type":"Point","coordinates":[-122.76700374444012,41.84484829161183]},"properties":{"OBJECTID":141123,"PERMANENT_IDENTIFIER":"124335373","GNIS_NAME":null,"FTYPE":458,"FCODE":45800}},{"type":"Feature","id":141124,"geometry":{"type":"Point","coordinates":[-122.78083674608324,41.845749224167335]},"properties":{"OBJECTID":141124,"PERMANENT_IDENTIFIER":"124335375","GNIS_NAME":null,"FTYPE":458,"FCODE":45800}},{"type":"Feature","id":141125,"geometry":{"type":"Point","coordinates":[-122.85100675912102,41.86125921883173]},"properties":{"OBJECTID":141125,"PERMANENT_IDENTIFIER":"124335377","GNIS_NAME":null,"FTYPE":458,"FCODE":45800}},{"type":"Feature","id":141126,"geometry":{"type":"Point","coordinates":[-122.84024335626926,41.852836686139746]},"properties":{"OBJECTID":141126,"PERMANENT_IDENTIFIER":"124335378","GNIS_NAME":null,"FTYPE":458,"FCODE":45800}},{"type":"Feature","id":141127,"geometry":{"type":"Point","coordinates":[-122.81351995282806,41.85199028844229]},"properties":{"OBJECTID":141127,"PERMANENT_IDENTIFIER":"124335380","GNIS_NAME":null,"FTYPE":458,"FCODE":45800}},{"type":"Feature","id":141128,"geometry":{"type":"Point","coordinates":[-123.17683808481424,41.928821394040696]},"properties":{"OBJECTID":141128,"PERMANENT_IDENTIFIER":"124335389","GNIS_NAME":null,"FTYPE":458,"FCODE":45800}},{"type":"Feature","id":170480,"geometry":{"type":"Point","coordinates":[-121.77659102246089,41.60281836238066]},"properties":{"OBJECTID":170480,"PERMANENT_IDENTIFIER":"84073369","GNIS_NAME":"Tamarack Spring","FTYPE":458,"FCODE":45800}},{"type":"Feature","id":220865,"geometry":{"type":"Point","coordinates":[-123.57856775697222,42.0108592301434]},"properties":{"OBJECTID":220865,"PERMANENT_IDENTIFIER":"139841527","GNIS_NAME":null,"FTYPE":458,"FCODE":45800}},{"type":"Feature","id":220871,"geometry":{"type":"Point","coordinates":[-123.62425129687588,42.01006555920974]},"properties":{"OBJECTID":220871,"PERMANENT_IDENTIFIER":"139841534","GNIS_NAME":null,"FTYPE":458,"FCODE":45800}},{"type":"Feature","id":220877,"geometry":{"type":"Point","coordinates":[-123.53375728323905,42.009401567204705]},"properties":{"OBJECTID":220877,"PERMANENT_IDENTIFIER":"139841541","GNIS_NAME":null,"FTYPE":458,"FCODE":45800}},{"type":"Feature","id":220883,"geometry":{"type":"Point","coordinates":[-123.53791014956562,42.00138423302203]},"properties":{"OBJECTID":220883,"PERMANENT_IDENTIFIER":"139841548","GNIS_NAME":"Siskiyou Springs","FTYPE":458,"FCODE":45800}},{"type":"Feature","id":220935,"geometry":{"type":"Point","coordinates":[-123.34830485588499,42.006783783983984]},"properties":{"OBJECTID":220935,"PERMANENT_IDENTIFIER":"139841663","GNIS_NAME":null,"FTYPE":458,"FCODE":45800}},{"type":"Feature","id":225688,"geometry":{"type":"Point","coordinates":[-122.9953599921103,41.9340060109462]},"properties":{"OBJECTID":225688,"PERMANENT_IDENTIFIER":"145152844","GNIS_NAME":null,"FTYPE":458,"FCODE":45800}},{"type":"Feature","id":225697,"geometry":{"type":"Point","coordinates":[-123.00955280723734,42.01476368128788]},"properties":{"OBJECTID":225697,"PERMANENT_IDENTIFIER":"145152864","GNIS_NAME":null,"FTYPE":458,"FCODE":45800}},{"type":"Feature","id":225705,"geometry":{"type":"Point","coordinates":[-122.89960265650268,42.00850289100236]},"properties":{"OBJECTID":225705,"PERMANENT_IDENTIFIER":"145152884","GNIS_NAME":null,"FTYPE":458,"FCODE":45800}},{"type":"Feature","id":225706,"geometry":{"type":"Point","coordinates":[-122.98643985959657,41.94423261193847]},"properties":{"OBJECTID":225706,"PERMANENT_IDENTIFIER":"145152886","GNIS_NAME":null,"FTYPE":458,"FCODE":45800}},{"type":"Feature","id":225715,"geometry":{"type":"Point","coordinates":[-123.00520580642919,42.01247641472768]},"properties":{"OBJECTID":225715,"PERMANENT_IDENTIFIER":"145152906","GNIS_NAME":null,"FTYPE":458,"FCODE":45800}},{"type":"Feature","id":225716,"geometry":{"type":"Point","coordinates":[-123.29718604891335,42.00563558862593]},"properties":{"OBJECTID":225716,"PERMANENT_IDENTIFIER":"145152908","GNIS_NAME":null,"FTYPE":458,"FCODE":45800}},{"type":"Feature","id":225724,"geometry":{"type":"Point","coordinates":[-122.89846218978114,42.00880369129634]},"properties":{"OBJECTID":225724,"PERMANENT_IDENTIFIER":"145152926","GNIS_NAME":null,"FTYPE":458,"FCODE":45800}},{"type":"Feature","id":225725,"geometry":{"type":"Point","coordinates":[-123.29612724849108,42.00393158861312]},"properties":{"OBJECTID":225725,"PERMANENT_IDENTIFIER":"145152929","GNIS_NAME":null,"FTYPE":458,"FCODE":45800}},{"type":"Feature","id":225733,"geometry":{"type":"Point","coordinates":[-122.99563580537753,42.010463615543046]},"properties":{"OBJECTID":225733,"PERMANENT_IDENTIFIER":"145152947","GNIS_NAME":null,"FTYPE":458,"FCODE":45800}},{"type":"Feature","id":225734,"geometry":{"type":"Point","coordinates":[-123.294870448004,42.00439418873493]},"properties":{"OBJECTID":225734,"PERMANENT_IDENTIFIER":"145152949","GNIS_NAME":null,"FTYPE":458,"FCODE":45800}},{"type":"Feature","id":225742,"geometry":{"type":"Point","coordinates":[-122.89614925680056,42.01308429183643]},"properties":{"OBJECTID":225742,"PERMANENT_IDENTIFIER":"145152967","GNIS_NAME":null,"FTYPE":458,"FCODE":45800}},{"type":"Feature","id":225743,"geometry":{"type":"Point","coordinates":[-122.97732885779652,41.9406016129632]},"properties":{"OBJECTID":225743,"PERMANENT_IDENTIFIER":"145152969","GNIS_NAME":null,"FTYPE":458,"FCODE":45800}},{"type":"Feature","id":225750,"geometry":{"type":"Point","coordinates":[-122.9555711909286,41.957757815739214]},"properties":{"OBJECTID":225750,"PERMANENT_IDENTIFIER":"145153052","GNIS_NAME":"Mud Spring","FTYPE":458,"FCODE":45800}},{"type":"Feature","id":225751,"geometry":{"type":"Point","coordinates":[-122.96876925465399,41.93292147949316]},"properties":{"OBJECTID":225751,"PERMANENT_IDENTIFIER":"145153053","GNIS_NAME":null,"FTYPE":458,"FCODE":45800}},{"type":"Feature","id":225768,"geometry":{"type":"Point","coordinates":[-122.8949845914238,42.01649682491339]},"properties":{"OBJECTID":225768,"PERMANENT_IDENTIFIER":"145153072","GNIS_NAME":null,"FTYPE":458,"FCODE":45800}},{"type":"Feature","id":225771,"geometry":{"type":"Point","coordinates":[-122.91110259187575,42.00845822298222]},"properties":{"OBJECTID":225771,"PERMANENT_IDENTIFIER":"145152716","GNIS_NAME":null,"FTYPE":458,"FCODE":45800}},{"type":"Feature","id":225772,"geometry":{"type":"Point","coordinates":[-123.03967501148841,42.0082316784058]},"properties":{"OBJECTID":225772,"PERMANENT_IDENTIFIER":"145152717","GNIS_NAME":null,"FTYPE":458,"FCODE":45800}},{"type":"Feature","id":225795,"geometry":{"type":"Point","coordinates":[-122.90957399354157,42.018350824007115]},"properties":{"OBJECTID":225795,"PERMANENT_IDENTIFIER":"145152758","GNIS_NAME":null,"FTYPE":458,"FCODE":45800}},{"type":"Feature","id":225796,"geometry":{"type":"Point","coordinates":[-123.06841707973457,41.99154207437156]},"properties":{"OBJECTID":225796,"PERMANENT_IDENTIFIER":"145152760","GNIS_NAME":null,"FTYPE":458,"FCODE":45800}},{"type":"Feature","id":225807,"geometry":{"type":"Point","coordinates":[-123.28535404797258,42.0131953897254]},"properties":{"OBJECTID":225807,"PERMANENT_IDENTIFIER":"145152783","GNIS_NAME":null,"FTYPE":458,"FCODE":45800}},{"type":"Feature","id":225815,"geometry":{"type":"Point","coordinates":[-122.90771165854231,42.01138269011738]},"properties":{"OBJECTID":225815,"PERMANENT_IDENTIFIER":"145152801","GNIS_NAME":null,"FTYPE":458,"FCODE":45800}},{"type":"Feature","id":225824,"geometry":{"type":"Point","coordinates":[-123.29589091724029,42.01666318945425]},"properties":{"OBJECTID":225824,"PERMANENT_IDENTIFIER":"145152824","GNIS_NAME":null,"FTYPE":458,"FCODE":45800}},{"type":"Feature","id":225831,"geometry":{"type":"Point","coordinates":[-122.96501165592124,41.94452561433054]},"properties":{"OBJECTID":225831,"PERMANENT_IDENTIFIER":"145153158","GNIS_NAME":null,"FTYPE":458,"FCODE":45800}},{"type":"Feature","id":225840,"geometry":{"type":"Point","coordinates":[-122.93720285705307,41.975645819011916]},"properties":{"OBJECTID":225840,"PERMANENT_IDENTIFIER":"145153178","GNIS_NAME":null,"FTYPE":458,"FCODE":45800}},{"type":"Feature","id":225866,"geometry":{"type":"Point","coordinates":[-122.97689685935778,41.95400341367024]},"properties":{"OBJECTID":225866,"PERMANENT_IDENTIFIER":"145152990","GNIS_NAME":null,"FTYPE":458,"FCODE":45800}},{"type":"Feature","id":225867,"geometry":{"type":"Point","coordinates":[-123.29505384833836,42.008897055752946]},"properties":{"OBJECTID":225867,"PERMANENT_IDENTIFIER":"145152991","GNIS_NAME":null,"FTYPE":458,"FCODE":45800}},{"type":"Feature","id":225876,"geometry":{"type":"Point","coordinates":[-122.97490645753327,41.9450008797298]},"properties":{"OBJECTID":225876,"PERMANENT_IDENTIFIER":"145153011","GNIS_NAME":null,"FTYPE":458,"FCODE":45800}},{"type":"Feature","id":225885,"geometry":{"type":"Point","coordinates":[-122.96692766581863,42.00194808480691]},"properties":{"OBJECTID":225885,"PERMANENT_IDENTIFIER":"145153031","GNIS_NAME":null,"FTYPE":458,"FCODE":45800}},{"type":"Feature","id":225886,"geometry":{"type":"Point","coordinates":[-123.28320224686142,42.00513978993557]},"properties":{"OBJECTID":225886,"PERMANENT_IDENTIFIER":"145153033","GNIS_NAME":null,"FTYPE":458,"FCODE":45800}},{"type":"Feature","id":225895,"geometry":{"type":"Point","coordinates":[-122.89537005718874,42.011381291526995]},"properties":{"OBJECTID":225895,"PERMANENT_IDENTIFIER":"145153051","GNIS_NAME":null,"FTYPE":458,"FCODE":45800}},{"type":"Feature","id":225901,"geometry":{"type":"Point","coordinates":[-123.135893017445,41.96096686636352]},"properties":{"OBJECTID":225901,"PERMANENT_IDENTIFIER":"145153262","GNIS_NAME":null,"FTYPE":458,"FCODE":45800}},{"type":"Feature","id":225918,"geometry":{"type":"Point","coordinates":[-122.9617176566402,41.94899641471248]},"properties":{"OBJECTID":225918,"PERMANENT_IDENTIFIER":"145153281","GNIS_NAME":null,"FTYPE":458,"FCODE":45800}},{"type":"Feature","id":225919,"geometry":{"type":"Point","coordinates":[-123.14228842359661,41.993211868372924]},"properties":{"OBJECTID":225919,"PERMANENT_IDENTIFIER":"145153282","GNIS_NAME":null,"FTYPE":458,"FCODE":45800}},{"type":"Feature","id":225933,"geometry":{"type":"Point","coordinates":[-123.19061528574855,41.92154299280712]},"properties":{"OBJECTID":225933,"PERMANENT_IDENTIFIER":"145153302","GNIS_NAME":null,"FTYPE":458,"FCODE":45800}},{"type":"Feature","id":225941,"geometry":{"type":"Point","coordinates":[-122.96799779245187,41.96075648183516]},"properties":{"OBJECTID":225941,"PERMANENT_IDENTIFIER":"145153074","GNIS_NAME":null,"FTYPE":458,"FCODE":45800}},{"type":"Feature","id":225950,"geometry":{"type":"Point","coordinates":[-122.94970205766363,41.964497016754045]},"properties":{"OBJECTID":225950,"PERMANENT_IDENTIFIER":"145153094","GNIS_NAME":null,"FTYPE":458,"FCODE":45800}},{"type":"Feature","id":225959,"geometry":{"type":"Point","coordinates":[-122.94946905820221,41.96820308399219]},"properties":{"OBJECTID":225959,"PERMANENT_IDENTIFIER":"145153115","GNIS_NAME":null,"FTYPE":458,"FCODE":45800}},{"type":"Feature","id":225960,"geometry":{"type":"Point","coordinates":[-122.96609359157313,41.956811014804444]},"properties":{"OBJECTID":225960,"PERMANENT_IDENTIFIER":"145153116","GNIS_NAME":null,"FTYPE":458,"FCODE":45800}},{"type":"Feature","id":225969,"geometry":{"type":"Point","coordinates":[-122.94891119054574,41.96599168361493]},"properties":{"OBJECTID":225969,"PERMANENT_IDENTIFIER":"145153136","GNIS_NAME":null,"FTYPE":458,"FCODE":45800}},{"type":"Feature","id":225987,"geometry":{"type":"Point","coordinates":[-122.9639221920069,41.961651482313506]},"properties":{"OBJECTID":225987,"PERMANENT_IDENTIFIER":"145153220","GNIS_NAME":null,"FTYPE":458,"FCODE":45800}},{"type":"Feature","id":225996,"geometry":{"type":"Point","coordinates":[-122.96362259213585,41.96400661527625]},"properties":{"OBJECTID":225996,"PERMANENT_IDENTIFIER":"145153240","GNIS_NAME":null,"FTYPE":458,"FCODE":45800}},{"type":"Feature","id":247016,"geometry":{"type":"Point","coordinates":[-122.31946743826448,42.01905654383705]},"properties":{"OBJECTID":247016,"PERMANENT_IDENTIFIER":"124335302","GNIS_NAME":null,"FTYPE":458,"FCODE":45800}},{"type":"Feature","id":247018,"geometry":{"type":"Point","coordinates":[-122.30461003520766,42.01467521136471]},"properties":{"OBJECTID":247018,"PERMANENT_IDENTIFIER":"124335307","GNIS_NAME":null,"FTYPE":458,"FCODE":45800}},{"type":"Feature","id":247019,"geometry":{"type":"Point","coordinates":[-122.28823663260052,42.014629212553174]},"properties":{"OBJECTID":247019,"PERMANENT_IDENTIFIER":"124335309","GNIS_NAME":null,"FTYPE":458,"FCODE":45800}},{"type":"Feature","id":247020,"geometry":{"type":"Point","coordinates":[-122.28603129810382,42.00686554591562]},"properties":{"OBJECTID":247020,"PERMANENT_IDENTIFIER":"124335311","GNIS_NAME":null,"FTYPE":458,"FCODE":45800}},{"type":"Feature","id":247021,"geometry":{"type":"Point","coordinates":[-122.29303969835478,42.00527467847762]},"properties":{"OBJECTID":247021,"PERMANENT_IDENTIFIER":"124335313","GNIS_NAME":null,"FTYPE":458,"FCODE":45800}},{"type":"Feature","id":247022,"geometry":{"type":"Point","coordinates":[-122.31239943519402,42.00403001010947]},"properties":{"OBJECTID":247022,"PERMANENT_IDENTIFIER":"124335315","GNIS_NAME":null,"FTYPE":458,"FCODE":45800}},{"type":"Feature","id":247023,"geometry":{"type":"Point","coordinates":[-122.20639946415665,41.874560010893575]},"properties":{"OBJECTID":247023,"PERMANENT_IDENTIFIER":"124335317","GNIS_NAME":null,"FTYPE":458,"FCODE":45800}},{"type":"Feature","id":247024,"geometry":{"type":"Point","coordinates":[-122.20679079749196,41.87403587737236]},"properties":{"OBJECTID":247024,"PERMANENT_IDENTIFIER":"124335319","GNIS_NAME":null,"FTYPE":458,"FCODE":45800}},{"type":"Feature","id":247350,"geometry":{"type":"Point","coordinates":[-122.61956367933786,41.99406898168545]},"properties":{"OBJECTID":247350,"PERMANENT_IDENTIFIER":"165549960","GNIS_NAME":null,"FTYPE":458,"FCODE":45800}},{"type":"Feature","id":247366,"geometry":{"type":"Point","coordinates":[-122.17042227894152,42.001670622721136]},"properties":{"OBJECTID":247366,"PERMANENT_IDENTIFIER":"165549925","GNIS_NAME":null,"FTYPE":458,"FCODE":45800}},{"type":"Feature","id":247367,"geometry":{"type":"Point","coordinates":[-122.18959688399804,42.01253695507123]},"properties":{"OBJECTID":247367,"PERMANENT_IDENTIFIER":"165549944","GNIS_NAME":null,"FTYPE":458,"FCODE":45800}},{"type":"Feature","id":250146,"geometry":{"type":"Point","coordinates":[-122.24225427842885,41.930436211565706]},"properties":{"OBJECTID":250146,"PERMANENT_IDENTIFIER":"165549951","GNIS_NAME":null,"FTYPE":458,"FCODE":45800}},{"type":"Feature","id":250152,"geometry":{"type":"Point","coordinates":[-122.88985585418233,42.00293269165971]},"properties":{"OBJECTID":250152,"PERMANENT_IDENTIFIER":"165549963","GNIS_NAME":null,"FTYPE":458,"FCODE":45800}},{"type":"Feature","id":250157,"geometry":{"type":"Point","coordinates":[-122.12846247359646,42.0064935598627]},"properties":{"OBJECTID":250157,"PERMANENT_IDENTIFIER":"165551611","GNIS_NAME":null,"FTYPE":458,"FCODE":45800}},{"type":"Feature","id":250162,"geometry":{"type":"Point","coordinates":[-122.11654820700892,42.019140028548996]},"properties":{"OBJECTID":250162,"PERMANENT_IDENTIFIER":"165551621","GNIS_NAME":null,"FTYPE":458,"FCODE":45800}},{"type":"Feature","id":250174,"geometry":{"type":"Point","coordinates":[-122.18926201002947,41.96457901792399]},"properties":{"OBJECTID":250174,"PERMANENT_IDENTIFIER":"165551629","GNIS_NAME":null,"FTYPE":458,"FCODE":45800}},{"type":"Feature","id":250578,"geometry":{"type":"Point","coordinates":[-122.11714540788547,42.01914469535941]},"properties":{"OBJECTID":250578,"PERMANENT_IDENTIFIER":"165549830","GNIS_NAME":null,"FTYPE":458,"FCODE":45800}},{"type":"Feature","id":250579,"geometry":{"type":"Point","coordinates":[-122.5829856087158,42.00401918582454]},"properties":{"OBJECTID":250579,"PERMANENT_IDENTIFIER":"165549832","GNIS_NAME":null,"FTYPE":458,"FCODE":45800}},{"type":"Feature","id":250587,"geometry":{"type":"Point","coordinates":[-122.15182913460598,41.948794820743615]},"properties":{"OBJECTID":250587,"PERMANENT_IDENTIFIER":"165549847","GNIS_NAME":null,"FTYPE":458,"FCODE":45800}},{"type":"Feature","id":250593,"geometry":{"type":"Point","coordinates":[-122.42153744925835,41.989371932212286]},"properties":{"OBJECTID":250593,"PERMANENT_IDENTIFIER":"165549859","GNIS_NAME":null,"FTYPE":458,"FCODE":45800}},{"type":"Feature","id":250596,"geometry":{"type":"Point","coordinates":[-122.19083188217937,42.000152553641634]},"properties":{"OBJECTID":250596,"PERMANENT_IDENTIFIER":"165549865","GNIS_NAME":null,"FTYPE":458,"FCODE":45800}},{"type":"Feature","id":250600,"geometry":{"type":"Point","coordinates":[-122.18945701751892,42.01279488812606]},"properties":{"OBJECTID":250600,"PERMANENT_IDENTIFIER":"165549873","GNIS_NAME":null,"FTYPE":458,"FCODE":45800}},{"type":"Feature","id":250606,"geometry":{"type":"Point","coordinates":[-122.47719292138626,41.97514899299745]},"properties":{"OBJECTID":250606,"PERMANENT_IDENTIFIER":"165549885","GNIS_NAME":null,"FTYPE":458,"FCODE":45800}},{"type":"Feature","id":250615,"geometry":{"type":"Point","coordinates":[-122.65614935522187,42.01664438001123]},"properties":{"OBJECTID":250615,"PERMANENT_IDENTIFIER":"165549903","GNIS_NAME":null,"FTYPE":458,"FCODE":45800}},{"type":"Feature","id":250616,"geometry":{"type":"Point","coordinates":[-122.11695487365103,42.01916122824954]},"properties":{"OBJECTID":250616,"PERMANENT_IDENTIFIER":"165549905","GNIS_NAME":null,"FTYPE":458,"FCODE":45800}},{"type":"Feature","id":250617,"geometry":{"type":"Point","coordinates":[-122.18072287418778,41.95935321887822]},"properties":{"OBJECTID":250617,"PERMANENT_IDENTIFIER":"165549907","GNIS_NAME":null,"FTYPE":458,"FCODE":45800}},{"type":"Feature","id":250620,"geometry":{"type":"Point","coordinates":[-122.15407927865242,42.014410558487185]},"properties":{"OBJECTID":250620,"PERMANENT_IDENTIFIER":"165549927","GNIS_NAME":null,"FTYPE":458,"FCODE":45800}},{"type":"Feature","id":250624,"geometry":{"type":"Point","coordinates":[-122.06559726312014,41.99967889815353]},"properties":{"OBJECTID":250624,"PERMANENT_IDENTIFIER":"165549935","GNIS_NAME":null,"FTYPE":458,"FCODE":45800}},{"type":"Feature","id":250777,"geometry":{"type":"Point","coordinates":[-123.35307698968953,41.583523355732424]},"properties":{"OBJECTID":250777,"PERMANENT_IDENTIFIER":"122415426","GNIS_NAME":null,"FTYPE":458,"FCODE":45800}},{"type":"Feature","id":250778,"geometry":{"type":"Point","coordinates":[-123.3496057854127,41.56369982156133]},"properties":{"OBJECTID":250778,"PERMANENT_IDENTIFIER":"122415428","GNIS_NAME":null,"FTYPE":458,"FCODE":45800}},{"type":"Feature","id":250779,"geometry":{"type":"Point","coordinates":[-123.3506967893171,41.58219315630429]},"properties":{"OBJECTID":250779,"PERMANENT_IDENTIFIER":"122415430","GNIS_NAME":null,"FTYPE":458,"FCODE":45800}},{"type":"Feature","id":250780,"geometry":{"type":"Point","coordinates":[-123.39701846573956,41.60465462028184]},"properties":{"OBJECTID":250780,"PERMANENT_IDENTIFIER":"122415453","GNIS_NAME":null,"FTYPE":458,"FCODE":45800}},{"type":"Feature","id":250781,"geometry":{"type":"Point","coordinates":[-123.46553866969545,41.56547121147836]},"properties":{"OBJECTID":250781,"PERMANENT_IDENTIFIER":"122415455","GNIS_NAME":null,"FTYPE":458,"FCODE":45800}},{"type":"Feature","id":250782,"geometry":{"type":"Point","coordinates":[-123.48651220482108,41.555746142227555]},"properties":{"OBJECTID":250782,"PERMANENT_IDENTIFIER":"122415457","GNIS_NAME":null,"FTYPE":458,"FCODE":45800}},{"type":"Feature","id":250783,"geometry":{"type":"Point","coordinates":[-123.47698286887281,41.55051694244857]},"properties":{"OBJECTID":250783,"PERMANENT_IDENTIFIER":"122415459","GNIS_NAME":null,"FTYPE":458,"FCODE":45800}},{"type":"Feature","id":250784,"geometry":{"type":"Point","coordinates":[-123.47629846813797,41.54773200940461]},"properties":{"OBJECTID":250784,"PERMANENT_IDENTIFIER":"122415461","GNIS_NAME":null,"FTYPE":458,"FCODE":45800}},{"type":"Feature","id":250785,"geometry":{"type":"Point","coordinates":[-123.4595471987846,41.54300854348869]},"properties":{"OBJECTID":250785,"PERMANENT_IDENTIFIER":"122415463","GNIS_NAME":null,"FTYPE":458,"FCODE":45800}},{"type":"Feature","id":250786,"geometry":{"type":"Point","coordinates":[-123.44058766166962,41.53635001194094]},"properties":{"OBJECTID":250786,"PERMANENT_IDENTIFIER":"122415465","GNIS_NAME":null,"FTYPE":458,"FCODE":45800}},{"type":"Feature","id":250787,"geometry":{"type":"Point","coordinates":[-123.44077466121058,41.535480011500766]},"properties":{"OBJECTID":250787,"PERMANENT_IDENTIFIER":"122415467","GNIS_NAME":null,"FTYPE":458,"FCODE":45800}},{"type":"Feature","id":250788,"geometry":{"type":"Point","coordinates":[-123.44105966031063,41.52959714473849]},"properties":{"OBJECTID":250788,"PERMANENT_IDENTIFIER":"122415468","GNIS_NAME":null,"FTYPE":458,"FCODE":45800}},{"type":"Feature","id":250789,"geometry":{"type":"Point","coordinates":[-123.44023805998494,41.52774934466374]},"properties":{"OBJECTID":250789,"PERMANENT_IDENTIFIER":"122415470","GNIS_NAME":null,"FTYPE":458,"FCODE":45800}},{"type":"Feature","id":250790,"geometry":{"type":"Point","coordinates":[-123.39577818580841,41.52254774827345]},"properties":{"OBJECTID":250790,"PERMANENT_IDENTIFIER":"122415472","GNIS_NAME":null,"FTYPE":458,"FCODE":45800}},{"type":"Feature","id":250791,"geometry":{"type":"Point","coordinates":[-123.49052199982425,41.5215955395706]},"properties":{"OBJECTID":250791,"PERMANENT_IDENTIFIER":"122415474","GNIS_NAME":null,"FTYPE":458,"FCODE":45800}},{"type":"Feature","id":250792,"geometry":{"type":"Point","coordinates":[-123.43748005841994,41.51777514382067]},"properties":{"OBJECTID":250792,"PERMANENT_IDENTIFIER":"122415476","GNIS_NAME":null,"FTYPE":458,"FCODE":45800}},{"type":"Feature","id":250793,"geometry":{"type":"Point","coordinates":[-123.43248205697304,41.512700410507506]},"properties":{"OBJECTID":250793,"PERMANENT_IDENTIFIER":"122415478","GNIS_NAME":null,"FTYPE":458,"FCODE":45800}},{"type":"Feature","id":250794,"geometry":{"type":"Point","coordinates":[-123.45572145965211,41.51147534210848]},"properties":{"OBJECTID":250794,"PERMANENT_IDENTIFIER":"122415480","GNIS_NAME":null,"FTYPE":458,"FCODE":45800}},{"type":"Feature","id":250795,"geometry":{"type":"Point","coordinates":[-123.4379784574858,41.51105374358283]},"properties":{"OBJECTID":250795,"PERMANENT_IDENTIFIER":"122415482","GNIS_NAME":null,"FTYPE":458,"FCODE":45800}},{"type":"Feature","id":250796,"geometry":{"type":"Point","coordinates":[-123.46014146015305,41.50920574123803]},"properties":{"OBJECTID":250796,"PERMANENT_IDENTIFIER":"122415484","GNIS_NAME":null,"FTYPE":458,"FCODE":45800}},{"type":"Feature","id":250797,"geometry":{"type":"Point","coordinates":[-123.5388524122777,41.5544810038395]},"properties":{"OBJECTID":250797,"PERMANENT_IDENTIFIER":"122411468","GNIS_NAME":null,"FTYPE":458,"FCODE":45800}},{"type":"Feature","id":250798,"geometry":{"type":"Point","coordinates":[-123.65274866173587,41.33909991366249]},"properties":{"OBJECTID":250798,"PERMANENT_IDENTIFIER":"122411647","GNIS_NAME":"Cedar Spring","FTYPE":458,"FCODE":45800}},{"type":"Feature","id":250799,"geometry":{"type":"Point","coordinates":[-123.66446139772727,41.346444112792874]},"properties":{"OBJECTID":250799,"PERMANENT_IDENTIFIER":"122411799","GNIS_NAME":"Mud Spring","FTYPE":458,"FCODE":45800}},{"type":"Feature","id":250803,"geometry":{"type":"Point","coordinates":[-123.59751636119803,41.17017497354733]},"properties":{"OBJECTID":250803,"PERMANENT_IDENTIFIER":"122412510","GNIS_NAME":"Tenmile Spring","FTYPE":458,"FCODE":45800}},{"type":"Feature","id":250805,"geometry":{"type":"Point","coordinates":[-123.31941526283057,41.65859476409486]},"properties":{"OBJECTID":250805,"PERMANENT_IDENTIFIER":"122412948","GNIS_NAME":"Sulphur Spring","FTYPE":458,"FCODE":45800}},{"type":"Feature","id":250806,"geometry":{"type":"Point","coordinates":[-123.3652770784394,41.7152790303104]},"properties":{"OBJECTID":250806,"PERMANENT_IDENTIFIER":"122412951","GNIS_NAME":null,"FTYPE":458,"FCODE":45800}},{"type":"Feature","id":250807,"geometry":{"type":"Point","coordinates":[-123.36578807837019,41.714295629843136]},"properties":{"OBJECTID":250807,"PERMANENT_IDENTIFIER":"122412952","GNIS_NAME":null,"FTYPE":458,"FCODE":45800}},{"type":"Feature","id":250808,"geometry":{"type":"Point","coordinates":[-123.25511259021795,41.67631177092483]},"properties":{"OBJECTID":250808,"PERMANENT_IDENTIFIER":"122412954","GNIS_NAME":null,"FTYPE":458,"FCODE":45800}},{"type":"Feature","id":250809,"geometry":{"type":"Point","coordinates":[-123.36310241055637,41.70792262994225]},"properties":{"OBJECTID":250809,"PERMANENT_IDENTIFIER":"122412956","GNIS_NAME":null,"FTYPE":458,"FCODE":45800}},{"type":"Feature","id":250810,"geometry":{"type":"Point","coordinates":[-123.35161999881386,41.64302116016343]},"properties":{"OBJECTID":250810,"PERMANENT_IDENTIFIER":"122412958","GNIS_NAME":null,"FTYPE":458,"FCODE":45800}},{"type":"Feature","id":250811,"geometry":{"type":"Point","coordinates":[-123.25202138786281,41.67034683691596]},"properties":{"OBJECTID":250811,"PERMANENT_IDENTIFIER":"122412960","GNIS_NAME":"Buckhorn Spring","FTYPE":458,"FCODE":45800}},{"type":"Feature","id":250812,"geometry":{"type":"Point","coordinates":[-123.36934547526852,41.69083856105186]},"properties":{"OBJECTID":250812,"PERMANENT_IDENTIFIER":"122412963","GNIS_NAME":null,"FTYPE":458,"FCODE":45800}},{"type":"Feature","id":251181,"geometry":{"type":"Point","coordinates":[-123.26073585886098,41.686450170783104]},"properties":{"OBJECTID":251181,"PERMANENT_IDENTIFIER":"122412965","GNIS_NAME":null,"FTYPE":458,"FCODE":45800}},{"type":"Feature","id":251183,"geometry":{"type":"Point","coordinates":[-123.20516221743667,41.894641856405975]},"properties":{"OBJECTID":251183,"PERMANENT_IDENTIFIER":"122413364","GNIS_NAME":"Jackass Spring","FTYPE":458,"FCODE":45800}},{"type":"Feature","id":251184,"geometry":{"type":"Point","coordinates":[-123.23239322554669,41.921389255751805]},"properties":{"OBJECTID":251184,"PERMANENT_IDENTIFIER":"122413366","GNIS_NAME":"Horsefly Spring","FTYPE":458,"FCODE":45800}},{"type":"Feature","id":251185,"geometry":{"type":"Point","coordinates":[-123.52292263295344,41.27767752111467]},"properties":{"OBJECTID":251185,"PERMANENT_IDENTIFIER":"122413734","GNIS_NAME":"Sunset Spring","FTYPE":458,"FCODE":45800}},{"type":"Feature","id":252305,"geometry":{"type":"Point","coordinates":[-122.93286898882268,41.968091352064626]},"properties":{"OBJECTID":252305,"PERMANENT_IDENTIFIER":"124335612","GNIS_NAME":null,"FTYPE":458,"FCODE":45800}},{"type":"Feature","id":252306,"geometry":{"type":"Point","coordinates":[-122.0789103328899,42.00741596465625]},"properties":{"OBJECTID":252306,"PERMANENT_IDENTIFIER":"124335617","GNIS_NAME":null,"FTYPE":458,"FCODE":45800}},{"type":"Feature","id":252307,"geometry":{"type":"Point","coordinates":[-122.08398846688917,42.0043954970129]},"properties":{"OBJECTID":252307,"PERMANENT_IDENTIFIER":"124335619","GNIS_NAME":null,"FTYPE":458,"FCODE":45800}},{"type":"Feature","id":252308,"geometry":{"type":"Point","coordinates":[-122.8267984435769,41.99441222977956]},"properties":{"OBJECTID":252308,"PERMANENT_IDENTIFIER":"124335621","GNIS_NAME":null,"FTYPE":458,"FCODE":45800}},{"type":"Feature","id":252309,"geometry":{"type":"Point","coordinates":[-122.81714044145588,41.989227563673566]},"properties":{"OBJECTID":252309,"PERMANENT_IDENTIFIER":"124335623","GNIS_NAME":null,"FTYPE":458,"FCODE":45800}},{"type":"Feature","id":252310,"geometry":{"type":"Point","coordinates":[-122.81870424105023,41.98663602976119]},"properties":{"OBJECTID":252310,"PERMANENT_IDENTIFIER":"124335625","GNIS_NAME":null,"FTYPE":458,"FCODE":45800}},{"type":"Feature","id":252311,"geometry":{"type":"Point","coordinates":[-122.79779350422353,41.983476298349295]},"properties":{"OBJECTID":252311,"PERMANENT_IDENTIFIER":"124335627","GNIS_NAME":null,"FTYPE":458,"FCODE":45800}},{"type":"Feature","id":252312,"geometry":{"type":"Point","coordinates":[-122.75158196206597,41.968110901549245]},"properties":{"OBJECTID":252312,"PERMANENT_IDENTIFIER":"124335629","GNIS_NAME":null,"FTYPE":458,"FCODE":45800}},{"type":"Feature","id":252313,"geometry":{"type":"Point","coordinates":[-122.75718909515057,41.960476100361035]},"properties":{"OBJECTID":252313,"PERMANENT_IDENTIFIER":"124335631","GNIS_NAME":null,"FTYPE":458,"FCODE":45800}},{"type":"Feature","id":252314,"geometry":{"type":"Point","coordinates":[-122.86583370991418,41.95683835751113]},"properties":{"OBJECTID":252314,"PERMANENT_IDENTIFIER":"124335633","GNIS_NAME":null,"FTYPE":458,"FCODE":45800}},{"type":"Feature","id":252645,"geometry":{"type":"Point","coordinates":[-122.3875115771731,41.99237620271456]},"properties":{"OBJECTID":252645,"PERMANENT_IDENTIFIER":"124336249","GNIS_NAME":null,"FTYPE":458,"FCODE":45800}},{"type":"Feature","id":252646,"geometry":{"type":"Point","coordinates":[-122.42003631269354,41.97052233154356]},"properties":{"OBJECTID":252646,"PERMANENT_IDENTIFIER":"124336252","GNIS_NAME":"Wanaka Spring","FTYPE":458,"FCODE":45800}},{"type":"Feature","id":252647,"geometry":{"type":"Point","coordinates":[-122.61832087195,41.94600844502346]},"properties":{"OBJECTID":252647,"PERMANENT_IDENTIFIER":"124336314","GNIS_NAME":null,"FTYPE":458,"FCODE":45800}},{"type":"Feature","id":252648,"geometry":{"type":"Point","coordinates":[-122.60933006013396,41.88511517562188]},"properties":{"OBJECTID":252648,"PERMANENT_IDENTIFIER":"124336316","GNIS_NAME":"Maple Spring","FTYPE":458,"FCODE":45800}},{"type":"Feature","id":252649,"geometry":{"type":"Point","coordinates":[-122.92854652172166,41.96966495226934]},"properties":{"OBJECTID":252649,"PERMANENT_IDENTIFIER":"124336519","GNIS_NAME":"Bearground Spring","FTYPE":458,"FCODE":45800}},{"type":"Feature","id":252652,"geometry":{"type":"Point","coordinates":[-122.82001651031581,41.99799556413278]},"properties":{"OBJECTID":252652,"PERMANENT_IDENTIFIER":"124336591","GNIS_NAME":null,"FTYPE":458,"FCODE":45800}},{"type":"Feature","id":252653,"geometry":{"type":"Point","coordinates":[-122.81437457553604,41.996333897865476]},"properties":{"OBJECTID":252653,"PERMANENT_IDENTIFIER":"124336593","GNIS_NAME":null,"FTYPE":458,"FCODE":45800}},{"type":"Feature","id":252654,"geometry":{"type":"Point","coordinates":[-122.86796811642097,41.995821692670454]},"properties":{"OBJECTID":252654,"PERMANENT_IDENTIFIER":"124336595","GNIS_NAME":null,"FTYPE":458,"FCODE":45800}},{"type":"Feature","id":252655,"geometry":{"type":"Point","coordinates":[-122.81147497500308,41.993870364613365]},"properties":{"OBJECTID":252655,"PERMANENT_IDENTIFIER":"124336597","GNIS_NAME":null,"FTYPE":458,"FCODE":45800}},{"type":"Feature","id":252656,"geometry":{"type":"Point","coordinates":[-122.79438015987202,41.917441960793006]},"properties":{"OBJECTID":252656,"PERMANENT_IDENTIFIER":"124336602","GNIS_NAME":"Buckhorn Spring","FTYPE":458,"FCODE":45800}},{"type":"Feature","id":252673,"geometry":{"type":"Point","coordinates":[-122.8718785217118,42.01951342718452]},"properties":{"OBJECTID":252673,"PERMANENT_IDENTIFIER":"124336190","GNIS_NAME":null,"FTYPE":458,"FCODE":45800}},{"type":"Feature","id":252674,"geometry":{"type":"Point","coordinates":[-122.86577985188207,42.007500826985186]},"properties":{"OBJECTID":252674,"PERMANENT_IDENTIFIER":"124336192","GNIS_NAME":null,"FTYPE":458,"FCODE":45800}},{"type":"Feature","id":252675,"geometry":{"type":"Point","coordinates":[-122.87593685345699,42.00701675963312]},"properties":{"OBJECTID":252675,"PERMANENT_IDENTIFIER":"124336194","GNIS_NAME":null,"FTYPE":458,"FCODE":45800}},{"type":"Feature","id":252676,"geometry":{"type":"Point","coordinates":[-122.8651675851159,42.00576189362712]},"properties":{"OBJECTID":252676,"PERMANENT_IDENTIFIER":"124336196","GNIS_NAME":null,"FTYPE":458,"FCODE":45800}},{"type":"Feature","id":252678,"geometry":{"type":"Point","coordinates":[-122.77675542686424,41.938165364127705]},"properties":{"OBJECTID":252678,"PERMANENT_IDENTIFIER":"124335636","GNIS_NAME":null,"FTYPE":458,"FCODE":45800}},{"type":"Feature","id":252679,"geometry":{"type":"Point","coordinates":[-122.84192176234296,41.890212288387275]},"properties":{"OBJECTID":252679,"PERMANENT_IDENTIFIER":"124335640","GNIS_NAME":null,"FTYPE":458,"FCODE":45800}},{"type":"Feature","id":252680,"geometry":{"type":"Point","coordinates":[-122.2418284794908,41.93388767816698]},"properties":{"OBJECTID":252680,"PERMANENT_IDENTIFIER":"124335729","GNIS_NAME":"Lucky Spring","FTYPE":458,"FCODE":45800}},{"type":"Feature","id":252683,"geometry":{"type":"Point","coordinates":[-122.44943164994226,41.969446262054326]},"properties":{"OBJECTID":252683,"PERMANENT_IDENTIFIER":"124335772","GNIS_NAME":null,"FTYPE":458,"FCODE":45800}},{"type":"Feature","id":252684,"geometry":{"type":"Point","coordinates":[-122.4585576510378,41.96624866106689]},"properties":{"OBJECTID":252684,"PERMANENT_IDENTIFIER":"124335774","GNIS_NAME":null,"FTYPE":458,"FCODE":45800}},{"type":"Feature","id":252685,"geometry":{"type":"Point","coordinates":[-122.38280330509312,41.959413867017176]},"properties":{"OBJECTID":252685,"PERMANENT_IDENTIFIER":"124335777","GNIS_NAME":null,"FTYPE":458,"FCODE":45800}},{"type":"Feature","id":252686,"geometry":{"type":"Point","coordinates":[-122.41291650872641,41.95788186423285]},"properties":{"OBJECTID":252686,"PERMANENT_IDENTIFIER":"124335779","GNIS_NAME":null,"FTYPE":458,"FCODE":45800}},{"type":"Feature","id":252687,"geometry":{"type":"Point","coordinates":[-122.39836557306401,41.956264932005936]},"properties":{"OBJECTID":252687,"PERMANENT_IDENTIFIER":"124335781","GNIS_NAME":null,"FTYPE":458,"FCODE":45800}},{"type":"Feature","id":252688,"geometry":{"type":"Point","coordinates":[-122.39885577272315,41.95396959901078]},"properties":{"OBJECTID":252688,"PERMANENT_IDENTIFIER":"124335784","GNIS_NAME":null,"FTYPE":458,"FCODE":45800}},{"type":"Feature","id":252689,"geometry":{"type":"Point","coordinates":[-122.42856371027285,41.95283672945477]},"properties":{"OBJECTID":252689,"PERMANENT_IDENTIFIER":"124335786","GNIS_NAME":null,"FTYPE":458,"FCODE":45800}},{"type":"Feature","id":252690,"geometry":{"type":"Point","coordinates":[-122.40975417339617,41.943670796842575]},"properties":{"OBJECTID":252690,"PERMANENT_IDENTIFIER":"124335797","GNIS_NAME":null,"FTYPE":458,"FCODE":45800}},{"type":"Feature","id":252691,"geometry":{"type":"Point","coordinates":[-122.88051972247837,42.01665849308528]},"properties":{"OBJECTID":252691,"PERMANENT_IDENTIFIER":"124335867","GNIS_NAME":null,"FTYPE":458,"FCODE":45800}},{"type":"Feature","id":252692,"geometry":{"type":"Point","coordinates":[-122.88498392173568,42.01285315908534]},"properties":{"OBJECTID":252692,"PERMANENT_IDENTIFIER":"124335869","GNIS_NAME":null,"FTYPE":458,"FCODE":45800}},{"type":"Feature","id":252693,"geometry":{"type":"Point","coordinates":[-122.88359645516978,42.01187915915872]},"properties":{"OBJECTID":252693,"PERMANENT_IDENTIFIER":"124335871","GNIS_NAME":null,"FTYPE":458,"FCODE":45800}},{"type":"Feature","id":252694,"geometry":{"type":"Point","coordinates":[-122.87995198743938,42.01056955962696]},"properties":{"OBJECTID":252694,"PERMANENT_IDENTIFIER":"124335873","GNIS_NAME":null,"FTYPE":458,"FCODE":45800}},{"type":"Feature","id":252695,"geometry":{"type":"Point","coordinates":[-122.75099676374735,41.98121443554877]},"properties":{"OBJECTID":252695,"PERMANENT_IDENTIFIER":"124335920","GNIS_NAME":null,"FTYPE":458,"FCODE":45800}},{"type":"Feature","id":252696,"geometry":{"type":"Point","coordinates":[-122.73236282528224,41.96747783684472]},"properties":{"OBJECTID":252696,"PERMANENT_IDENTIFIER":"124335922","GNIS_NAME":null,"FTYPE":458,"FCODE":45800}},{"type":"Feature","id":252697,"geometry":{"type":"Point","coordinates":[-122.73696582447145,41.95632023536692]},"properties":{"OBJECTID":252697,"PERMANENT_IDENTIFIER":"124335924","GNIS_NAME":null,"FTYPE":458,"FCODE":45800}},{"type":"Feature","id":252698,"geometry":{"type":"Point","coordinates":[-122.65348873930104,41.917879106594484]},"properties":{"OBJECTID":252698,"PERMANENT_IDENTIFIER":"124335926","GNIS_NAME":null,"FTYPE":458,"FCODE":45800}},{"type":"Feature","id":252699,"geometry":{"type":"Point","coordinates":[-122.31207703306417,41.99588540941167]},"properties":{"OBJECTID":252699,"PERMANENT_IDENTIFIER":"124335934","GNIS_NAME":null,"FTYPE":458,"FCODE":45800}},{"type":"Feature","id":252700,"geometry":{"type":"Point","coordinates":[-122.36064270709959,41.9939503381617]},"properties":{"OBJECTID":252700,"PERMANENT_IDENTIFIER":"124335936","GNIS_NAME":null,"FTYPE":458,"FCODE":45800}},{"type":"Feature","id":252701,"geometry":{"type":"Point","coordinates":[-122.32365470047803,41.990235074733846]},"properties":{"OBJECTID":252701,"PERMANENT_IDENTIFIER":"124335938","GNIS_NAME":null,"FTYPE":458,"FCODE":45800}},{"type":"Feature","id":252702,"geometry":{"type":"Point","coordinates":[-122.3265656345057,41.989099274564666]},"properties":{"OBJECTID":252702,"PERMANENT_IDENTIFIER":"124335940","GNIS_NAME":null,"FTYPE":458,"FCODE":45800}},{"type":"Feature","id":252703,"geometry":{"type":"Point","coordinates":[-122.33217123488394,41.988375406908716]},"properties":{"OBJECTID":252703,"PERMANENT_IDENTIFIER":"124335942","GNIS_NAME":null,"FTYPE":458,"FCODE":45800}},{"type":"Feature","id":252704,"geometry":{"type":"Point","coordinates":[-122.33137216835928,41.98823574076497]},"properties":{"OBJECTID":252704,"PERMANENT_IDENTIFIER":"124335944","GNIS_NAME":null,"FTYPE":458,"FCODE":45800}},{"type":"Feature","id":252705,"geometry":{"type":"Point","coordinates":[-122.29949035893495,41.95892740821741]},"properties":{"OBJECTID":252705,"PERMANENT_IDENTIFIER":"124335946","GNIS_NAME":null,"FTYPE":458,"FCODE":45800}},{"type":"Feature","id":252706,"geometry":{"type":"Point","coordinates":[-122.37403230293138,41.955390200867534]},"properties":{"OBJECTID":252706,"PERMANENT_IDENTIFIER":"124335948","GNIS_NAME":null,"FTYPE":458,"FCODE":45800}},{"type":"Feature","id":252707,"geometry":{"type":"Point","coordinates":[-122.27787155130936,41.93236814164179]},"properties":{"OBJECTID":252707,"PERMANENT_IDENTIFIER":"124336008","GNIS_NAME":null,"FTYPE":458,"FCODE":45800}},{"type":"Feature","id":252708,"geometry":{"type":"Point","coordinates":[-122.27752995132998,41.93057814099254]},"properties":{"OBJECTID":252708,"PERMANENT_IDENTIFIER":"124336011","GNIS_NAME":null,"FTYPE":458,"FCODE":45800}},{"type":"Feature","id":252709,"geometry":{"type":"Point","coordinates":[-122.27565295000609,41.92911167496484]},"properties":{"OBJECTID":252709,"PERMANENT_IDENTIFIER":"124336013","GNIS_NAME":null,"FTYPE":458,"FCODE":45800}},{"type":"Feature","id":252710,"geometry":{"type":"Point","coordinates":[-122.28353008468513,41.927116540485535]},"properties":{"OBJECTID":252710,"PERMANENT_IDENTIFIER":"124336015","GNIS_NAME":null,"FTYPE":458,"FCODE":45800}},{"type":"Feature","id":252711,"geometry":{"type":"Point","coordinates":[-122.8863973204862,41.99895742502913]},"properties":{"OBJECTID":252711,"PERMANENT_IDENTIFIER":"124336027","GNIS_NAME":null,"FTYPE":458,"FCODE":45800}},{"type":"Feature","id":252712,"geometry":{"type":"Point","coordinates":[-122.92248212187431,41.974722953716935]},"properties":{"OBJECTID":252712,"PERMANENT_IDENTIFIER":"124336029","GNIS_NAME":null,"FTYPE":458,"FCODE":45800}},{"type":"Feature","id":252713,"geometry":{"type":"Point","coordinates":[-122.92718232149267,41.970024419613466]},"properties":{"OBJECTID":252713,"PERMANENT_IDENTIFIER":"124336031","GNIS_NAME":null,"FTYPE":458,"FCODE":45800}},{"type":"Feature","id":252714,"geometry":{"type":"Point","coordinates":[-122.9298084541217,41.963919618326166]},"properties":{"OBJECTID":252714,"PERMANENT_IDENTIFIER":"124336033","GNIS_NAME":null,"FTYPE":458,"FCODE":45800}},{"type":"Feature","id":252715,"geometry":{"type":"Point","coordinates":[-122.93631452208885,41.962040750930285]},"properties":{"OBJECTID":252715,"PERMANENT_IDENTIFIER":"124336035","GNIS_NAME":null,"FTYPE":458,"FCODE":45800}},{"type":"Feature","id":252716,"geometry":{"type":"Point","coordinates":[-122.94134625556214,41.95978668378177]},"properties":{"OBJECTID":252716,"PERMANENT_IDENTIFIER":"124336036","GNIS_NAME":null,"FTYPE":458,"FCODE":45800}},{"type":"Feature","id":252717,"geometry":{"type":"Point","coordinates":[-122.94270318870272,41.956631083933196]},"properties":{"OBJECTID":252717,"PERMANENT_IDENTIFIER":"124336039","GNIS_NAME":null,"FTYPE":458,"FCODE":45800}},{"type":"Feature","id":252718,"geometry":{"type":"Point","coordinates":[-122.95594845520571,41.94488301468696]},"properties":{"OBJECTID":252718,"PERMANENT_IDENTIFIER":"124336041","GNIS_NAME":null,"FTYPE":458,"FCODE":45800}},{"type":"Feature","id":252719,"geometry":{"type":"Point","coordinates":[-122.95779658795848,41.94139794797216]},"properties":{"OBJECTID":252719,"PERMANENT_IDENTIFIER":"124336043","GNIS_NAME":null,"FTYPE":458,"FCODE":45800}},{"type":"Feature","id":252720,"geometry":{"type":"Point","coordinates":[-122.95745998774422,41.93963254771012]},"properties":{"OBJECTID":252720,"PERMANENT_IDENTIFIER":"124336045","GNIS_NAME":null,"FTYPE":458,"FCODE":45800}},{"type":"Feature","id":252721,"geometry":{"type":"Point","coordinates":[-122.9488970528123,41.93699021548906]},"properties":{"OBJECTID":252721,"PERMANENT_IDENTIFIER":"124336047","GNIS_NAME":null,"FTYPE":458,"FCODE":45800}},{"type":"Feature","id":252722,"geometry":{"type":"Point","coordinates":[-122.89920144537952,41.934868686196964]},"properties":{"OBJECTID":252722,"PERMANENT_IDENTIFIER":"124336049","GNIS_NAME":null,"FTYPE":458,"FCODE":45800}},{"type":"Feature","id":252723,"geometry":{"type":"Point","coordinates":[-122.95521978703925,41.934552014283156]},"properties":{"OBJECTID":252723,"PERMANENT_IDENTIFIER":"124336051","GNIS_NAME":null,"FTYPE":458,"FCODE":45800}},{"type":"Feature","id":252724,"geometry":{"type":"Point","coordinates":[-122.9585498533046,41.93340034723736]},"properties":{"OBJECTID":252724,"PERMANENT_IDENTIFIER":"124336053","GNIS_NAME":null,"FTYPE":458,"FCODE":45800}},{"type":"Feature","id":252725,"geometry":{"type":"Point","coordinates":[-122.8921473105442,41.933187086582834]},"properties":{"OBJECTID":252725,"PERMANENT_IDENTIFIER":"124336055","GNIS_NAME":null,"FTYPE":458,"FCODE":45800}},{"type":"Feature","id":252726,"geometry":{"type":"Point","coordinates":[-122.95550231903356,41.92758981369947]},"properties":{"OBJECTID":252726,"PERMANENT_IDENTIFIER":"124336062","GNIS_NAME":null,"FTYPE":458,"FCODE":45800}},{"type":"Feature","id":252727,"geometry":{"type":"Point","coordinates":[-122.92523104790305,41.925701282861674]},"properties":{"OBJECTID":252727,"PERMANENT_IDENTIFIER":"124336065","GNIS_NAME":null,"FTYPE":458,"FCODE":45800}},{"type":"Feature","id":252728,"geometry":{"type":"Point","coordinates":[-122.89925324315459,41.9247541521376]},"properties":{"OBJECTID":252728,"PERMANENT_IDENTIFIER":"124336067","GNIS_NAME":null,"FTYPE":458,"FCODE":45800}},{"type":"Feature","id":252729,"geometry":{"type":"Point","coordinates":[-122.92085451362264,41.92448235052366]},"properties":{"OBJECTID":252729,"PERMANENT_IDENTIFIER":"124336069","GNIS_NAME":null,"FTYPE":458,"FCODE":45800}},{"type":"Feature","id":252730,"geometry":{"type":"Point","coordinates":[-122.90498384390484,41.92369615139948]},"properties":{"OBJECTID":252730,"PERMANENT_IDENTIFIER":"124336071","GNIS_NAME":null,"FTYPE":458,"FCODE":45800}},{"type":"Feature","id":252731,"geometry":{"type":"Point","coordinates":[-122.95092325108234,41.922202080586864]},"properties":{"OBJECTID":252731,"PERMANENT_IDENTIFIER":"124336076","GNIS_NAME":null,"FTYPE":458,"FCODE":45800}},{"type":"Feature","id":252732,"geometry":{"type":"Point","coordinates":[-122.91874937941414,41.920157883441284]},"properties":{"OBJECTID":252732,"PERMANENT_IDENTIFIER":"124336080","GNIS_NAME":null,"FTYPE":458,"FCODE":45800}},{"type":"Feature","id":252733,"geometry":{"type":"Point","coordinates":[-122.91543497838595,41.91860628390626]},"properties":{"OBJECTID":252733,"PERMANENT_IDENTIFIER":"124336082","GNIS_NAME":null,"FTYPE":458,"FCODE":45800}},{"type":"Feature","id":252739,"geometry":{"type":"Point","coordinates":[-122.39600724263211,41.97240233356574]},"properties":{"OBJECTID":252739,"PERMANENT_IDENTIFIER":"124335393","GNIS_NAME":null,"FTYPE":458,"FCODE":45800}},{"type":"Feature","id":252740,"geometry":{"type":"Point","coordinates":[-122.37825363950691,41.97238720189667]},"properties":{"OBJECTID":252740,"PERMANENT_IDENTIFIER":"124335396","GNIS_NAME":null,"FTYPE":458,"FCODE":45800}},{"type":"Feature","id":252741,"geometry":{"type":"Point","coordinates":[-122.42910964820875,41.97596726466387]},"properties":{"OBJECTID":252741,"PERMANENT_IDENTIFIER":"124335398","GNIS_NAME":null,"FTYPE":458,"FCODE":45800}},{"type":"Feature","id":252742,"geometry":{"type":"Point","coordinates":[-122.39430123951959,41.956481532564254]},"properties":{"OBJECTID":252742,"PERMANENT_IDENTIFIER":"124335400","GNIS_NAME":null,"FTYPE":458,"FCODE":45800}},{"type":"Feature","id":252743,"geometry":{"type":"Point","coordinates":[-122.40687877464,41.95334446488693]},"properties":{"OBJECTID":252743,"PERMANENT_IDENTIFIER":"124335403","GNIS_NAME":null,"FTYPE":458,"FCODE":45800}},{"type":"Feature","id":252744,"geometry":{"type":"Point","coordinates":[-122.4110415728622,41.943987663400485]},"properties":{"OBJECTID":252744,"PERMANENT_IDENTIFIER":"124335409","GNIS_NAME":null,"FTYPE":458,"FCODE":45800}},{"type":"Feature","id":252745,"geometry":{"type":"Point","coordinates":[-122.42381857520019,41.94642046255233]},"properties":{"OBJECTID":252745,"PERMANENT_IDENTIFIER":"124335414","GNIS_NAME":null,"FTYPE":458,"FCODE":45800}},{"type":"Feature","id":252746,"geometry":{"type":"Point","coordinates":[-122.49836239527916,41.99643712641334]},"properties":{"OBJECTID":252746,"PERMANENT_IDENTIFIER":"124335425","GNIS_NAME":null,"FTYPE":458,"FCODE":45800}},{"type":"Feature","id":252754,"geometry":{"type":"Point","coordinates":[-122.61178974480615,41.99170898211827]},"properties":{"OBJECTID":252754,"PERMANENT_IDENTIFIER":"124335442","GNIS_NAME":null,"FTYPE":458,"FCODE":45800}},{"type":"Feature","id":252755,"geometry":{"type":"Point","coordinates":[-122.55780780385084,41.99763852120548]},"properties":{"OBJECTID":252755,"PERMANENT_IDENTIFIER":"124335444","GNIS_NAME":null,"FTYPE":458,"FCODE":45800}},{"type":"Feature","id":252756,"geometry":{"type":"Point","coordinates":[-122.54859272993612,41.95987845270405]},"properties":{"OBJECTID":252756,"PERMANENT_IDENTIFIER":"124335446","GNIS_NAME":null,"FTYPE":458,"FCODE":45800}},{"type":"Feature","id":252757,"geometry":{"type":"Point","coordinates":[-122.5082551283099,41.98589085757227]},"properties":{"OBJECTID":252757,"PERMANENT_IDENTIFIER":"124335448","GNIS_NAME":null,"FTYPE":458,"FCODE":45800}},{"type":"Feature","id":252758,"geometry":{"type":"Point","coordinates":[-122.55289586287765,41.956058318163024]},"properties":{"OBJECTID":252758,"PERMANENT_IDENTIFIER":"124335456","GNIS_NAME":null,"FTYPE":458,"FCODE":45800}},{"type":"Feature","id":252759,"geometry":{"type":"Point","coordinates":[-122.54168645600153,41.92310831720024]},"properties":{"OBJECTID":252759,"PERMANENT_IDENTIFIER":"124335458","GNIS_NAME":null,"FTYPE":458,"FCODE":45800}},{"type":"Feature","id":252760,"geometry":{"type":"Point","coordinates":[-122.54137165601199,41.92284585089793]},"properties":{"OBJECTID":252760,"PERMANENT_IDENTIFIER":"124335479","GNIS_NAME":null,"FTYPE":458,"FCODE":45800}},{"type":"Feature","id":252761,"geometry":{"type":"Point","coordinates":[-122.87636225491109,42.018239360196496]},"properties":{"OBJECTID":252761,"PERMANENT_IDENTIFIER":"124335522","GNIS_NAME":null,"FTYPE":458,"FCODE":45800}},{"type":"Feature","id":252762,"geometry":{"type":"Point","coordinates":[-122.71001462423811,41.97828137251986]},"properties":{"OBJECTID":252762,"PERMANENT_IDENTIFIER":"124335548","GNIS_NAME":"Fountain of Youth Spring","FTYPE":458,"FCODE":45800}},{"type":"Feature","id":252763,"geometry":{"type":"Point","coordinates":[-122.7071120893997,41.971113705889124]},"properties":{"OBJECTID":252763,"PERMANENT_IDENTIFIER":"124335550","GNIS_NAME":null,"FTYPE":458,"FCODE":45800}},{"type":"Feature","id":252764,"geometry":{"type":"Point","coordinates":[-122.64019353445697,41.901216307280094]},"properties":{"OBJECTID":252764,"PERMANENT_IDENTIFIER":"124335565","GNIS_NAME":null,"FTYPE":458,"FCODE":45800}},{"type":"Feature","id":252765,"geometry":{"type":"Point","coordinates":[-122.25647801301925,41.92234240945922]},"properties":{"OBJECTID":252765,"PERMANENT_IDENTIFIER":"124335567","GNIS_NAME":null,"FTYPE":458,"FCODE":45800}},{"type":"Feature","id":252766,"geometry":{"type":"Point","coordinates":[-122.25633214265982,41.89720827421189]},"properties":{"OBJECTID":252766,"PERMANENT_IDENTIFIER":"124335569","GNIS_NAME":null,"FTYPE":458,"FCODE":45800}},{"type":"Feature","id":252767,"geometry":{"type":"Point","coordinates":[-122.28419449364313,41.982903344628774]},"properties":{"OBJECTID":252767,"PERMANENT_IDENTIFIER":"124335583","GNIS_NAME":null,"FTYPE":458,"FCODE":45800}},{"type":"Feature","id":252768,"geometry":{"type":"Point","coordinates":[-122.2812444854883,41.93143007474872]},"properties":{"OBJECTID":252768,"PERMANENT_IDENTIFIER":"124335589","GNIS_NAME":null,"FTYPE":458,"FCODE":45800}},{"type":"Feature","id":252769,"geometry":{"type":"Point","coordinates":[-122.9466238515763,41.9289912816621]},"properties":{"OBJECTID":252769,"PERMANENT_IDENTIFIER":"124335609","GNIS_NAME":null,"FTYPE":458,"FCODE":45800}},{"type":"Feature","id":253039,"geometry":{"type":"Point","coordinates":[-122.14273980712603,41.995102024840165]},"properties":{"OBJECTID":253039,"PERMANENT_IDENTIFIER":"124336203","GNIS_NAME":null,"FTYPE":458,"FCODE":45800}},{"type":"Feature","id":253040,"geometry":{"type":"Point","coordinates":[-122.19236367287142,41.9412197498783]},"properties":{"OBJECTID":253040,"PERMANENT_IDENTIFIER":"124336205","GNIS_NAME":null,"FTYPE":458,"FCODE":45800}},{"type":"Feature","id":253041,"geometry":{"type":"Point","coordinates":[-122.23245260459643,41.89219660940053]},"properties":{"OBJECTID":253041,"PERMANENT_IDENTIFIER":"124336207","GNIS_NAME":null,"FTYPE":458,"FCODE":45800}},{"type":"Feature","id":253042,"geometry":{"type":"Point","coordinates":[-122.21417713316438,41.878351210049445]},"properties":{"OBJECTID":253042,"PERMANENT_IDENTIFIER":"124336209","GNIS_NAME":null,"FTYPE":458,"FCODE":45800}},{"type":"Feature","id":253043,"geometry":{"type":"Point","coordinates":[-122.2701516954029,42.008919680707216]},"properties":{"OBJECTID":253043,"PERMANENT_IDENTIFIER":"124336211","GNIS_NAME":"Wild Gal Spring","FTYPE":458,"FCODE":45800}},{"type":"Feature","id":253044,"geometry":{"type":"Point","coordinates":[-122.19127125592203,41.83501380911276]},"properties":{"OBJECTID":253044,"PERMANENT_IDENTIFIER":"124336213","GNIS_NAME":null,"FTYPE":458,"FCODE":45800}},{"type":"Feature","id":253045,"geometry":{"type":"Point","coordinates":[-122.2133856573342,41.82123840581759]},"properties":{"OBJECTID":253045,"PERMANENT_IDENTIFIER":"124336215","GNIS_NAME":null,"FTYPE":458,"FCODE":45800}},{"type":"Feature","id":253046,"geometry":{"type":"Point","coordinates":[-122.2005166551553,41.82016774092394]},"properties":{"OBJECTID":253046,"PERMANENT_IDENTIFIER":"124336217","GNIS_NAME":null,"FTYPE":458,"FCODE":45800}},{"type":"Feature","id":253661,"geometry":{"type":"Point","coordinates":[-122.37757544451595,42.00095387048094]},"properties":{"OBJECTID":253661,"PERMANENT_IDENTIFIER":"124335177","GNIS_NAME":null,"FTYPE":458,"FCODE":45800}},{"type":"Feature","id":253662,"geometry":{"type":"Point","coordinates":[-122.39313284903166,42.01596567011071]},"properties":{"OBJECTID":253662,"PERMANENT_IDENTIFIER":"124335179","GNIS_NAME":null,"FTYPE":458,"FCODE":45800}},{"type":"Feature","id":253663,"geometry":{"type":"Point","coordinates":[-122.39888504918358,42.01235533618703]},"properties":{"OBJECTID":253663,"PERMANENT_IDENTIFIER":"124335181","GNIS_NAME":null,"FTYPE":458,"FCODE":45800}},{"type":"Feature","id":253664,"geometry":{"type":"Point","coordinates":[-122.39728931560533,42.00974126966319]},"properties":{"OBJECTID":253664,"PERMANENT_IDENTIFIER":"124335183","GNIS_NAME":null,"FTYPE":458,"FCODE":45800}},{"type":"Feature","id":253673,"geometry":{"type":"Point","coordinates":[-122.59233587711263,42.00527165138683]},"properties":{"OBJECTID":253673,"PERMANENT_IDENTIFIER":"124335204","GNIS_NAME":null,"FTYPE":458,"FCODE":45800}},{"type":"Feature","id":253674,"geometry":{"type":"Point","coordinates":[-122.57159274219487,42.01417732077938]},"properties":{"OBJECTID":253674,"PERMANENT_IDENTIFIER":"124335206","GNIS_NAME":null,"FTYPE":458,"FCODE":45800}},{"type":"Feature","id":253675,"geometry":{"type":"Point","coordinates":[-122.87292978762848,42.01911836038227]},"properties":{"OBJECTID":253675,"PERMANENT_IDENTIFIER":"124335208","GNIS_NAME":null,"FTYPE":458,"FCODE":45800}},{"type":"Feature","id":253676,"geometry":{"type":"Point","coordinates":[-122.87210558700866,42.01479422753021]},"properties":{"OBJECTID":253676,"PERMANENT_IDENTIFIER":"124335209","GNIS_NAME":null,"FTYPE":458,"FCODE":45800}},{"type":"Feature","id":253677,"geometry":{"type":"Point","coordinates":[-122.84047878017451,42.00313669614711]},"properties":{"OBJECTID":253677,"PERMANENT_IDENTIFIER":"124335211","GNIS_NAME":null,"FTYPE":458,"FCODE":45800}},{"type":"Feature","id":253681,"geometry":{"type":"Point","coordinates":[-122.20861808002742,41.97098261691162]},"properties":{"OBJECTID":253681,"PERMANENT_IDENTIFIER":"124335224","GNIS_NAME":null,"FTYPE":458,"FCODE":45800}},{"type":"Feature","id":253682,"geometry":{"type":"Point","coordinates":[-122.20324361655499,41.99727161901427]},"properties":{"OBJECTID":253682,"PERMANENT_IDENTIFIER":"124335226","GNIS_NAME":null,"FTYPE":458,"FCODE":45800}},{"type":"Feature","id":253683,"geometry":{"type":"Point","coordinates":[-122.19577514738361,41.98475001896832]},"properties":{"OBJECTID":253683,"PERMANENT_IDENTIFIER":"124335228","GNIS_NAME":null,"FTYPE":458,"FCODE":45800}},{"type":"Feature","id":253684,"geometry":{"type":"Point","coordinates":[-122.16110160748948,41.98006615552852]},"properties":{"OBJECTID":253684,"PERMANENT_IDENTIFIER":"124335230","GNIS_NAME":null,"FTYPE":458,"FCODE":45800}},{"type":"Feature","id":253685,"geometry":{"type":"Point","coordinates":[-122.23049187151359,41.893372342972555]},"properties":{"OBJECTID":253685,"PERMANENT_IDENTIFIER":"124335232","GNIS_NAME":null,"FTYPE":458,"FCODE":45800}},{"type":"Feature","id":253686,"geometry":{"type":"Point","coordinates":[-122.2275749367272,41.89177214344367]},"properties":{"OBJECTID":253686,"PERMANENT_IDENTIFIER":"124335234","GNIS_NAME":null,"FTYPE":458,"FCODE":45800}},{"type":"Feature","id":253687,"geometry":{"type":"Point","coordinates":[-122.19333053172265,41.88780341262829]},"properties":{"OBJECTID":253687,"PERMANENT_IDENTIFIER":"124335236","GNIS_NAME":null,"FTYPE":458,"FCODE":45800}},{"type":"Feature","id":253688,"geometry":{"type":"Point","coordinates":[-122.24303527920478,41.93433694461969]},"properties":{"OBJECTID":253688,"PERMANENT_IDENTIFIER":"124335238","GNIS_NAME":null,"FTYPE":458,"FCODE":45800}},{"type":"Feature","id":253689,"geometry":{"type":"Point","coordinates":[-122.22984547627763,41.92805721231751]},"properties":{"OBJECTID":253689,"PERMANENT_IDENTIFIER":"124335240","GNIS_NAME":null,"FTYPE":458,"FCODE":45800}},{"type":"Feature","id":253690,"geometry":{"type":"Point","coordinates":[-122.21474613349255,41.879557476416046]},"properties":{"OBJECTID":253690,"PERMANENT_IDENTIFIER":"124335242","GNIS_NAME":null,"FTYPE":458,"FCODE":45800}},{"type":"Feature","id":253691,"geometry":{"type":"Point","coordinates":[-122.21487779952437,41.87809027655685]},"properties":{"OBJECTID":253691,"PERMANENT_IDENTIFIER":"124335244","GNIS_NAME":null,"FTYPE":458,"FCODE":45800}},{"type":"Feature","id":253692,"geometry":{"type":"Point","coordinates":[-122.21194753237778,41.87693987687568]},"properties":{"OBJECTID":253692,"PERMANENT_IDENTIFIER":"124335246","GNIS_NAME":null,"FTYPE":458,"FCODE":45800}},{"type":"Feature","id":253693,"geometry":{"type":"Point","coordinates":[-122.22010520018557,41.875626542805875]},"properties":{"OBJECTID":253693,"PERMANENT_IDENTIFIER":"124335248","GNIS_NAME":null,"FTYPE":458,"FCODE":45800}},{"type":"Feature","id":253694,"geometry":{"type":"Point","coordinates":[-122.1780270611689,41.87917448011946]},"properties":{"OBJECTID":253694,"PERMANENT_IDENTIFIER":"124335250","GNIS_NAME":null,"FTYPE":458,"FCODE":45800}},{"type":"Feature","id":253695,"geometry":{"type":"Point","coordinates":[-122.22293653441423,41.875740342710216]},"properties":{"OBJECTID":253695,"PERMANENT_IDENTIFIER":"124335252","GNIS_NAME":null,"FTYPE":458,"FCODE":45800}},{"type":"Feature","id":253696,"geometry":{"type":"Point","coordinates":[-122.22486273842176,41.90230074416375]},"properties":{"OBJECTID":253696,"PERMANENT_IDENTIFIER":"124335254","GNIS_NAME":null,"FTYPE":458,"FCODE":45800}},{"type":"Feature","id":253697,"geometry":{"type":"Point","coordinates":[-122.22276114098784,41.91731401180913]},"properties":{"OBJECTID":253697,"PERMANENT_IDENTIFIER":"124335256","GNIS_NAME":null,"FTYPE":458,"FCODE":45800}},{"type":"Feature","id":253698,"geometry":{"type":"Point","coordinates":[-122.2111702067674,41.92421068013786]},"properties":{"OBJECTID":253698,"PERMANENT_IDENTIFIER":"124335258","GNIS_NAME":"Grouse Spring","FTYPE":458,"FCODE":45800}},{"type":"Feature","id":253699,"geometry":{"type":"Point","coordinates":[-122.24507188073225,41.93642194456285]},"properties":{"OBJECTID":253699,"PERMANENT_IDENTIFIER":"124335260","GNIS_NAME":null,"FTYPE":458,"FCODE":45800}},{"type":"Feature","id":253700,"geometry":{"type":"Point","coordinates":[-122.24553421385434,41.93743374467073]},"properties":{"OBJECTID":253700,"PERMANENT_IDENTIFIER":"124335262","GNIS_NAME":null,"FTYPE":458,"FCODE":45800}},{"type":"Feature","id":255482,"geometry":{"type":"Point","coordinates":[-123.15651278354788,41.72972604925792]},"properties":{"OBJECTID":255482,"PERMANENT_IDENTIFIER":"110175184","GNIS_NAME":"Yellow Jacket Spring","FTYPE":458,"FCODE":45800}},{"type":"Feature","id":255637,"geometry":{"type":"Point","coordinates":[-122.94870397135101,41.84311407562587]},"properties":{"OBJECTID":255637,"PERMANENT_IDENTIFIER":"124335831","GNIS_NAME":null,"FTYPE":458,"FCODE":45800}},{"type":"Feature","id":255638,"geometry":{"type":"Point","coordinates":[-122.51215151240712,41.88132845038779]},"properties":{"OBJECTID":255638,"PERMANENT_IDENTIFIER":"124335835","GNIS_NAME":null,"FTYPE":458,"FCODE":45800}},{"type":"Feature","id":255639,"geometry":{"type":"Point","coordinates":[-122.52983171107184,41.858920714027505]},"properties":{"OBJECTID":255639,"PERMANENT_IDENTIFIER":"124335837","GNIS_NAME":null,"FTYPE":458,"FCODE":45800}},{"type":"Feature","id":255642,"geometry":{"type":"Point","coordinates":[-122.50447710493818,41.84528571495585]},"properties":{"OBJECTID":255642,"PERMANENT_IDENTIFIER":"124335843","GNIS_NAME":null,"FTYPE":458,"FCODE":45800}},{"type":"Feature","id":255643,"geometry":{"type":"Point","coordinates":[-122.56859211310875,41.83342544223823]},"properties":{"OBJECTID":255643,"PERMANENT_IDENTIFIER":"124335845","GNIS_NAME":"Maple Spring","FTYPE":458,"FCODE":45800}},{"type":"Feature","id":255644,"geometry":{"type":"Point","coordinates":[-122.53899610682588,41.82361891092911]},"properties":{"OBJECTID":255644,"PERMANENT_IDENTIFIER":"124335848","GNIS_NAME":null,"FTYPE":458,"FCODE":45800}},{"type":"Feature","id":255646,"geometry":{"type":"Point","coordinates":[-122.54116930651568,41.820790310100115]},"properties":{"OBJECTID":255646,"PERMANENT_IDENTIFIER":"124335852","GNIS_NAME":"Upper Maple Spring","FTYPE":458,"FCODE":45800}},{"type":"Feature","id":255652,"geometry":{"type":"Point","coordinates":[-123.2496634580364,41.69381283889616]},"properties":{"OBJECTID":255652,"PERMANENT_IDENTIFIER":"124335864","GNIS_NAME":null,"FTYPE":458,"FCODE":45800}},{"type":"Feature","id":255654,"geometry":{"type":"Point","coordinates":[-122.27527427164348,41.853782069559486]},"properties":{"OBJECTID":255654,"PERMANENT_IDENTIFIER":"124335878","GNIS_NAME":null,"FTYPE":458,"FCODE":45800}},{"type":"Feature","id":255655,"geometry":{"type":"Point","coordinates":[-122.27285853808063,41.8532804699349]},"properties":{"OBJECTID":255655,"PERMANENT_IDENTIFIER":"124335880","GNIS_NAME":null,"FTYPE":458,"FCODE":45800}},{"type":"Feature","id":255657,"geometry":{"type":"Point","coordinates":[-122.35795894970593,41.84886092843874]},"properties":{"OBJECTID":255657,"PERMANENT_IDENTIFIER":"124335884","GNIS_NAME":null,"FTYPE":458,"FCODE":45800}},{"type":"Feature","id":255658,"geometry":{"type":"Point","coordinates":[-122.37111635040897,41.839138526880895]},"properties":{"OBJECTID":255658,"PERMANENT_IDENTIFIER":"124335886","GNIS_NAME":null,"FTYPE":458,"FCODE":45800}},{"type":"Feature","id":255660,"geometry":{"type":"Point","coordinates":[-122.3664150832029,41.83612692683741]},"properties":{"OBJECTID":255660,"PERMANENT_IDENTIFIER":"124335890","GNIS_NAME":null,"FTYPE":458,"FCODE":45800}},{"type":"Feature","id":255662,"geometry":{"type":"Point","coordinates":[-122.34778247766158,41.8238001279518]},"properties":{"OBJECTID":255662,"PERMANENT_IDENTIFIER":"124335894","GNIS_NAME":null,"FTYPE":458,"FCODE":45800}},{"type":"Feature","id":255665,"geometry":{"type":"Point","coordinates":[-122.33111533859166,41.80462746155689]},"properties":{"OBJECTID":255665,"PERMANENT_IDENTIFIER":"124335900","GNIS_NAME":null,"FTYPE":458,"FCODE":45800}},{"type":"Feature","id":255666,"geometry":{"type":"Point","coordinates":[-122.2636112617243,41.79981913378276]},"properties":{"OBJECTID":255666,"PERMANENT_IDENTIFIER":"124335902","GNIS_NAME":null,"FTYPE":458,"FCODE":45800}},{"type":"Feature","id":255668,"geometry":{"type":"Point","coordinates":[-122.3486055409779,41.798720259024556]},"properties":{"OBJECTID":255668,"PERMANENT_IDENTIFIER":"124335906","GNIS_NAME":null,"FTYPE":458,"FCODE":45800}},{"type":"Feature","id":255671,"geometry":{"type":"Point","coordinates":[-122.30707813363655,41.79223986270161]},"properties":{"OBJECTID":255671,"PERMANENT_IDENTIFIER":"124335911","GNIS_NAME":null,"FTYPE":458,"FCODE":45800}},{"type":"Feature","id":255673,"geometry":{"type":"Point","coordinates":[-122.31483206702663,41.78508972773837]},"properties":{"OBJECTID":255673,"PERMANENT_IDENTIFIER":"124335915","GNIS_NAME":null,"FTYPE":458,"FCODE":45800}},{"type":"Feature","id":255674,"geometry":{"type":"Point","coordinates":[-122.36730894132077,41.78186892313531]},"properties":{"OBJECTID":255674,"PERMANENT_IDENTIFIER":"124335917","GNIS_NAME":null,"FTYPE":458,"FCODE":45800}},{"type":"Feature","id":255675,"geometry":{"type":"Point","coordinates":[-122.35366273839556,41.77839285755481]},"properties":{"OBJECTID":255675,"PERMANENT_IDENTIFIER":"124335919","GNIS_NAME":null,"FTYPE":458,"FCODE":45800}},{"type":"Feature","id":255681,"geometry":{"type":"Point","coordinates":[-122.3241320932465,41.940104738123175]},"properties":{"OBJECTID":255681,"PERMANENT_IDENTIFIER":"124335955","GNIS_NAME":null,"FTYPE":458,"FCODE":45800}},{"type":"Feature","id":255687,"geometry":{"type":"Point","coordinates":[-122.68448498782443,41.7751436279284]},"properties":{"OBJECTID":255687,"PERMANENT_IDENTIFIER":"124335684","GNIS_NAME":null,"FTYPE":458,"FCODE":45800}},{"type":"Feature","id":255688,"geometry":{"type":"Point","coordinates":[-122.80400855256177,41.86071568988346]},"properties":{"OBJECTID":255688,"PERMANENT_IDENTIFIER":"124335749","GNIS_NAME":null,"FTYPE":458,"FCODE":45800}},{"type":"Feature","id":255690,"geometry":{"type":"Point","coordinates":[-122.85337842087266,41.82526561626936]},"properties":{"OBJECTID":255690,"PERMANENT_IDENTIFIER":"124335753","GNIS_NAME":null,"FTYPE":458,"FCODE":45800}},{"type":"Feature","id":255692,"geometry":{"type":"Point","coordinates":[-122.7826746004426,41.76254968509511]},"properties":{"OBJECTID":255692,"PERMANENT_IDENTIFIER":"124335757","GNIS_NAME":null,"FTYPE":458,"FCODE":45800}},{"type":"Feature","id":255694,"geometry":{"type":"Point","coordinates":[-123.19612181897996,41.91554985819728]},"properties":{"OBJECTID":255694,"PERMANENT_IDENTIFIER":"124335765","GNIS_NAME":null,"FTYPE":458,"FCODE":45800}},{"type":"Feature","id":255695,"geometry":{"type":"Point","coordinates":[-122.47575851945996,41.963162125828376]},"properties":{"OBJECTID":255695,"PERMANENT_IDENTIFIER":"124335775","GNIS_NAME":null,"FTYPE":458,"FCODE":45800}},{"type":"Feature","id":255697,"geometry":{"type":"Point","coordinates":[-122.45789371448217,41.94988412637667]},"properties":{"OBJECTID":255697,"PERMANENT_IDENTIFIER":"124335789","GNIS_NAME":null,"FTYPE":458,"FCODE":45800}},{"type":"Feature","id":255699,"geometry":{"type":"Point","coordinates":[-122.48088818381709,41.94509525720433]},"properties":{"OBJECTID":255699,"PERMANENT_IDENTIFIER":"124335795","GNIS_NAME":null,"FTYPE":458,"FCODE":45800}},{"type":"Feature","id":255702,"geometry":{"type":"Point","coordinates":[-122.38627389961711,41.92296253110862]},"properties":{"OBJECTID":255702,"PERMANENT_IDENTIFIER":"124335803","GNIS_NAME":null,"FTYPE":458,"FCODE":45800}},{"type":"Feature","id":255704,"geometry":{"type":"Point","coordinates":[-122.48563838004642,41.91506972211093]},"properties":{"OBJECTID":255704,"PERMANENT_IDENTIFIER":"124335807","GNIS_NAME":null,"FTYPE":458,"FCODE":45800}},{"type":"Feature","id":255706,"geometry":{"type":"Point","coordinates":[-122.39038949714276,41.90551552949278]},"properties":{"OBJECTID":255706,"PERMANENT_IDENTIFIER":"124335811","GNIS_NAME":null,"FTYPE":458,"FCODE":45800}},{"type":"Feature","id":255707,"geometry":{"type":"Point","coordinates":[-122.40097496454395,41.90109932863873]},"properties":{"OBJECTID":255707,"PERMANENT_IDENTIFIER":"124335813","GNIS_NAME":null,"FTYPE":458,"FCODE":45800}},{"type":"Feature","id":255709,"geometry":{"type":"Point","coordinates":[-122.4511137696813,41.88534912307566]},"properties":{"OBJECTID":255709,"PERMANENT_IDENTIFIER":"124335817","GNIS_NAME":null,"FTYPE":458,"FCODE":45800}},{"type":"Feature","id":255710,"geometry":{"type":"Point","coordinates":[-122.42921316571886,41.87807292454521]},"properties":{"OBJECTID":255710,"PERMANENT_IDENTIFIER":"124335819","GNIS_NAME":null,"FTYPE":458,"FCODE":45800}},{"type":"Feature","id":256078,"geometry":{"type":"Point","coordinates":[-122.35886667605895,41.80317345844033]},"properties":{"OBJECTID":256078,"PERMANENT_IDENTIFIER":"124335538","GNIS_NAME":null,"FTYPE":458,"FCODE":45800}},{"type":"Feature","id":256079,"geometry":{"type":"Point","coordinates":[-122.37268334756384,41.81912012501157]},"properties":{"OBJECTID":256079,"PERMANENT_IDENTIFIER":"124335540","GNIS_NAME":null,"FTYPE":458,"FCODE":45800}},{"type":"Feature","id":256080,"geometry":{"type":"Point","coordinates":[-122.35873934593168,41.820083326283104]},"properties":{"OBJECTID":256080,"PERMANENT_IDENTIFIER":"124335541","GNIS_NAME":null,"FTYPE":458,"FCODE":45800}},{"type":"Feature","id":256081,"geometry":{"type":"Point","coordinates":[-122.34223053761403,41.784538325281446]},"properties":{"OBJECTID":256081,"PERMANENT_IDENTIFIER":"124335543","GNIS_NAME":null,"FTYPE":458,"FCODE":45800}},{"type":"Feature","id":256082,"geometry":{"type":"Point","coordinates":[-122.30349553500835,41.80563873064237]},"properties":{"OBJECTID":256082,"PERMANENT_IDENTIFIER":"124335545","GNIS_NAME":null,"FTYPE":458,"FCODE":45800}},{"type":"Feature","id":256083,"geometry":{"type":"Point","coordinates":[-122.74319215531824,41.9362136331737]},"properties":{"OBJECTID":256083,"PERMANENT_IDENTIFIER":"124335551","GNIS_NAME":null,"FTYPE":458,"FCODE":45800}},{"type":"Feature","id":256084,"geometry":{"type":"Point","coordinates":[-122.73307941493174,41.90220303207114]},"properties":{"OBJECTID":256084,"PERMANENT_IDENTIFIER":"124335553","GNIS_NAME":null,"FTYPE":458,"FCODE":45800}},{"type":"Feature","id":256085,"geometry":{"type":"Point","coordinates":[-122.74612841489929,41.890415496642895]},"properties":{"OBJECTID":256085,"PERMANENT_IDENTIFIER":"124335555","GNIS_NAME":null,"FTYPE":458,"FCODE":45800}},{"type":"Feature","id":256086,"geometry":{"type":"Point","coordinates":[-122.6681976030291,41.88716330382313]},"properties":{"OBJECTID":256086,"PERMANENT_IDENTIFIER":"124335557","GNIS_NAME":null,"FTYPE":458,"FCODE":45800}},{"type":"Feature","id":256087,"geometry":{"type":"Point","coordinates":[-122.69686414516623,41.91446163622744]},"properties":{"OBJECTID":256087,"PERMANENT_IDENTIFIER":"124335559","GNIS_NAME":null,"FTYPE":458,"FCODE":45800}},{"type":"Feature","id":256088,"geometry":{"type":"Point","coordinates":[-122.65541300271295,41.90076223899169]},"properties":{"OBJECTID":256088,"PERMANENT_IDENTIFIER":"124335561","GNIS_NAME":null,"FTYPE":458,"FCODE":45800}},{"type":"Feature","id":256089,"geometry":{"type":"Point","coordinates":[-122.64199599713845,41.8765825049795]},"properties":{"OBJECTID":256089,"PERMANENT_IDENTIFIER":"124335563","GNIS_NAME":null,"FTYPE":458,"FCODE":45800}},{"type":"Feature","id":256090,"geometry":{"type":"Point","coordinates":[-122.31377074851244,41.88275966823414]},"properties":{"OBJECTID":256090,"PERMANENT_IDENTIFIER":"124335571","GNIS_NAME":"Big Spring","FTYPE":458,"FCODE":45800}},{"type":"Feature","id":256091,"geometry":{"type":"Point","coordinates":[-122.34613936233394,41.93694473564123]},"properties":{"OBJECTID":256091,"PERMANENT_IDENTIFIER":"124335574","GNIS_NAME":null,"FTYPE":458,"FCODE":45800}},{"type":"Feature","id":256092,"geometry":{"type":"Point","coordinates":[-122.36731736548283,41.9381487335682]},"properties":{"OBJECTID":256092,"PERMANENT_IDENTIFIER":"124335575","GNIS_NAME":null,"FTYPE":458,"FCODE":45800}},{"type":"Feature","id":256093,"geometry":{"type":"Point","coordinates":[-122.37209356777468,41.94305213417748]},"properties":{"OBJECTID":256093,"PERMANENT_IDENTIFIER":"124335577","GNIS_NAME":null,"FTYPE":458,"FCODE":45800}},{"type":"Feature","id":256094,"geometry":{"type":"Point","coordinates":[-122.37089716403442,41.9208662659482]},"properties":{"OBJECTID":256094,"PERMANENT_IDENTIFIER":"124335579","GNIS_NAME":null,"FTYPE":458,"FCODE":45800}},{"type":"Feature","id":256096,"geometry":{"type":"Point","coordinates":[-122.32766835898339,41.935626670558825]},"properties":{"OBJECTID":256096,"PERMANENT_IDENTIFIER":"124335585","GNIS_NAME":null,"FTYPE":458,"FCODE":45800}},{"type":"Feature","id":256097,"geometry":{"type":"Point","coordinates":[-122.32600609263025,41.934482070762066]},"properties":{"OBJECTID":256097,"PERMANENT_IDENTIFIER":"124335587","GNIS_NAME":null,"FTYPE":458,"FCODE":45800}},{"type":"Feature","id":256098,"geometry":{"type":"Point","coordinates":[-122.99605239142885,41.92732267680705]},"properties":{"OBJECTID":256098,"PERMANENT_IDENTIFIER":"124335591","GNIS_NAME":null,"FTYPE":458,"FCODE":45800}},{"type":"Feature","id":256099,"geometry":{"type":"Point","coordinates":[-122.99327678923379,41.91449680983934]},"properties":{"OBJECTID":256099,"PERMANENT_IDENTIFIER":"124335593","GNIS_NAME":null,"FTYPE":458,"FCODE":45800}},{"type":"Feature","id":256100,"geometry":{"type":"Point","coordinates":[-122.99258785489296,41.908318009641654]},"properties":{"OBJECTID":256100,"PERMANENT_IDENTIFIER":"124335595","GNIS_NAME":null,"FTYPE":458,"FCODE":45800}},{"type":"Feature","id":256101,"geometry":{"type":"Point","coordinates":[-122.98995018898671,41.91889187675668]},"properties":{"OBJECTID":256101,"PERMANENT_IDENTIFIER":"124335597","GNIS_NAME":null,"FTYPE":458,"FCODE":45800}},{"type":"Feature","id":256102,"geometry":{"type":"Point","coordinates":[-122.98456178340123,41.888686475367244]},"properties":{"OBJECTID":256102,"PERMANENT_IDENTIFIER":"124335599","GNIS_NAME":null,"FTYPE":458,"FCODE":45800}},{"type":"Feature","id":256103,"geometry":{"type":"Point","coordinates":[-122.95613984996164,41.911732479300056]},"properties":{"OBJECTID":256103,"PERMANENT_IDENTIFIER":"124335603","GNIS_NAME":null,"FTYPE":458,"FCODE":45800}},{"type":"Feature","id":256104,"geometry":{"type":"Point","coordinates":[-122.95173558129198,41.90511961274388]},"properties":{"OBJECTID":256104,"PERMANENT_IDENTIFIER":"124335605","GNIS_NAME":null,"FTYPE":458,"FCODE":45800}},{"type":"Feature","id":256105,"geometry":{"type":"Point","coordinates":[-122.9493565827362,41.91757521403181]},"properties":{"OBJECTID":256105,"PERMANENT_IDENTIFIER":"124335607","GNIS_NAME":null,"FTYPE":458,"FCODE":45800}},{"type":"Feature","id":256106,"geometry":{"type":"Point","coordinates":[-122.91907137781688,41.91356768292019]},"properties":{"OBJECTID":256106,"PERMANENT_IDENTIFIER":"124335613","GNIS_NAME":null,"FTYPE":458,"FCODE":45800}},{"type":"Feature","id":256108,"geometry":{"type":"Point","coordinates":[-122.77824095854288,41.9217946293031]},"properties":{"OBJECTID":256108,"PERMANENT_IDENTIFIER":"124335635","GNIS_NAME":null,"FTYPE":458,"FCODE":45800}},{"type":"Feature","id":256109,"geometry":{"type":"Point","coordinates":[-122.8682822338203,41.895628419442914]},"properties":{"OBJECTID":256109,"PERMANENT_IDENTIFIER":"124335639","GNIS_NAME":null,"FTYPE":458,"FCODE":45800}},{"type":"Feature","id":256110,"geometry":{"type":"Point","coordinates":[-122.76719774989549,41.882070094751846]},"properties":{"OBJECTID":256110,"PERMANENT_IDENTIFIER":"124335641","GNIS_NAME":null,"FTYPE":458,"FCODE":45800}},{"type":"Feature","id":256111,"geometry":{"type":"Point","coordinates":[-122.76506701647322,41.88220542828804]},"properties":{"OBJECTID":256111,"PERMANENT_IDENTIFIER":"124335643","GNIS_NAME":null,"FTYPE":458,"FCODE":45800}},{"type":"Feature","id":256112,"geometry":{"type":"Point","coordinates":[-122.49216870493873,41.8594179171676]},"properties":{"OBJECTID":256112,"PERMANENT_IDENTIFIER":"124335645","GNIS_NAME":null,"FTYPE":458,"FCODE":45800}},{"type":"Feature","id":256113,"geometry":{"type":"Point","coordinates":[-122.49184030413124,41.852872916762145]},"properties":{"OBJECTID":256113,"PERMANENT_IDENTIFIER":"124335647","GNIS_NAME":null,"FTYPE":458,"FCODE":45800}},{"type":"Feature","id":256114,"geometry":{"type":"Point","coordinates":[-122.49040050391532,41.85186671687035]},"properties":{"OBJECTID":256114,"PERMANENT_IDENTIFIER":"124335649","GNIS_NAME":null,"FTYPE":458,"FCODE":45800}},{"type":"Feature","id":256115,"geometry":{"type":"Point","coordinates":[-122.42344196125671,41.85872412315517]},"properties":{"OBJECTID":256115,"PERMANENT_IDENTIFIER":"124335651","GNIS_NAME":null,"FTYPE":458,"FCODE":45800}},{"type":"Feature","id":256116,"geometry":{"type":"Point","coordinates":[-122.43491329651637,41.86056905610731]},"properties":{"OBJECTID":256116,"PERMANENT_IDENTIFIER":"124335652","GNIS_NAME":null,"FTYPE":458,"FCODE":45800}},{"type":"Feature","id":256117,"geometry":{"type":"Point","coordinates":[-122.42602629564098,41.86166892328644]},"properties":{"OBJECTID":256117,"PERMANENT_IDENTIFIER":"124335654","GNIS_NAME":null,"FTYPE":458,"FCODE":45800}},{"type":"Feature","id":256118,"geometry":{"type":"Point","coordinates":[-122.41837269468692,41.864571124252315]},"properties":{"OBJECTID":256118,"PERMANENT_IDENTIFIER":"124335656","GNIS_NAME":null,"FTYPE":458,"FCODE":45800}},{"type":"Feature","id":256119,"geometry":{"type":"Point","coordinates":[-122.40420049357601,41.871600459076745]},"properties":{"OBJECTID":256119,"PERMANENT_IDENTIFIER":"124335658","GNIS_NAME":null,"FTYPE":458,"FCODE":45800}},{"type":"Feature","id":256120,"geometry":{"type":"Point","coordinates":[-122.40879496038765,41.86420252519448]},"properties":{"OBJECTID":256120,"PERMANENT_IDENTIFIER":"124335660","GNIS_NAME":null,"FTYPE":458,"FCODE":45800}},{"type":"Feature","id":256121,"geometry":{"type":"Point","coordinates":[-122.4158503625932,41.87229985864478]},"properties":{"OBJECTID":256121,"PERMANENT_IDENTIFIER":"124335662","GNIS_NAME":null,"FTYPE":458,"FCODE":45800}},{"type":"Feature","id":256122,"geometry":{"type":"Point","coordinates":[-122.39722675454811,41.84181852479635]},"properties":{"OBJECTID":256122,"PERMANENT_IDENTIFIER":"124335664","GNIS_NAME":null,"FTYPE":458,"FCODE":45800}},{"type":"Feature","id":256123,"geometry":{"type":"Point","coordinates":[-122.49355417055803,41.847305116150096]},"properties":{"OBJECTID":256123,"PERMANENT_IDENTIFIER":"124335666","GNIS_NAME":null,"FTYPE":458,"FCODE":45800}},{"type":"Feature","id":256124,"geometry":{"type":"Point","coordinates":[-122.4864723689682,41.84331964984549]},"properties":{"OBJECTID":256124,"PERMANENT_IDENTIFIER":"124335668","GNIS_NAME":null,"FTYPE":458,"FCODE":45800}},{"type":"Feature","id":256125,"geometry":{"type":"Point","coordinates":[-122.42269869127873,41.83520772221115]},"properties":{"OBJECTID":256125,"PERMANENT_IDENTIFIER":"124335670","GNIS_NAME":null,"FTYPE":458,"FCODE":45800}},{"type":"Feature","id":256126,"geometry":{"type":"Point","coordinates":[-122.42826869395343,41.84856592266028]},"properties":{"OBJECTID":256126,"PERMANENT_IDENTIFIER":"124335672","GNIS_NAME":null,"FTYPE":458,"FCODE":45800}},{"type":"Feature","id":256127,"geometry":{"type":"Point","coordinates":[-122.39408608937588,41.85011992546429]},"properties":{"OBJECTID":256127,"PERMANENT_IDENTIFIER":"124335674","GNIS_NAME":null,"FTYPE":458,"FCODE":45800}},{"type":"Feature","id":256128,"geometry":{"type":"Point","coordinates":[-122.48005816453201,41.82512811595121]},"properties":{"OBJECTID":256128,"PERMANENT_IDENTIFIER":"124335676","GNIS_NAME":null,"FTYPE":458,"FCODE":45800}},{"type":"Feature","id":256129,"geometry":{"type":"Point","coordinates":[-122.41905175228042,41.80540305352513]},"properties":{"OBJECTID":256129,"PERMANENT_IDENTIFIER":"124335678","GNIS_NAME":null,"FTYPE":458,"FCODE":45800}},{"type":"Feature","id":256130,"geometry":{"type":"Point","coordinates":[-122.65839679804243,41.866540236301255]},"properties":{"OBJECTID":256130,"PERMANENT_IDENTIFIER":"124335680","GNIS_NAME":null,"FTYPE":458,"FCODE":45800}},{"type":"Feature","id":256131,"geometry":{"type":"Point","coordinates":[-122.66863191977724,41.78304329621441]},"properties":{"OBJECTID":256131,"PERMANENT_IDENTIFIER":"124335682","GNIS_NAME":null,"FTYPE":458,"FCODE":45800}},{"type":"Feature","id":256132,"geometry":{"type":"Point","coordinates":[-122.37601490075203,41.94267713369097]},"properties":{"OBJECTID":256132,"PERMANENT_IDENTIFIER":"124335406","GNIS_NAME":null,"FTYPE":458,"FCODE":45800}},{"type":"Feature","id":256133,"geometry":{"type":"Point","coordinates":[-122.40318170272081,41.92434412982114]},"properties":{"OBJECTID":256133,"PERMANENT_IDENTIFIER":"124335408","GNIS_NAME":null,"FTYPE":458,"FCODE":45800}},{"type":"Feature","id":256134,"geometry":{"type":"Point","coordinates":[-122.51464859282537,41.97102045619521]},"properties":{"OBJECTID":256134,"PERMANENT_IDENTIFIER":"124335454","GNIS_NAME":null,"FTYPE":458,"FCODE":45800}},{"type":"Feature","id":256135,"geometry":{"type":"Point","coordinates":[-122.51108698592707,41.92628632012147]},"properties":{"OBJECTID":256135,"PERMANENT_IDENTIFIER":"124335460","GNIS_NAME":null,"FTYPE":458,"FCODE":45800}},{"type":"Feature","id":256136,"geometry":{"type":"Point","coordinates":[-122.50574911698962,41.918715720203764]},"properties":{"OBJECTID":256136,"PERMANENT_IDENTIFIER":"124335461","GNIS_NAME":null,"FTYPE":458,"FCODE":45800}},{"type":"Feature","id":256137,"geometry":{"type":"Point","coordinates":[-122.52399952404228,41.94612872029957]},"properties":{"OBJECTID":256137,"PERMANENT_IDENTIFIER":"124335463","GNIS_NAME":null,"FTYPE":458,"FCODE":45800}},{"type":"Feature","id":256138,"geometry":{"type":"Point","coordinates":[-122.52711072233642,41.933032118930086]},"properties":{"OBJECTID":256138,"PERMANENT_IDENTIFIER":"124335465","GNIS_NAME":null,"FTYPE":458,"FCODE":45800}},{"type":"Feature","id":256139,"geometry":{"type":"Point","coordinates":[-122.52474392195894,41.93209011935134]},"properties":{"OBJECTID":256139,"PERMANENT_IDENTIFIER":"124335467","GNIS_NAME":null,"FTYPE":458,"FCODE":45800}},{"type":"Feature","id":256140,"geometry":{"type":"Point","coordinates":[-122.51295071836331,41.921975519422375]},"properties":{"OBJECTID":256140,"PERMANENT_IDENTIFIER":"124335469","GNIS_NAME":null,"FTYPE":458,"FCODE":45800}},{"type":"Feature","id":256141,"geometry":{"type":"Point","coordinates":[-122.50162030988676,41.8772571174657]},"properties":{"OBJECTID":256141,"PERMANENT_IDENTIFIER":"124335471","GNIS_NAME":null,"FTYPE":458,"FCODE":45800}},{"type":"Feature","id":256142,"geometry":{"type":"Point","coordinates":[-122.52214072269597,41.87654643112175]},"properties":{"OBJECTID":256142,"PERMANENT_IDENTIFIER":"124335473","GNIS_NAME":"Klamathon Spring","FTYPE":458,"FCODE":45800}},{"type":"Feature","id":256143,"geometry":{"type":"Point","coordinates":[-122.51345511818786,41.916100652830316]},"properties":{"OBJECTID":256143,"PERMANENT_IDENTIFIER":"124335476","GNIS_NAME":null,"FTYPE":458,"FCODE":45800}},{"type":"Feature","id":256144,"geometry":{"type":"Point","coordinates":[-122.51760352790795,41.97418972275824]},"properties":{"OBJECTID":256144,"PERMANENT_IDENTIFIER":"124335478","GNIS_NAME":null,"FTYPE":458,"FCODE":45800}},{"type":"Feature","id":256145,"geometry":{"type":"Point","coordinates":[-122.52883158947496,41.93172411907069]},"properties":{"OBJECTID":256145,"PERMANENT_IDENTIFIER":"124335480","GNIS_NAME":null,"FTYPE":458,"FCODE":45800}},{"type":"Feature","id":256148,"geometry":{"type":"Point","coordinates":[-122.55691357634345,41.8229238423606]},"properties":{"OBJECTID":256148,"PERMANENT_IDENTIFIER":"124335486","GNIS_NAME":null,"FTYPE":458,"FCODE":45800}},{"type":"Feature","id":256149,"geometry":{"type":"Point","coordinates":[-122.54385491189747,41.84818691231488]},"properties":{"OBJECTID":256149,"PERMANENT_IDENTIFIER":"124335488","GNIS_NAME":null,"FTYPE":458,"FCODE":45800}},{"type":"Feature","id":256150,"geometry":{"type":"Point","coordinates":[-123.04121438767223,41.861735668582334]},"properties":{"OBJECTID":256150,"PERMANENT_IDENTIFIER":"124335490","GNIS_NAME":"Red Spring","FTYPE":458,"FCODE":45800}},{"type":"Feature","id":256151,"geometry":{"type":"Point","coordinates":[-123.01375118131185,41.843975869955955]},"properties":{"OBJECTID":256151,"PERMANENT_IDENTIFIER":"124335492","GNIS_NAME":null,"FTYPE":458,"FCODE":45800}},{"type":"Feature","id":256152,"geometry":{"type":"Point","coordinates":[-123.08209398152997,41.78628405976925]},"properties":{"OBJECTID":256152,"PERMANENT_IDENTIFIER":"124335494","GNIS_NAME":null,"FTYPE":458,"FCODE":45800}},{"type":"Feature","id":256154,"geometry":{"type":"Point","coordinates":[-123.15954918514723,41.735014849332664]},"properties":{"OBJECTID":256154,"PERMANENT_IDENTIFIER":"124335498","GNIS_NAME":null,"FTYPE":458,"FCODE":45800}},{"type":"Feature","id":256155,"geometry":{"type":"Point","coordinates":[-122.95847457172104,41.83616007443043]},"properties":{"OBJECTID":256155,"PERMANENT_IDENTIFIER":"124335500","GNIS_NAME":null,"FTYPE":458,"FCODE":45800}},{"type":"Feature","id":256156,"geometry":{"type":"Point","coordinates":[-122.9897934471296,41.8620714731841]},"properties":{"OBJECTID":256156,"PERMANENT_IDENTIFIER":"124335502","GNIS_NAME":null,"FTYPE":458,"FCODE":45800}},{"type":"Feature","id":256157,"geometry":{"type":"Point","coordinates":[-122.8929067649857,41.85491088141555]},"properties":{"OBJECTID":256157,"PERMANENT_IDENTIFIER":"124335504","GNIS_NAME":null,"FTYPE":458,"FCODE":45800}},{"type":"Feature","id":256158,"geometry":{"type":"Point","coordinates":[-122.99727818296665,41.87017367290497]},"properties":{"OBJECTID":256158,"PERMANENT_IDENTIFIER":"124335506","GNIS_NAME":null,"FTYPE":458,"FCODE":45800}},{"type":"Feature","id":256159,"geometry":{"type":"Point","coordinates":[-123.09891320190592,41.898692199470474]},"properties":{"OBJECTID":256159,"PERMANENT_IDENTIFIER":"124335508","GNIS_NAME":null,"FTYPE":458,"FCODE":45800}},{"type":"Feature","id":256160,"geometry":{"type":"Point","coordinates":[-123.09692846890981,41.89836519971081]},"properties":{"OBJECTID":256160,"PERMANENT_IDENTIFIER":"124335510","GNIS_NAME":null,"FTYPE":458,"FCODE":45800}},{"type":"Feature","id":256161,"geometry":{"type":"Point","coordinates":[-123.07253440246535,41.92361606950655]},"properties":{"OBJECTID":256161,"PERMANENT_IDENTIFIER":"124335512","GNIS_NAME":null,"FTYPE":458,"FCODE":45800}},{"type":"Feature","id":256162,"geometry":{"type":"Point","coordinates":[-123.05881500214588,41.936801071836186]},"properties":{"OBJECTID":256162,"PERMANENT_IDENTIFIER":"124335514","GNIS_NAME":null,"FTYPE":458,"FCODE":45800}},{"type":"Feature","id":256163,"geometry":{"type":"Point","coordinates":[-123.0544815959125,41.898631803374194]},"properties":{"OBJECTID":256163,"PERMANENT_IDENTIFIER":"124335516","GNIS_NAME":null,"FTYPE":458,"FCODE":45800}},{"type":"Feature","id":256164,"geometry":{"type":"Point","coordinates":[-123.0403290588103,41.8933956038318]},"properties":{"OBJECTID":256164,"PERMANENT_IDENTIFIER":"124335518","GNIS_NAME":null,"FTYPE":458,"FCODE":45800}},{"type":"Feature","id":256165,"geometry":{"type":"Point","coordinates":[-123.00673146005258,41.92861507599551]},"properties":{"OBJECTID":256165,"PERMANENT_IDENTIFIER":"124335520","GNIS_NAME":null,"FTYPE":458,"FCODE":45800}},{"type":"Feature","id":256166,"geometry":{"type":"Point","coordinates":[-122.368390487813,41.86349652844796]},"properties":{"OBJECTID":256166,"PERMANENT_IDENTIFIER":"124335524","GNIS_NAME":null,"FTYPE":458,"FCODE":45800}},{"type":"Feature","id":256167,"geometry":{"type":"Point","coordinates":[-122.34133048207651,41.85736386379321]},"properties":{"OBJECTID":256167,"PERMANENT_IDENTIFIER":"124335526","GNIS_NAME":null,"FTYPE":458,"FCODE":45800}},{"type":"Feature","id":256168,"geometry":{"type":"Point","coordinates":[-122.32722388142221,41.862519665830455]},"properties":{"OBJECTID":256168,"PERMANENT_IDENTIFIER":"124335528","GNIS_NAME":null,"FTYPE":458,"FCODE":45800}},{"type":"Feature","id":256536,"geometry":{"type":"Point","coordinates":[-122.36542308193222,41.83535585999813]},"properties":{"OBJECTID":256536,"PERMANENT_IDENTIFIER":"124335532","GNIS_NAME":null,"FTYPE":458,"FCODE":45800}},{"type":"Feature","id":256537,"geometry":{"type":"Point","coordinates":[-122.34955987804477,41.82523786128198]},"properties":{"OBJECTID":256537,"PERMANENT_IDENTIFIER":"124335534","GNIS_NAME":null,"FTYPE":458,"FCODE":45800}},{"type":"Feature","id":256538,"geometry":{"type":"Point","coordinates":[-122.34685107812291,41.82466852819674]},"properties":{"OBJECTID":256538,"PERMANENT_IDENTIFIER":"124335536","GNIS_NAME":null,"FTYPE":458,"FCODE":45800}},{"type":"Feature","id":256539,"geometry":{"type":"Point","coordinates":[-123.08373124177362,41.74484985687475]},"properties":{"OBJECTID":256539,"PERMANENT_IDENTIFIER":"124335272","GNIS_NAME":null,"FTYPE":458,"FCODE":45800}},{"type":"Feature","id":256541,"geometry":{"type":"Point","coordinates":[-122.80787054077204,41.785495217328894]},"properties":{"OBJECTID":256541,"PERMANENT_IDENTIFIER":"124335368","GNIS_NAME":null,"FTYPE":458,"FCODE":45800}},{"type":"Feature","id":256542,"geometry":{"type":"Point","coordinates":[-122.8118529499648,41.836432420985254]},"properties":{"OBJECTID":256542,"PERMANENT_IDENTIFIER":"124335370","GNIS_NAME":null,"FTYPE":458,"FCODE":45800}},{"type":"Feature","id":256543,"geometry":{"type":"Point","coordinates":[-122.80316121463129,41.83164408797571]},"properties":{"OBJECTID":256543,"PERMANENT_IDENTIFIER":"124335372","GNIS_NAME":null,"FTYPE":458,"FCODE":45800}},{"type":"Feature","id":256544,"geometry":{"type":"Point","coordinates":[-122.76325314329748,41.84249429170048]},"properties":{"OBJECTID":256544,"PERMANENT_IDENTIFIER":"124335374","GNIS_NAME":null,"FTYPE":458,"FCODE":45800}},{"type":"Feature","id":256545,"geometry":{"type":"Point","coordinates":[-122.75176334376468,41.85678669441707]},"properties":{"OBJECTID":256545,"PERMANENT_IDENTIFIER":"124335376","GNIS_NAME":"Horse Trough Spring","FTYPE":458,"FCODE":45800}},{"type":"Feature","id":256546,"geometry":{"type":"Point","coordinates":[-122.80155100306506,41.76126428334993]},"properties":{"OBJECTID":256546,"PERMANENT_IDENTIFIER":"124335379","GNIS_NAME":null,"FTYPE":458,"FCODE":45800}},{"type":"Feature","id":256547,"geometry":{"type":"Point","coordinates":[-123.1480238732346,41.88157126038604]},"properties":{"OBJECTID":256547,"PERMANENT_IDENTIFIER":"124335390","GNIS_NAME":"Alder Spring","FTYPE":458,"FCODE":45800}},{"type":"Feature","id":256548,"geometry":{"type":"Point","coordinates":[-122.37591496892158,41.94681533369311]},"properties":{"OBJECTID":256548,"PERMANENT_IDENTIFIER":"124335392","GNIS_NAME":null,"FTYPE":458,"FCODE":45800}},{"type":"Feature","id":261735,"geometry":{"type":"Point","coordinates":[-122.42947849664807,41.86102405640541]},"properties":{"OBJECTID":261735,"PERMANENT_IDENTIFIER":"124336614","GNIS_NAME":null,"FTYPE":458,"FCODE":45800}},{"type":"Feature","id":261736,"geometry":{"type":"Point","coordinates":[-122.43745469743342,41.85918545573663]},"properties":{"OBJECTID":261736,"PERMANENT_IDENTIFIER":"124336616","GNIS_NAME":null,"FTYPE":458,"FCODE":45800}},{"type":"Feature","id":261738,"geometry":{"type":"Point","coordinates":[-122.42436109394184,41.85481525606737]},"properties":{"OBJECTID":261738,"PERMANENT_IDENTIFIER":"124336620","GNIS_NAME":null,"FTYPE":458,"FCODE":45800}},{"type":"Feature","id":261742,"geometry":{"type":"Point","coordinates":[-122.43891609496994,41.84739792121624]},"properties":{"OBJECTID":261742,"PERMANENT_IDENTIFIER":"124336628","GNIS_NAME":null,"FTYPE":458,"FCODE":45800}},{"type":"Feature","id":261744,"geometry":{"type":"Point","coordinates":[-122.41423289018176,41.838772123189656]},"properties":{"OBJECTID":261744,"PERMANENT_IDENTIFIER":"124336632","GNIS_NAME":null,"FTYPE":458,"FCODE":45800}},{"type":"Feature","id":261748,"geometry":{"type":"Point","coordinates":[-122.38954034868335,41.81176665649055]},"properties":{"OBJECTID":261748,"PERMANENT_IDENTIFIER":"124336640","GNIS_NAME":null,"FTYPE":458,"FCODE":45800}},{"type":"Feature","id":261750,"geometry":{"type":"Point","coordinates":[-122.39697834894253,41.80564512179006]},"properties":{"OBJECTID":261750,"PERMANENT_IDENTIFIER":"124336644","GNIS_NAME":null,"FTYPE":458,"FCODE":45800}},{"type":"Feature","id":261753,"geometry":{"type":"Point","coordinates":[-122.64374612200781,41.82138763440046]},"properties":{"OBJECTID":261753,"PERMANENT_IDENTIFIER":"124336649","GNIS_NAME":null,"FTYPE":458,"FCODE":45800}},{"type":"Feature","id":261756,"geometry":{"type":"Point","coordinates":[-123.25493599497497,41.70976263934224]},"properties":{"OBJECTID":261756,"PERMANENT_IDENTIFIER":"124336657","GNIS_NAME":null,"FTYPE":458,"FCODE":45800}},{"type":"Feature","id":261759,"geometry":{"type":"Point","coordinates":[-122.32471988665654,41.897888535049304]},"properties":{"OBJECTID":261759,"PERMANENT_IDENTIFIER":"124336457","GNIS_NAME":null,"FTYPE":458,"FCODE":45800}},{"type":"Feature","id":261763,"geometry":{"type":"Point","coordinates":[-122.34526916387476,41.94603213635311]},"properties":{"OBJECTID":261763,"PERMANENT_IDENTIFIER":"124336481","GNIS_NAME":null,"FTYPE":458,"FCODE":45800}},{"type":"Feature","id":261766,"geometry":{"type":"Point","coordinates":[-122.32551495961225,41.9395905380453]},"properties":{"OBJECTID":261766,"PERMANENT_IDENTIFIER":"124336486","GNIS_NAME":null,"FTYPE":458,"FCODE":45800}},{"type":"Feature","id":261767,"geometry":{"type":"Point","coordinates":[-122.2995794889835,41.93857507314699]},"properties":{"OBJECTID":261767,"PERMANENT_IDENTIFIER":"124336488","GNIS_NAME":null,"FTYPE":458,"FCODE":45800}},{"type":"Feature","id":261770,"geometry":{"type":"Point","coordinates":[-122.3247434870048,41.90558066855757]},"properties":{"OBJECTID":261770,"PERMANENT_IDENTIFIER":"124336504","GNIS_NAME":"Little Springs","FTYPE":458,"FCODE":45800}},{"type":"Feature","id":262128,"geometry":{"type":"Point","coordinates":[-122.35892655461993,41.8759051302777]},"properties":{"OBJECTID":262128,"PERMANENT_IDENTIFIER":"124336513","GNIS_NAME":null,"FTYPE":458,"FCODE":45800}},{"type":"Feature","id":262130,"geometry":{"type":"Point","coordinates":[-122.98013005608378,41.93175701196983]},"properties":{"OBJECTID":262130,"PERMANENT_IDENTIFIER":"124336545","GNIS_NAME":null,"FTYPE":458,"FCODE":45800}},{"type":"Feature","id":262132,"geometry":{"type":"Point","coordinates":[-122.98243558982813,41.92702867799904]},"properties":{"OBJECTID":262132,"PERMANENT_IDENTIFIER":"124336553","GNIS_NAME":null,"FTYPE":458,"FCODE":45800}},{"type":"Feature","id":262134,"geometry":{"type":"Point","coordinates":[-122.96201718575497,41.92267801326793]},"properties":{"OBJECTID":262134,"PERMANENT_IDENTIFIER":"124336563","GNIS_NAME":null,"FTYPE":458,"FCODE":45800}},{"type":"Feature","id":262137,"geometry":{"type":"Point","coordinates":[-122.92201144471129,41.913997616220655]},"properties":{"OBJECTID":262137,"PERMANENT_IDENTIFIER":"124336576","GNIS_NAME":null,"FTYPE":458,"FCODE":45800}},{"type":"Feature","id":262138,"geometry":{"type":"Point","coordinates":[-122.9869965878685,41.9111140767517]},"properties":{"OBJECTID":262138,"PERMANENT_IDENTIFIER":"124336578","GNIS_NAME":null,"FTYPE":458,"FCODE":45800}},{"type":"Feature","id":262140,"geometry":{"type":"Point","coordinates":[-122.93771957783898,41.8972992804596]},"properties":{"OBJECTID":262140,"PERMANENT_IDENTIFIER":"124336584","GNIS_NAME":null,"FTYPE":458,"FCODE":45800}},{"type":"Feature","id":262142,"geometry":{"type":"Point","coordinates":[-122.95238617924416,41.89050161169757]},"properties":{"OBJECTID":262142,"PERMANENT_IDENTIFIER":"124336588","GNIS_NAME":null,"FTYPE":458,"FCODE":45800}},{"type":"Feature","id":262143,"geometry":{"type":"Point","coordinates":[-122.69773734348455,41.907483502369146]},"properties":{"OBJECTID":262143,"PERMANENT_IDENTIFIER":"124336412","GNIS_NAME":null,"FTYPE":458,"FCODE":45800}},{"type":"Feature","id":262145,"geometry":{"type":"Point","coordinates":[-122.62981259647046,41.88084030670503]},"properties":{"OBJECTID":262145,"PERMANENT_IDENTIFIER":"124336416","GNIS_NAME":null,"FTYPE":458,"FCODE":45800}},{"type":"Feature","id":262147,"geometry":{"type":"Point","coordinates":[-122.36132796523435,41.94331693440851]},"properties":{"OBJECTID":262147,"PERMANENT_IDENTIFIER":"124336436","GNIS_NAME":null,"FTYPE":458,"FCODE":45800}},{"type":"Feature","id":262151,"geometry":{"type":"Point","coordinates":[-122.35020976219073,41.93166273473852]},"properties":{"OBJECTID":262151,"PERMANENT_IDENTIFIER":"124336446","GNIS_NAME":null,"FTYPE":458,"FCODE":45800}},{"type":"Feature","id":262153,"geometry":{"type":"Point","coordinates":[-122.48275331889297,41.95212892483981]},"properties":{"OBJECTID":262153,"PERMANENT_IDENTIFIER":"124336268","GNIS_NAME":null,"FTYPE":458,"FCODE":45800}},{"type":"Feature","id":262157,"geometry":{"type":"Point","coordinates":[-122.5173841074133,41.84720511394801]},"properties":{"OBJECTID":262157,"PERMANENT_IDENTIFIER":"124336321","GNIS_NAME":null,"FTYPE":458,"FCODE":45800}},{"type":"Feature","id":262159,"geometry":{"type":"Point","coordinates":[-122.50061497105318,41.8455887159367]},"properties":{"OBJECTID":262159,"PERMANENT_IDENTIFIER":"124336324","GNIS_NAME":null,"FTYPE":458,"FCODE":45800}},{"type":"Feature","id":262161,"geometry":{"type":"Point","coordinates":[-122.54090930832243,41.83053491078912]},"properties":{"OBJECTID":262161,"PERMANENT_IDENTIFIER":"124336328","GNIS_NAME":"Swabs Spring","FTYPE":458,"FCODE":45800}},{"type":"Feature","id":262162,"geometry":{"type":"Point","coordinates":[-122.54099317326971,41.82174891043944]},"properties":{"OBJECTID":262162,"PERMANENT_IDENTIFIER":"124336331","GNIS_NAME":null,"FTYPE":458,"FCODE":45800}},{"type":"Feature","id":262163,"geometry":{"type":"Point","coordinates":[-123.13851565075872,41.74909785237923]},"properties":{"OBJECTID":262163,"PERMANENT_IDENTIFIER":"124336333","GNIS_NAME":null,"FTYPE":458,"FCODE":45800}},{"type":"Feature","id":262164,"geometry":{"type":"Point","coordinates":[-123.1591575864758,41.74287865032104]},"properties":{"OBJECTID":262164,"PERMANENT_IDENTIFIER":"124336335","GNIS_NAME":"Rancheria Spring","FTYPE":458,"FCODE":45800}},{"type":"Feature","id":262167,"geometry":{"type":"Point","coordinates":[-123.17036525045773,41.71947084751354]},"properties":{"OBJECTID":262167,"PERMANENT_IDENTIFIER":"124336341","GNIS_NAME":null,"FTYPE":458,"FCODE":45800}},{"type":"Feature","id":262170,"geometry":{"type":"Point","coordinates":[-123.01016259441136,41.93188440947916]},"properties":{"OBJECTID":262170,"PERMANENT_IDENTIFIER":"124336355","GNIS_NAME":"Reeves Ranch Springs","FTYPE":458,"FCODE":45800}},{"type":"Feature","id":262171,"geometry":{"type":"Point","coordinates":[-122.31837448023751,41.86782213379973]},"properties":{"OBJECTID":262171,"PERMANENT_IDENTIFIER":"124336358","GNIS_NAME":"Steep Trail Spring","FTYPE":458,"FCODE":45800}},{"type":"Feature","id":262174,"geometry":{"type":"Point","coordinates":[-122.25690333539279,41.85107967086377]},"properties":{"OBJECTID":262174,"PERMANENT_IDENTIFIER":"124336364","GNIS_NAME":"Cold Spring","FTYPE":458,"FCODE":45800}},{"type":"Feature","id":262175,"geometry":{"type":"Point","coordinates":[-122.37245468608803,41.84962552718003]},"properties":{"OBJECTID":262175,"PERMANENT_IDENTIFIER":"124336367","GNIS_NAME":null,"FTYPE":458,"FCODE":45800}},{"type":"Feature","id":262176,"geometry":{"type":"Point","coordinates":[-122.31883554390828,41.847793332229124]},"properties":{"OBJECTID":262176,"PERMANENT_IDENTIFIER":"124336369","GNIS_NAME":null,"FTYPE":458,"FCODE":45800}},{"type":"Feature","id":262177,"geometry":{"type":"Point","coordinates":[-122.34274647904007,41.837979929010885]},"properties":{"OBJECTID":262177,"PERMANENT_IDENTIFIER":"124336371","GNIS_NAME":null,"FTYPE":458,"FCODE":45800}},{"type":"Feature","id":262179,"geometry":{"type":"Point","coordinates":[-122.36391028202345,41.83504126060816]},"properties":{"OBJECTID":262179,"PERMANENT_IDENTIFIER":"124336375","GNIS_NAME":null,"FTYPE":458,"FCODE":45800}},{"type":"Feature","id":262181,"geometry":{"type":"Point","coordinates":[-122.3162133392945,41.82085593023563]},"properties":{"OBJECTID":262181,"PERMANENT_IDENTIFIER":"124336379","GNIS_NAME":null,"FTYPE":458,"FCODE":45800}},{"type":"Feature","id":262182,"geometry":{"type":"Point","coordinates":[-122.32860094056852,41.8154391290233]},"properties":{"OBJECTID":262182,"PERMANENT_IDENTIFIER":"124336381","GNIS_NAME":null,"FTYPE":458,"FCODE":45800}},{"type":"Feature","id":262185,"geometry":{"type":"Point","coordinates":[-122.27565866357747,41.79959393278038]},"properties":{"OBJECTID":262185,"PERMANENT_IDENTIFIER":"124336387","GNIS_NAME":null,"FTYPE":458,"FCODE":45800}},{"type":"Feature","id":262186,"geometry":{"type":"Point","coordinates":[-122.34787967392857,41.79923405912752]},"properties":{"OBJECTID":262186,"PERMANENT_IDENTIFIER":"124336389","GNIS_NAME":null,"FTYPE":458,"FCODE":45800}},{"type":"Feature","id":262188,"geometry":{"type":"Point","coordinates":[-122.35239047453493,41.79623312562805]},"properties":{"OBJECTID":262188,"PERMANENT_IDENTIFIER":"124336393","GNIS_NAME":null,"FTYPE":458,"FCODE":45800}},{"type":"Feature","id":262190,"geometry":{"type":"Point","coordinates":[-122.32376026888036,41.786687327518585]},"properties":{"OBJECTID":262190,"PERMANENT_IDENTIFIER":"124336397","GNIS_NAME":null,"FTYPE":458,"FCODE":45800}},{"type":"Feature","id":262193,"geometry":{"type":"Point","coordinates":[-122.35554827209704,41.77852952394842]},"properties":{"OBJECTID":262193,"PERMANENT_IDENTIFIER":"124336402","GNIS_NAME":null,"FTYPE":458,"FCODE":45800}},{"type":"Feature","id":262557,"geometry":{"type":"Point","coordinates":[-122.49274130551399,41.858434117345986]},"properties":{"OBJECTID":262557,"PERMANENT_IDENTIFIER":"124336126","GNIS_NAME":null,"FTYPE":458,"FCODE":45800}},{"type":"Feature","id":262558,"geometry":{"type":"Point","coordinates":[-122.38160508770235,41.855340526805854]},"properties":{"OBJECTID":262558,"PERMANENT_IDENTIFIER":"124336128","GNIS_NAME":null,"FTYPE":458,"FCODE":45800}},{"type":"Feature","id":262560,"geometry":{"type":"Point","coordinates":[-122.44491556342398,41.85262412127097]},"properties":{"OBJECTID":262560,"PERMANENT_IDENTIFIER":"124336132","GNIS_NAME":null,"FTYPE":458,"FCODE":45800}},{"type":"Feature","id":262561,"geometry":{"type":"Point","coordinates":[-122.42895109478219,41.85192432276524]},"properties":{"OBJECTID":262561,"PERMANENT_IDENTIFIER":"124336134","GNIS_NAME":null,"FTYPE":458,"FCODE":45800}},{"type":"Feature","id":262564,"geometry":{"type":"Point","coordinates":[-122.4150617575959,41.83908252270509]},"properties":{"OBJECTID":262564,"PERMANENT_IDENTIFIER":"124336140","GNIS_NAME":null,"FTYPE":458,"FCODE":45800}},{"type":"Feature","id":262566,"geometry":{"type":"Point","coordinates":[-122.40240088715991,41.83273505671097]},"properties":{"OBJECTID":262566,"PERMANENT_IDENTIFIER":"124336144","GNIS_NAME":null,"FTYPE":458,"FCODE":45800}},{"type":"Feature","id":262567,"geometry":{"type":"Point","coordinates":[-122.42264475416607,41.81498665373916]},"properties":{"OBJECTID":262567,"PERMANENT_IDENTIFIER":"124336146","GNIS_NAME":null,"FTYPE":458,"FCODE":45800}},{"type":"Feature","id":262570,"geometry":{"type":"Point","coordinates":[-122.4379175560251,41.80673091888067]},"properties":{"OBJECTID":262570,"PERMANENT_IDENTIFIER":"124336152","GNIS_NAME":null,"FTYPE":458,"FCODE":45800}},{"type":"Feature","id":262572,"geometry":{"type":"Point","coordinates":[-122.40906508089418,41.787049719427706]},"properties":{"OBJECTID":262572,"PERMANENT_IDENTIFIER":"124336156","GNIS_NAME":null,"FTYPE":458,"FCODE":45800}},{"type":"Feature","id":262574,"geometry":{"type":"Point","coordinates":[-122.63249071833283,41.807639834523115]},"properties":{"OBJECTID":262574,"PERMANENT_IDENTIFIER":"124336160","GNIS_NAME":null,"FTYPE":458,"FCODE":45800}},{"type":"Feature","id":262575,"geometry":{"type":"Point","coordinates":[-122.6912121255324,41.79654482905449]},"properties":{"OBJECTID":262575,"PERMANENT_IDENTIFIER":"124336162","GNIS_NAME":null,"FTYPE":458,"FCODE":45800}},{"type":"Feature","id":262577,"geometry":{"type":"Point","coordinates":[-122.81128035043007,41.84315968821621]},"properties":{"OBJECTID":262577,"PERMANENT_IDENTIFIER":"124336228","GNIS_NAME":null,"FTYPE":458,"FCODE":45800}},{"type":"Feature","id":262583,"geometry":{"type":"Point","coordinates":[-122.4753565851658,41.95616652564243]},"properties":{"OBJECTID":262583,"PERMANENT_IDENTIFIER":"124336263","GNIS_NAME":null,"FTYPE":458,"FCODE":45800}},{"type":"Feature","id":262588,"geometry":{"type":"Point","coordinates":[-122.97521818898849,41.93129221202575]},"properties":{"OBJECTID":262588,"PERMANENT_IDENTIFIER":"124336059","GNIS_NAME":null,"FTYPE":458,"FCODE":45800}},{"type":"Feature","id":262590,"geometry":{"type":"Point","coordinates":[-122.94836498415212,41.92280768107032]},"properties":{"OBJECTID":262590,"PERMANENT_IDENTIFIER":"124336073","GNIS_NAME":null,"FTYPE":458,"FCODE":45800}},{"type":"Feature","id":262591,"geometry":{"type":"Point","coordinates":[-122.93994738266416,41.921155414763504]},"properties":{"OBJECTID":262591,"PERMANENT_IDENTIFIER":"124336079","GNIS_NAME":null,"FTYPE":458,"FCODE":45800}},{"type":"Feature","id":262592,"geometry":{"type":"Point","coordinates":[-122.95381878416849,41.918049880462014]},"properties":{"OBJECTID":262592,"PERMANENT_IDENTIFIER":"124336083","GNIS_NAME":null,"FTYPE":458,"FCODE":45800}},{"type":"Feature","id":262595,"geometry":{"type":"Point","coordinates":[-122.9235054442544,41.90458188162177]},"properties":{"OBJECTID":262595,"PERMANENT_IDENTIFIER":"124336093","GNIS_NAME":null,"FTYPE":458,"FCODE":45800}},{"type":"Feature","id":262597,"geometry":{"type":"Point","coordinates":[-122.94123957795072,41.89276167945318]},"properties":{"OBJECTID":262597,"PERMANENT_IDENTIFIER":"124336097","GNIS_NAME":null,"FTYPE":458,"FCODE":45800}},{"type":"Feature","id":262599,"geometry":{"type":"Point","coordinates":[-122.44100950028086,41.87354632285484]},"properties":{"OBJECTID":262599,"PERMANENT_IDENTIFIER":"124336113","GNIS_NAME":null,"FTYPE":458,"FCODE":45800}},{"type":"Feature","id":262600,"geometry":{"type":"Point","coordinates":[-122.4406641658255,41.86943752287737]},"properties":{"OBJECTID":262600,"PERMANENT_IDENTIFIER":"124336115","GNIS_NAME":null,"FTYPE":458,"FCODE":45800}},{"type":"Feature","id":262601,"geometry":{"type":"Point","coordinates":[-122.40280009317435,41.86717972567885]},"properties":{"OBJECTID":262601,"PERMANENT_IDENTIFIER":"124336116","GNIS_NAME":null,"FTYPE":458,"FCODE":45800}},{"type":"Feature","id":262602,"geometry":{"type":"Point","coordinates":[-122.40959449411201,41.86619265822564]},"properties":{"OBJECTID":262602,"PERMANENT_IDENTIFIER":"124336118","GNIS_NAME":null,"FTYPE":458,"FCODE":45800}},{"type":"Feature","id":318215,"geometry":{"type":"Point","coordinates":[-123.42979633609197,42.01685977721608]},"properties":{"OBJECTID":318215,"PERMANENT_IDENTIFIER":"139841599","GNIS_NAME":null,"FTYPE":458,"FCODE":45800}},{"type":"Feature","id":318225,"geometry":{"type":"Point","coordinates":[-123.70051750951603,42.018185419366304]},"properties":{"OBJECTID":318225,"PERMANENT_IDENTIFIER":"139841618","GNIS_NAME":null,"FTYPE":458,"FCODE":45800}},{"type":"Feature","id":318226,"geometry":{"type":"Point","coordinates":[-123.70335597452318,42.00842741855257]},"properties":{"OBJECTID":318226,"PERMANENT_IDENTIFIER":"139841620","GNIS_NAME":null,"FTYPE":458,"FCODE":45800}},{"type":"Feature","id":318233,"geometry":{"type":"Point","coordinates":[-123.7044497098289,42.017157151993736]},"properties":{"OBJECTID":318233,"PERMANENT_IDENTIFIER":"139841634","GNIS_NAME":null,"FTYPE":458,"FCODE":45800}},{"type":"Feature","id":318251,"geometry":{"type":"Point","coordinates":[-123.35003925620681,42.00510318331293]},"properties":{"OBJECTID":318251,"PERMANENT_IDENTIFIER":"139841670","GNIS_NAME":null,"FTYPE":458,"FCODE":45800}},{"type":"Feature","id":326059,"geometry":{"type":"Point","coordinates":[-123.01097287268823,42.006225280694274]},"properties":{"OBJECTID":326059,"PERMANENT_IDENTIFIER":"145152843","GNIS_NAME":null,"FTYPE":458,"FCODE":45800}},{"type":"Feature","id":326060,"geometry":{"type":"Point","coordinates":[-123.2942040495453,42.01475805552686]},"properties":{"OBJECTID":326060,"PERMANENT_IDENTIFIER":"145152845","GNIS_NAME":null,"FTYPE":458,"FCODE":45800}},{"type":"Feature","id":326070,"geometry":{"type":"Point","coordinates":[-122.99412199198882,41.934294210811615]},"properties":{"OBJECTID":326070,"PERMANENT_IDENTIFIER":"145152865","GNIS_NAME":null,"FTYPE":458,"FCODE":45800}},{"type":"Feature","id":326080,"geometry":{"type":"Point","coordinates":[-123.00611167230772,42.00460001408851]},"properties":{"OBJECTID":326080,"PERMANENT_IDENTIFIER":"145152885","GNIS_NAME":null,"FTYPE":458,"FCODE":45800}},{"type":"Feature","id":326081,"geometry":{"type":"Point","coordinates":[-123.29060004921686,42.014177389584816]},"properties":{"OBJECTID":326081,"PERMANENT_IDENTIFIER":"145152887","GNIS_NAME":null,"FTYPE":458,"FCODE":45800}},{"type":"Feature","id":326091,"geometry":{"type":"Point","coordinates":[-122.98600259293495,41.94616901219546]},"properties":{"OBJECTID":326091,"PERMANENT_IDENTIFIER":"145152907","GNIS_NAME":null,"FTYPE":458,"FCODE":45800}},{"type":"Feature","id":326101,"geometry":{"type":"Point","coordinates":[-123.0007500053206,42.01114808214038]},"properties":{"OBJECTID":326101,"PERMANENT_IDENTIFIER":"145152927","GNIS_NAME":null,"FTYPE":458,"FCODE":45800}},{"type":"Feature","id":326102,"geometry":{"type":"Point","coordinates":[-122.98398805800883,41.93565341162806]},"properties":{"OBJECTID":326102,"PERMANENT_IDENTIFIER":"145152928","GNIS_NAME":null,"FTYPE":458,"FCODE":45800}},{"type":"Feature","id":326111,"geometry":{"type":"Point","coordinates":[-122.89646078951381,42.009306291478175]},"properties":{"OBJECTID":326111,"PERMANENT_IDENTIFIER":"145152946","GNIS_NAME":null,"FTYPE":458,"FCODE":45800}},{"type":"Feature","id":326112,"geometry":{"type":"Point","coordinates":[-122.98409299168553,41.93700887895961]},"properties":{"OBJECTID":326112,"PERMANENT_IDENTIFIER":"145152948","GNIS_NAME":null,"FTYPE":458,"FCODE":45800}},{"type":"Feature","id":326122,"geometry":{"type":"Point","coordinates":[-122.9928680030242,42.00115061505142]},"properties":{"OBJECTID":326122,"PERMANENT_IDENTIFIER":"145152968","GNIS_NAME":"Nicks Spring","FTYPE":458,"FCODE":45800}},{"type":"Feature","id":326131,"geometry":{"type":"Point","coordinates":[-122.91044585789545,42.002126022618995]},"properties":{"OBJECTID":326131,"PERMANENT_IDENTIFIER":"145152737","GNIS_NAME":null,"FTYPE":458,"FCODE":45800}},{"type":"Feature","id":326132,"geometry":{"type":"Point","coordinates":[-123.07055181296896,41.9905050075296]},"properties":{"OBJECTID":326132,"PERMANENT_IDENTIFIER":"145152739","GNIS_NAME":null,"FTYPE":458,"FCODE":45800}},{"type":"Feature","id":326152,"geometry":{"type":"Point","coordinates":[-122.90877625890023,42.011406090408826]},"properties":{"OBJECTID":326152,"PERMANENT_IDENTIFIER":"145152780","GNIS_NAME":null,"FTYPE":458,"FCODE":45800}},{"type":"Feature","id":326153,"geometry":{"type":"Point","coordinates":[-123.06267307898942,41.994130274991306]},"properties":{"OBJECTID":326153,"PERMANENT_IDENTIFIER":"145152782","GNIS_NAME":null,"FTYPE":458,"FCODE":45800}},{"type":"Feature","id":326163,"geometry":{"type":"Point","coordinates":[-123.02138267508374,42.007885412938144]},"properties":{"OBJECTID":326163,"PERMANENT_IDENTIFIER":"145152802","GNIS_NAME":null,"FTYPE":458,"FCODE":45800}},{"type":"Feature","id":326164,"geometry":{"type":"Point","coordinates":[-123.29333565016914,42.017475856289565]},"properties":{"OBJECTID":326164,"PERMANENT_IDENTIFIER":"145152804","GNIS_NAME":null,"FTYPE":458,"FCODE":45800}},{"type":"Feature","id":326537,"geometry":{"type":"Point","coordinates":[-123.04472008044353,42.017948011759934]},"properties":{"OBJECTID":326537,"PERMANENT_IDENTIFIER":"145152823","GNIS_NAME":null,"FTYPE":458,"FCODE":45800}},{"type":"Feature","id":326544,"geometry":{"type":"Point","coordinates":[-122.94322419128541,41.97166341809435]},"properties":{"OBJECTID":326544,"PERMANENT_IDENTIFIER":"145153157","GNIS_NAME":null,"FTYPE":458,"FCODE":45800}},{"type":"Feature","id":326545,"geometry":{"type":"Point","coordinates":[-123.25137370236487,41.96885005705749]},"properties":{"OBJECTID":326545,"PERMANENT_IDENTIFIER":"145153159","GNIS_NAME":null,"FTYPE":458,"FCODE":45800}},{"type":"Feature","id":326555,"geometry":{"type":"Point","coordinates":[-122.96420258778521,41.93651841380246]},"properties":{"OBJECTID":326555,"PERMANENT_IDENTIFIER":"145153179","GNIS_NAME":null,"FTYPE":458,"FCODE":45800}},{"type":"Feature","id":326565,"geometry":{"type":"Point","coordinates":[-122.91433139026513,41.99605388874531]},"properties":{"OBJECTID":326565,"PERMANENT_IDENTIFIER":"145153199","GNIS_NAME":null,"FTYPE":458,"FCODE":45800}},{"type":"Feature","id":326594,"geometry":{"type":"Point","coordinates":[-122.97907440119533,42.000410616557836]},"properties":{"OBJECTID":326594,"PERMANENT_IDENTIFIER":"145153010","GNIS_NAME":null,"FTYPE":458,"FCODE":45800}},{"type":"Feature","id":326595,"geometry":{"type":"Point","coordinates":[-123.28749131386637,42.00696638912058]},"properties":{"OBJECTID":326595,"PERMANENT_IDENTIFIER":"145153012","GNIS_NAME":null,"FTYPE":458,"FCODE":45800}},{"type":"Feature","id":326604,"geometry":{"type":"Point","coordinates":[-122.91970145852261,42.000691621797664]},"properties":{"OBJECTID":326604,"PERMANENT_IDENTIFIER":"145153030","GNIS_NAME":null,"FTYPE":458,"FCODE":45800}},{"type":"Feature","id":326605,"geometry":{"type":"Point","coordinates":[-122.97189945621786,41.934588479567026]},"properties":{"OBJECTID":326605,"PERMANENT_IDENTIFIER":"145153032","GNIS_NAME":null,"FTYPE":458,"FCODE":45800}},{"type":"Feature","id":326616,"geometry":{"type":"Point","coordinates":[-122.91352545829817,42.00323162233581]},"properties":{"OBJECTID":326616,"PERMANENT_IDENTIFIER":"145153300","GNIS_NAME":null,"FTYPE":458,"FCODE":45800}},{"type":"Feature","id":326617,"geometry":{"type":"Point","coordinates":[-123.04093361105852,42.0064974111142]},"properties":{"OBJECTID":326617,"PERMANENT_IDENTIFIER":"145153301","GNIS_NAME":null,"FTYPE":458,"FCODE":45800}},{"type":"Feature","id":326625,"geometry":{"type":"Point","coordinates":[-122.95366425760795,41.96490841651799]},"properties":{"OBJECTID":326625,"PERMANENT_IDENTIFIER":"145153073","GNIS_NAME":null,"FTYPE":458,"FCODE":45800}},{"type":"Feature","id":326635,"geometry":{"type":"Point","coordinates":[-122.8938871913578,42.01792329196066]},"properties":{"OBJECTID":326635,"PERMANENT_IDENTIFIER":"145153093","GNIS_NAME":null,"FTYPE":458,"FCODE":45800}},{"type":"Feature","id":326636,"geometry":{"type":"Point","coordinates":[-122.96676945576827,41.93986508025552]},"properties":{"OBJECTID":326636,"PERMANENT_IDENTIFIER":"145153095","GNIS_NAME":null,"FTYPE":458,"FCODE":45800}},{"type":"Feature","id":327021,"geometry":{"type":"Point","coordinates":[-122.96501058833348,41.935482879936494]},"properties":{"OBJECTID":327021,"PERMANENT_IDENTIFIER":"145153137","GNIS_NAME":null,"FTYPE":458,"FCODE":45800}},{"type":"Feature","id":327022,"geometry":{"type":"Point","coordinates":[-123.2243061007313,41.98113739302135]},"properties":{"OBJECTID":327022,"PERMANENT_IDENTIFIER":"145153138","GNIS_NAME":null,"FTYPE":458,"FCODE":45800}},{"type":"Feature","id":327042,"geometry":{"type":"Point","coordinates":[-122.9022371893615,41.9985212897392]},"properties":{"OBJECTID":327042,"PERMANENT_IDENTIFIER":"145153219","GNIS_NAME":null,"FTYPE":458,"FCODE":45800}},{"type":"Feature","id":327043,"geometry":{"type":"Point","coordinates":[-123.17080821924486,41.93949306183201]},"properties":{"OBJECTID":327043,"PERMANENT_IDENTIFIER":"145153221","GNIS_NAME":null,"FTYPE":458,"FCODE":45800}},{"type":"Feature","id":327052,"geometry":{"type":"Point","coordinates":[-122.91545745807925,41.99818482235614]},"properties":{"OBJECTID":327052,"PERMANENT_IDENTIFIER":"145153239","GNIS_NAME":null,"FTYPE":458,"FCODE":45800}},{"type":"Feature","id":327053,"geometry":{"type":"Point","coordinates":[-123.14626608275238,41.94222479760808]},"properties":{"OBJECTID":327053,"PERMANENT_IDENTIFIER":"145153241","GNIS_NAME":null,"FTYPE":458,"FCODE":45800}},{"type":"Feature","id":340146,"geometry":{"type":"Point","coordinates":[-122.41250349482779,41.86627965830675]},"properties":{"OBJECTID":340146,"PERMANENT_IDENTIFIER":"124336608","GNIS_NAME":null,"FTYPE":458,"FCODE":45800}},{"type":"Feature","id":340148,"geometry":{"type":"Point","coordinates":[-122.39058248287495,41.81240712310863]},"properties":{"OBJECTID":340148,"PERMANENT_IDENTIFIER":"124336639","GNIS_NAME":null,"FTYPE":458,"FCODE":45800}},{"type":"Feature","id":340151,"geometry":{"type":"Point","coordinates":[-122.92279804459986,41.91226881601894]},"properties":{"OBJECTID":340151,"PERMANENT_IDENTIFIER":"124336577","GNIS_NAME":null,"FTYPE":458,"FCODE":45800}},{"type":"Feature","id":340153,"geometry":{"type":"Point","coordinates":[-122.47463711635909,41.94440932492999]},"properties":{"OBJECTID":340153,"PERMANENT_IDENTIFIER":"124336277","GNIS_NAME":null,"FTYPE":458,"FCODE":45800}},{"type":"Feature","id":340154,"geometry":{"type":"Point","coordinates":[-122.43558790686822,41.92082412623996]},"properties":{"OBJECTID":340154,"PERMANENT_IDENTIFIER":"124336286","GNIS_NAME":null,"FTYPE":458,"FCODE":45800}},{"type":"Feature","id":340155,"geometry":{"type":"Point","coordinates":[-122.42386750110182,41.89972585987908]},"properties":{"OBJECTID":340155,"PERMANENT_IDENTIFIER":"124336295","GNIS_NAME":null,"FTYPE":458,"FCODE":45800}},{"type":"Feature","id":340160,"geometry":{"type":"Point","coordinates":[-122.30207027625302,41.857915533843084]},"properties":{"OBJECTID":340160,"PERMANENT_IDENTIFIER":"124336360","GNIS_NAME":null,"FTYPE":458,"FCODE":45800}},{"type":"Feature","id":340162,"geometry":{"type":"Point","coordinates":[-122.30537586604059,41.792463729596264]},"properties":{"OBJECTID":340162,"PERMANENT_IDENTIFIER":"124336394","GNIS_NAME":null,"FTYPE":458,"FCODE":45800}},{"type":"Feature","id":340164,"geometry":{"type":"Point","coordinates":[-122.39113895309447,41.83364412432717]},"properties":{"OBJECTID":340164,"PERMANENT_IDENTIFIER":"124336143","GNIS_NAME":null,"FTYPE":458,"FCODE":45800}},{"type":"Feature","id":340166,"geometry":{"type":"Point","coordinates":[-122.78033281033674,41.82581108946852]},"properties":{"OBJECTID":340166,"PERMANENT_IDENTIFIER":"124336229","GNIS_NAME":null,"FTYPE":458,"FCODE":45800}},{"type":"Feature","id":340167,"geometry":{"type":"Point","coordinates":[-123.1925860183617,41.915168592217704]},"properties":{"OBJECTID":340167,"PERMANENT_IDENTIFIER":"124336246","GNIS_NAME":null,"FTYPE":458,"FCODE":45800}},{"type":"Feature","id":340170,"geometry":{"type":"Point","coordinates":[-122.32658275024698,41.88063333386011]},"properties":{"OBJECTID":340170,"PERMANENT_IDENTIFIER":"124336024","GNIS_NAME":null,"FTYPE":458,"FCODE":45800}},{"type":"Feature","id":340171,"geometry":{"type":"Point","coordinates":[-122.97321158917352,41.9321294122511]},"properties":{"OBJECTID":340171,"PERMANENT_IDENTIFIER":"124336056","GNIS_NAME":null,"FTYPE":458,"FCODE":45800}},{"type":"Feature","id":340178,"geometry":{"type":"Point","coordinates":[-122.71709012643605,41.780443691919345]},"properties":{"OBJECTID":340178,"PERMANENT_IDENTIFIER":"124335683","GNIS_NAME":null,"FTYPE":458,"FCODE":45800}},{"type":"Feature","id":340179,"geometry":{"type":"Point","coordinates":[-123.18084899110757,41.75150244888717]},"properties":{"OBJECTID":340179,"PERMANENT_IDENTIFIER":"124335724","GNIS_NAME":"Maple Spring","FTYPE":458,"FCODE":45800}},{"type":"Feature","id":340182,"geometry":{"type":"Point","coordinates":[-122.47217798212932,41.939975658111436]},"properties":{"OBJECTID":340182,"PERMANENT_IDENTIFIER":"124335800","GNIS_NAME":null,"FTYPE":458,"FCODE":45800}},{"type":"Feature","id":340184,"geometry":{"type":"Point","coordinates":[-122.34054927319383,41.797561926488214]},"properties":{"OBJECTID":340184,"PERMANENT_IDENTIFIER":"124335546","GNIS_NAME":null,"FTYPE":458,"FCODE":45800}},{"type":"Feature","id":340185,"geometry":{"type":"Point","coordinates":[-122.64208233127258,41.87988390542499]},"properties":{"OBJECTID":340185,"PERMANENT_IDENTIFIER":"124335562","GNIS_NAME":null,"FTYPE":458,"FCODE":45800}},{"type":"Feature","id":340186,"geometry":{"type":"Point","coordinates":[-122.32658735877142,41.933823470557805]},"properties":{"OBJECTID":340186,"PERMANENT_IDENTIFIER":"124335580","GNIS_NAME":"Freeman Springs","FTYPE":458,"FCODE":45800}},{"type":"Feature","id":340187,"geometry":{"type":"Point","coordinates":[-122.95727578203666,41.900798478855094]},"properties":{"OBJECTID":340187,"PERMANENT_IDENTIFIER":"124335602","GNIS_NAME":null,"FTYPE":458,"FCODE":45800}},{"type":"Feature","id":340188,"geometry":{"type":"Point","coordinates":[-122.8661595655759,41.88816368626159]},"properties":{"OBJECTID":340188,"PERMANENT_IDENTIFIER":"124335638","GNIS_NAME":null,"FTYPE":458,"FCODE":45800}},{"type":"Feature","id":340189,"geometry":{"type":"Point","coordinates":[-122.41760316059403,41.85957292405093]},"properties":{"OBJECTID":340189,"PERMANENT_IDENTIFIER":"124335655","GNIS_NAME":null,"FTYPE":458,"FCODE":45800}},{"type":"Feature","id":340190,"geometry":{"type":"Point","coordinates":[-122.426390892459,41.83745545530801]},"properties":{"OBJECTID":340190,"PERMANENT_IDENTIFIER":"124335673","GNIS_NAME":null,"FTYPE":458,"FCODE":45800}},{"type":"Feature","id":340191,"geometry":{"type":"Point","coordinates":[-122.48932471885901,41.946605723572354]},"properties":{"OBJECTID":340191,"PERMANENT_IDENTIFIER":"124335419","GNIS_NAME":null,"FTYPE":458,"FCODE":45800}},{"type":"Feature","id":340192,"geometry":{"type":"Point","coordinates":[-122.5363053227071,41.92328811816849]},"properties":{"OBJECTID":340192,"PERMANENT_IDENTIFIER":"124335459","GNIS_NAME":null,"FTYPE":458,"FCODE":45800}},{"type":"Feature","id":340193,"geometry":{"type":"Point","coordinates":[-123.00164497264755,41.80335486828076]},"properties":{"OBJECTID":340193,"PERMANENT_IDENTIFIER":"124335495","GNIS_NAME":null,"FTYPE":458,"FCODE":45800}},{"type":"Feature","id":340194,"geometry":{"type":"Point","coordinates":[-123.09172706598687,41.885223798615755]},"properties":{"OBJECTID":340194,"PERMANENT_IDENTIFIER":"124335511","GNIS_NAME":null,"FTYPE":458,"FCODE":45800}},{"type":"Feature","id":340195,"geometry":{"type":"Point","coordinates":[-122.32428574679915,41.86021466541328]},"properties":{"OBJECTID":340195,"PERMANENT_IDENTIFIER":"124335529","GNIS_NAME":null,"FTYPE":458,"FCODE":45800}},{"type":"Feature","id":340555,"geometry":{"type":"Point","coordinates":[-122.81168540528525,41.76786101615168]},"properties":{"OBJECTID":340555,"PERMANENT_IDENTIFIER":"124335367","GNIS_NAME":null,"FTYPE":458,"FCODE":45800}},{"type":"Feature","id":344909,"geometry":{"type":"Point","coordinates":[-123.56556329185345,41.61225140560807]},"properties":{"OBJECTID":344909,"PERMANENT_IDENTIFIER":"122411463","GNIS_NAME":null,"FTYPE":458,"FCODE":45800}},{"type":"Feature","id":344911,"geometry":{"type":"Point","coordinates":[-123.36404101058929,41.70913116338693]},"properties":{"OBJECTID":344911,"PERMANENT_IDENTIFIER":"122412955","GNIS_NAME":null,"FTYPE":458,"FCODE":45800}},{"type":"Feature","id":344912,"geometry":{"type":"Point","coordinates":[-123.20378108147872,41.880219988892286]},"properties":{"OBJECTID":344912,"PERMANENT_IDENTIFIER":"122413365","GNIS_NAME":null,"FTYPE":458,"FCODE":45800}},{"type":"Feature","id":344948,"geometry":{"type":"Point","coordinates":[-121.61363419505463,41.585494509380695]},"properties":{"OBJECTID":344948,"PERMANENT_IDENTIFIER":"83412684","GNIS_NAME":null,"FTYPE":458,"FCODE":45800}},{"type":"Feature","id":344949,"geometry":{"type":"Point","coordinates":[-121.60934819242186,41.57316570855654]},"properties":{"OBJECTID":344949,"PERMANENT_IDENTIFIER":"83412768","GNIS_NAME":"Crystal Springs","FTYPE":458,"FCODE":45800}},{"type":"Feature","id":344950,"geometry":{"type":"Point","coordinates":[-121.78722986820809,41.459219018401676]},"properties":{"OBJECTID":344950,"PERMANENT_IDENTIFIER":"83412042","GNIS_NAME":"Harris Spring","FTYPE":458,"FCODE":45800}},{"type":"Feature","id":344951,"geometry":{"type":"Point","coordinates":[-121.80605318175294,41.45610765785183]},"properties":{"OBJECTID":344951,"PERMANENT_IDENTIFIER":"83412008","GNIS_NAME":"Bear Spring","FTYPE":458,"FCODE":45800}},{"type":"Feature","id":345015,"geometry":{"type":"Point","coordinates":[-123.49522522219345,41.658175547752144]},"properties":{"OBJECTID":345015,"PERMANENT_IDENTIFIER":"122410904","GNIS_NAME":null,"FTYPE":458,"FCODE":45800}},{"type":"Feature","id":345466,"geometry":{"type":"Point","coordinates":[-122.78205690417079,41.99402590047869]},"properties":{"OBJECTID":345466,"PERMANENT_IDENTIFIER":"124335628","GNIS_NAME":null,"FTYPE":458,"FCODE":45800}},{"type":"Feature","id":345467,"geometry":{"type":"Point","coordinates":[-122.45953578511383,41.970900061561565]},"properties":{"OBJECTID":345467,"PERMANENT_IDENTIFIER":"124335771","GNIS_NAME":null,"FTYPE":458,"FCODE":45800}},{"type":"Feature","id":345468,"geometry":{"type":"Point","coordinates":[-122.88106658857045,42.01484875955592]},"properties":{"OBJECTID":345468,"PERMANENT_IDENTIFIER":"124335868","GNIS_NAME":null,"FTYPE":458,"FCODE":45800}},{"type":"Feature","id":345469,"geometry":{"type":"Point","coordinates":[-122.32140496744248,41.99049194122726]},"properties":{"OBJECTID":345469,"PERMANENT_IDENTIFIER":"124335937","GNIS_NAME":null,"FTYPE":458,"FCODE":45800}},{"type":"Feature","id":345470,"geometry":{"type":"Point","coordinates":[-122.28259355115244,41.928961740868026]},"properties":{"OBJECTID":345470,"PERMANENT_IDENTIFIER":"124336014","GNIS_NAME":null,"FTYPE":458,"FCODE":45800}},{"type":"Feature","id":345471,"geometry":{"type":"Point","coordinates":[-122.9559613214068,41.94380208132303]},"properties":{"OBJECTID":345471,"PERMANENT_IDENTIFIER":"124336042","GNIS_NAME":null,"FTYPE":458,"FCODE":45800}},{"type":"Feature","id":345843,"geometry":{"type":"Point","coordinates":[-122.91661944616241,41.92551521712818]},"properties":{"OBJECTID":345843,"PERMANENT_IDENTIFIER":"124336066","GNIS_NAME":null,"FTYPE":458,"FCODE":45800}},{"type":"Feature","id":345844,"geometry":{"type":"Point","coordinates":[-122.93858504707184,41.909893014260525]},"properties":{"OBJECTID":345844,"PERMANENT_IDENTIFIER":"124336090","GNIS_NAME":null,"FTYPE":458,"FCODE":45800}},{"type":"Feature","id":345846,"geometry":{"type":"Point","coordinates":[-122.21453733164583,41.87169320952025]},"properties":{"OBJECTID":345846,"PERMANENT_IDENTIFIER":"124335340","GNIS_NAME":null,"FTYPE":458,"FCODE":45800}},{"type":"Feature","id":345847,"geometry":{"type":"Point","coordinates":[-122.21705379304757,41.83333254015212]},"properties":{"OBJECTID":345847,"PERMANENT_IDENTIFIER":"124335349","GNIS_NAME":null,"FTYPE":458,"FCODE":45800}},{"type":"Feature","id":345848,"geometry":{"type":"Point","coordinates":[-122.18689514930104,42.00916588805824]},"properties":{"OBJECTID":345848,"PERMANENT_IDENTIFIER":"124335358","GNIS_NAME":null,"FTYPE":458,"FCODE":45800}},{"type":"Feature","id":345851,"geometry":{"type":"Point","coordinates":[-122.54944753473754,41.98623525423248]},"properties":{"OBJECTID":345851,"PERMANENT_IDENTIFIER":"124335445","GNIS_NAME":"Andersons Spring","FTYPE":458,"FCODE":45800}},{"type":"Feature","id":345852,"geometry":{"type":"Point","coordinates":[-122.26712135699431,41.98076021256896]},"properties":{"OBJECTID":345852,"PERMANENT_IDENTIFIER":"124335582","GNIS_NAME":null,"FTYPE":458,"FCODE":45800}},{"type":"Feature","id":345884,"geometry":{"type":"Point","coordinates":[-122.15101500115118,41.948383553759406]},"properties":{"OBJECTID":345884,"PERMANENT_IDENTIFIER":"124335265","GNIS_NAME":"Bear Wallow Spring","FTYPE":458,"FCODE":45800}},{"type":"Feature","id":345885,"geometry":{"type":"Point","coordinates":[-122.09011506152585,41.9659212941263]},"properties":{"OBJECTID":345885,"PERMANENT_IDENTIFIER":"124335278","GNIS_NAME":null,"FTYPE":458,"FCODE":45800}},{"type":"Feature","id":345889,"geometry":{"type":"Point","coordinates":[-122.39941684834551,42.00956640245666]},"properties":{"OBJECTID":345889,"PERMANENT_IDENTIFIER":"124335184","GNIS_NAME":null,"FTYPE":458,"FCODE":45800}},{"type":"Feature","id":345891,"geometry":{"type":"Point","coordinates":[-122.2004868813197,41.983724618254556]},"properties":{"OBJECTID":345891,"PERMANENT_IDENTIFIER":"124335227","GNIS_NAME":null,"FTYPE":458,"FCODE":45800}},{"type":"Feature","id":345892,"geometry":{"type":"Point","coordinates":[-122.21176326527872,41.876790143294755]},"properties":{"OBJECTID":345892,"PERMANENT_IDENTIFIER":"124335245","GNIS_NAME":null,"FTYPE":458,"FCODE":45800}},{"type":"Feature","id":354420,"geometry":{"type":"Point","coordinates":[-123.2938667157547,42.01404745614172]},"properties":{"OBJECTID":354420,"PERMANENT_IDENTIFIER":"145152866","GNIS_NAME":null,"FTYPE":458,"FCODE":45800}},{"type":"Feature","id":354440,"geometry":{"type":"Point","coordinates":[-122.96487279147621,41.957769882070544]},"properties":{"OBJECTID":354440,"PERMANENT_IDENTIFIER":"145153200","GNIS_NAME":null,"FTYPE":458,"FCODE":45800}},{"type":"Feature","id":354441,"geometry":{"type":"Point","coordinates":[-123.29553991603754,42.00906698896436]},"properties":{"OBJECTID":354441,"PERMANENT_IDENTIFIER":"145152970","GNIS_NAME":null,"FTYPE":458,"FCODE":45800}},{"type":"Feature","id":354446,"geometry":{"type":"Point","coordinates":[-122.96272939371642,41.9687798827062]},"properties":{"OBJECTID":354446,"PERMANENT_IDENTIFIER":"145153261","GNIS_NAME":null,"FTYPE":458,"FCODE":45800}},{"type":"Feature","id":360202,"geometry":{"type":"Point","coordinates":[-122.8621487997546,41.06669013385163]},"properties":{"OBJECTID":360202,"PERMANENT_IDENTIFIER":"{5B00B163-B398-4098-BBE8-3E4FF8C1D27A}","GNIS_NAME":null,"FTYPE":458,"FCODE":45800}},{"type":"Feature","id":360203,"geometry":{"type":"Point","coordinates":[-123.38705987003769,41.08649459182678]},"properties":{"OBJECTID":360203,"PERMANENT_IDENTIFIER":"{28534BE9-1D12-4ADB-8B2A-E2FFC1A847B0}","GNIS_NAME":null,"FTYPE":458,"FCODE":45800}},{"type":"Feature","id":360204,"geometry":{"type":"Point","coordinates":[-122.88903714445966,41.01699299153537]},"properties":{"OBJECTID":360204,"PERMANENT_IDENTIFIER":"{F56200FF-634B-4DF8-A631-AB8B2EB6E9C2}","GNIS_NAME":null,"FTYPE":458,"FCODE":45800}},{"type":"Feature","id":360206,"geometry":{"type":"Point","coordinates":[-122.87750717615805,41.0133149722948]},"properties":{"OBJECTID":360206,"PERMANENT_IDENTIFIER":"{C2D284D4-DBBF-4EC1-AF5D-F7A0074AFF51}","GNIS_NAME":null,"FTYPE":458,"FCODE":45800}},{"type":"Feature","id":360207,"geometry":{"type":"Point","coordinates":[-122.49431162301238,41.32094350122421]},"properties":{"OBJECTID":360207,"PERMANENT_IDENTIFIER":"{97B16A86-5A45-4885-A15E-054F624F5A00}","GNIS_NAME":null,"FTYPE":458,"FCODE":45800}},{"type":"Feature","id":360209,"geometry":{"type":"Point","coordinates":[-122.78397956724164,41.213233079616415]},"properties":{"OBJECTID":360209,"PERMANENT_IDENTIFIER":"{1769B081-C347-4FF4-88A1-EC95B2093DAD}","GNIS_NAME":null,"FTYPE":458,"FCODE":45800}},{"type":"Feature","id":360210,"geometry":{"type":"Point","coordinates":[-122.95015581366516,41.161446367671665]},"properties":{"OBJECTID":360210,"PERMANENT_IDENTIFIER":"{937B6437-F4A1-4D2D-BFB9-8E3EF845D86B}","GNIS_NAME":null,"FTYPE":458,"FCODE":45800}},{"type":"Feature","id":360212,"geometry":{"type":"Point","coordinates":[-122.82273431605817,41.1701950346517]},"properties":{"OBJECTID":360212,"PERMANENT_IDENTIFIER":"{68239D1C-C409-4C8F-A065-B6D8E1A334B7}","GNIS_NAME":null,"FTYPE":458,"FCODE":45800}},{"type":"Feature","id":360213,"geometry":{"type":"Point","coordinates":[-122.49552791447614,41.096433445732835]},"properties":{"OBJECTID":360213,"PERMANENT_IDENTIFIER":"{3C4E7260-6031-4E75-8A35-211F3825DF21}","GNIS_NAME":null,"FTYPE":458,"FCODE":45800}},{"type":"Feature","id":360214,"geometry":{"type":"Point","coordinates":[-122.91278038195344,41.068180539033854]},"properties":{"OBJECTID":360214,"PERMANENT_IDENTIFIER":"{056A6E90-B7EA-4A5E-A709-AB69865EC95C}","GNIS_NAME":null,"FTYPE":458,"FCODE":45800}},{"type":"Feature","id":360215,"geometry":{"type":"Point","coordinates":[-122.5142563386176,41.309346235473996]},"properties":{"OBJECTID":360215,"PERMANENT_IDENTIFIER":"{6876E956-3733-42B3-85E8-210D2511E9E1}","GNIS_NAME":null,"FTYPE":458,"FCODE":45800}},{"type":"Feature","id":360218,"geometry":{"type":"Point","coordinates":[-123.28187984903931,41.02198706336986]},"properties":{"OBJECTID":360218,"PERMANENT_IDENTIFIER":"{02C7240D-6E36-4065-BF10-25E90FE9CF7B}","GNIS_NAME":null,"FTYPE":458,"FCODE":45800}},{"type":"Feature","id":360219,"geometry":{"type":"Point","coordinates":[-122.80709914204247,41.20074361459134]},"properties":{"OBJECTID":360219,"PERMANENT_IDENTIFIER":"{D1D1424D-D00F-4DC9-9D25-F46BDD6125CA}","GNIS_NAME":null,"FTYPE":458,"FCODE":45800}},{"type":"Feature","id":360220,"geometry":{"type":"Point","coordinates":[-122.74216543663566,41.198752518563076]},"properties":{"OBJECTID":360220,"PERMANENT_IDENTIFIER":"{05C9F09A-44B5-47F3-BA09-DD5432F0ACD1}","GNIS_NAME":null,"FTYPE":458,"FCODE":45800}},{"type":"Feature","id":360227,"geometry":{"type":"Point","coordinates":[-123.19354039704993,41.02219684661049]},"properties":{"OBJECTID":360227,"PERMANENT_IDENTIFIER":"{32C68C4C-8AC7-4550-85EF-997E3E93B040}","GNIS_NAME":null,"FTYPE":458,"FCODE":45800}},{"type":"Feature","id":360228,"geometry":{"type":"Point","coordinates":[-122.5856958976416,41.31695749295565]},"properties":{"OBJECTID":360228,"PERMANENT_IDENTIFIER":"{DFF88451-3562-4054-8BF6-992C6024E681}","GNIS_NAME":null,"FTYPE":458,"FCODE":45800}},{"type":"Feature","id":360229,"geometry":{"type":"Point","coordinates":[-122.84137273818367,41.054385231533345]},"properties":{"OBJECTID":360229,"PERMANENT_IDENTIFIER":"{83003023-C379-48D4-8E63-F6C2FB123F8A}","GNIS_NAME":null,"FTYPE":458,"FCODE":45800}},{"type":"Feature","id":360230,"geometry":{"type":"Point","coordinates":[-122.51573358764678,41.30990193068854]},"properties":{"OBJECTID":360230,"PERMANENT_IDENTIFIER":"{85D3D4DC-0CDC-4939-B247-0D3C23F39294}","GNIS_NAME":null,"FTYPE":458,"FCODE":45800}},{"type":"Feature","id":360234,"geometry":{"type":"Point","coordinates":[-122.8688049709729,41.196604976523844]},"properties":{"OBJECTID":360234,"PERMANENT_IDENTIFIER":"{CCCED029-CB07-4BC6-BA54-D970A3A044FF}","GNIS_NAME":null,"FTYPE":458,"FCODE":45800}},{"type":"Feature","id":360236,"geometry":{"type":"Point","coordinates":[-122.94868330634873,41.16958006251177]},"properties":{"OBJECTID":360236,"PERMANENT_IDENTIFIER":"{D7DA1585-9153-4CCB-9C2E-788DF89E594E}","GNIS_NAME":null,"FTYPE":458,"FCODE":45800}},{"type":"Feature","id":360237,"geometry":{"type":"Point","coordinates":[-122.47876563419358,41.09592654753062]},"properties":{"OBJECTID":360237,"PERMANENT_IDENTIFIER":"{AC599E6C-0AE0-4FF0-BADB-DF6B80B9846A}","GNIS_NAME":null,"FTYPE":458,"FCODE":45800}},{"type":"Feature","id":360241,"geometry":{"type":"Point","coordinates":[-122.78345850014584,41.212079072728734]},"properties":{"OBJECTID":360241,"PERMANENT_IDENTIFIER":"{7E36105E-FA7D-453D-A439-E95064685E91}","GNIS_NAME":null,"FTYPE":458,"FCODE":45800}},{"type":"Feature","id":360243,"geometry":{"type":"Point","coordinates":[-122.80370180110157,41.02053715760228]},"properties":{"OBJECTID":360243,"PERMANENT_IDENTIFIER":"{87A5F9C5-2EDA-4C65-BE6B-CF34A0157AE4}","GNIS_NAME":null,"FTYPE":458,"FCODE":45800}},{"type":"Feature","id":360246,"geometry":{"type":"Point","coordinates":[-122.86043178571292,41.02880807354508]},"properties":{"OBJECTID":360246,"PERMANENT_IDENTIFIER":"{19EE5CC1-D4BD-4E5A-A517-7308B587DA9C}","GNIS_NAME":null,"FTYPE":458,"FCODE":45800}},{"type":"Feature","id":360248,"geometry":{"type":"Point","coordinates":[-122.51341449366527,41.3373927355115]},"properties":{"OBJECTID":360248,"PERMANENT_IDENTIFIER":"{521ED82B-1848-4BD4-A07C-20622759F385}","GNIS_NAME":null,"FTYPE":458,"FCODE":45800}},{"type":"Feature","id":360251,"geometry":{"type":"Point","coordinates":[-122.85479719502105,41.03239547899538]},"properties":{"OBJECTID":360251,"PERMANENT_IDENTIFIER":"{4B3C9439-89E7-4A31-A780-BC967AF74AC4}","GNIS_NAME":null,"FTYPE":458,"FCODE":45800}},{"type":"Feature","id":360252,"geometry":{"type":"Point","coordinates":[-122.50069147630455,41.17385402424412]},"properties":{"OBJECTID":360252,"PERMANENT_IDENTIFIER":"{6FFFEEE6-619A-4BAB-BF11-0745DFB313AC}","GNIS_NAME":null,"FTYPE":458,"FCODE":45800}},{"type":"Feature","id":360253,"geometry":{"type":"Point","coordinates":[-122.45782477599299,41.1458975086118]},"properties":{"OBJECTID":360253,"PERMANENT_IDENTIFIER":"{8E4F5A6A-F484-4DB1-97AC-89E0B04DA247}","GNIS_NAME":null,"FTYPE":458,"FCODE":45800}},{"type":"Feature","id":360254,"geometry":{"type":"Point","coordinates":[-122.86008885697179,41.027843763424904]},"properties":{"OBJECTID":360254,"PERMANENT_IDENTIFIER":"{F50EC4DC-B316-4F98-B670-D73ADAF7B876}","GNIS_NAME":null,"FTYPE":458,"FCODE":45800}},{"type":"Feature","id":360255,"geometry":{"type":"Point","coordinates":[-122.7991226363807,41.19991032824043]},"properties":{"OBJECTID":360255,"PERMANENT_IDENTIFIER":"{B36C5484-BB1D-473D-B862-76C7E0EF3F13}","GNIS_NAME":null,"FTYPE":458,"FCODE":45800}},{"type":"Feature","id":360258,"geometry":{"type":"Point","coordinates":[-122.50668445807054,41.09340088503766]},"properties":{"OBJECTID":360258,"PERMANENT_IDENTIFIER":"{5FAC2387-5F0F-415A-B9BA-8FB87F3676AA}","GNIS_NAME":null,"FTYPE":458,"FCODE":45800}},{"type":"Feature","id":360259,"geometry":{"type":"Point","coordinates":[-122.85152113142202,41.08721589222645]},"properties":{"OBJECTID":360259,"PERMANENT_IDENTIFIER":"{0DEF90CE-ADD4-4181-ABCF-F5E909DF5FA4}","GNIS_NAME":null,"FTYPE":458,"FCODE":45800}},{"type":"Feature","id":360260,"geometry":{"type":"Point","coordinates":[-122.74291493837087,41.23876805516125]},"properties":{"OBJECTID":360260,"PERMANENT_IDENTIFIER":"{E395333F-CDC8-45E4-B7A7-86B39980AEEA}","GNIS_NAME":null,"FTYPE":458,"FCODE":45800}},{"type":"Feature","id":360261,"geometry":{"type":"Point","coordinates":[-122.86146169155069,41.149934355319054]},"properties":{"OBJECTID":360261,"PERMANENT_IDENTIFIER":"{2967A31D-18D0-4022-99E9-4351235D3171}","GNIS_NAME":null,"FTYPE":458,"FCODE":45800}},{"type":"Feature","id":360262,"geometry":{"type":"Point","coordinates":[-122.51305885480318,41.33860727545814]},"properties":{"OBJECTID":360262,"PERMANENT_IDENTIFIER":"{52FE5B4B-E95A-46F6-BC75-27223C7535D8}","GNIS_NAME":null,"FTYPE":458,"FCODE":45800}},{"type":"Feature","id":360264,"geometry":{"type":"Point","coordinates":[-122.65860762060588,41.290686672654644]},"properties":{"OBJECTID":360264,"PERMANENT_IDENTIFIER":"{40711031-8DA9-4757-B351-7BB0248BB628}","GNIS_NAME":null,"FTYPE":458,"FCODE":45800}},{"type":"Feature","id":360265,"geometry":{"type":"Point","coordinates":[-122.83212648050998,41.17090263894779]},"properties":{"OBJECTID":360265,"PERMANENT_IDENTIFIER":"{9DB33594-BDCC-4DBB-9820-797C9B43285D}","GNIS_NAME":null,"FTYPE":458,"FCODE":45800}},{"type":"Feature","id":360267,"geometry":{"type":"Point","coordinates":[-122.73817245978108,41.16528732993059]},"properties":{"OBJECTID":360267,"PERMANENT_IDENTIFIER":"{B3A7E7AE-FFAB-4F4C-8AA8-0C91B274D7BB}","GNIS_NAME":null,"FTYPE":458,"FCODE":45800}},{"type":"Feature","id":360268,"geometry":{"type":"Point","coordinates":[-122.94477113006926,41.157858723534254]},"properties":{"OBJECTID":360268,"PERMANENT_IDENTIFIER":"{1F785980-8385-4A97-BA53-FE3D26D487C1}","GNIS_NAME":null,"FTYPE":458,"FCODE":45800}},{"type":"Feature","id":360269,"geometry":{"type":"Point","coordinates":[-122.84717619711414,41.081715196195915]},"properties":{"OBJECTID":360269,"PERMANENT_IDENTIFIER":"{D1F77536-D3FB-428F-928A-14E3F2A55B64}","GNIS_NAME":null,"FTYPE":458,"FCODE":45800}},{"type":"Feature","id":360270,"geometry":{"type":"Point","coordinates":[-123.27822160880288,40.997826907671616]},"properties":{"OBJECTID":360270,"PERMANENT_IDENTIFIER":"{51978CED-AAF3-4FAD-96AF-8D0396EE01CF}","GNIS_NAME":null,"FTYPE":458,"FCODE":45800}},{"type":"Feature","id":360271,"geometry":{"type":"Point","coordinates":[-122.87806635488718,41.141683479088876]},"properties":{"OBJECTID":360271,"PERMANENT_IDENTIFIER":"{39A108AA-C378-41E3-8966-7EDC73FE0156}","GNIS_NAME":null,"FTYPE":458,"FCODE":45800}},{"type":"Feature","id":360272,"geometry":{"type":"Point","coordinates":[-123.08015831490758,41.048744524372665]},"properties":{"OBJECTID":360272,"PERMANENT_IDENTIFIER":"{F32559BE-061F-4DFD-8F2B-2E5AB1F09960}","GNIS_NAME":null,"FTYPE":458,"FCODE":45800}},{"type":"Feature","id":360273,"geometry":{"type":"Point","coordinates":[-122.78243040275589,41.21633795808208]},"properties":{"OBJECTID":360273,"PERMANENT_IDENTIFIER":"{E4A4F7E4-C6A6-4C51-B3B7-885B86C58A4A}","GNIS_NAME":null,"FTYPE":458,"FCODE":45800}},{"type":"Feature","id":360274,"geometry":{"type":"Point","coordinates":[-122.89720632473397,41.01810854877225]},"properties":{"OBJECTID":360274,"PERMANENT_IDENTIFIER":"{55B30332-29C1-4DDA-BD32-DAD372686AC3}","GNIS_NAME":null,"FTYPE":458,"FCODE":45800}},{"type":"Feature","id":360275,"geometry":{"type":"Point","coordinates":[-122.52015182340233,41.311803026841716]},"properties":{"OBJECTID":360275,"PERMANENT_IDENTIFIER":"{DFB83279-4EAC-49FE-8C96-90782E80FC3F}","GNIS_NAME":null,"FTYPE":458,"FCODE":45800}},{"type":"Feature","id":360276,"geometry":{"type":"Point","coordinates":[-122.8351980282212,41.053755040321555]},"properties":{"OBJECTID":360276,"PERMANENT_IDENTIFIER":"{90103407-5AC6-4423-90CF-942408D0662D}","GNIS_NAME":null,"FTYPE":458,"FCODE":45800}},{"type":"Feature","id":360277,"geometry":{"type":"Point","coordinates":[-122.51990392869885,41.316278841184484]},"properties":{"OBJECTID":360277,"PERMANENT_IDENTIFIER":"{7BC1DD8E-BCEF-4ABB-8C1C-F94362A95BE6}","GNIS_NAME":null,"FTYPE":458,"FCODE":45800}},{"type":"Feature","id":360282,"geometry":{"type":"Point","coordinates":[-122.7910619931518,41.02310042509182]},"properties":{"OBJECTID":360282,"PERMANENT_IDENTIFIER":"{FFE459C5-2908-4A04-9AF8-25353C925243}","GNIS_NAME":null,"FTYPE":458,"FCODE":45800}},{"type":"Feature","id":360284,"geometry":{"type":"Point","coordinates":[-122.52016399452674,41.31665824957989]},"properties":{"OBJECTID":360284,"PERMANENT_IDENTIFIER":"{D5639265-7167-4D11-A5FC-0A65A7F7E99E}","GNIS_NAME":null,"FTYPE":458,"FCODE":45800}},{"type":"Feature","id":360285,"geometry":{"type":"Point","coordinates":[-123.36925203324766,41.150789344441314]},"properties":{"OBJECTID":360285,"PERMANENT_IDENTIFIER":"{E4683C5D-0ACE-493E-B1E5-2D7ADCAAF84C}","GNIS_NAME":null,"FTYPE":458,"FCODE":45800}},{"type":"Feature","id":360286,"geometry":{"type":"Point","coordinates":[-122.5229319321495,41.31556178973627]},"properties":{"OBJECTID":360286,"PERMANENT_IDENTIFIER":"{036504BE-0B01-4CA7-9833-434562616CDE}","GNIS_NAME":null,"FTYPE":458,"FCODE":45800}},{"type":"Feature","id":360288,"geometry":{"type":"Point","coordinates":[-123.27943522089195,41.04017156900548]},"properties":{"OBJECTID":360288,"PERMANENT_IDENTIFIER":"{9721DAEE-9A4D-40E6-837B-7CE413991A0C}","GNIS_NAME":null,"FTYPE":458,"FCODE":45800}},{"type":"Feature","id":360291,"geometry":{"type":"Point","coordinates":[-122.47530747925178,41.15624761356686]},"properties":{"OBJECTID":360291,"PERMANENT_IDENTIFIER":"{8E52D1C1-34C8-4556-9734-25367EAF74B3}","GNIS_NAME":null,"FTYPE":458,"FCODE":45800}},{"type":"Feature","id":360292,"geometry":{"type":"Point","coordinates":[-122.94081132855545,41.160820475336116]},"properties":{"OBJECTID":360292,"PERMANENT_IDENTIFIER":"{ECADB824-1146-49BD-952A-2AB7A17EF368}","GNIS_NAME":null,"FTYPE":458,"FCODE":45800}},{"type":"Feature","id":360295,"geometry":{"type":"Point","coordinates":[-122.62559896712918,41.085524524945974]},"properties":{"OBJECTID":360295,"PERMANENT_IDENTIFIER":"{098FBF12-6CA1-4267-A4E5-A66316A7E855}","GNIS_NAME":null,"FTYPE":458,"FCODE":45800}},{"type":"Feature","id":360296,"geometry":{"type":"Point","coordinates":[-122.49551050738536,41.15923834644088]},"properties":{"OBJECTID":360296,"PERMANENT_IDENTIFIER":"{48BF6D8A-60AA-432D-AEDD-346470266C60}","GNIS_NAME":null,"FTYPE":458,"FCODE":45800}},{"type":"Feature","id":360297,"geometry":{"type":"Point","coordinates":[-122.50085220444684,41.158991335853386]},"properties":{"OBJECTID":360297,"PERMANENT_IDENTIFIER":"{3D018B45-4D36-4B93-944A-61EFC3ACFDFB}","GNIS_NAME":null,"FTYPE":458,"FCODE":45800}},{"type":"Feature","id":360299,"geometry":{"type":"Point","coordinates":[-122.77741016093847,41.20516741371164]},"properties":{"OBJECTID":360299,"PERMANENT_IDENTIFIER":"{AA4836E9-DEB1-4665-A08C-1906DE8AC1C4}","GNIS_NAME":null,"FTYPE":458,"FCODE":45800}},{"type":"Feature","id":360300,"geometry":{"type":"Point","coordinates":[-122.52054789324772,41.31644366367276]},"properties":{"OBJECTID":360300,"PERMANENT_IDENTIFIER":"{DCAB2355-50ED-4E14-9CB3-9B1239579A35}","GNIS_NAME":null,"FTYPE":458,"FCODE":45800}},{"type":"Feature","id":360301,"geometry":{"type":"Point","coordinates":[-122.8335190259216,41.17179644974823]},"properties":{"OBJECTID":360301,"PERMANENT_IDENTIFIER":"{F407D257-D736-4CA5-A392-1B7058FD5491}","GNIS_NAME":null,"FTYPE":458,"FCODE":45800}},{"type":"Feature","id":360303,"geometry":{"type":"Point","coordinates":[-122.94113719046034,41.15633459139425]},"properties":{"OBJECTID":360303,"PERMANENT_IDENTIFIER":"{0AEB3EFF-B98A-4712-A7B7-92B5508127FF}","GNIS_NAME":null,"FTYPE":458,"FCODE":45800}},{"type":"Feature","id":360305,"geometry":{"type":"Point","coordinates":[-122.51094450354586,41.24894397384612]},"properties":{"OBJECTID":360305,"PERMANENT_IDENTIFIER":"{D4B0CCF0-FE90-4E42-B30A-A04DCE6155EF}","GNIS_NAME":null,"FTYPE":458,"FCODE":45800}},{"type":"Feature","id":360307,"geometry":{"type":"Point","coordinates":[-122.50476332146285,41.297712849015646]},"properties":{"OBJECTID":360307,"PERMANENT_IDENTIFIER":"{A6DFC98B-381F-4EB7-9005-39A6497CF744}","GNIS_NAME":null,"FTYPE":458,"FCODE":45800}},{"type":"Feature","id":360308,"geometry":{"type":"Point","coordinates":[-122.8945384927109,41.1984597732607]},"properties":{"OBJECTID":360308,"PERMANENT_IDENTIFIER":"{9E5135BE-2EAE-4018-9294-D8CEE2DE8849}","GNIS_NAME":null,"FTYPE":458,"FCODE":45800}},{"type":"Feature","id":360454,"geometry":{"type":"Point","coordinates":[-122.50652737387779,41.328292684725724]},"properties":{"OBJECTID":360454,"PERMANENT_IDENTIFIER":"{FC42576F-219B-494E-8260-02FC32231D8E}","GNIS_NAME":null,"FTYPE":458,"FCODE":45800}},{"type":"Feature","id":360455,"geometry":{"type":"Point","coordinates":[-122.89172231697937,41.02593181879064]},"properties":{"OBJECTID":360455,"PERMANENT_IDENTIFIER":"{F2AC0717-8C15-47F6-B89B-9EDBE7A42376}","GNIS_NAME":null,"FTYPE":458,"FCODE":45800}},{"type":"Feature","id":360456,"geometry":{"type":"Point","coordinates":[-122.84143267293344,41.09868805229717]},"properties":{"OBJECTID":360456,"PERMANENT_IDENTIFIER":"{BEADD1EC-5F61-4D66-857A-DB877C657903}","GNIS_NAME":null,"FTYPE":458,"FCODE":45800}},{"type":"Feature","id":360457,"geometry":{"type":"Point","coordinates":[-122.70541530645765,41.23967824699592]},"properties":{"OBJECTID":360457,"PERMANENT_IDENTIFIER":"{636859DD-15F8-444A-BF77-95FB4FEA0D34}","GNIS_NAME":null,"FTYPE":458,"FCODE":45800}},{"type":"Feature","id":360458,"geometry":{"type":"Point","coordinates":[-122.87750807726036,41.01282851994425]},"properties":{"OBJECTID":360458,"PERMANENT_IDENTIFIER":"{9030C629-5310-4594-AA6E-83BD574C3E50}","GNIS_NAME":null,"FTYPE":458,"FCODE":45800}},{"type":"Feature","id":360462,"geometry":{"type":"Point","coordinates":[-122.86321395991978,41.14975627146748]},"properties":{"OBJECTID":360462,"PERMANENT_IDENTIFIER":"{FAF5769E-F5F6-41BC-91D3-AD7AA89C9220}","GNIS_NAME":null,"FTYPE":458,"FCODE":45800}},{"type":"Feature","id":360463,"geometry":{"type":"Point","coordinates":[-122.77859299715786,41.21163748638218]},"properties":{"OBJECTID":360463,"PERMANENT_IDENTIFIER":"{1A6B02F3-01F2-4DB4-BABC-98C41289D486}","GNIS_NAME":null,"FTYPE":458,"FCODE":45800}},{"type":"Feature","id":360464,"geometry":{"type":"Point","coordinates":[-122.45610759754693,41.16186984742591]},"properties":{"OBJECTID":360464,"PERMANENT_IDENTIFIER":"{84749781-18E8-4677-B1A3-AA552740D987}","GNIS_NAME":null,"FTYPE":458,"FCODE":45800}},{"type":"Feature","id":360468,"geometry":{"type":"Point","coordinates":[-122.55792657038454,40.99855295946296]},"properties":{"OBJECTID":360468,"PERMANENT_IDENTIFIER":"{FB571E64-FA74-400B-B147-2297814BF07B}","GNIS_NAME":null,"FTYPE":458,"FCODE":45800}},{"type":"Feature","id":360469,"geometry":{"type":"Point","coordinates":[-123.26259557795812,41.089855193721505]},"properties":{"OBJECTID":360469,"PERMANENT_IDENTIFIER":"{B0526C7D-75AB-4DE2-804C-BB20A5526EBB}","GNIS_NAME":null,"FTYPE":458,"FCODE":45800}},{"type":"Feature","id":360470,"geometry":{"type":"Point","coordinates":[-122.7751447938818,41.22229639841451]},"properties":{"OBJECTID":360470,"PERMANENT_IDENTIFIER":"{75F2DD21-A7EC-48FA-8C4D-9859CFE12BDF}","GNIS_NAME":null,"FTYPE":458,"FCODE":45800}},{"type":"Feature","id":360471,"geometry":{"type":"Point","coordinates":[-122.56325333266365,41.204861610899734]},"properties":{"OBJECTID":360471,"PERMANENT_IDENTIFIER":"{17F6D244-B2A6-4805-A405-F89B4B8BF317}","GNIS_NAME":null,"FTYPE":458,"FCODE":45800}},{"type":"Feature","id":360479,"geometry":{"type":"Point","coordinates":[-123.17480106082999,41.011137739346125]},"properties":{"OBJECTID":360479,"PERMANENT_IDENTIFIER":"{64859B5A-7DD0-4002-BE87-37D78E427329}","GNIS_NAME":null,"FTYPE":458,"FCODE":45800}},{"type":"Feature","id":360480,"geometry":{"type":"Point","coordinates":[-122.51275960663257,41.3242387098882]},"properties":{"OBJECTID":360480,"PERMANENT_IDENTIFIER":"{DAE0596E-E60E-42FC-92CA-99440F3B991F}","GNIS_NAME":null,"FTYPE":458,"FCODE":45800}},{"type":"Feature","id":360482,"geometry":{"type":"Point","coordinates":[-122.90641806165665,41.005567676524755]},"properties":{"OBJECTID":360482,"PERMANENT_IDENTIFIER":"{1D89E257-654F-4D8A-A39E-64A0403DF48A}","GNIS_NAME":null,"FTYPE":458,"FCODE":45800}},{"type":"Feature","id":360484,"geometry":{"type":"Point","coordinates":[-122.4900456454536,41.1461795504355]},"properties":{"OBJECTID":360484,"PERMANENT_IDENTIFIER":"{17975C1F-0E5F-4137-91F2-3C27D99D4015}","GNIS_NAME":null,"FTYPE":458,"FCODE":45800}},{"type":"Feature","id":360485,"geometry":{"type":"Point","coordinates":[-122.46501409386455,41.130833405965056]},"properties":{"OBJECTID":360485,"PERMANENT_IDENTIFIER":"{FDB00EFC-5DB6-441E-B807-37661430F2F3}","GNIS_NAME":null,"FTYPE":458,"FCODE":45800}},{"type":"Feature","id":360490,"geometry":{"type":"Point","coordinates":[-122.8959240696673,41.19712782393216]},"properties":{"OBJECTID":360490,"PERMANENT_IDENTIFIER":"{3DDD34BC-C355-4A95-88DF-49220E689B2F}","GNIS_NAME":null,"FTYPE":458,"FCODE":45800}},{"type":"Feature","id":360494,"geometry":{"type":"Point","coordinates":[-123.28206837712452,41.093898677214895]},"properties":{"OBJECTID":360494,"PERMANENT_IDENTIFIER":"{CD878A32-4359-42F9-B048-BC1091CCA351}","GNIS_NAME":null,"FTYPE":458,"FCODE":45800}},{"type":"Feature","id":360495,"geometry":{"type":"Point","coordinates":[-123.43663946210826,41.09949572080445]},"properties":{"OBJECTID":360495,"PERMANENT_IDENTIFIER":"{B0333E0F-476B-4AF9-9296-5DF1065D4816}","GNIS_NAME":null,"FTYPE":458,"FCODE":45800}},{"type":"Feature","id":360496,"geometry":{"type":"Point","coordinates":[-122.47910752656298,41.094856120016374]},"properties":{"OBJECTID":360496,"PERMANENT_IDENTIFIER":"{15A08635-616E-4584-9294-9C5EBAD87689}","GNIS_NAME":null,"FTYPE":458,"FCODE":45800}},{"type":"Feature","id":360497,"geometry":{"type":"Point","coordinates":[-122.60610081639608,41.03316640991315]},"properties":{"OBJECTID":360497,"PERMANENT_IDENTIFIER":"{27F9E05B-53F8-48B7-839B-D756C5F2C176}","GNIS_NAME":null,"FTYPE":458,"FCODE":45800}},{"type":"Feature","id":360498,"geometry":{"type":"Point","coordinates":[-122.79735062596288,41.20213224267334]},"properties":{"OBJECTID":360498,"PERMANENT_IDENTIFIER":"{549D9216-E581-40AD-B54A-0B43CB20D1AC}","GNIS_NAME":null,"FTYPE":458,"FCODE":45800}},{"type":"Feature","id":360499,"geometry":{"type":"Point","coordinates":[-122.81573540651644,41.17058949039067]},"properties":{"OBJECTID":360499,"PERMANENT_IDENTIFIER":"{9433079B-1736-4215-B70E-464E30BA644C}","GNIS_NAME":null,"FTYPE":458,"FCODE":45800}},{"type":"Feature","id":360502,"geometry":{"type":"Point","coordinates":[-122.90550759869959,41.043420037598125]},"properties":{"OBJECTID":360502,"PERMANENT_IDENTIFIER":"{57C18D43-D60B-4FCB-B7C5-F0A0BC798EED}","GNIS_NAME":null,"FTYPE":458,"FCODE":45800}},{"type":"Feature","id":360504,"geometry":{"type":"Point","coordinates":[-122.94706953199459,41.14557267202993]},"properties":{"OBJECTID":360504,"PERMANENT_IDENTIFIER":"{2CFE7624-D864-404E-9896-8DDC3A97B8E9}","GNIS_NAME":null,"FTYPE":458,"FCODE":45800}},{"type":"Feature","id":360512,"geometry":{"type":"Point","coordinates":[-123.23634794717422,41.06183386785522]},"properties":{"OBJECTID":360512,"PERMANENT_IDENTIFIER":"{56E8B55A-9529-44C1-937B-A283D44186D6}","GNIS_NAME":null,"FTYPE":458,"FCODE":45800}},{"type":"Feature","id":360513,"geometry":{"type":"Point","coordinates":[-122.47886358172599,41.16921740114063]},"properties":{"OBJECTID":360513,"PERMANENT_IDENTIFIER":"{38483174-8A84-4878-93D7-F9E13DE308C8}","GNIS_NAME":null,"FTYPE":458,"FCODE":45800}},{"type":"Feature","id":363505,"geometry":{"type":"Point","coordinates":[-122.60320195256105,41.288986961694576]},"properties":{"OBJECTID":363505,"PERMANENT_IDENTIFIER":"{75BBFC67-1F8D-4AFF-A535-1AEA1CD51BCB}","GNIS_NAME":null,"FTYPE":458,"FCODE":45800}},{"type":"Feature","id":363506,"geometry":{"type":"Point","coordinates":[-122.47985445297691,41.14947608002604]},"properties":{"OBJECTID":363506,"PERMANENT_IDENTIFIER":"{0E091C18-46AC-4504-A515-3B0711994313}","GNIS_NAME":null,"FTYPE":458,"FCODE":45800}},{"type":"Feature","id":363507,"geometry":{"type":"Point","coordinates":[-122.7947119850764,41.20682081717953]},"properties":{"OBJECTID":363507,"PERMANENT_IDENTIFIER":"{AB3962FB-B0F6-43D5-94B6-F512CA48BF93}","GNIS_NAME":null,"FTYPE":458,"FCODE":45800}},{"type":"Feature","id":363510,"geometry":{"type":"Point","coordinates":[-122.49648100498348,41.09637455755001]},"properties":{"OBJECTID":363510,"PERMANENT_IDENTIFIER":"{4013AF11-6060-426A-8928-80A20A7008AF}","GNIS_NAME":null,"FTYPE":458,"FCODE":45800}},{"type":"Feature","id":363516,"geometry":{"type":"Point","coordinates":[-122.86533544091508,41.033354088416985]},"properties":{"OBJECTID":363516,"PERMANENT_IDENTIFIER":"{2462F286-3528-43BB-ADFA-575589EF7977}","GNIS_NAME":null,"FTYPE":458,"FCODE":45800}},{"type":"Feature","id":363519,"geometry":{"type":"Point","coordinates":[-122.86929331536018,41.06519402042889]},"properties":{"OBJECTID":363519,"PERMANENT_IDENTIFIER":"{1B8AAE60-4212-44B4-8D01-9D09DFEBBF4E}","GNIS_NAME":null,"FTYPE":458,"FCODE":45800}},{"type":"Feature","id":363522,"geometry":{"type":"Point","coordinates":[-122.79284784891306,41.18145968643612]},"properties":{"OBJECTID":363522,"PERMANENT_IDENTIFIER":"{B738D9A7-1184-47C6-BB7E-4152AD69DEF1}","GNIS_NAME":null,"FTYPE":458,"FCODE":45800}},{"type":"Feature","id":363523,"geometry":{"type":"Point","coordinates":[-122.85544955979972,41.098346050287425]},"properties":{"OBJECTID":363523,"PERMANENT_IDENTIFIER":"{0A328833-7D72-4E69-9E17-49C731FB62B7}","GNIS_NAME":null,"FTYPE":458,"FCODE":45800}},{"type":"Feature","id":363525,"geometry":{"type":"Point","coordinates":[-123.21837142007693,40.995595985921256]},"properties":{"OBJECTID":363525,"PERMANENT_IDENTIFIER":"{239F2847-FF01-41F6-BC53-AFA13B779D4E}","GNIS_NAME":null,"FTYPE":458,"FCODE":45800}},{"type":"Feature","id":363529,"geometry":{"type":"Point","coordinates":[-122.65789618055841,41.275992872050736]},"properties":{"OBJECTID":363529,"PERMANENT_IDENTIFIER":"{8BDC0D0D-7780-4B70-A109-29234BE237DF}","GNIS_NAME":null,"FTYPE":458,"FCODE":45800}},{"type":"Feature","id":363532,"geometry":{"type":"Point","coordinates":[-122.90691338490446,41.06740127662611]},"properties":{"OBJECTID":363532,"PERMANENT_IDENTIFIER":"{0D0E9D48-BADF-4AE2-BECE-2B221501E856}","GNIS_NAME":null,"FTYPE":458,"FCODE":45800}},{"type":"Feature","id":363533,"geometry":{"type":"Point","coordinates":[-122.74060587097355,41.201064104288434]},"properties":{"OBJECTID":363533,"PERMANENT_IDENTIFIER":"{E183D360-AE52-4A99-BB40-A7FAAC879AA3}","GNIS_NAME":null,"FTYPE":458,"FCODE":45800}},{"type":"Feature","id":363538,"geometry":{"type":"Point","coordinates":[-122.45370085419654,41.1517153301963]},"properties":{"OBJECTID":363538,"PERMANENT_IDENTIFIER":"{2C270688-43F1-457E-8D80-DCF302E94C64}","GNIS_NAME":null,"FTYPE":458,"FCODE":45800}},{"type":"Feature","id":363540,"geometry":{"type":"Point","coordinates":[-122.85961335797492,41.03886040162493]},"properties":{"OBJECTID":363540,"PERMANENT_IDENTIFIER":"{31954BEB-9CED-4CBF-A20E-997A7CA902E3}","GNIS_NAME":null,"FTYPE":458,"FCODE":45800}},{"type":"Feature","id":363542,"geometry":{"type":"Point","coordinates":[-122.45836390779698,41.11229056941631]},"properties":{"OBJECTID":363542,"PERMANENT_IDENTIFIER":"{E1735B7D-E6F9-421C-B3C2-72CD740D96E1}","GNIS_NAME":null,"FTYPE":458,"FCODE":45800}},{"type":"Feature","id":363545,"geometry":{"type":"Point","coordinates":[-122.52218838018685,41.31594604463206]},"properties":{"OBJECTID":363545,"PERMANENT_IDENTIFIER":"{7C3CC426-CD49-4A01-934A-B9E4554120F2}","GNIS_NAME":null,"FTYPE":458,"FCODE":45800}},{"type":"Feature","id":363549,"geometry":{"type":"Point","coordinates":[-122.74474361314059,41.155293984422904]},"properties":{"OBJECTID":363549,"PERMANENT_IDENTIFIER":"{8569DCE2-5382-4341-BB36-B6C08A26EA85}","GNIS_NAME":null,"FTYPE":458,"FCODE":45800}},{"type":"Feature","id":363550,"geometry":{"type":"Point","coordinates":[-122.85408648022567,41.05787915804825]},"properties":{"OBJECTID":363550,"PERMANENT_IDENTIFIER":"{C457739E-28C2-4E56-B6A2-B5C89FE47566}","GNIS_NAME":null,"FTYPE":458,"FCODE":45800}},{"type":"Feature","id":363553,"geometry":{"type":"Point","coordinates":[-123.27885728654016,41.1032569244224]},"properties":{"OBJECTID":363553,"PERMANENT_IDENTIFIER":"{F55B62F6-AE71-4BF0-BFBB-AD0B7F5015C1}","GNIS_NAME":null,"FTYPE":458,"FCODE":45800}},{"type":"Feature","id":363554,"geometry":{"type":"Point","coordinates":[-122.77185577563633,41.2177589095139]},"properties":{"OBJECTID":363554,"PERMANENT_IDENTIFIER":"{CA7A19B1-3A65-455F-83DC-EB038DEAE486}","GNIS_NAME":null,"FTYPE":458,"FCODE":45800}},{"type":"Feature","id":363556,"geometry":{"type":"Point","coordinates":[-122.51756046749564,41.0862583200408]},"properties":{"OBJECTID":363556,"PERMANENT_IDENTIFIER":"{EFA1519C-CB75-4026-A38D-860D4FD1378D}","GNIS_NAME":null,"FTYPE":458,"FCODE":45800}},{"type":"Feature","id":363557,"geometry":{"type":"Point","coordinates":[-122.52412259630508,41.316125195614546]},"properties":{"OBJECTID":363557,"PERMANENT_IDENTIFIER":"{D42E1D5F-7DB4-4AB0-9EA6-B736B1B6DEE9}","GNIS_NAME":null,"FTYPE":458,"FCODE":45800}},{"type":"Feature","id":363558,"geometry":{"type":"Point","coordinates":[-122.92730837696598,41.0730459730643]},"properties":{"OBJECTID":363558,"PERMANENT_IDENTIFIER":"{DB763E23-6C1E-457D-8B77-299D9B23DD8F}","GNIS_NAME":null,"FTYPE":458,"FCODE":45800}},{"type":"Feature","id":363559,"geometry":{"type":"Point","coordinates":[-122.52219048518681,41.31565779896561]},"properties":{"OBJECTID":363559,"PERMANENT_IDENTIFIER":"{96E14B52-4D65-4FAC-B16F-074B9BAFB888}","GNIS_NAME":null,"FTYPE":458,"FCODE":45800}},{"type":"Feature","id":363563,"geometry":{"type":"Point","coordinates":[-122.73697430794397,41.15788891015411]},"properties":{"OBJECTID":363563,"PERMANENT_IDENTIFIER":"{62891A4B-CCD2-462C-A8CE-CEC6B850AA1B}","GNIS_NAME":null,"FTYPE":458,"FCODE":45800}},{"type":"Feature","id":363564,"geometry":{"type":"Point","coordinates":[-122.88794826428482,41.00685752075724]},"properties":{"OBJECTID":363564,"PERMANENT_IDENTIFIER":"{B91F2231-1372-4640-81A1-631BE1EFFD0C}","GNIS_NAME":null,"FTYPE":458,"FCODE":45800}},{"type":"Feature","id":363568,"geometry":{"type":"Point","coordinates":[-122.79318767790383,41.20981779421124]},"properties":{"OBJECTID":363568,"PERMANENT_IDENTIFIER":"{DEF84E51-C11B-4EF3-AF11-A54C969ED468}","GNIS_NAME":null,"FTYPE":458,"FCODE":45800}},{"type":"Feature","id":363569,"geometry":{"type":"Point","coordinates":[-122.91975578687598,41.18479654325799]},"properties":{"OBJECTID":363569,"PERMANENT_IDENTIFIER":"{75418859-AF7F-49EA-9FBA-316E4045828F}","GNIS_NAME":null,"FTYPE":458,"FCODE":45800}},{"type":"Feature","id":363570,"geometry":{"type":"Point","coordinates":[-122.65920071137374,41.28229318066719]},"properties":{"OBJECTID":363570,"PERMANENT_IDENTIFIER":"{9B7A61F8-EBFC-4D7B-B84A-2C346BD888AA}","GNIS_NAME":null,"FTYPE":458,"FCODE":45800}},{"type":"Feature","id":363575,"geometry":{"type":"Point","coordinates":[-122.56902987402394,41.33851489537017]},"properties":{"OBJECTID":363575,"PERMANENT_IDENTIFIER":"{FAC890DD-3606-4AFF-B9F9-5FEE773C1CEF}","GNIS_NAME":null,"FTYPE":458,"FCODE":45800}},{"type":"Feature","id":363577,"geometry":{"type":"Point","coordinates":[-122.8905768775466,41.19968121816055]},"properties":{"OBJECTID":363577,"PERMANENT_IDENTIFIER":"{FED6D8AF-DD9B-4657-ADBA-2BF1945005E4}","GNIS_NAME":null,"FTYPE":458,"FCODE":45800}},{"type":"Feature","id":363578,"geometry":{"type":"Point","coordinates":[-122.48982965872064,41.16017722965145]},"properties":{"OBJECTID":363578,"PERMANENT_IDENTIFIER":"{760033C2-BF36-4B99-B68E-0212E1203034}","GNIS_NAME":null,"FTYPE":458,"FCODE":45800}},{"type":"Feature","id":363579,"geometry":{"type":"Point","coordinates":[-122.79130927394031,41.0238936030873]},"properties":{"OBJECTID":363579,"PERMANENT_IDENTIFIER":"{4FECC803-0A1D-4091-9674-B5BEAA6C3C7D}","GNIS_NAME":null,"FTYPE":458,"FCODE":45800}},{"type":"Feature","id":363581,"geometry":{"type":"Point","coordinates":[-122.87046533939233,41.20130004735559]},"properties":{"OBJECTID":363581,"PERMANENT_IDENTIFIER":"{4EE7A9EC-C648-4711-8E57-74DFDD4725B8}","GNIS_NAME":null,"FTYPE":458,"FCODE":45800}},{"type":"Feature","id":363583,"geometry":{"type":"Point","coordinates":[-122.50685538552561,41.32758248380476]},"properties":{"OBJECTID":363583,"PERMANENT_IDENTIFIER":"{A1B8D186-4EC9-4883-81A6-F393F48DC14D}","GNIS_NAME":null,"FTYPE":458,"FCODE":45800}},{"type":"Feature","id":363585,"geometry":{"type":"Point","coordinates":[-122.79683700804893,41.20237456944683]},"properties":{"OBJECTID":363585,"PERMANENT_IDENTIFIER":"{A6C0E3D6-73C6-4573-8DA8-068C73A9844E}","GNIS_NAME":null,"FTYPE":458,"FCODE":45800}},{"type":"Feature","id":363592,"geometry":{"type":"Point","coordinates":[-123.25830671905996,41.07708239058808]},"properties":{"OBJECTID":363592,"PERMANENT_IDENTIFIER":"{5B6DC9E9-F98A-40F4-AC2C-97563E91B024}","GNIS_NAME":null,"FTYPE":458,"FCODE":45800}},{"type":"Feature","id":363593,"geometry":{"type":"Point","coordinates":[-122.90688759735404,41.04356528199397]},"properties":{"OBJECTID":363593,"PERMANENT_IDENTIFIER":"{A8388960-8765-4CDA-AC08-358DE2878262}","GNIS_NAME":null,"FTYPE":458,"FCODE":45800}},{"type":"Feature","id":363594,"geometry":{"type":"Point","coordinates":[-123.25861712799666,41.08944083858048]},"properties":{"OBJECTID":363594,"PERMANENT_IDENTIFIER":"{7B400EDD-8D9C-4FF7-837D-A132FC78B2A7}","GNIS_NAME":null,"FTYPE":458,"FCODE":45800}},{"type":"Feature","id":363598,"geometry":{"type":"Point","coordinates":[-122.84276856439853,41.05292778842595]},"properties":{"OBJECTID":363598,"PERMANENT_IDENTIFIER":"{765B72FA-E1C5-416D-84B4-8EC3C26934E2}","GNIS_NAME":null,"FTYPE":458,"FCODE":45800}},{"type":"Feature","id":363599,"geometry":{"type":"Point","coordinates":[-123.25880882554793,41.07762175044869]},"properties":{"OBJECTID":363599,"PERMANENT_IDENTIFIER":"{8A7BFE04-09C8-49B7-80BB-1ACC5581758C}","GNIS_NAME":null,"FTYPE":458,"FCODE":45800}},{"type":"Feature","id":363604,"geometry":{"type":"Point","coordinates":[-122.66026368329622,41.28226029120501]},"properties":{"OBJECTID":363604,"PERMANENT_IDENTIFIER":"{B3BAEA42-1810-4F70-9B50-00450150E8F4}","GNIS_NAME":null,"FTYPE":458,"FCODE":45800}},{"type":"Feature","id":363605,"geometry":{"type":"Point","coordinates":[-122.65900047624223,41.28176112891045]},"properties":{"OBJECTID":363605,"PERMANENT_IDENTIFIER":"{2077B499-A556-4E97-815D-EAC685F49F4E}","GNIS_NAME":null,"FTYPE":458,"FCODE":45800}},{"type":"Feature","id":363608,"geometry":{"type":"Point","coordinates":[-123.25807574759904,41.081938293560036]},"properties":{"OBJECTID":363608,"PERMANENT_IDENTIFIER":"{53E46E9D-1549-4129-B096-603B5EB40FC4}","GNIS_NAME":null,"FTYPE":458,"FCODE":45800}},{"type":"Feature","id":363613,"geometry":{"type":"Point","coordinates":[-122.8954580155962,41.02555689542519]},"properties":{"OBJECTID":363613,"PERMANENT_IDENTIFIER":"{0A9D9F95-EBF2-472A-A132-6B1CB956368F}","GNIS_NAME":null,"FTYPE":458,"FCODE":45800}},{"type":"Feature","id":363615,"geometry":{"type":"Point","coordinates":[-123.27768598255746,41.01748415587907]},"properties":{"OBJECTID":363615,"PERMANENT_IDENTIFIER":"{115DEAC0-C6D1-4922-90F8-515CA97A3DD6}","GNIS_NAME":null,"FTYPE":458,"FCODE":45800}},{"type":"Feature","id":363618,"geometry":{"type":"Point","coordinates":[-122.50667242325603,41.30590008640086]},"properties":{"OBJECTID":363618,"PERMANENT_IDENTIFIER":"{C8AC18BC-ED6A-4DCB-8F97-F0A39ED5F300}","GNIS_NAME":null,"FTYPE":458,"FCODE":45800}},{"type":"Feature","id":363777,"geometry":{"type":"Point","coordinates":[-122.53555648899463,41.329593345673054]},"properties":{"OBJECTID":363777,"PERMANENT_IDENTIFIER":"{7B0784D3-99D3-408D-875B-C57CCCCAADF0}","GNIS_NAME":null,"FTYPE":458,"FCODE":45800}},{"type":"Feature","id":363778,"geometry":{"type":"Point","coordinates":[-123.27810790134475,41.08372918551305]},"properties":{"OBJECTID":363778,"PERMANENT_IDENTIFIER":"{DFED358D-364D-4B1C-9B60-614CD59A0E42}","GNIS_NAME":null,"FTYPE":458,"FCODE":45800}},{"type":"Feature","id":363781,"geometry":{"type":"Point","coordinates":[-122.51559310205002,41.30951400727956]},"properties":{"OBJECTID":363781,"PERMANENT_IDENTIFIER":"{467766AF-BC55-4AFB-A8A4-7DA4C288F869}","GNIS_NAME":null,"FTYPE":458,"FCODE":45800}},{"type":"Feature","id":363784,"geometry":{"type":"Point","coordinates":[-122.51326459539932,41.322214106642164]},"properties":{"OBJECTID":363784,"PERMANENT_IDENTIFIER":"{E946F52E-77F2-4328-ABC0-6A1BFA5FA661}","GNIS_NAME":null,"FTYPE":458,"FCODE":45800}},{"type":"Feature","id":363787,"geometry":{"type":"Point","coordinates":[-122.86666902135444,41.06805567196484]},"properties":{"OBJECTID":363787,"PERMANENT_IDENTIFIER":"{FAF4B72B-0310-4DDD-9E95-036598CC017A}","GNIS_NAME":null,"FTYPE":458,"FCODE":45800}},{"type":"Feature","id":363788,"geometry":{"type":"Point","coordinates":[-122.861274961508,41.08033664090697]},"properties":{"OBJECTID":363788,"PERMANENT_IDENTIFIER":"{06AABA05-F4E1-4A0F-B631-E1EF05CD8F92}","GNIS_NAME":null,"FTYPE":458,"FCODE":45800}},{"type":"Feature","id":363789,"geometry":{"type":"Point","coordinates":[-122.50618496228202,41.30559173452061]},"properties":{"OBJECTID":363789,"PERMANENT_IDENTIFIER":"{68CE46B7-5637-47BB-BBC3-6AFA7DCDF7F6}","GNIS_NAME":null,"FTYPE":458,"FCODE":45800}},{"type":"Feature","id":363793,"geometry":{"type":"Point","coordinates":[-122.83590764525339,41.03162256182654]},"properties":{"OBJECTID":363793,"PERMANENT_IDENTIFIER":"{3ED9E51C-FCCD-432C-932C-5D8CB4B90BC3}","GNIS_NAME":null,"FTYPE":458,"FCODE":45800}},{"type":"Feature","id":363796,"geometry":{"type":"Point","coordinates":[-123.19405964737362,41.053175254021696]},"properties":{"OBJECTID":363796,"PERMANENT_IDENTIFIER":"{FE5DFC21-3117-40B4-A3DB-5BB7AD751A42}","GNIS_NAME":null,"FTYPE":458,"FCODE":45800}},{"type":"Feature","id":363797,"geometry":{"type":"Point","coordinates":[-122.4582172341454,41.111298980805785]},"properties":{"OBJECTID":363797,"PERMANENT_IDENTIFIER":"{5AD8B085-BE61-4D3F-B3C2-23723D39E8F3}","GNIS_NAME":null,"FTYPE":458,"FCODE":45800}},{"type":"Feature","id":363799,"geometry":{"type":"Point","coordinates":[-122.85527431725075,41.03181954605346]},"properties":{"OBJECTID":363799,"PERMANENT_IDENTIFIER":"{3FBB91A9-40DC-4133-A7D8-96537C4919CB}","GNIS_NAME":null,"FTYPE":458,"FCODE":45800}},{"type":"Feature","id":363801,"geometry":{"type":"Point","coordinates":[-122.85044859699346,41.02997570635971]},"properties":{"OBJECTID":363801,"PERMANENT_IDENTIFIER":"{47E1E2CC-C347-4218-A4B0-EFEB9B2C341E}","GNIS_NAME":null,"FTYPE":458,"FCODE":45800}},{"type":"Feature","id":363802,"geometry":{"type":"Point","coordinates":[-122.91392418462647,41.05821821577414]},"properties":{"OBJECTID":363802,"PERMANENT_IDENTIFIER":"{6715F968-6C8D-44CD-8C54-9EA502DC0283}","GNIS_NAME":null,"FTYPE":458,"FCODE":45800}},{"type":"Feature","id":363803,"geometry":{"type":"Point","coordinates":[-122.51568766992851,41.30964952124405]},"properties":{"OBJECTID":363803,"PERMANENT_IDENTIFIER":"{412B8578-D23B-482C-AC32-9769378A2012}","GNIS_NAME":null,"FTYPE":458,"FCODE":45800}},{"type":"Feature","id":363804,"geometry":{"type":"Point","coordinates":[-122.86203923049962,41.06786107749708]},"properties":{"OBJECTID":363804,"PERMANENT_IDENTIFIER":"{8F8BC25B-0EB1-45B4-AB1F-F40F44ADD35D}","GNIS_NAME":null,"FTYPE":458,"FCODE":45800}},{"type":"Feature","id":363807,"geometry":{"type":"Point","coordinates":[-123.4381462987175,41.06108870151915]},"properties":{"OBJECTID":363807,"PERMANENT_IDENTIFIER":"{16999042-C8B9-46DD-A62C-BC2CC45C2689}","GNIS_NAME":null,"FTYPE":458,"FCODE":45800}},{"type":"Feature","id":363808,"geometry":{"type":"Point","coordinates":[-122.51445781718706,41.30956327083543]},"properties":{"OBJECTID":363808,"PERMANENT_IDENTIFIER":"{18EE5D20-D7E8-4668-A7FF-10B551E937B4}","GNIS_NAME":null,"FTYPE":458,"FCODE":45800}},{"type":"Feature","id":363809,"geometry":{"type":"Point","coordinates":[-123.1125908934665,41.07376000122794]},"properties":{"OBJECTID":363809,"PERMANENT_IDENTIFIER":"{6BDD5016-E90C-403F-A15A-1630B1D07B78}","GNIS_NAME":null,"FTYPE":458,"FCODE":45800}},{"type":"Feature","id":363812,"geometry":{"type":"Point","coordinates":[-122.95665645732936,41.17279014972904]},"properties":{"OBJECTID":363812,"PERMANENT_IDENTIFIER":"{98B4F93E-F1F1-4BE6-9EC7-796C89EFBC9D}","GNIS_NAME":null,"FTYPE":458,"FCODE":45800}},{"type":"Feature","id":363813,"geometry":{"type":"Point","coordinates":[-122.92984286145453,41.15196843082914]},"properties":{"OBJECTID":363813,"PERMANENT_IDENTIFIER":"{DDDEC3CB-5D52-478C-92C8-8BAAFD790276}","GNIS_NAME":null,"FTYPE":458,"FCODE":45800}},{"type":"Feature","id":363816,"geometry":{"type":"Point","coordinates":[-123.08185674813632,41.055796770211295]},"properties":{"OBJECTID":363816,"PERMANENT_IDENTIFIER":"{A29E562F-ABCC-48D5-9120-395B1FA73418}","GNIS_NAME":null,"FTYPE":458,"FCODE":45800}},{"type":"Feature","id":363817,"geometry":{"type":"Point","coordinates":[-122.85549934310124,41.09736421358654]},"properties":{"OBJECTID":363817,"PERMANENT_IDENTIFIER":"{9374ED28-F175-4523-9A1A-9617410F0FB4}","GNIS_NAME":null,"FTYPE":458,"FCODE":45800}},{"type":"Feature","id":363820,"geometry":{"type":"Point","coordinates":[-123.22347934664141,41.02584486597432]},"properties":{"OBJECTID":363820,"PERMANENT_IDENTIFIER":"{FF605B5D-A0F9-468F-9DCA-4682B83E6F29}","GNIS_NAME":null,"FTYPE":458,"FCODE":45800}},{"type":"Feature","id":363821,"geometry":{"type":"Point","coordinates":[-122.51130191859924,41.24743214304845]},"properties":{"OBJECTID":363821,"PERMANENT_IDENTIFIER":"{523BB2F0-B18C-4BB6-A96B-02A457661802}","GNIS_NAME":null,"FTYPE":458,"FCODE":45800}},{"type":"Feature","id":363823,"geometry":{"type":"Point","coordinates":[-122.90552439603752,41.00681911881797]},"properties":{"OBJECTID":363823,"PERMANENT_IDENTIFIER":"{BA9FC5D0-A3BE-436C-B010-F3DF1116C890}","GNIS_NAME":null,"FTYPE":458,"FCODE":45800}},{"type":"Feature","id":363825,"geometry":{"type":"Point","coordinates":[-122.73437372042093,41.24090161624883]},"properties":{"OBJECTID":363825,"PERMANENT_IDENTIFIER":"{EB0EAA77-3711-4770-AFB5-A6A84F728DE1}","GNIS_NAME":null,"FTYPE":458,"FCODE":45800}},{"type":"Feature","id":363827,"geometry":{"type":"Point","coordinates":[-122.86279376113492,41.06562791703501]},"properties":{"OBJECTID":363827,"PERMANENT_IDENTIFIER":"{4189E588-5981-415A-9C23-B5F2137841F0}","GNIS_NAME":null,"FTYPE":458,"FCODE":45800}},{"type":"Feature","id":363830,"geometry":{"type":"Point","coordinates":[-122.64283025763953,41.058518246383365]},"properties":{"OBJECTID":363830,"PERMANENT_IDENTIFIER":"{A2B710E1-F873-4940-B458-B52785473888}","GNIS_NAME":null,"FTYPE":458,"FCODE":45800}},{"type":"Feature","id":363831,"geometry":{"type":"Point","coordinates":[-122.78779780828722,41.06533460690809]},"properties":{"OBJECTID":363831,"PERMANENT_IDENTIFIER":"{E2A7C101-3A04-4FB8-A579-7E918DAB0324}","GNIS_NAME":null,"FTYPE":458,"FCODE":45800}},{"type":"Feature","id":363842,"geometry":{"type":"Point","coordinates":[-122.50400425930262,41.31276153935658]},"properties":{"OBJECTID":363842,"PERMANENT_IDENTIFIER":"{6AECCB8D-54FE-455A-AA31-FB04EBD74080}","GNIS_NAME":null,"FTYPE":458,"FCODE":45800}},{"type":"Feature","id":363845,"geometry":{"type":"Point","coordinates":[-122.88959318910082,41.04716246626449]},"properties":{"OBJECTID":363845,"PERMANENT_IDENTIFIER":"{BEB8645B-F2A9-4A83-9DB1-E1D03DA79434}","GNIS_NAME":null,"FTYPE":458,"FCODE":45800}},{"type":"Feature","id":363847,"geometry":{"type":"Point","coordinates":[-122.4737231946675,41.168032024195504]},"properties":{"OBJECTID":363847,"PERMANENT_IDENTIFIER":"{C24DB704-9F46-4ABA-B867-39699900355E}","GNIS_NAME":null,"FTYPE":458,"FCODE":45800}},{"type":"Feature","id":363848,"geometry":{"type":"Point","coordinates":[-122.74406853558905,41.16337281317693]},"properties":{"OBJECTID":363848,"PERMANENT_IDENTIFIER":"{2F2E81CC-963E-4D5C-A8D5-4E315D9081FA}","GNIS_NAME":null,"FTYPE":458,"FCODE":45800}},{"type":"Feature","id":363850,"geometry":{"type":"Point","coordinates":[-122.8708254900092,41.03649523665087]},"properties":{"OBJECTID":363850,"PERMANENT_IDENTIFIER":"{AA47BFB6-71EE-46F2-AA88-F00C9B2FA2AA}","GNIS_NAME":null,"FTYPE":458,"FCODE":45800}},{"type":"Feature","id":363851,"geometry":{"type":"Point","coordinates":[-122.86694002735528,41.0694162395386]},"properties":{"OBJECTID":363851,"PERMANENT_IDENTIFIER":"{02851BB6-4CFF-447C-BEDB-F0467ACB9879}","GNIS_NAME":null,"FTYPE":458,"FCODE":45800}},{"type":"Feature","id":363852,"geometry":{"type":"Point","coordinates":[-122.78352057111164,41.175209003511405]},"properties":{"OBJECTID":363852,"PERMANENT_IDENTIFIER":"{6D128F2A-D9B2-4E61-A82D-773F9774E220}","GNIS_NAME":null,"FTYPE":458,"FCODE":45800}},{"type":"Feature","id":363855,"geometry":{"type":"Point","coordinates":[-122.49686726259465,41.14394845871433]},"properties":{"OBJECTID":363855,"PERMANENT_IDENTIFIER":"{4DF2F0C4-C9FA-4AEA-8000-BC1D555E99D8}","GNIS_NAME":null,"FTYPE":458,"FCODE":45800}},{"type":"Feature","id":363860,"geometry":{"type":"Point","coordinates":[-122.4799331818491,41.09434637249488]},"properties":{"OBJECTID":363860,"PERMANENT_IDENTIFIER":"{940129FC-36E6-465A-89A7-07DB12F0DC2E}","GNIS_NAME":null,"FTYPE":458,"FCODE":45800}},{"type":"Feature","id":363862,"geometry":{"type":"Point","coordinates":[-122.78279644591596,41.17426178680892]},"properties":{"OBJECTID":363862,"PERMANENT_IDENTIFIER":"{65506F0D-D451-4376-A917-A579D7919A24}","GNIS_NAME":null,"FTYPE":458,"FCODE":45800}},{"type":"Feature","id":363863,"geometry":{"type":"Point","coordinates":[-122.90610723754696,41.006720494375536]},"properties":{"OBJECTID":363863,"PERMANENT_IDENTIFIER":"{5C0DFE25-0CE0-48C4-A9F9-EE6658779775}","GNIS_NAME":null,"FTYPE":458,"FCODE":45800}},{"type":"Feature","id":363864,"geometry":{"type":"Point","coordinates":[-122.52134136898398,41.31577138068366]},"properties":{"OBJECTID":363864,"PERMANENT_IDENTIFIER":"{189D9029-E549-4AC9-9E05-6F0FA1F232AF}","GNIS_NAME":null,"FTYPE":458,"FCODE":45800}},{"type":"Feature","id":363865,"geometry":{"type":"Point","coordinates":[-123.09627653491218,41.02056317278699]},"properties":{"OBJECTID":363865,"PERMANENT_IDENTIFIER":"{2B2D6CED-0791-429A-990D-B2F4229334A2}","GNIS_NAME":null,"FTYPE":458,"FCODE":45800}},{"type":"Feature","id":363866,"geometry":{"type":"Point","coordinates":[-122.93236765337029,41.153726501438804]},"properties":{"OBJECTID":363866,"PERMANENT_IDENTIFIER":"{351BA1D1-FC41-4BFA-BB4C-6A4EDCC83F23}","GNIS_NAME":null,"FTYPE":458,"FCODE":45800}},{"type":"Feature","id":363872,"geometry":{"type":"Point","coordinates":[-122.4761872589467,41.16847562720102]},"properties":{"OBJECTID":363872,"PERMANENT_IDENTIFIER":"{46059C0E-5C17-4523-BD04-876CCFFD2ADF}","GNIS_NAME":null,"FTYPE":458,"FCODE":45800}},{"type":"Feature","id":363874,"geometry":{"type":"Point","coordinates":[-122.71359257272053,40.98191924363837]},"properties":{"OBJECTID":363874,"PERMANENT_IDENTIFIER":"{F131CC8B-9DC3-45C9-A661-419E937213A5}","GNIS_NAME":null,"FTYPE":458,"FCODE":45800}},{"type":"Feature","id":363876,"geometry":{"type":"Point","coordinates":[-122.46013230548128,41.09854333580259]},"properties":{"OBJECTID":363876,"PERMANENT_IDENTIFIER":"{B9D989DD-FD4B-4047-B000-2D5F8E3BF0CD}","GNIS_NAME":null,"FTYPE":458,"FCODE":45800}},{"type":"Feature","id":363878,"geometry":{"type":"Point","coordinates":[-122.63316345884533,41.09116096883127]},"properties":{"OBJECTID":363878,"PERMANENT_IDENTIFIER":"{2EA429C2-BA11-437D-989C-6D9F84B5BF2B}","GNIS_NAME":null,"FTYPE":458,"FCODE":45800}},{"type":"Feature","id":363880,"geometry":{"type":"Point","coordinates":[-122.48472354892829,41.174432390132765]},"properties":{"OBJECTID":363880,"PERMANENT_IDENTIFIER":"{58A4E391-0FF9-4F0C-B632-4F5CE29E395B}","GNIS_NAME":null,"FTYPE":458,"FCODE":45800}},{"type":"Feature","id":363882,"geometry":{"type":"Point","coordinates":[-122.86915735296405,41.19930779074164]},"properties":{"OBJECTID":363882,"PERMANENT_IDENTIFIER":"{24A838FC-CFD8-4389-AABF-D79D9C9BBC85}","GNIS_NAME":null,"FTYPE":458,"FCODE":45800}},{"type":"Feature","id":363883,"geometry":{"type":"Point","coordinates":[-122.80505265960556,41.15895150133814]},"properties":{"OBJECTID":363883,"PERMANENT_IDENTIFIER":"{BF2CF498-8542-4240-B461-D1C1609BA36A}","GNIS_NAME":null,"FTYPE":458,"FCODE":45800}},{"type":"Feature","id":363886,"geometry":{"type":"Point","coordinates":[-122.87084226549595,41.20370562130447]},"properties":{"OBJECTID":363886,"PERMANENT_IDENTIFIER":"{4DA1F485-A57C-46F7-85AC-5D0015C3B437}","GNIS_NAME":null,"FTYPE":458,"FCODE":45800}},{"type":"Feature","id":363888,"geometry":{"type":"Point","coordinates":[-122.84262489580873,41.05328792739408]},"properties":{"OBJECTID":363888,"PERMANENT_IDENTIFIER":"{4C54CE80-E39B-4003-82B0-B6E6EE56EBDB}","GNIS_NAME":null,"FTYPE":458,"FCODE":45800}},{"type":"Feature","id":363889,"geometry":{"type":"Point","coordinates":[-122.861760592183,41.02480995544486]},"properties":{"OBJECTID":363889,"PERMANENT_IDENTIFIER":"{A0905DA7-1D5E-4DAA-A58C-002D0117505F}","GNIS_NAME":null,"FTYPE":458,"FCODE":45800}},{"type":"Feature","id":363890,"geometry":{"type":"Point","coordinates":[-123.07507660979614,40.98531158584195]},"properties":{"OBJECTID":363890,"PERMANENT_IDENTIFIER":"{819CC18D-5D84-43D8-AAF5-027706ED9486}","GNIS_NAME":null,"FTYPE":458,"FCODE":45800}},{"type":"Feature","id":370966,"geometry":{"type":"Point","coordinates":[-122.98929526969744,42.00358208235631]},"properties":{"OBJECTID":370966,"PERMANENT_IDENTIFIER":"145152989","GNIS_NAME":"Nicks Spring","FTYPE":458,"FCODE":45800}},{"type":"Feature","id":792968,"geometry":{"type":"Point","coordinates":[-122.3879609421218,41.767102653904544]},"properties":{"OBJECTID":792968,"PERMANENT_IDENTIFIER":"{0A00E373-AD89-4AA1-ADD6-EF5F127B11C8}","GNIS_NAME":null,"FTYPE":458,"FCODE":45800}},{"type":"Feature","id":792969,"geometry":{"type":"Point","coordinates":[-122.32648613459791,41.780193059931946]},"properties":{"OBJECTID":792969,"PERMANENT_IDENTIFIER":"{3D2FA825-1BCA-41A9-B619-551006A45947}","GNIS_NAME":null,"FTYPE":458,"FCODE":45800}},{"type":"Feature","id":792970,"geometry":{"type":"Point","coordinates":[-122.33229566816499,41.77995065964286]},"properties":{"OBJECTID":792970,"PERMANENT_IDENTIFIER":"{8378AE52-1D4A-4300-9B98-346BC032EE0C}","GNIS_NAME":null,"FTYPE":458,"FCODE":45800}},{"type":"Feature","id":792971,"geometry":{"type":"Point","coordinates":[-122.32917593333114,41.77034292547497]},"properties":{"OBJECTID":792971,"PERMANENT_IDENTIFIER":"{3D83E186-B39F-4DD1-AF6F-3BB65275AEB9}","GNIS_NAME":null,"FTYPE":458,"FCODE":45800}},{"type":"Feature","id":792972,"geometry":{"type":"Point","coordinates":[-122.340746270184,41.780651725315415]},"properties":{"OBJECTID":792972,"PERMANENT_IDENTIFIER":"{7DD55A31-727F-4598-9A1A-3FDAA82A6575}","GNIS_NAME":null,"FTYPE":458,"FCODE":45800}},{"type":"Feature","id":792973,"geometry":{"type":"Point","coordinates":[-122.313958873911,41.77936237046322]},"properties":{"OBJECTID":792973,"PERMANENT_IDENTIFIER":"{77952C7F-1AED-4682-A104-EE68DF7A2A72}","GNIS_NAME":null,"FTYPE":458,"FCODE":45800}},{"type":"Feature","id":792974,"geometry":{"type":"Point","coordinates":[-122.53483711695759,41.4917913383141]},"properties":{"OBJECTID":792974,"PERMANENT_IDENTIFIER":"{6A6149A7-2E54-4138-A403-ABACF3667AF3}","GNIS_NAME":null,"FTYPE":458,"FCODE":45800}},{"type":"Feature","id":792975,"geometry":{"type":"Point","coordinates":[-122.41922814461931,41.757805450517154]},"properties":{"OBJECTID":792975,"PERMANENT_IDENTIFIER":"{0F1A9D24-68EE-4572-98EF-66A5D30CDF7A}","GNIS_NAME":null,"FTYPE":458,"FCODE":45800}},{"type":"Feature","id":792976,"geometry":{"type":"Point","coordinates":[-122.61322564822278,41.58508036907379]},"properties":{"OBJECTID":792976,"PERMANENT_IDENTIFIER":"{84805CC4-DFA5-4A11-B675-5FBBEC039F47}","GNIS_NAME":null,"FTYPE":458,"FCODE":45800}},{"type":"Feature","id":792977,"geometry":{"type":"Point","coordinates":[-122.45230284910379,41.537232231984945]},"properties":{"OBJECTID":792977,"PERMANENT_IDENTIFIER":"{E8453AD7-9403-40D4-8172-6E79ED78BD9C}","GNIS_NAME":null,"FTYPE":458,"FCODE":45800}},{"type":"Feature","id":792978,"geometry":{"type":"Point","coordinates":[-122.52189269792574,41.785326909492106]},"properties":{"OBJECTID":792978,"PERMANENT_IDENTIFIER":"{3B4273A1-F8DE-4311-AF8E-19C66D2AAA7A}","GNIS_NAME":null,"FTYPE":458,"FCODE":45800}},{"type":"Feature","id":792979,"geometry":{"type":"Point","coordinates":[-122.62451195055044,41.59464762092195]},"properties":{"OBJECTID":792979,"PERMANENT_IDENTIFIER":"{D408FBE9-76AB-4BB8-BF6C-CC17AC71E86B}","GNIS_NAME":null,"FTYPE":458,"FCODE":45800}},{"type":"Feature","id":792980,"geometry":{"type":"Point","coordinates":[-122.62764648489727,41.5976614206385]},"properties":{"OBJECTID":792980,"PERMANENT_IDENTIFIER":"{9BE26547-8315-4C99-A2B3-B664B07DBDA6}","GNIS_NAME":null,"FTYPE":458,"FCODE":45800}},{"type":"Feature","id":792981,"geometry":{"type":"Point","coordinates":[-122.56371475219701,41.666007031077456]},"properties":{"OBJECTID":792981,"PERMANENT_IDENTIFIER":"{7AECB14A-E0CC-42F0-B697-22C3CA3D6A61}","GNIS_NAME":null,"FTYPE":458,"FCODE":45800}},{"type":"Feature","id":792982,"geometry":{"type":"Point","coordinates":[-122.49165669464955,41.795200846604075]},"properties":{"OBJECTID":792982,"PERMANENT_IDENTIFIER":"{26907D76-F048-447E-9DC7-9B54FCFFD72C}","GNIS_NAME":null,"FTYPE":458,"FCODE":45800}},{"type":"Feature","id":792983,"geometry":{"type":"Point","coordinates":[-122.53701314689944,41.6572412325729]},"properties":{"OBJECTID":792983,"PERMANENT_IDENTIFIER":"{B323E5A7-CDE0-4A48-A168-2C221690D1C1}","GNIS_NAME":null,"FTYPE":458,"FCODE":45800}},{"type":"Feature","id":792984,"geometry":{"type":"Point","coordinates":[-122.30456524230644,41.63747725194723]},"properties":{"OBJECTID":792984,"PERMANENT_IDENTIFIER":"{399618EF-9F15-40F8-B180-BF5F16C0D308}","GNIS_NAME":null,"FTYPE":458,"FCODE":45800}},{"type":"Feature","id":792985,"geometry":{"type":"Point","coordinates":[-122.30422890846889,41.635099718785604]},"properties":{"OBJECTID":792985,"PERMANENT_IDENTIFIER":"{FB5553D2-C86D-4991-AD65-F8F28C91C571}","GNIS_NAME":null,"FTYPE":458,"FCODE":45800}},{"type":"Feature","id":792986,"geometry":{"type":"Point","coordinates":[-122.306417241683,41.63551171833332]},"properties":{"OBJECTID":792986,"PERMANENT_IDENTIFIER":"{A8A2930F-1720-4A31-9D2C-3256D0C17B4A}","GNIS_NAME":null,"FTYPE":458,"FCODE":45800}},{"type":"Feature","id":792987,"geometry":{"type":"Point","coordinates":[-122.30275790784545,41.634050918423014]},"properties":{"OBJECTID":792987,"PERMANENT_IDENTIFIER":"{2E431C89-5102-45CE-92AC-185A788F4003}","GNIS_NAME":null,"FTYPE":458,"FCODE":45800}},{"type":"Feature","id":792988,"geometry":{"type":"Point","coordinates":[-122.61621422376477,41.61534273576992]},"properties":{"OBJECTID":792988,"PERMANENT_IDENTIFIER":"{D83D622F-B509-471D-B9C9-A666E383C891}","GNIS_NAME":null,"FTYPE":458,"FCODE":45800}},{"type":"Feature","id":792989,"geometry":{"type":"Point","coordinates":[-122.3302707133329,41.640550650153074]},"properties":{"OBJECTID":792989,"PERMANENT_IDENTIFIER":"{486CB7E4-30D7-496E-945E-2A008F3ED21A}","GNIS_NAME":null,"FTYPE":458,"FCODE":45800}},{"type":"Feature","id":792990,"geometry":{"type":"Point","coordinates":[-122.24731310636305,41.67713345978986]},"properties":{"OBJECTID":792990,"PERMANENT_IDENTIFIER":"{7636F4A7-E75C-46C1-8657-1FA074A4274B}","GNIS_NAME":null,"FTYPE":458,"FCODE":45800}},{"type":"Feature","id":792991,"geometry":{"type":"Point","coordinates":[-122.52740050997328,41.489476728508016]},"properties":{"OBJECTID":792991,"PERMANENT_IDENTIFIER":"{04631826-FF91-403D-A972-17264E567DC3}","GNIS_NAME":null,"FTYPE":458,"FCODE":45800}},{"type":"Feature","id":792992,"geometry":{"type":"Point","coordinates":[-122.52679613981847,41.489730157602466]},"properties":{"OBJECTID":792992,"PERMANENT_IDENTIFIER":"{68D81A5A-C754-4090-8DD5-8824EFA1363B}","GNIS_NAME":null,"FTYPE":458,"FCODE":45800}},{"type":"Feature","id":792993,"geometry":{"type":"Point","coordinates":[-122.52606105259868,41.48896162235942]},"properties":{"OBJECTID":792993,"PERMANENT_IDENTIFIER":"{A38468BB-79D9-4B06-A33D-2A75D36987C4}","GNIS_NAME":null,"FTYPE":458,"FCODE":45800}},{"type":"Feature","id":792994,"geometry":{"type":"Point","coordinates":[-122.38916134359312,41.78001145417269]},"properties":{"OBJECTID":792994,"PERMANENT_IDENTIFIER":"{5D964691-B2E7-43A3-8C3A-5831782B783A}","GNIS_NAME":null,"FTYPE":458,"FCODE":45800}},{"type":"Feature","id":792995,"geometry":{"type":"Point","coordinates":[-122.56813835502616,41.67671369809933]},"properties":{"OBJECTID":792995,"PERMANENT_IDENTIFIER":"{4E18F28D-6901-4906-9716-6407A4B14FFE}","GNIS_NAME":null,"FTYPE":458,"FCODE":45800}},{"type":"Feature","id":792996,"geometry":{"type":"Point","coordinates":[-122.55183615198824,41.67416023261503]},"properties":{"OBJECTID":792996,"PERMANENT_IDENTIFIER":"{B19B192A-8D14-4DB8-93C5-41599D12C4F4}","GNIS_NAME":null,"FTYPE":458,"FCODE":45800}},{"type":"Feature","id":792997,"geometry":{"type":"Point","coordinates":[-122.4409040817154,41.75601684846061]},"properties":{"OBJECTID":792997,"PERMANENT_IDENTIFIER":"{AE7A0158-0C80-4EEF-B650-10B915A6E2A0}","GNIS_NAME":null,"FTYPE":458,"FCODE":45800}},{"type":"Feature","id":792998,"geometry":{"type":"Point","coordinates":[-122.43477374740009,41.76130424945683]},"properties":{"OBJECTID":792998,"PERMANENT_IDENTIFIER":"{EA31D1B1-C724-46E2-9BCF-60C2CF67D52B}","GNIS_NAME":null,"FTYPE":458,"FCODE":45800}},{"type":"Feature","id":792999,"geometry":{"type":"Point","coordinates":[-122.20442143427964,41.68577306456405]},"properties":{"OBJECTID":792999,"PERMANENT_IDENTIFIER":"{7D631AC9-5EF2-4D2F-ADFA-4AE8FCCF67EC}","GNIS_NAME":null,"FTYPE":458,"FCODE":45800}},{"type":"Feature","id":793000,"geometry":{"type":"Point","coordinates":[-122.20412850110895,41.68597626447238]},"properties":{"OBJECTID":793000,"PERMANENT_IDENTIFIER":"{0A67BA48-F01F-4482-9A07-37E7DAABB92F}","GNIS_NAME":null,"FTYPE":458,"FCODE":45800}},{"type":"Feature","id":793001,"geometry":{"type":"Point","coordinates":[-122.46937406804871,41.53149455693087]},"properties":{"OBJECTID":793001,"PERMANENT_IDENTIFIER":"{37E9DECA-EFDA-4591-9571-C1D2BDB5917F}","GNIS_NAME":null,"FTYPE":458,"FCODE":45800}},{"type":"Feature","id":793002,"geometry":{"type":"Point","coordinates":[-122.46816011778613,41.535417096898954]},"properties":{"OBJECTID":793002,"PERMANENT_IDENTIFIER":"{EE7AA0A4-9797-4E5B-941A-F392F23EE16D}","GNIS_NAME":null,"FTYPE":458,"FCODE":45800}},{"type":"Feature","id":793003,"geometry":{"type":"Point","coordinates":[-122.46783151719612,41.535949697154194]},"properties":{"OBJECTID":793003,"PERMANENT_IDENTIFIER":"{55359A67-CFE7-484D-A561-F53443476640}","GNIS_NAME":null,"FTYPE":458,"FCODE":45800}},{"type":"Feature","id":793004,"geometry":{"type":"Point","coordinates":[-122.46691011718775,41.53470363051716]},"properties":{"OBJECTID":793004,"PERMANENT_IDENTIFIER":"{94F28E16-8FC0-48B3-A6F2-1E457B5EC6D4}","GNIS_NAME":null,"FTYPE":458,"FCODE":45800}},{"type":"Feature","id":793005,"geometry":{"type":"Point","coordinates":[-122.26315150912616,41.67793785859596]},"properties":{"OBJECTID":793005,"PERMANENT_IDENTIFIER":"{4B6AB83D-7AE0-4B01-AA5A-50D70ADBFA2A}","GNIS_NAME":null,"FTYPE":458,"FCODE":45800}},{"type":"Feature","id":793006,"geometry":{"type":"Point","coordinates":[-122.25856730822146,41.67745265864034]},"properties":{"OBJECTID":793006,"PERMANENT_IDENTIFIER":"{A890540E-02F6-41CC-BE3F-2894544A2BB0}","GNIS_NAME":null,"FTYPE":458,"FCODE":45800}},{"type":"Feature","id":793007,"geometry":{"type":"Point","coordinates":[-122.36342882076762,41.444517233767556]},"properties":{"OBJECTID":793007,"PERMANENT_IDENTIFIER":"{8C5032A7-C692-41E7-BB56-AF0E2301E7ED}","GNIS_NAME":null,"FTYPE":458,"FCODE":45800}},{"type":"Feature","id":793008,"geometry":{"type":"Point","coordinates":[-122.23532592020379,41.778720467814146]},"properties":{"OBJECTID":793008,"PERMANENT_IDENTIFIER":"{68F8868C-0EF2-4068-B609-AD8EB33D30C2}","GNIS_NAME":null,"FTYPE":458,"FCODE":45800}},{"type":"Feature","id":793009,"geometry":{"type":"Point","coordinates":[-122.23492225342076,41.77844066797386]},"properties":{"OBJECTID":793009,"PERMANENT_IDENTIFIER":"{450FDB93-97D1-4449-A359-17C0E245B729}","GNIS_NAME":null,"FTYPE":458,"FCODE":45800}},{"type":"Feature","id":793010,"geometry":{"type":"Point","coordinates":[-122.24276572162707,41.78120973401826]},"properties":{"OBJECTID":793010,"PERMANENT_IDENTIFIER":"{31F66F2F-55CD-464E-B343-000C120F4583}","GNIS_NAME":null,"FTYPE":458,"FCODE":45800}},{"type":"Feature","id":793011,"geometry":{"type":"Point","coordinates":[-122.32009765840174,41.72625925698649]},"properties":{"OBJECTID":793011,"PERMANENT_IDENTIFIER":"{152BC6BA-B7F2-4D1A-A6D4-949FE843E4A1}","GNIS_NAME":null,"FTYPE":458,"FCODE":45800}},{"type":"Feature","id":793012,"geometry":{"type":"Point","coordinates":[-122.31382392291378,41.71872105655626]},"properties":{"OBJECTID":793012,"PERMANENT_IDENTIFIER":"{A6EA41C5-A61F-4A3B-B31D-725F9DDD3056}","GNIS_NAME":null,"FTYPE":458,"FCODE":45800}},{"type":"Feature","id":793013,"geometry":{"type":"Point","coordinates":[-122.32251077918411,41.7313229615118]},"properties":{"OBJECTID":793013,"PERMANENT_IDENTIFIER":"{EC903D82-BF9D-488C-A582-F2853C836A6C}","GNIS_NAME":null,"FTYPE":458,"FCODE":45800}},{"type":"Feature","id":793014,"geometry":{"type":"Point","coordinates":[-122.32729752832708,41.73990805698592]},"properties":{"OBJECTID":793014,"PERMANENT_IDENTIFIER":"{14A2811A-7389-45E6-A6C2-791BEE45201A}","GNIS_NAME":null,"FTYPE":458,"FCODE":45800}},{"type":"Feature","id":793015,"geometry":{"type":"Point","coordinates":[-122.3447689553205,41.75479847772293]},"properties":{"OBJECTID":793015,"PERMANENT_IDENTIFIER":"{393CE964-D09E-4822-8A6C-8E340363CEFF}","GNIS_NAME":null,"FTYPE":458,"FCODE":45800}},{"type":"Feature","id":793016,"geometry":{"type":"Point","coordinates":[-122.31866533025939,41.76287692611451]},"properties":{"OBJECTID":793016,"PERMANENT_IDENTIFIER":"{BB0B2836-7ECD-46AB-A93B-8F4C642FD3F3}","GNIS_NAME":null,"FTYPE":458,"FCODE":45800}},{"type":"Feature","id":793017,"geometry":{"type":"Point","coordinates":[-122.36006153668751,41.76195565576786]},"properties":{"OBJECTID":793017,"PERMANENT_IDENTIFIER":"{6280CDFC-6065-4740-A63B-A85413514AF3}","GNIS_NAME":null,"FTYPE":458,"FCODE":45800}},{"type":"Feature","id":793018,"geometry":{"type":"Point","coordinates":[-122.3697887374312,41.75742152123757]},"properties":{"OBJECTID":793018,"PERMANENT_IDENTIFIER":"{010F3DFB-4910-471D-BC6A-5945BC9A9C7C}","GNIS_NAME":null,"FTYPE":458,"FCODE":45800}},{"type":"Feature","id":793019,"geometry":{"type":"Point","coordinates":[-122.3690381379328,41.76269285518681]},"properties":{"OBJECTID":793019,"PERMANENT_IDENTIFIER":"{2A6ACD2C-AA09-4DDE-99BD-E4C405911DB5}","GNIS_NAME":null,"FTYPE":458,"FCODE":45800}},{"type":"Feature","id":793020,"geometry":{"type":"Point","coordinates":[-122.34804233746381,41.77564225789033]},"properties":{"OBJECTID":793020,"PERMANENT_IDENTIFIER":"{F9A9E14D-C9AA-4B17-9F13-F15EC2D6FFE1}","GNIS_NAME":null,"FTYPE":458,"FCODE":45800}},{"type":"Feature","id":793021,"geometry":{"type":"Point","coordinates":[-122.32673533413084,41.7792103266241]},"properties":{"OBJECTID":793021,"PERMANENT_IDENTIFIER":"{033254BC-C9C1-4D17-8F25-E55BFBF927D4}","GNIS_NAME":null,"FTYPE":458,"FCODE":45800}},{"type":"Feature","id":793022,"geometry":{"type":"Point","coordinates":[-122.41879067609413,41.74571491586822]},"properties":{"OBJECTID":793022,"PERMANENT_IDENTIFIER":"{730D8CAC-29C4-46A3-A766-D34AC17901D1}","GNIS_NAME":null,"FTYPE":458,"FCODE":45800}},{"type":"Feature","id":793023,"geometry":{"type":"Point","coordinates":[-122.20624122809295,41.64392432805922]},"properties":{"OBJECTID":793023,"PERMANENT_IDENTIFIER":"{21A730B8-8741-49D4-8E1A-3D2E1AA4DF0C}","GNIS_NAME":null,"FTYPE":458,"FCODE":45800}},{"type":"Feature","id":793024,"geometry":{"type":"Point","coordinates":[-122.18318142988073,41.674793265187105]},"properties":{"OBJECTID":793024,"PERMANENT_IDENTIFIER":"{13048965-4B53-42DD-B851-C37834F3A7A1}","GNIS_NAME":null,"FTYPE":458,"FCODE":45800}},{"type":"Feature","id":793025,"geometry":{"type":"Point","coordinates":[-122.18362809568463,41.67483166540684]},"properties":{"OBJECTID":793025,"PERMANENT_IDENTIFIER":"{CB246834-0110-4BA4-B0F0-8BCE826203CF}","GNIS_NAME":null,"FTYPE":458,"FCODE":45800}},{"type":"Feature","id":793028,"geometry":{"type":"Point","coordinates":[-122.29585030618966,41.6294875190385]},"properties":{"OBJECTID":793028,"PERMANENT_IDENTIFIER":"{3C7715FD-EBA2-4554-9919-D7C097D03680}","GNIS_NAME":null,"FTYPE":458,"FCODE":45800}},{"type":"Feature","id":793029,"geometry":{"type":"Point","coordinates":[-122.31326771178719,41.65059985193002]},"properties":{"OBJECTID":793029,"PERMANENT_IDENTIFIER":"{616227B3-AAE1-424E-BFEC-2A53C8F9F52E}","GNIS_NAME":null,"FTYPE":458,"FCODE":45800}},{"type":"Feature","id":793030,"geometry":{"type":"Point","coordinates":[-122.48737944082545,41.44933622326396]},"properties":{"OBJECTID":793030,"PERMANENT_IDENTIFIER":"{67F8E024-5F02-4D95-9975-AE1A61634E8F}","GNIS_NAME":null,"FTYPE":458,"FCODE":45800}},{"type":"Feature","id":793031,"geometry":{"type":"Point","coordinates":[-122.39000050917075,41.559724838964634]},"properties":{"OBJECTID":793031,"PERMANENT_IDENTIFIER":"{DF95361B-29B6-4D62-BB7E-4F4C4615130B}","GNIS_NAME":null,"FTYPE":458,"FCODE":45800}},{"type":"Feature","id":793032,"geometry":{"type":"Point","coordinates":[-122.38483190907742,41.559887239589365]},"properties":{"OBJECTID":793032,"PERMANENT_IDENTIFIER":"{1C38C712-1935-4A0A-9A7D-5F0F33560CEC}","GNIS_NAME":null,"FTYPE":458,"FCODE":45800}},{"type":"Feature","id":793035,"geometry":{"type":"Point","coordinates":[-122.30180864546217,41.66360112049949]},"properties":{"OBJECTID":793035,"PERMANENT_IDENTIFIER":"{A7BE3B0D-62E9-4F71-BAA3-FE2874B9F442}","GNIS_NAME":null,"FTYPE":458,"FCODE":45800}},{"type":"Feature","id":793036,"geometry":{"type":"Point","coordinates":[-122.30209411280245,41.66377685393929]},"properties":{"OBJECTID":793036,"PERMANENT_IDENTIFIER":"{3B2E2D64-29C9-48D4-B6DC-8488A7A704C0}","GNIS_NAME":null,"FTYPE":458,"FCODE":45800}},{"type":"Feature","id":793037,"geometry":{"type":"Point","coordinates":[-122.42500014508987,41.75318864926582]},"properties":{"OBJECTID":793037,"PERMANENT_IDENTIFIER":"{15D0ABAA-D234-4D65-84B8-DCC91854CE74}","GNIS_NAME":null,"FTYPE":458,"FCODE":45800}},{"type":"Feature","id":793038,"geometry":{"type":"Point","coordinates":[-122.43770714655358,41.75053184806751]},"properties":{"OBJECTID":793038,"PERMANENT_IDENTIFIER":"{ED7B7F1E-4FA4-493A-B870-1E243FD9F9E5}","GNIS_NAME":null,"FTYPE":458,"FCODE":45800}},{"type":"Feature","id":793039,"geometry":{"type":"Point","coordinates":[-122.43115854572476,41.74870884826371]},"properties":{"OBJECTID":793039,"PERMANENT_IDENTIFIER":"{DE6CE32F-895B-49EB-9371-ECBD79C2A813}","GNIS_NAME":null,"FTYPE":458,"FCODE":45800}},{"type":"Feature","id":793040,"geometry":{"type":"Point","coordinates":[-122.40831634603242,41.77490071889927]},"properties":{"OBJECTID":793040,"PERMANENT_IDENTIFIER":"{7FE078AD-0DA8-43F2-89F9-C0FB16C0FA1E}","GNIS_NAME":null,"FTYPE":458,"FCODE":45800}},{"type":"Feature","id":793041,"geometry":{"type":"Point","coordinates":[-122.4269327483806,41.77034125075496]},"properties":{"OBJECTID":793041,"PERMANENT_IDENTIFIER":"{6DD372A4-9467-4B3E-B014-D639BEA244A2}","GNIS_NAME":null,"FTYPE":458,"FCODE":45800}},{"type":"Feature","id":793042,"geometry":{"type":"Point","coordinates":[-122.41990268213378,41.78402831861362]},"properties":{"OBJECTID":793042,"PERMANENT_IDENTIFIER":"{74CF173F-842F-422D-9862-11C99A675BD8}","GNIS_NAME":null,"FTYPE":458,"FCODE":45800}},{"type":"Feature","id":793043,"geometry":{"type":"Point","coordinates":[-122.41517788221414,41.785471452470325]},"properties":{"OBJECTID":793043,"PERMANENT_IDENTIFIER":"{6E279474-C6D0-465F-A113-587471CC8421}","GNIS_NAME":null,"FTYPE":458,"FCODE":45800}},{"type":"Feature","id":793044,"geometry":{"type":"Point","coordinates":[-122.54092137851511,41.78031099073444]},"properties":{"OBJECTID":793044,"PERMANENT_IDENTIFIER":"{9C5C715B-F7D9-47BE-9E01-0FADA9E6AF10}","GNIS_NAME":null,"FTYPE":458,"FCODE":45800}},{"type":"Feature","id":793045,"geometry":{"type":"Point","coordinates":[-122.56395037172265,41.78970443921311]},"properties":{"OBJECTID":793045,"PERMANENT_IDENTIFIER":"{F9292A5C-7A42-4A4C-AC4E-4734A0ABFB43}","GNIS_NAME":null,"FTYPE":458,"FCODE":45800}},{"type":"Feature","id":793046,"geometry":{"type":"Point","coordinates":[-122.56015030360078,41.78570723935666]},"properties":{"OBJECTID":793046,"PERMANENT_IDENTIFIER":"{20A38895-8507-4E7F-A1F9-A66A531A84ED}","GNIS_NAME":null,"FTYPE":458,"FCODE":45800}},{"type":"Feature","id":793047,"geometry":{"type":"Point","coordinates":[-122.55680450446363,41.79138430674237]},"properties":{"OBJECTID":793047,"PERMANENT_IDENTIFIER":"{19F10DDA-26E6-454C-9AB8-DC3C79F0DA45}","GNIS_NAME":null,"FTYPE":458,"FCODE":45800}},{"type":"Feature","id":793048,"geometry":{"type":"Point","coordinates":[-122.56598977124568,41.78397763925125]},"properties":{"OBJECTID":793048,"PERMANENT_IDENTIFIER":"{9128E7D6-88F7-4EAA-95AD-2847E8261F4F}","GNIS_NAME":null,"FTYPE":458,"FCODE":45800}},{"type":"Feature","id":793056,"geometry":{"type":"Point","coordinates":[-122.5872211340109,41.52925508645285]},"properties":{"OBJECTID":793056,"PERMANENT_IDENTIFIER":"{855878B0-DB20-4C4E-9F1B-F9AD8743DA5C}","GNIS_NAME":null,"FTYPE":458,"FCODE":45800}},{"type":"Feature","id":793057,"geometry":{"type":"Point","coordinates":[-122.58910486758883,41.52516941897483]},"properties":{"OBJECTID":793057,"PERMANENT_IDENTIFIER":"{B5A329A3-6E44-40E3-8878-A16F8DBBB81C}","GNIS_NAME":null,"FTYPE":458,"FCODE":45800}},{"type":"Feature","id":793058,"geometry":{"type":"Point","coordinates":[-122.55839712372403,41.485123685897385]},"properties":{"OBJECTID":793058,"PERMANENT_IDENTIFIER":"{EF30E571-1C0B-4EAF-B2AF-9F6DC859088F}","GNIS_NAME":null,"FTYPE":458,"FCODE":45800}},{"type":"Feature","id":793059,"geometry":{"type":"Point","coordinates":[-122.5440782541642,41.48319502059185]},"properties":{"OBJECTID":793059,"PERMANENT_IDENTIFIER":"{24EC3C99-434A-4B81-91A6-F29DB4D451ED}","GNIS_NAME":null,"FTYPE":458,"FCODE":45800}},{"type":"Feature","id":793060,"geometry":{"type":"Point","coordinates":[-122.54274152090726,41.48394702074321]},"properties":{"OBJECTID":793060,"PERMANENT_IDENTIFIER":"{DD39ACBA-B827-4A3F-8298-E0069D4760C6}","GNIS_NAME":null,"FTYPE":458,"FCODE":45800}},{"type":"Feature","id":793061,"geometry":{"type":"Point","coordinates":[-122.54315092103181,41.48289828702396]},"properties":{"OBJECTID":793061,"PERMANENT_IDENTIFIER":"{40293282-E253-46D3-88AF-4B7CAA20F770}","GNIS_NAME":null,"FTYPE":458,"FCODE":45800}},{"type":"Feature","id":793062,"geometry":{"type":"Point","coordinates":[-122.55176832062706,41.47584361913582]},"properties":{"OBJECTID":793062,"PERMANENT_IDENTIFIER":"{858EA054-572A-480F-A374-352D0024F95B}","GNIS_NAME":null,"FTYPE":458,"FCODE":45800}},{"type":"Feature","id":793063,"geometry":{"type":"Point","coordinates":[-122.56967145783136,41.48209248486839]},"properties":{"OBJECTID":793063,"PERMANENT_IDENTIFIER":"{7E021D8D-CE56-4BEF-A0A7-96A5F190BBF8}","GNIS_NAME":null,"FTYPE":458,"FCODE":45800}},{"type":"Feature","id":793064,"geometry":{"type":"Point","coordinates":[-122.56910185815573,41.48213101776656]},"properties":{"OBJECTID":793064,"PERMANENT_IDENTIFIER":"{13CB7312-9193-4484-BCBD-B06880CA60BD}","GNIS_NAME":null,"FTYPE":458,"FCODE":45800}},{"type":"Feature","id":793065,"geometry":{"type":"Point","coordinates":[-122.55925791159508,41.60730373556062]},"properties":{"OBJECTID":793065,"PERMANENT_IDENTIFIER":"{8F616DE8-6752-4C31-92CE-AE95021402B6}","GNIS_NAME":null,"FTYPE":458,"FCODE":45800}},{"type":"Feature","id":793066,"geometry":{"type":"Point","coordinates":[-122.56137145435761,41.60629291166377]},"properties":{"OBJECTID":793066,"PERMANENT_IDENTIFIER":"{AAA5186C-9776-47EE-8926-B2ABF5B0862A}","GNIS_NAME":null,"FTYPE":458,"FCODE":45800}},{"type":"Feature","id":793067,"geometry":{"type":"Point","coordinates":[-122.21552410319336,41.6856399298654]},"properties":{"OBJECTID":793067,"PERMANENT_IDENTIFIER":"{B9ADE332-01A3-4A43-A34A-F45124C31625}","GNIS_NAME":null,"FTYPE":458,"FCODE":45800}},{"type":"Feature","id":793069,"geometry":{"type":"Point","coordinates":[-122.35789184255628,41.39470215649047]},"properties":{"OBJECTID":793069,"PERMANENT_IDENTIFIER":"{8CE6B160-F9C9-4E68-A73C-D4C958D87262}","GNIS_NAME":"Black Butte Spring","FTYPE":458,"FCODE":45800}},{"type":"Feature","id":793070,"geometry":{"type":"Point","coordinates":[-122.29873089616919,41.76826606367031]},"properties":{"OBJECTID":793070,"PERMANENT_IDENTIFIER":"{0BFB09CD-7FBF-4833-A2DE-0E6DA9A26A2E}","GNIS_NAME":null,"FTYPE":458,"FCODE":45800}},{"type":"Feature","id":793071,"geometry":{"type":"Point","coordinates":[-122.40228551276658,41.56656503820905]},"properties":{"OBJECTID":793071,"PERMANENT_IDENTIFIER":"{85D5EB69-02B1-4893-A30B-65849B8A551A}","GNIS_NAME":null,"FTYPE":458,"FCODE":45800}},{"type":"Feature","id":793072,"geometry":{"type":"Point","coordinates":[-122.40261444528684,41.56659263879734]},"properties":{"OBJECTID":793072,"PERMANENT_IDENTIFIER":"{E128A54D-AA80-46CD-AE4A-9DE53729392A}","GNIS_NAME":null,"FTYPE":458,"FCODE":45800}},{"type":"Feature","id":793073,"geometry":{"type":"Point","coordinates":[-123.02714931264283,41.666778223399014]},"properties":{"OBJECTID":793073,"PERMANENT_IDENTIFIER":"{107150CC-7158-42B4-9DE4-CBEE45160DE1}","GNIS_NAME":null,"FTYPE":458,"FCODE":45800}},{"type":"Feature","id":793074,"geometry":{"type":"Point","coordinates":[-122.67188476594445,41.461539414893494]},"properties":{"OBJECTID":793074,"PERMANENT_IDENTIFIER":"{246773AE-0811-42F6-9D79-7C49D44450AC}","GNIS_NAME":null,"FTYPE":458,"FCODE":45800}},{"type":"Feature","id":793075,"geometry":{"type":"Point","coordinates":[-122.7677779255572,41.299479454440196]},"properties":{"OBJECTID":793075,"PERMANENT_IDENTIFIER":"{12238CF6-37C1-45BE-9DC9-6842D01D322D}","GNIS_NAME":null,"FTYPE":458,"FCODE":45800}},{"type":"Feature","id":793076,"geometry":{"type":"Point","coordinates":[-122.77144374608277,41.424463462740455]},"properties":{"OBJECTID":793076,"PERMANENT_IDENTIFIER":"{427A9DB9-D5D4-4CE0-B49A-ABBCA9134515}","GNIS_NAME":null,"FTYPE":458,"FCODE":45800}},{"type":"Feature","id":793077,"geometry":{"type":"Point","coordinates":[-122.8033295397112,41.35585245579224]},"properties":{"OBJECTID":793077,"PERMANENT_IDENTIFIER":"{E1586BE0-343E-4C55-838D-3D7B3513748D}","GNIS_NAME":null,"FTYPE":458,"FCODE":45800}},{"type":"Feature","id":793078,"geometry":{"type":"Point","coordinates":[-122.84784808542942,41.3916978540331]},"properties":{"OBJECTID":793078,"PERMANENT_IDENTIFIER":"{8934C183-60D4-4D79-A8DC-71609212EB7E}","GNIS_NAME":null,"FTYPE":458,"FCODE":45800}},{"type":"Feature","id":793079,"geometry":{"type":"Point","coordinates":[-122.94492490744543,41.44313644899714]},"properties":{"OBJECTID":793079,"PERMANENT_IDENTIFIER":"{1F6D2926-B1A7-41A0-895C-AEF8DFE68DD4}","GNIS_NAME":null,"FTYPE":458,"FCODE":45800}},{"type":"Feature","id":793080,"geometry":{"type":"Point","coordinates":[-122.9467961077931,41.44376784858194]},"properties":{"OBJECTID":793080,"PERMANENT_IDENTIFIER":"{57384B89-E638-4962-9761-6E55B1A95C68}","GNIS_NAME":null,"FTYPE":458,"FCODE":45800}},{"type":"Feature","id":793081,"geometry":{"type":"Point","coordinates":[-122.72596929521315,41.57495541028214]},"properties":{"OBJECTID":793081,"PERMANENT_IDENTIFIER":"{738E6AE0-1CE6-41BF-8088-98C188D950C9}","GNIS_NAME":null,"FTYPE":458,"FCODE":45800}},{"type":"Feature","id":793082,"geometry":{"type":"Point","coordinates":[-122.90161530910306,41.496000056647226]},"properties":{"OBJECTID":793082,"PERMANENT_IDENTIFIER":"{B49C3F41-8C11-4E8E-947E-7C62F17CE3C0}","GNIS_NAME":null,"FTYPE":458,"FCODE":45800}},{"type":"Feature","id":793083,"geometry":{"type":"Point","coordinates":[-123.0254804139269,41.61797065411348]},"properties":{"OBJECTID":793083,"PERMANENT_IDENTIFIER":"{9B290923-D651-4BA4-AD96-119CA40ABC61}","GNIS_NAME":null,"FTYPE":458,"FCODE":45800}},{"type":"Feature","id":793084,"geometry":{"type":"Point","coordinates":[-122.94911334858382,41.69859546604299]},"properties":{"OBJECTID":793084,"PERMANENT_IDENTIFIER":"{FA54CBAB-206E-49F4-AD17-D41A3A3DCDE2}","GNIS_NAME":null,"FTYPE":458,"FCODE":45800}},{"type":"Feature","id":793086,"geometry":{"type":"Point","coordinates":[-122.65516332661552,41.41650920599157]},"properties":{"OBJECTID":793086,"PERMANENT_IDENTIFIER":"{0136D670-4FD7-42E6-B916-F52545EDA801}","GNIS_NAME":null,"FTYPE":458,"FCODE":45800}},{"type":"Feature","id":793087,"geometry":{"type":"Point","coordinates":[-123.02885396930452,41.51874389034998]},"properties":{"OBJECTID":793087,"PERMANENT_IDENTIFIER":"{1AD3CAD5-81F8-43DD-B147-BCA540CC4CDB}","GNIS_NAME":null,"FTYPE":458,"FCODE":45800}},{"type":"Feature","id":793088,"geometry":{"type":"Point","coordinates":[-123.02411103392039,41.51635517437275]},"properties":{"OBJECTID":793088,"PERMANENT_IDENTIFIER":"{F3B0851C-3409-4D3B-BFBD-05884F50F45B}","GNIS_NAME":null,"FTYPE":458,"FCODE":45800}},{"type":"Feature","id":793089,"geometry":{"type":"Point","coordinates":[-123.0060087083616,41.52210585444639]},"properties":{"OBJECTID":793089,"PERMANENT_IDENTIFIER":"{B2ABBA06-2CD0-44A5-8F2C-E88797CA0501}","GNIS_NAME":null,"FTYPE":458,"FCODE":45800}}]}