{"type":"FeatureCollection","features":[{"type":"Feature","id":800,"geometry":{"type":"MultiPoint","coordinates":[[-122.93214641192822,41.27423131267524]]},"properties":{"OBJECTID":800,"gaz_id":260934,"gaz_name":"Grizzly Peak","gaz_featureclass":"Summit","fcode":15048,"state_alpha":"CA","county_name":"Siskiyou"}},{"type":"Feature","id":833,"geometry":{"type":"MultiPoint","coordinates":[[-123.27616380032174,41.83635917864435]]},"properties":{"OBJECTID":833,"gaz_id":221052,"gaz_name":"China Peak","gaz_featureclass":"Summit","fcode":15048,"state_alpha":"CA","county_name":"Siskiyou"}},{"type":"Feature","id":962,"geometry":{"type":"MultiPoint","coordinates":[[-123.67190321114789,41.79624379646897]]},"properties":{"OBJECTID":962,"gaz_id":256688,"gaz_name":"Bear Mountain","gaz_featureclass":"Summit","fcode":15048,"state_alpha":"CA","county_name":"Del Norte"}},{"type":"Feature","id":963,"geometry":{"type":"MultiPoint","coordinates":[[-123.67190321114789,41.79624379646897]]},"properties":{"OBJECTID":963,"gaz_id":256688,"gaz_name":"Bear Mountain","gaz_featureclass":"Summit","fcode":15048,"state_alpha":"CA","county_name":"Siskiyou"}},{"type":"Feature","id":1061,"geometry":{"type":"MultiPoint","coordinates":[[-123.4709527231373,41.42350766986437]]},"properties":{"OBJECTID":1061,"gaz_id":229936,"gaz_name":"Offield Mountain","gaz_featureclass":"Summit","fcode":15048,"state_alpha":"CA","county_name":"Siskiyou"}},{"type":"Feature","id":1081,"geometry":{"type":"MultiPoint","coordinates":[[-121.99437912736649,41.091821519644704]]},"properties":{"OBJECTID":1081,"gaz_id":259642,"gaz_name":"Dutchman Peak","gaz_featureclass":"Summit","fcode":15048,"state_alpha":"CA","county_name":"Shasta"}},{"type":"Feature","id":1112,"geometry":{"type":"MultiPoint","coordinates":[[-121.68757909390762,41.36891533070093]]},"properties":{"OBJECTID":1112,"gaz_id":261648,"gaz_name":"Hunters Hill","gaz_featureclass":"Summit","fcode":15048,"state_alpha":"CA","county_name":"Siskiyou"}},{"type":"Feature","id":1120,"geometry":{"type":"MultiPoint","coordinates":[[-123.25028603552535,41.56970811753162],[-123.24909684575223,41.569659589089106]]},"properties":{"OBJECTID":1120,"gaz_id":259856,"gaz_name":"Elk Peak","gaz_featureclass":"Summit","fcode":15048,"state_alpha":"CA","county_name":"Siskiyou"}},{"type":"Feature","id":1135,"geometry":{"type":"MultiPoint","coordinates":[[-121.94905356250767,41.0910236439326]]},"properties":{"OBJECTID":1135,"gaz_id":267823,"gaz_name":"Stump Creek Butte","gaz_featureclass":"Summit","fcode":15048,"state_alpha":"CA","county_name":"Shasta"}},{"type":"Feature","id":1182,"geometry":{"type":"MultiPoint","coordinates":[[-123.09185800397111,41.57903885128548]]},"properties":{"OBJECTID":1182,"gaz_id":257386,"gaz_name":"Boulder Peak","gaz_featureclass":"Summit","fcode":15048,"state_alpha":"CA","county_name":"Siskiyou"}},{"type":"Feature","id":3418,"geometry":{"type":"MultiPoint","coordinates":[[-123.3013366121989,42.013343400877496]]},"properties":{"OBJECTID":3418,"gaz_id":1144782,"gaz_name":"Arnold Mountain","gaz_featureclass":"Summit","fcode":15048,"state_alpha":"OR","county_name":"Josephine"}},{"type":"Feature","id":5285,"geometry":{"type":"MultiPoint","coordinates":[[-123.20244356192036,41.87586804044558],[-123.20138905026957,41.874721788850174]]},"properties":{"OBJECTID":5285,"gaz_id":1659022,"gaz_name":"Lower Devils Peak","gaz_featureclass":"Summit","fcode":15048,"state_alpha":"CA","county_name":"Siskiyou"}},{"type":"Feature","id":5603,"geometry":{"type":"MultiPoint","coordinates":[[-121.71461416097948,41.642815953466126]]},"properties":{"OBJECTID":5603,"gaz_id":1657782,"gaz_name":"Hill 23","gaz_featureclass":"Summit","fcode":15048,"state_alpha":"CA","county_name":"Siskiyou"}},{"type":"Feature","id":8072,"geometry":{"type":"MultiPoint","coordinates":[[-121.80516266087085,41.10337941715497]]},"properties":{"OBJECTID":8072,"gaz_id":253178,"gaz_name":"North Red Mountain","gaz_featureclass":"Summit","fcode":15048,"state_alpha":"CA","county_name":"Shasta"}},{"type":"Feature","id":8174,"geometry":{"type":"MultiPoint","coordinates":[[-123.72000417677253,41.67332297817394]]},"properties":{"OBJECTID":8174,"gaz_id":256478,"gaz_name":"Baldy Peak","gaz_featureclass":"Summit","fcode":15048,"state_alpha":"CA","county_name":"Del Norte"}},{"type":"Feature","id":8175,"geometry":{"type":"MultiPoint","coordinates":[[-122.15567458849416,41.79529137625898]]},"properties":{"OBJECTID":8175,"gaz_id":256482,"gaz_name":"Ball Mountain","gaz_featureclass":"Summit","fcode":15048,"state_alpha":"CA","county_name":"Siskiyou"}},{"type":"Feature","id":8180,"geometry":{"type":"MultiPoint","coordinates":[[-123.65254274350076,41.939310677535154]]},"properties":{"OBJECTID":8180,"gaz_id":262716,"gaz_name":"Little Sanger Peak","gaz_featureclass":"Summit","fcode":15048,"state_alpha":"CA","county_name":"Del Norte"}},{"type":"Feature","id":8192,"geometry":{"type":"MultiPoint","coordinates":[[-122.12590937239061,41.93359677182665],[-122.12443808017726,41.93335772222361]]},"properties":{"OBJECTID":8192,"gaz_id":234264,"gaz_name":"McGavin Peak","gaz_featureclass":"Summit","fcode":15048,"state_alpha":"CA","county_name":"Siskiyou"}},{"type":"Feature","id":8230,"geometry":{"type":"MultiPoint","coordinates":[[-123.21139378521819,41.56876720349417]]},"properties":{"OBJECTID":8230,"gaz_id":263196,"gaz_name":"Marble Mountain","gaz_featureclass":"Summit","fcode":15048,"state_alpha":"CA","county_name":"Siskiyou"}},{"type":"Feature","id":8242,"geometry":{"type":"MultiPoint","coordinates":[[-123.63578646131955,41.09759695904357]]},"properties":{"OBJECTID":8242,"gaz_id":256943,"gaz_name":"Big Hill","gaz_featureclass":"Summit","fcode":15048,"state_alpha":"CA","county_name":"Humboldt"}},{"type":"Feature","id":8358,"geometry":{"type":"MultiPoint","coordinates":[[-123.6739679079801,41.734316124328664]]},"properties":{"OBJECTID":8358,"gaz_id":265032,"gaz_name":"Prescott Mountain","gaz_featureclass":"Summit","fcode":15048,"state_alpha":"CA","county_name":"Siskiyou"}},{"type":"Feature","id":8359,"geometry":{"type":"MultiPoint","coordinates":[[-123.6739679079801,41.734316124328664]]},"properties":{"OBJECTID":8359,"gaz_id":265032,"gaz_name":"Prescott Mountain","gaz_featureclass":"Summit","fcode":15048,"state_alpha":"CA","county_name":"Del Norte"}},{"type":"Feature","id":8485,"geometry":{"type":"MultiPoint","coordinates":[[-122.10430234488034,41.03973163932664]]},"properties":{"OBJECTID":8485,"gaz_id":228395,"gaz_name":"McKenzie Mountain","gaz_featureclass":"Summit","fcode":15048,"state_alpha":"CA","county_name":"Shasta"}},{"type":"Feature","id":8531,"geometry":{"type":"MultiPoint","coordinates":[[-121.53996362977911,41.769073560103884]]},"properties":{"OBJECTID":8531,"gaz_id":252142,"gaz_name":"Harris Knoll","gaz_featureclass":"Summit","fcode":15048,"state_alpha":"CA","county_name":"Siskiyou"}},{"type":"Feature","id":8559,"geometry":{"type":"MultiPoint","coordinates":[[-123.39667683451187,41.31927615110517]]},"properties":{"OBJECTID":8559,"gaz_id":257754,"gaz_name":"Butler Mountain","gaz_featureclass":"Summit","fcode":15048,"state_alpha":"CA","county_name":"Siskiyou"}},{"type":"Feature","id":8680,"geometry":{"type":"MultiPoint","coordinates":[[-123.7136255857914,41.236808235726]]},"properties":{"OBJECTID":8680,"gaz_id":220245,"gaz_name":"Burrill Peak","gaz_featureclass":"Summit","fcode":15048,"state_alpha":"CA","county_name":"Humboldt"}},{"type":"Feature","id":17484,"geometry":{"type":"MultiPoint","coordinates":[[-122.7338755840371,41.742814915534346]]},"properties":{"OBJECTID":17484,"gaz_id":1657810,"gaz_name":"Montana Peak","gaz_featureclass":"Summit","fcode":15048,"state_alpha":"CA","county_name":"Siskiyou"}},{"type":"Feature","id":17489,"geometry":{"type":"MultiPoint","coordinates":[[-122.19368282289993,41.38473110569551]]},"properties":{"OBJECTID":17489,"gaz_id":1657878,"gaz_name":"Shastarama Point","gaz_featureclass":"Summit","fcode":15048,"state_alpha":"CA","county_name":"Siskiyou"}},{"type":"Feature","id":17544,"geometry":{"type":"MultiPoint","coordinates":[[-123.58766603818587,41.26757811500375]]},"properties":{"OBJECTID":17544,"gaz_id":1659604,"gaz_name":"Sarvorum Mountain","gaz_featureclass":"Summit","fcode":15048,"state_alpha":"CA","county_name":"Humboldt"}},{"type":"Feature","id":17601,"geometry":{"type":"MultiPoint","coordinates":[[-123.43573484734519,41.48602369709155]]},"properties":{"OBJECTID":17601,"gaz_id":1658838,"gaz_name":"Irving Mountain","gaz_featureclass":"Summit","fcode":15048,"state_alpha":"CA","county_name":"Siskiyou"}},{"type":"Feature","id":17603,"geometry":{"type":"MultiPoint","coordinates":[[-123.13576709361182,41.98271427859671]]},"properties":{"OBJECTID":17603,"gaz_id":1658958,"gaz_name":"Lick Mountain","gaz_featureclass":"Summit","fcode":15048,"state_alpha":"CA","county_name":"Siskiyou"}},{"type":"Feature","id":17818,"geometry":{"type":"MultiPoint","coordinates":[[-123.43103909374199,41.209940550425486]]},"properties":{"OBJECTID":17818,"gaz_id":2087666,"gaz_name":"Whiteys Peak","gaz_featureclass":"Summit","fcode":15048,"state_alpha":"CA","county_name":"Humboldt"}},{"type":"Feature","id":17819,"geometry":{"type":"MultiPoint","coordinates":[[-123.43103909374199,41.209940550425486]]},"properties":{"OBJECTID":17819,"gaz_id":2087666,"gaz_name":"Whiteys Peak","gaz_featureclass":"Summit","fcode":15048,"state_alpha":"CA","county_name":"Siskiyou"}},{"type":"Feature","id":18488,"geometry":{"type":"MultiPoint","coordinates":[[-122.17287476688483,41.09762906735666]]},"properties":{"OBJECTID":18488,"gaz_id":218597,"gaz_name":"Bald Mountain","gaz_featureclass":"Summit","fcode":15048,"state_alpha":"CA","county_name":"Shasta"}},{"type":"Feature","id":18541,"geometry":{"type":"MultiPoint","coordinates":[[-123.32703806734939,41.83774667030381]]},"properties":{"OBJECTID":18541,"gaz_id":220362,"gaz_name":"Cade Mountain","gaz_featureclass":"Summit","fcode":15048,"state_alpha":"CA","county_name":"Siskiyou"}},{"type":"Feature","id":18573,"geometry":{"type":"MultiPoint","coordinates":[[-123.28530369211202,41.12173674197858]]},"properties":{"OBJECTID":18573,"gaz_id":267141,"gaz_name":"Potato Mountain","gaz_featureclass":"Summit","fcode":15048,"state_alpha":"CA","county_name":"Siskiyou"}},{"type":"Feature","id":18574,"geometry":{"type":"MultiPoint","coordinates":[[-123.28530369211202,41.12173674197858]]},"properties":{"OBJECTID":18574,"gaz_id":267141,"gaz_name":"Potato Mountain","gaz_featureclass":"Summit","fcode":15048,"state_alpha":"CA","county_name":"Trinity"}},{"type":"Feature","id":18653,"geometry":{"type":"MultiPoint","coordinates":[[-122.9174248111706,40.99380683068679]]},"properties":{"OBJECTID":18653,"gaz_id":236539,"gaz_name":"Tri-Forest Peak","gaz_featureclass":"Summit","fcode":15048,"state_alpha":"CA","county_name":"Siskiyou"}},{"type":"Feature","id":18654,"geometry":{"type":"MultiPoint","coordinates":[[-122.9174248111706,40.99380683068679]]},"properties":{"OBJECTID":18654,"gaz_id":236539,"gaz_name":"Tri-Forest Peak","gaz_featureclass":"Summit","fcode":15048,"state_alpha":"CA","county_name":"Trinity"}},{"type":"Feature","id":18796,"geometry":{"type":"MultiPoint","coordinates":[[-121.76978482297437,41.70329495684655]]},"properties":{"OBJECTID":18796,"gaz_id":232867,"gaz_name":"Sharp Mountain","gaz_featureclass":"Summit","fcode":15048,"state_alpha":"CA","county_name":"Siskiyou"}},{"type":"Feature","id":18865,"geometry":{"type":"MultiPoint","coordinates":[[-121.52695935811309,41.770295694093406]]},"properties":{"OBJECTID":18865,"gaz_id":252185,"gaz_name":"Cranston Knob","gaz_featureclass":"Summit","fcode":15048,"state_alpha":"CA","county_name":"Siskiyou"}},{"type":"Feature","id":18866,"geometry":{"type":"MultiPoint","coordinates":[[-123.64927646463615,41.86055993245986]]},"properties":{"OBJECTID":18866,"gaz_id":252212,"gaz_name":"Rocky Knob","gaz_featureclass":"Summit","fcode":15048,"state_alpha":"CA","county_name":"Del Norte"}},{"type":"Feature","id":18867,"geometry":{"type":"MultiPoint","coordinates":[[-123.64927646463615,41.86055993245986]]},"properties":{"OBJECTID":18867,"gaz_id":252212,"gaz_name":"Rocky Knob","gaz_featureclass":"Summit","fcode":15048,"state_alpha":"CA","county_name":"Siskiyou"}},{"type":"Feature","id":19085,"geometry":{"type":"MultiPoint","coordinates":[[-122.21883107663385,41.29856435747158]]},"properties":{"OBJECTID":19085,"gaz_id":259997,"gaz_name":"Everitt Hill","gaz_featureclass":"Summit","fcode":15048,"state_alpha":"CA","county_name":"Siskiyou"}},{"type":"Feature","id":22211,"geometry":{"type":"MultiPoint","coordinates":[[-123.09420889956124,41.75179819871275]]},"properties":{"OBJECTID":22211,"gaz_id":1657581,"gaz_name":"Browns Knob","gaz_featureclass":"Summit","fcode":15048,"state_alpha":"CA","county_name":"Siskiyou"}},{"type":"Feature","id":22803,"geometry":{"type":"MultiPoint","coordinates":[[-122.3267037071537,41.334761938706166]]},"properties":{"OBJECTID":22803,"gaz_id":1656327,"gaz_name":"Spring Hill","gaz_featureclass":"Summit","fcode":15048,"state_alpha":"CA","county_name":"Siskiyou"}},{"type":"Feature","id":24017,"geometry":{"type":"MultiPoint","coordinates":[[-123.49866697764939,41.802696354483736]]},"properties":{"OBJECTID":24017,"gaz_id":256477,"gaz_name":"Baldy Mountain","gaz_featureclass":"Summit","fcode":15048,"state_alpha":"CA","county_name":"Siskiyou"}},{"type":"Feature","id":24497,"geometry":{"type":"MultiPoint","coordinates":[[-122.7765057305297,42.01386317437896]]},"properties":{"OBJECTID":24497,"gaz_id":1141117,"gaz_name":"Doe Peak","gaz_featureclass":"Summit","fcode":15048,"state_alpha":"OR","county_name":"Jackson"}},{"type":"Feature","id":24606,"geometry":{"type":"MultiPoint","coordinates":[[-122.19940083683859,41.02333571540767]]},"properties":{"OBJECTID":24606,"gaz_id":225007,"gaz_name":"Hat Mountain","gaz_featureclass":"Summit","fcode":15048,"state_alpha":"CA","county_name":"Shasta"}},{"type":"Feature","id":25053,"geometry":{"type":"MultiPoint","coordinates":[[-123.65252178311026,41.597097194114866]]},"properties":{"OBJECTID":25053,"gaz_id":263438,"gaz_name":"Little Medicine Mountain","gaz_featureclass":"Summit","fcode":15048,"state_alpha":"CA","county_name":"Siskiyou"}},{"type":"Feature","id":25177,"geometry":{"type":"MultiPoint","coordinates":[[-122.74800026955977,41.80698013885013],[-122.75057346135176,41.805923071510705]]},"properties":{"OBJECTID":25177,"gaz_id":266606,"gaz_name":"Craggy Mountain","gaz_featureclass":"Summit","fcode":15048,"state_alpha":"CA","county_name":"Siskiyou"}},{"type":"Feature","id":26665,"geometry":{"type":"MultiPoint","coordinates":[[-123.43443347775603,41.4249779155731]]},"properties":{"OBJECTID":26665,"gaz_id":228527,"gaz_name":"Merrill Mountain","gaz_featureclass":"Summit","fcode":15048,"state_alpha":"CA","county_name":"Siskiyou"}},{"type":"Feature","id":26760,"geometry":{"type":"MultiPoint","coordinates":[[-122.67722244310858,41.2796270197592]]},"properties":{"OBJECTID":26760,"gaz_id":232728,"gaz_name":"Scott Mountain","gaz_featureclass":"Summit","fcode":15048,"state_alpha":"CA","county_name":"Siskiyou"}},{"type":"Feature","id":26761,"geometry":{"type":"MultiPoint","coordinates":[[-122.67722244310858,41.2796270197592]]},"properties":{"OBJECTID":26761,"gaz_id":232728,"gaz_name":"Scott Mountain","gaz_featureclass":"Summit","fcode":15048,"state_alpha":"CA","county_name":"Trinity"}},{"type":"Feature","id":26844,"geometry":{"type":"MultiPoint","coordinates":[[-123.20184179757952,41.89293614616153]]},"properties":{"OBJECTID":26844,"gaz_id":268605,"gaz_name":"Upper Devils Peak","gaz_featureclass":"Summit","fcode":15048,"state_alpha":"CA","county_name":"Siskiyou"}},{"type":"Feature","id":28032,"geometry":{"type":"MultiPoint","coordinates":[[-122.00349005387878,41.54083321922488]]},"properties":{"OBJECTID":28032,"gaz_id":237492,"gaz_name":"West Haight Mountain","gaz_featureclass":"Summit","fcode":15048,"state_alpha":"CA","county_name":"Siskiyou"}},{"type":"Feature","id":28613,"geometry":{"type":"MultiPoint","coordinates":[[-121.55363881809653,41.73766840363209]]},"properties":{"OBJECTID":28613,"gaz_id":1658003,"gaz_name":"Bat Butte","gaz_featureclass":"Summit","fcode":15048,"state_alpha":"CA","county_name":"Siskiyou"}},{"type":"Feature","id":28616,"geometry":{"type":"MultiPoint","coordinates":[[-121.55090658227843,41.513462379787946]]},"properties":{"OBJECTID":28616,"gaz_id":1660211,"gaz_name":"Yellowjacket Butte","gaz_featureclass":"Summit","fcode":15048,"state_alpha":"CA","county_name":"Siskiyou"}},{"type":"Feature","id":31023,"geometry":{"type":"MultiPoint","coordinates":[[-123.63412531196755,41.93555936372264]]},"properties":{"OBJECTID":31023,"gaz_id":258264,"gaz_name":"Chicago Peak","gaz_featureclass":"Summit","fcode":15048,"state_alpha":"CA","county_name":"Del Norte"}},{"type":"Feature","id":31136,"geometry":{"type":"MultiPoint","coordinates":[[-123.30441336989477,41.974892457426826]]},"properties":{"OBJECTID":31136,"gaz_id":257578,"gaz_name":"Buck Peak","gaz_featureclass":"Summit","fcode":15048,"state_alpha":"CA","county_name":"Siskiyou"}},{"type":"Feature","id":31157,"geometry":{"type":"MultiPoint","coordinates":[[-123.060064807876,41.870490945028024]]},"properties":{"OBJECTID":31157,"gaz_id":268988,"gaz_name":"White Cloud Mountain","gaz_featureclass":"Summit","fcode":15048,"state_alpha":"CA","county_name":"Siskiyou"}},{"type":"Feature","id":31160,"geometry":{"type":"MultiPoint","coordinates":[[-122.9241322780722,41.279005682718285]]},"properties":{"OBJECTID":31160,"gaz_id":269096,"gaz_name":"Wildcat Peak","gaz_featureclass":"Summit","fcode":15048,"state_alpha":"CA","county_name":"Siskiyou"}},{"type":"Feature","id":31163,"geometry":{"type":"MultiPoint","coordinates":[[-121.91328248709561,41.11943835419649]]},"properties":{"OBJECTID":31163,"gaz_id":259323,"gaz_name":"Devils Mountain","gaz_featureclass":"Summit","fcode":15048,"state_alpha":"CA","county_name":"Shasta"}},{"type":"Feature","id":31165,"geometry":{"type":"MultiPoint","coordinates":[[-123.13344102296459,41.74860273557326],[-123.13366804430487,41.75061513019321]]},"properties":{"OBJECTID":31165,"gaz_id":262290,"gaz_name":"Lake Mountain","gaz_featureclass":"Summit","fcode":15048,"state_alpha":"CA","county_name":"Siskiyou"}},{"type":"Feature","id":31299,"geometry":{"type":"MultiPoint","coordinates":[[-123.72046778471429,41.88628265333821]]},"properties":{"OBJECTID":31299,"gaz_id":269318,"gaz_name":"Wounded Knee Mountain","gaz_featureclass":"Summit","fcode":15048,"state_alpha":"CA","county_name":"Del Norte"}},{"type":"Feature","id":31304,"geometry":{"type":"MultiPoint","coordinates":[[-121.74072311170578,41.50598567984365]]},"properties":{"OBJECTID":31304,"gaz_id":259435,"gaz_name":"Doe Peak","gaz_featureclass":"Summit","fcode":15048,"state_alpha":"CA","county_name":"Siskiyou"}},{"type":"Feature","id":31313,"geometry":{"type":"MultiPoint","coordinates":[[-123.21462014564655,41.40127211270424]]},"properties":{"OBJECTID":31313,"gaz_id":259938,"gaz_name":"English Peak","gaz_featureclass":"Summit","fcode":15048,"state_alpha":"CA","county_name":"Siskiyou"}},{"type":"Feature","id":31318,"geometry":{"type":"MultiPoint","coordinates":[[-123.69191912016906,41.68602624123727]]},"properties":{"OBJECTID":31318,"gaz_id":267733,"gaz_name":"Stevens Mountain","gaz_featureclass":"Summit","fcode":15048,"state_alpha":"CA","county_name":"Del Norte"}},{"type":"Feature","id":36002,"geometry":{"type":"MultiPoint","coordinates":[[-122.16944960030094,41.250155799112626],[-122.16882544185837,41.24899365409608]]},"properties":{"OBJECTID":36002,"gaz_id":1658426,"gaz_name":"Dogwood Butte","gaz_featureclass":"Summit","fcode":15048,"state_alpha":"CA","county_name":"Siskiyou"}},{"type":"Feature","id":36013,"geometry":{"type":"MultiPoint","coordinates":[[-123.05663997726204,41.95421763132706]]},"properties":{"OBJECTID":36013,"gaz_id":1656407,"gaz_name":"White Mountain","gaz_featureclass":"Summit","fcode":15048,"state_alpha":"CA","county_name":"Siskiyou"}},{"type":"Feature","id":36914,"geometry":{"type":"MultiPoint","coordinates":[[-122.76914938534554,41.132632089625346]]},"properties":{"OBJECTID":36914,"gaz_id":257071,"gaz_name":"Billys Peak","gaz_featureclass":"Summit","fcode":15048,"state_alpha":"CA","county_name":"Trinity"}},{"type":"Feature","id":36921,"geometry":{"type":"MultiPoint","coordinates":[[-122.7254581048219,41.83473586366596]]},"properties":{"OBJECTID":36921,"gaz_id":266557,"gaz_name":"China Peak","gaz_featureclass":"Summit","fcode":15048,"state_alpha":"CA","county_name":"Siskiyou"}},{"type":"Feature","id":37341,"geometry":{"type":"MultiPoint","coordinates":[[-122.2398755548587,41.08347297266105]]},"properties":{"OBJECTID":37341,"gaz_id":238250,"gaz_name":"Yellowjacket Mountain","gaz_featureclass":"Summit","fcode":15048,"state_alpha":"CA","county_name":"Shasta"}},{"type":"Feature","id":38195,"geometry":{"type":"MultiPoint","coordinates":[[-122.59066583086273,41.360786837175404]]},"properties":{"OBJECTID":38195,"gaz_id":234952,"gaz_name":"South China Mountain","gaz_featureclass":"Summit","fcode":15048,"state_alpha":"CA","county_name":"Siskiyou"}},{"type":"Feature","id":38572,"geometry":{"type":"MultiPoint","coordinates":[[-122.24241240979747,41.877233091636235]]},"properties":{"OBJECTID":38572,"gaz_id":253705,"gaz_name":"Eagle Rock","gaz_featureclass":"Summit","fcode":15048,"state_alpha":"CA","county_name":"Siskiyou"}},{"type":"Feature","id":38757,"geometry":{"type":"MultiPoint","coordinates":[[-122.54068748960051,41.933322403103546]]},"properties":{"OBJECTID":38757,"gaz_id":266819,"gaz_name":"Horn Peak","gaz_featureclass":"Summit","fcode":15048,"state_alpha":"CA","county_name":"Siskiyou"}},{"type":"Feature","id":38770,"geometry":{"type":"MultiPoint","coordinates":[[-122.83801882721387,41.271841078302]]},"properties":{"OBJECTID":38770,"gaz_id":267835,"gaz_name":"Sugar Hill","gaz_featureclass":"Summit","fcode":15048,"state_alpha":"CA","county_name":"Siskiyou"}},{"type":"Feature","id":38782,"geometry":{"type":"MultiPoint","coordinates":[[-122.11081319302414,41.01604180063027]]},"properties":{"OBJECTID":38782,"gaz_id":229698,"gaz_name":"North Fork Mountain","gaz_featureclass":"Summit","fcode":15048,"state_alpha":"CA","county_name":"Shasta"}},{"type":"Feature","id":38790,"geometry":{"type":"MultiPoint","coordinates":[[-123.61192131981498,41.83505956428082]]},"properties":{"OBJECTID":38790,"gaz_id":265034,"gaz_name":"Preston Peak","gaz_featureclass":"Summit","fcode":15048,"state_alpha":"CA","county_name":"Siskiyou"}},{"type":"Feature","id":38800,"geometry":{"type":"MultiPoint","coordinates":[[-123.11439767049418,41.937167270785615]]},"properties":{"OBJECTID":38800,"gaz_id":258697,"gaz_name":"Copper Butte","gaz_featureclass":"Summit","fcode":15048,"state_alpha":"CA","county_name":"Siskiyou"}},{"type":"Feature","id":38801,"geometry":{"type":"MultiPoint","coordinates":[[-123.61222307649533,41.84962563407931]]},"properties":{"OBJECTID":38801,"gaz_id":258708,"gaz_name":"Copper Mountain","gaz_featureclass":"Summit","fcode":15048,"state_alpha":"CA","county_name":"Siskiyou"}},{"type":"Feature","id":38811,"geometry":{"type":"MultiPoint","coordinates":[[-122.42155065556103,41.749054857865545]]},"properties":{"OBJECTID":38811,"gaz_id":268158,"gaz_name":"Terwilliger Peak","gaz_featureclass":"Summit","fcode":15048,"state_alpha":"CA","county_name":"Siskiyou"}},{"type":"Feature","id":38820,"geometry":{"type":"MultiPoint","coordinates":[[-121.95637219282295,41.47379427061306]]},"properties":{"OBJECTID":38820,"gaz_id":265146,"gaz_name":"Rainbow Mountain","gaz_featureclass":"Summit","fcode":15048,"state_alpha":"CA","county_name":"Siskiyou"}},{"type":"Feature","id":38824,"geometry":{"type":"MultiPoint","coordinates":[[-123.36406874607982,41.3736922945941],[-123.36333065071652,41.375717131954204]]},"properties":{"OBJECTID":38824,"gaz_id":268337,"gaz_name":"Tom Payne Peak","gaz_featureclass":"Summit","fcode":15048,"state_alpha":"CA","county_name":"Siskiyou"}},{"type":"Feature","id":38927,"geometry":{"type":"MultiPoint","coordinates":[[-122.54825026045044,41.05804444055195]]},"properties":{"OBJECTID":38927,"gaz_id":231355,"gaz_name":"Red Mountain","gaz_featureclass":"Summit","fcode":15048,"state_alpha":"CA","county_name":"Trinity"}},{"type":"Feature","id":38957,"geometry":{"type":"MultiPoint","coordinates":[[-122.24263473564376,41.81540357838717]]},"properties":{"OBJECTID":38957,"gaz_id":269161,"gaz_name":"Willow Creek Mountain","gaz_featureclass":"Summit","fcode":15048,"state_alpha":"CA","county_name":"Siskiyou"}},{"type":"Feature","id":39032,"geometry":{"type":"MultiPoint","coordinates":[[-122.14836455864945,41.87335530340068]]},"properties":{"OBJECTID":39032,"gaz_id":261688,"gaz_name":"Ikes Mountain","gaz_featureclass":"Summit","fcode":15048,"state_alpha":"CA","county_name":"Siskiyou"}},{"type":"Feature","id":39036,"geometry":{"type":"MultiPoint","coordinates":[[-121.90501556013214,41.70981570937206]]},"properties":{"OBJECTID":39036,"gaz_id":258140,"gaz_name":"Cedar Mountain","gaz_featureclass":"Summit","fcode":15048,"state_alpha":"CA","county_name":"Siskiyou"}},{"type":"Feature","id":39080,"geometry":{"type":"MultiPoint","coordinates":[[-122.00872403937265,41.74105887459318]]},"properties":{"OBJECTID":39080,"gaz_id":261929,"gaz_name":"Jerome Butte","gaz_featureclass":"Summit","fcode":15048,"state_alpha":"CA","county_name":"Siskiyou"}},{"type":"Feature","id":39141,"geometry":{"type":"MultiPoint","coordinates":[[-123.0370219150122,41.00415874676934]]},"properties":{"OBJECTID":39141,"gaz_id":220366,"gaz_name":"Caesar Peak","gaz_featureclass":"Summit","fcode":15048,"state_alpha":"CA","county_name":"Trinity"}},{"type":"Feature","id":39142,"geometry":{"type":"MultiPoint","coordinates":[[-123.0370219150122,41.00415874676934]]},"properties":{"OBJECTID":39142,"gaz_id":220366,"gaz_name":"Caesar Peak","gaz_featureclass":"Summit","fcode":15048,"state_alpha":"CA","county_name":"Siskiyou"}},{"type":"Feature","id":39635,"geometry":{"type":"MultiPoint","coordinates":[[-123.1960081471076,41.78013942093215]]},"properties":{"OBJECTID":39635,"gaz_id":219508,"gaz_name":"Blue Mountain","gaz_featureclass":"Summit","fcode":15048,"state_alpha":"CA","county_name":"Siskiyou"}},{"type":"Feature","id":40348,"geometry":{"type":"MultiPoint","coordinates":[[-122.81875058869862,41.768630040928976]]},"properties":{"OBJECTID":40348,"gaz_id":274731,"gaz_name":"Deadwood Baldy Peak","gaz_featureclass":"Summit","fcode":15048,"state_alpha":"CA","county_name":"Siskiyou"}},{"type":"Feature","id":47898,"geometry":{"type":"MultiPoint","coordinates":[[-121.89199051582345,41.82410325978844]]},"properties":{"OBJECTID":47898,"gaz_id":1657359,"gaz_name":"Baldy","gaz_featureclass":"Summit","fcode":15048,"state_alpha":"CA","county_name":"Siskiyou"}},{"type":"Feature","id":47937,"geometry":{"type":"MultiPoint","coordinates":[[-121.97490206019211,41.764306708865846]]},"properties":{"OBJECTID":47937,"gaz_id":1659471,"gaz_name":"Rattlesnake Butte","gaz_featureclass":"Summit","fcode":15048,"state_alpha":"CA","county_name":"Siskiyou"}},{"type":"Feature","id":47980,"geometry":{"type":"MultiPoint","coordinates":[[-121.62936892824999,41.61318051430986]]},"properties":{"OBJECTID":47980,"gaz_id":1658683,"gaz_name":"Grouse Hill","gaz_featureclass":"Summit","fcode":15048,"state_alpha":"CA","county_name":"Siskiyou"}},{"type":"Feature","id":47988,"geometry":{"type":"MultiPoint","coordinates":[[-121.68146243010378,40.98928056174043]]},"properties":{"OBJECTID":47988,"gaz_id":1659003,"gaz_name":"Long Valley Mountain","gaz_featureclass":"Summit","fcode":15048,"state_alpha":"CA","county_name":"Shasta"}},{"type":"Feature","id":47995,"geometry":{"type":"MultiPoint","coordinates":[[-121.57332844912506,41.87933737578784]]},"properties":{"OBJECTID":47995,"gaz_id":1657995,"gaz_name":"Barntop Mountain","gaz_featureclass":"Summit","fcode":15048,"state_alpha":"CA","county_name":"Siskiyou"}},{"type":"Feature","id":48746,"geometry":{"type":"MultiPoint","coordinates":[[-122.17250613691976,41.03198715238962]]},"properties":{"OBJECTID":48746,"gaz_id":221137,"gaz_name":"Claiborne Peak","gaz_featureclass":"Summit","fcode":15048,"state_alpha":"CA","county_name":"Shasta"}},{"type":"Feature","id":48792,"geometry":{"type":"MultiPoint","coordinates":[[-121.64584301007459,41.528780247707495]]},"properties":{"OBJECTID":48792,"gaz_id":258371,"gaz_name":"Cinder Cone","gaz_featureclass":"Summit","fcode":15048,"state_alpha":"CA","county_name":"Siskiyou"}},{"type":"Feature","id":48871,"geometry":{"type":"MultiPoint","coordinates":[[-122.082433977691,41.089581356464286]]},"properties":{"OBJECTID":48871,"gaz_id":237016,"gaz_name":"Van Sicklin Butte","gaz_featureclass":"Summit","fcode":15048,"state_alpha":"CA","county_name":"Shasta"}},{"type":"Feature","id":49006,"geometry":{"type":"MultiPoint","coordinates":[[-121.6442238228261,41.54367426502777]]},"properties":{"OBJECTID":49006,"gaz_id":265278,"gaz_name":"Red Hill","gaz_featureclass":"Summit","fcode":15048,"state_alpha":"CA","county_name":"Siskiyou"}},{"type":"Feature","id":49026,"geometry":{"type":"MultiPoint","coordinates":[[-123.31552082009229,41.91756267225403]]},"properties":{"OBJECTID":49026,"gaz_id":260303,"gaz_name":"Fourmile Butte","gaz_featureclass":"Summit","fcode":15048,"state_alpha":"CA","county_name":"Siskiyou"}},{"type":"Feature","id":49027,"geometry":{"type":"MultiPoint","coordinates":[[-121.65808811639234,41.57880030251098]]},"properties":{"OBJECTID":49027,"gaz_id":262675,"gaz_name":"Little Mount Hoffman","gaz_featureclass":"Summit","fcode":15048,"state_alpha":"CA","county_name":"Siskiyou"}},{"type":"Feature","id":49415,"geometry":{"type":"MultiPoint","coordinates":[[-123.30174090797567,41.89532557193597]]},"properties":{"OBJECTID":49415,"gaz_id":268293,"gaz_name":"Tims Peak","gaz_featureclass":"Summit","fcode":15048,"state_alpha":"CA","county_name":"Siskiyou"}},{"type":"Feature","id":49425,"geometry":{"type":"MultiPoint","coordinates":[[-122.09215762799056,41.07513671381521]]},"properties":{"OBJECTID":49425,"gaz_id":226744,"gaz_name":"Ladybug Butte","gaz_featureclass":"Summit","fcode":15048,"state_alpha":"CA","county_name":"Shasta"}},{"type":"Feature","id":49562,"geometry":{"type":"MultiPoint","coordinates":[[-122.34341407284747,41.968669342764095]]},"properties":{"OBJECTID":49562,"gaz_id":221970,"gaz_name":"Daggett Mountain","gaz_featureclass":"Summit","fcode":15048,"state_alpha":"CA","county_name":"Siskiyou"}},{"type":"Feature","id":52727,"geometry":{"type":"MultiPoint","coordinates":[[-121.89393551573728,41.43494324800935]]},"properties":{"OBJECTID":52727,"gaz_id":1660134,"gaz_name":"Watakma Butte","gaz_featureclass":"Summit","fcode":15048,"state_alpha":"CA","county_name":"Siskiyou"}},{"type":"Feature","id":53678,"geometry":{"type":"MultiPoint","coordinates":[[-123.57516608970349,41.39234295921428]]},"properties":{"OBJECTID":53678,"gaz_id":1657982,"gaz_name":"Bald Mountain","gaz_featureclass":"Summit","fcode":15048,"state_alpha":"CA","county_name":"Siskiyou"}},{"type":"Feature","id":53696,"geometry":{"type":"MultiPoint","coordinates":[[-122.19460105383392,41.33441757165404]]},"properties":{"OBJECTID":53696,"gaz_id":1682321,"gaz_name":"Red Hill","gaz_featureclass":"Summit","fcode":15048,"state_alpha":"CA","county_name":"Siskiyou"}},{"type":"Feature","id":54749,"geometry":{"type":"MultiPoint","coordinates":[[-122.4484116228426,41.13135482689743]]},"properties":{"OBJECTID":54749,"gaz_id":224608,"gaz_name":"Grey Rocks","gaz_featureclass":"Summit","fcode":15048,"state_alpha":"CA","county_name":"Shasta"}},{"type":"Feature","id":54750,"geometry":{"type":"MultiPoint","coordinates":[[-122.4484116228426,41.13135482689743]]},"properties":{"OBJECTID":54750,"gaz_id":224608,"gaz_name":"Grey Rocks","gaz_featureclass":"Summit","fcode":15048,"state_alpha":"CA","county_name":"Trinity"}},{"type":"Feature","id":54861,"geometry":{"type":"MultiPoint","coordinates":[[-122.51542904671723,41.71404841784125]]},"properties":{"OBJECTID":54861,"gaz_id":260885,"gaz_name":"Gregory Mountain","gaz_featureclass":"Summit","fcode":15048,"state_alpha":"CA","county_name":"Siskiyou"}},{"type":"Feature","id":54874,"geometry":{"type":"MultiPoint","coordinates":[[-121.6384540964698,41.345180153990945]]},"properties":{"OBJECTID":54874,"gaz_id":261038,"gaz_name":"Hambone Butte","gaz_featureclass":"Summit","fcode":15048,"state_alpha":"CA","county_name":"Siskiyou"}},{"type":"Feature","id":55031,"geometry":{"type":"MultiPoint","coordinates":[[-122.79761443200914,41.919620627183036]]},"properties":{"OBJECTID":55031,"gaz_id":257609,"gaz_name":"Buckhorn Bally","gaz_featureclass":"Summit","fcode":15048,"state_alpha":"CA","county_name":"Siskiyou"}},{"type":"Feature","id":55270,"geometry":{"type":"MultiPoint","coordinates":[[-123.64006180067484,41.53817750059052]]},"properties":{"OBJECTID":55270,"gaz_id":265497,"gaz_name":"Rock Creek Butte","gaz_featureclass":"Summit","fcode":15048,"state_alpha":"CA","county_name":"Siskiyou"}},{"type":"Feature","id":55916,"geometry":{"type":"MultiPoint","coordinates":[[-122.88735433046547,42.01737694265431]]},"properties":{"OBJECTID":55916,"gaz_id":1147133,"gaz_name":"Observation Peak","gaz_featureclass":"Summit","fcode":15048,"state_alpha":"OR","county_name":"Jackson"}},{"type":"Feature","id":55920,"geometry":{"type":"MultiPoint","coordinates":[[-123.45807252318505,42.01409519098401]]},"properties":{"OBJECTID":55920,"gaz_id":1138394,"gaz_name":"Bolan Mountain","gaz_featureclass":"Summit","fcode":15048,"state_alpha":"OR","county_name":"Josephine"}},{"type":"Feature","id":56642,"geometry":{"type":"MultiPoint","coordinates":[[-122.34828482635287,41.36657220905927],[-122.35294428891692,41.37521381819224]]},"properties":{"OBJECTID":56642,"gaz_id":266457,"gaz_name":"Black Butte","gaz_featureclass":"Summit","fcode":15048,"state_alpha":"CA","county_name":"Siskiyou"}},{"type":"Feature","id":56700,"geometry":{"type":"MultiPoint","coordinates":[[-123.4574685427004,42.010208112710856]]},"properties":{"OBJECTID":56700,"gaz_id":1137179,"gaz_name":"Althouse Mountain","gaz_featureclass":"Summit","fcode":15048,"state_alpha":"OR","county_name":"Josephine"}},{"type":"Feature","id":57256,"geometry":{"type":"MultiPoint","coordinates":[[-122.93362989068672,41.59953316201671]]},"properties":{"OBJECTID":57256,"gaz_id":265098,"gaz_name":"Quartz Hill","gaz_featureclass":"Summit","fcode":15048,"state_alpha":"CA","county_name":"Siskiyou"}},{"type":"Feature","id":57263,"geometry":{"type":"MultiPoint","coordinates":[[-122.54673246604808,41.814825488091856]]},"properties":{"OBJECTID":57263,"gaz_id":267109,"gaz_name":"Paradise Craggy","gaz_featureclass":"Summit","fcode":15048,"state_alpha":"CA","county_name":"Siskiyou"}},{"type":"Feature","id":57302,"geometry":{"type":"MultiPoint","coordinates":[[-121.7885027607331,41.66950234200178]]},"properties":{"OBJECTID":57302,"gaz_id":237758,"gaz_name":"Wild Horse Mountain","gaz_featureclass":"Summit","fcode":15048,"state_alpha":"CA","county_name":"Siskiyou"}},{"type":"Feature","id":58956,"geometry":{"type":"MultiPoint","coordinates":[[-122.22259683047457,41.72010537802301]]},"properties":{"OBJECTID":58956,"gaz_id":260712,"gaz_name":"Goosenest","gaz_featureclass":"Summit","fcode":15048,"state_alpha":"CA","county_name":"Siskiyou"}},{"type":"Feature","id":59616,"geometry":{"type":"MultiPoint","coordinates":[[-121.74307520744512,41.51811590274941]]},"properties":{"OBJECTID":59616,"gaz_id":276863,"gaz_name":"Buck Hill","gaz_featureclass":"Summit","fcode":15048,"state_alpha":"CA","county_name":"Siskiyou"}},{"type":"Feature","id":59617,"geometry":{"type":"MultiPoint","coordinates":[[-121.70972049953603,41.52043499941178]]},"properties":{"OBJECTID":59617,"gaz_id":276866,"gaz_name":"Hopper Hill","gaz_featureclass":"Summit","fcode":15048,"state_alpha":"CA","county_name":"Siskiyou"}},{"type":"Feature","id":59654,"geometry":{"type":"MultiPoint","coordinates":[[-122.03341638462516,41.52072269811946]]},"properties":{"OBJECTID":59654,"gaz_id":276444,"gaz_name":"Ulcer Point","gaz_featureclass":"Summit","fcode":15048,"state_alpha":"CA","county_name":"Siskiyou"}},{"type":"Feature","id":59655,"geometry":{"type":"MultiPoint","coordinates":[[-123.10558369647215,41.065551165662626]]},"properties":{"OBJECTID":59655,"gaz_id":276746,"gaz_name":"Rays Peak","gaz_featureclass":"Summit","fcode":15048,"state_alpha":"CA","county_name":"Trinity"}},{"type":"Feature","id":59656,"geometry":{"type":"MultiPoint","coordinates":[[-123.10558369647215,41.065551165662626]]},"properties":{"OBJECTID":59656,"gaz_id":276746,"gaz_name":"Rays Peak","gaz_featureclass":"Summit","fcode":15048,"state_alpha":"CA","county_name":"Siskiyou"}},{"type":"Feature","id":61595,"geometry":{"type":"MultiPoint","coordinates":[[-121.59218644501635,41.73898696127322]]},"properties":{"OBJECTID":61595,"gaz_id":237710,"gaz_name":"Whitney Butte","gaz_featureclass":"Summit","fcode":15048,"state_alpha":"CA","county_name":"Siskiyou"}},{"type":"Feature","id":61637,"geometry":{"type":"MultiPoint","coordinates":[[-123.61100508853085,41.891403606895494]]},"properties":{"OBJECTID":61637,"gaz_id":252178,"gaz_name":"Bear Cub","gaz_featureclass":"Summit","fcode":15048,"state_alpha":"CA","county_name":"Del Norte"}},{"type":"Feature","id":61667,"geometry":{"type":"MultiPoint","coordinates":[[-123.0769223769021,41.739698981747]]},"properties":{"OBJECTID":61667,"gaz_id":236434,"gaz_name":"Tom Martin Peak","gaz_featureclass":"Summit","fcode":15048,"state_alpha":"CA","county_name":"Siskiyou"}},{"type":"Feature","id":61804,"geometry":{"type":"MultiPoint","coordinates":[[-123.25015798876646,41.6730087935536],[-123.2498302016041,41.6729940128095]]},"properties":{"OBJECTID":61804,"gaz_id":257622,"gaz_name":"Buckhorn Mountain","gaz_featureclass":"Summit","fcode":15048,"state_alpha":"CA","county_name":"Siskiyou"}},{"type":"Feature","id":61879,"geometry":{"type":"MultiPoint","coordinates":[[-122.91653163874146,41.67896089467748]]},"properties":{"OBJECTID":61879,"gaz_id":232043,"gaz_name":"Russell Peak","gaz_featureclass":"Summit","fcode":15048,"state_alpha":"CA","county_name":"Siskiyou"}},{"type":"Feature","id":61891,"geometry":{"type":"MultiPoint","coordinates":[[-122.84300091791559,41.058376980167594]]},"properties":{"OBJECTID":61891,"gaz_id":235635,"gaz_name":"Sugar Pine Butte","gaz_featureclass":"Summit","fcode":15048,"state_alpha":"CA","county_name":"Trinity"}},{"type":"Feature","id":61894,"geometry":{"type":"MultiPoint","coordinates":[[-122.33610834233967,42.00183056998483],[-122.33136814638443,41.99936069004448]]},"properties":{"OBJECTID":61894,"gaz_id":233293,"gaz_name":"Close Butte","gaz_featureclass":"Summit","fcode":15048,"state_alpha":"CA","county_name":"Siskiyou"}},{"type":"Feature","id":61973,"geometry":{"type":"MultiPoint","coordinates":[[-123.61181443107594,41.86900589937644]]},"properties":{"OBJECTID":61973,"gaz_id":259808,"gaz_name":"El Capitan","gaz_featureclass":"Summit","fcode":15048,"state_alpha":"CA","county_name":"Siskiyou"}},{"type":"Feature","id":61998,"geometry":{"type":"MultiPoint","coordinates":[[-123.43417983484227,41.551482284295524]]},"properties":{"OBJECTID":61998,"gaz_id":236099,"gaz_name":"Ten Bear Mountain","gaz_featureclass":"Summit","fcode":15048,"state_alpha":"CA","county_name":"Siskiyou"}},{"type":"Feature","id":62026,"geometry":{"type":"MultiPoint","coordinates":[[-122.77648522289006,41.73812945314111]]},"properties":{"OBJECTID":62026,"gaz_id":260986,"gaz_name":"Gunsight Peak","gaz_featureclass":"Summit","fcode":15048,"state_alpha":"CA","county_name":"Siskiyou"}},{"type":"Feature","id":62029,"geometry":{"type":"MultiPoint","coordinates":[[-122.04893721559274,41.447361116951264]]},"properties":{"OBJECTID":62029,"gaz_id":256344,"gaz_name":"Ash Creek Butte","gaz_featureclass":"Summit","fcode":15048,"state_alpha":"CA","county_name":"Siskiyou"}},{"type":"Feature","id":66192,"geometry":{"type":"MultiPoint","coordinates":[[-122.01842881606811,41.053579271473005]]},"properties":{"OBJECTID":66192,"gaz_id":1658334,"gaz_name":"Coyote Peak","gaz_featureclass":"Summit","fcode":15048,"state_alpha":"CA","county_name":"Shasta"}},{"type":"Feature","id":66535,"geometry":{"type":"MultiPoint","coordinates":[[-121.60388399942231,41.792933400204575]]},"properties":{"OBJECTID":66535,"gaz_id":1659636,"gaz_name":"Sheep Camp Butte","gaz_featureclass":"Summit","fcode":15048,"state_alpha":"CA","county_name":"Siskiyou"}},{"type":"Feature","id":66578,"geometry":{"type":"MultiPoint","coordinates":[[-121.99585540972126,41.74222860444751]]},"properties":{"OBJECTID":66578,"gaz_id":1658458,"gaz_name":"East Jerome Butte","gaz_featureclass":"Summit","fcode":15048,"state_alpha":"CA","county_name":"Siskiyou"}},{"type":"Feature","id":67545,"geometry":{"type":"MultiPoint","coordinates":[[-121.80151859551344,41.45192029660216]]},"properties":{"OBJECTID":67545,"gaz_id":264408,"gaz_name":"Oso Butte","gaz_featureclass":"Summit","fcode":15048,"state_alpha":"CA","county_name":"Siskiyou"}},{"type":"Feature","id":67607,"geometry":{"type":"MultiPoint","coordinates":[[-121.59241972671585,41.067057366887894]]},"properties":{"OBJECTID":67607,"gaz_id":260280,"gaz_name":"Fort Mountain","gaz_featureclass":"Summit","fcode":15048,"state_alpha":"CA","county_name":"Shasta"}},{"type":"Feature","id":68155,"geometry":{"type":"MultiPoint","coordinates":[[-123.05427398728018,41.04514833381534]]},"properties":{"OBJECTID":68155,"gaz_id":224626,"gaz_name":"Grizzly Butte","gaz_featureclass":"Summit","fcode":15048,"state_alpha":"CA","county_name":"Siskiyou"}},{"type":"Feature","id":68156,"geometry":{"type":"MultiPoint","coordinates":[[-123.05427398728018,41.04514833381534]]},"properties":{"OBJECTID":68156,"gaz_id":224626,"gaz_name":"Grizzly Butte","gaz_featureclass":"Summit","fcode":15048,"state_alpha":"CA","county_name":"Trinity"}},{"type":"Feature","id":69025,"geometry":{"type":"MultiPoint","coordinates":[[-121.61292856468958,41.64143839794712]]},"properties":{"OBJECTID":69025,"gaz_id":223758,"gaz_name":"Fourmile Hill","gaz_featureclass":"Summit","fcode":15048,"state_alpha":"CA","county_name":"Siskiyou"}},{"type":"Feature","id":69171,"geometry":{"type":"MultiPoint","coordinates":[[-121.71907671822314,41.301487981668465]]},"properties":{"OBJECTID":69171,"gaz_id":256687,"gaz_name":"Bear Mountain","gaz_featureclass":"Summit","fcode":15048,"state_alpha":"CA","county_name":"Siskiyou"}},{"type":"Feature","id":69179,"geometry":{"type":"MultiPoint","coordinates":[[-123.67617409935096,41.35123540077794]]},"properties":{"OBJECTID":69179,"gaz_id":266275,"gaz_name":"Slate Creek Butte","gaz_featureclass":"Summit","fcode":15048,"state_alpha":"CA","county_name":"Humboldt"}},{"type":"Feature","id":69199,"geometry":{"type":"MultiPoint","coordinates":[[-122.63610279490159,41.6046023166032],[-122.62445070513047,41.60981521258479]]},"properties":{"OBJECTID":69199,"gaz_id":266383,"gaz_name":"Antelope Mountain","gaz_featureclass":"Summit","fcode":15048,"state_alpha":"CA","county_name":"Siskiyou"}},{"type":"Feature","id":69224,"geometry":{"type":"MultiPoint","coordinates":[[-123.51672329991314,41.20050326972466]]},"properties":{"OBJECTID":69224,"gaz_id":266460,"gaz_name":"Black Mountain","gaz_featureclass":"Summit","fcode":15048,"state_alpha":"CA","county_name":"Humboldt"}},{"type":"Feature","id":69282,"geometry":{"type":"MultiPoint","coordinates":[[-122.79564882204775,41.028641988624116]]},"properties":{"OBJECTID":69282,"gaz_id":238235,"gaz_name":"Ycatapom Peak","gaz_featureclass":"Summit","fcode":15048,"state_alpha":"CA","county_name":"Trinity"}},{"type":"Feature","id":69283,"geometry":{"type":"MultiPoint","coordinates":[[-123.34145935771427,41.15607949051591]]},"properties":{"OBJECTID":69283,"gaz_id":238286,"gaz_name":"Youngs Peak","gaz_featureclass":"Summit","fcode":15048,"state_alpha":"CA","county_name":"Trinity"}},{"type":"Feature","id":69284,"geometry":{"type":"MultiPoint","coordinates":[[-123.34145935771427,41.15607949051591]]},"properties":{"OBJECTID":69284,"gaz_id":238286,"gaz_name":"Youngs Peak","gaz_featureclass":"Summit","fcode":15048,"state_alpha":"CA","county_name":"Siskiyou"}},{"type":"Feature","id":69292,"geometry":{"type":"MultiPoint","coordinates":[[-123.1954536979311,42.00068892878976]]},"properties":{"OBJECTID":69292,"gaz_id":267811,"gaz_name":"Stricklin Butte","gaz_featureclass":"Summit","fcode":15048,"state_alpha":"CA","county_name":"Siskiyou"}},{"type":"Feature","id":69342,"geometry":{"type":"MultiPoint","coordinates":[[-122.59984978861094,41.139165779968955]]},"properties":{"OBJECTID":69342,"gaz_id":265169,"gaz_name":"Ramshorn Summit","gaz_featureclass":"Summit","fcode":15048,"state_alpha":"CA","county_name":"Trinity"}},{"type":"Feature","id":69361,"geometry":{"type":"MultiPoint","coordinates":[[-121.76467873422075,41.41452194001876]]},"properties":{"OBJECTID":69361,"gaz_id":268308,"gaz_name":"Toad Mountain","gaz_featureclass":"Summit","fcode":15048,"state_alpha":"CA","county_name":"Siskiyou"}},{"type":"Feature","id":69366,"geometry":{"type":"MultiPoint","coordinates":[[-123.47591010837208,41.584060949991546]]},"properties":{"OBJECTID":69366,"gaz_id":236763,"gaz_name":"Ukonom Mountain","gaz_featureclass":"Summit","fcode":15048,"state_alpha":"CA","county_name":"Siskiyou"}},{"type":"Feature","id":69405,"geometry":{"type":"MultiPoint","coordinates":[[-121.90665965137525,41.101873607539915]]},"properties":{"OBJECTID":69405,"gaz_id":262587,"gaz_name":"Little Devils Mountain","gaz_featureclass":"Summit","fcode":15048,"state_alpha":"CA","county_name":"Shasta"}},{"type":"Feature","id":69450,"geometry":{"type":"MultiPoint","coordinates":[[-121.53869139614787,41.768458761846986]]},"properties":{"OBJECTID":69450,"gaz_id":252089,"gaz_name":"Thomas Hill","gaz_featureclass":"Summit","fcode":15048,"state_alpha":"CA","county_name":"Siskiyou"}},{"type":"Feature","id":69472,"geometry":{"type":"MultiPoint","coordinates":[[-123.42212174698693,41.19965905765253]]},"properties":{"OBJECTID":69472,"gaz_id":225898,"gaz_name":"Indian Rocks","gaz_featureclass":"Summit","fcode":15048,"state_alpha":"CA","county_name":"Humboldt"}},{"type":"Feature","id":69473,"geometry":{"type":"MultiPoint","coordinates":[[-123.42212174698693,41.19965905765253]]},"properties":{"OBJECTID":69473,"gaz_id":225898,"gaz_name":"Indian Rocks","gaz_featureclass":"Summit","fcode":15048,"state_alpha":"CA","county_name":"Siskiyou"}},{"type":"Feature","id":69481,"geometry":{"type":"MultiPoint","coordinates":[[-121.75647467944567,41.44987980035684]]},"properties":{"OBJECTID":69481,"gaz_id":261108,"gaz_name":"Harris Mountain","gaz_featureclass":"Summit","fcode":15048,"state_alpha":"CA","county_name":"Siskiyou"}},{"type":"Feature","id":69542,"geometry":{"type":"MultiPoint","coordinates":[[-121.58393291462869,41.49125392760357]]},"properties":{"OBJECTID":69542,"gaz_id":235616,"gaz_name":"Stud Hill","gaz_featureclass":"Summit","fcode":15048,"state_alpha":"CA","county_name":"Siskiyou"}},{"type":"Feature","id":70023,"geometry":{"type":"MultiPoint","coordinates":[[-123.1228213489832,41.466020491208255]]},"properties":{"OBJECTID":70023,"gaz_id":218908,"gaz_name":"Bear Wallow Peak","gaz_featureclass":"Summit","fcode":15048,"state_alpha":"CA","county_name":"Siskiyou"}},{"type":"Feature","id":77133,"geometry":{"type":"MultiPoint","coordinates":[[-121.76371818724702,41.55741031352758]]},"properties":{"OBJECTID":77133,"gaz_id":267637,"gaz_name":"Tamarack Peak","gaz_featureclass":"Summit","fcode":15048,"state_alpha":"CA","county_name":"Siskiyou"}},{"type":"Feature","id":78420,"geometry":{"type":"MultiPoint","coordinates":[[-122.35497568340486,41.893460226579094]]},"properties":{"OBJECTID":78420,"gaz_id":1657698,"gaz_name":"Windmill Point","gaz_featureclass":"Summit","fcode":15048,"state_alpha":"CA","county_name":"Siskiyou"}},{"type":"Feature","id":78475,"geometry":{"type":"MultiPoint","coordinates":[[-122.25416900148392,41.04759846259471]]},"properties":{"OBJECTID":78475,"gaz_id":1660014,"gaz_name":"Tombstone Mountain","gaz_featureclass":"Summit","fcode":15048,"state_alpha":"CA","county_name":"Shasta"}},{"type":"Feature","id":79323,"geometry":{"type":"MultiPoint","coordinates":[[-123.3773413732673,41.461335583640775]]},"properties":{"OBJECTID":79323,"gaz_id":219382,"gaz_name":"Black Mountain","gaz_featureclass":"Summit","fcode":15048,"state_alpha":"CA","county_name":"Siskiyou"}},{"type":"Feature","id":79348,"geometry":{"type":"MultiPoint","coordinates":[[-122.28958989473362,41.47705197001679]]},"properties":{"OBJECTID":79348,"gaz_id":258370,"gaz_name":"Cinder Cone","gaz_featureclass":"Summit","fcode":15048,"state_alpha":"CA","county_name":"Siskiyou"}},{"type":"Feature","id":79427,"geometry":{"type":"MultiPoint","coordinates":[[-123.62725769162043,41.065720727639295],[-123.62412275723013,41.068392682007755]]},"properties":{"OBJECTID":79427,"gaz_id":257963,"gaz_name":"Captain John Mountain","gaz_featureclass":"Summit","fcode":15048,"state_alpha":"CA","county_name":"Humboldt"}},{"type":"Feature","id":79437,"geometry":{"type":"MultiPoint","coordinates":[[-122.91291498816993,41.009176928144655]]},"properties":{"OBJECTID":79437,"gaz_id":257137,"gaz_name":"Black Mountain","gaz_featureclass":"Summit","fcode":15048,"state_alpha":"CA","county_name":"Trinity"}},{"type":"Feature","id":79438,"geometry":{"type":"MultiPoint","coordinates":[[-122.91291498816993,41.009176928144655]]},"properties":{"OBJECTID":79438,"gaz_id":257137,"gaz_name":"Black Mountain","gaz_featureclass":"Summit","fcode":15048,"state_alpha":"CA","county_name":"Siskiyou"}},{"type":"Feature","id":79441,"geometry":{"type":"MultiPoint","coordinates":[[-123.26194773367678,41.10359805094178]]},"properties":{"OBJECTID":79441,"gaz_id":259255,"gaz_name":"Dees Peak","gaz_featureclass":"Summit","fcode":15048,"state_alpha":"CA","county_name":"Siskiyou"}},{"type":"Feature","id":79442,"geometry":{"type":"MultiPoint","coordinates":[[-123.26194773367678,41.10359805094178]]},"properties":{"OBJECTID":79442,"gaz_id":259255,"gaz_name":"Dees Peak","gaz_featureclass":"Summit","fcode":15048,"state_alpha":"CA","county_name":"Trinity"}},{"type":"Feature","id":79516,"geometry":{"type":"MultiPoint","coordinates":[[-121.61768162002815,41.51047966595816]]},"properties":{"OBJECTID":79516,"gaz_id":266221,"gaz_name":"Six Shooter Butte","gaz_featureclass":"Summit","fcode":15048,"state_alpha":"CA","county_name":"Siskiyou"}},{"type":"Feature","id":79696,"geometry":{"type":"MultiPoint","coordinates":[[-122.1290834706324,41.60614494524023],[-122.12414974342892,41.60366268948145]]},"properties":{"OBJECTID":79696,"gaz_id":222199,"gaz_name":"Deer Mountain","gaz_featureclass":"Summit","fcode":15048,"state_alpha":"CA","county_name":"Siskiyou"}},{"type":"Feature","id":79920,"geometry":{"type":"MultiPoint","coordinates":[[-122.3969943179375,41.69232524050449]]},"properties":{"OBJECTID":79920,"gaz_id":259496,"gaz_name":"Dorris Hill","gaz_featureclass":"Summit","fcode":15048,"state_alpha":"CA","county_name":"Siskiyou"}},{"type":"Feature","id":80179,"geometry":{"type":"MultiPoint","coordinates":[[-123.69659580433542,41.00596370043711]]},"properties":{"OBJECTID":80179,"gaz_id":267325,"gaz_name":"Snow Mountain","gaz_featureclass":"Summit","fcode":15048,"state_alpha":"CA","county_name":"Humboldt"}},{"type":"Feature","id":83269,"geometry":{"type":"MultiPoint","coordinates":[[-122.98317898097355,42.00255789288391]]},"properties":{"OBJECTID":83269,"gaz_id":1656127,"gaz_name":"Lilly Mountain","gaz_featureclass":"Summit","fcode":15048,"state_alpha":"CA","county_name":"Jackson"}},{"type":"Feature","id":83270,"geometry":{"type":"MultiPoint","coordinates":[[-122.98317898097355,42.00255789288391]]},"properties":{"OBJECTID":83270,"gaz_id":1656127,"gaz_name":"Lilly Mountain","gaz_featureclass":"Summit","fcode":15048,"state_alpha":"CA","county_name":"Siskiyou"}},{"type":"Feature","id":83783,"geometry":{"type":"MultiPoint","coordinates":[[-122.62654788234838,41.72504798402119],[-122.6188194244308,41.72980009783494]]},"properties":{"OBJECTID":83783,"gaz_id":1657753,"gaz_name":"Butcher Hill","gaz_featureclass":"Summit","fcode":15048,"state_alpha":"CA","county_name":"Siskiyou"}},{"type":"Feature","id":83784,"geometry":{"type":"MultiPoint","coordinates":[[-122.37085119978934,41.71097910031176]]},"properties":{"OBJECTID":83784,"gaz_id":1657755,"gaz_name":"Camelback","gaz_featureclass":"Summit","fcode":15048,"state_alpha":"CA","county_name":"Siskiyou"}},{"type":"Feature","id":85066,"geometry":{"type":"MultiPoint","coordinates":[[-121.57723850743469,41.952442467761486]]},"properties":{"OBJECTID":85066,"gaz_id":266083,"gaz_name":"Sheepy Peak","gaz_featureclass":"Summit","fcode":15048,"state_alpha":"CA","county_name":"Siskiyou"}},{"type":"Feature","id":85304,"geometry":{"type":"MultiPoint","coordinates":[[-121.85940913430478,41.489873748464944]]},"properties":{"OBJECTID":85304,"gaz_id":261500,"gaz_name":"Horse Peak","gaz_featureclass":"Summit","fcode":15048,"state_alpha":"CA","county_name":"Siskiyou"}},{"type":"Feature","id":85324,"geometry":{"type":"MultiPoint","coordinates":[[-123.30255105002139,41.96179880332247]]},"properties":{"OBJECTID":85324,"gaz_id":260102,"gaz_name":"Figurehead Mountain","gaz_featureclass":"Summit","fcode":15048,"state_alpha":"CA","county_name":"Siskiyou"}},{"type":"Feature","id":85337,"geometry":{"type":"MultiPoint","coordinates":[[-122.32176183223062,41.69741163582136]]},"properties":{"OBJECTID":85337,"gaz_id":1659069,"gaz_name":"Martin Hill","gaz_featureclass":"Summit","fcode":15048,"state_alpha":"CA","county_name":"Siskiyou"}},{"type":"Feature","id":85477,"geometry":{"type":"MultiPoint","coordinates":[[-122.93511873059083,41.17721560512741]]},"properties":{"OBJECTID":85477,"gaz_id":259139,"gaz_name":"Deadman Peak","gaz_featureclass":"Summit","fcode":15048,"state_alpha":"CA","county_name":"Siskiyou"}},{"type":"Feature","id":85478,"geometry":{"type":"MultiPoint","coordinates":[[-122.93511873059083,41.17721560512741]]},"properties":{"OBJECTID":85478,"gaz_id":259139,"gaz_name":"Deadman Peak","gaz_featureclass":"Summit","fcode":15048,"state_alpha":"CA","county_name":"Trinity"}},{"type":"Feature","id":86425,"geometry":{"type":"MultiPoint","coordinates":[[-123.43590802726062,42.017638700174885]]},"properties":{"OBJECTID":86425,"gaz_id":1143109,"gaz_name":"Grizzly Peak","gaz_featureclass":"Summit","fcode":15048,"state_alpha":"OR","county_name":"Josephine"}},{"type":"Feature","id":87131,"geometry":{"type":"MultiPoint","coordinates":[[-123.51411816133471,41.23468873389111]]},"properties":{"OBJECTID":87131,"gaz_id":1659743,"gaz_name":"Le Perron Peak","gaz_featureclass":"Summit","fcode":15048,"state_alpha":"CA","county_name":"Humboldt"}},{"type":"Feature","id":87492,"geometry":{"type":"MultiPoint","coordinates":[[-121.86809866650718,41.346821104033715]]},"properties":{"OBJECTID":87492,"gaz_id":262542,"gaz_name":"Little Black Fox Mountain","gaz_featureclass":"Summit","fcode":15048,"state_alpha":"CA","county_name":"Siskiyou"}},{"type":"Feature","id":87634,"geometry":{"type":"MultiPoint","coordinates":[[-121.81222219999016,41.32666670029399]]},"properties":{"OBJECTID":87634,"gaz_id":266081,"gaz_name":"Sheepheaven Butte","gaz_featureclass":"Summit","fcode":15048,"state_alpha":"CA","county_name":"Siskiyou"}},{"type":"Feature","id":87770,"geometry":{"type":"MultiPoint","coordinates":[[-122.2794365416061,41.53405556291265]]},"properties":{"OBJECTID":87770,"gaz_id":261187,"gaz_name":"Haystack","gaz_featureclass":"Summit","fcode":15048,"state_alpha":"CA","county_name":"Siskiyou"}},{"type":"Feature","id":87840,"geometry":{"type":"MultiPoint","coordinates":[[-123.71737358173557,41.93252455039204]]},"properties":{"OBJECTID":87840,"gaz_id":262351,"gaz_name":"Laurel Butte","gaz_featureclass":"Summit","fcode":15048,"state_alpha":"CA","county_name":"Del Norte"}},{"type":"Feature","id":87843,"geometry":{"type":"MultiPoint","coordinates":[[-123.1049328607606,41.325543513846796]]},"properties":{"OBJECTID":87843,"gaz_id":236014,"gaz_name":"Tanners Peak","gaz_featureclass":"Summit","fcode":15048,"state_alpha":"CA","county_name":"Siskiyou"}},{"type":"Feature","id":89260,"geometry":{"type":"MultiPoint","coordinates":[[-123.4105364424656,41.183120059251955]]},"properties":{"OBJECTID":89260,"gaz_id":232285,"gaz_name":"Salmon Mountain","gaz_featureclass":"Summit","fcode":15048,"state_alpha":"CA","county_name":"Humboldt"}},{"type":"Feature","id":89261,"geometry":{"type":"MultiPoint","coordinates":[[-123.4105364424656,41.183120059251955]]},"properties":{"OBJECTID":89261,"gaz_id":232285,"gaz_name":"Salmon Mountain","gaz_featureclass":"Summit","fcode":15048,"state_alpha":"CA","county_name":"Trinity"}},{"type":"Feature","id":89262,"geometry":{"type":"MultiPoint","coordinates":[[-123.4105364424656,41.183120059251955]]},"properties":{"OBJECTID":89262,"gaz_id":232285,"gaz_name":"Salmon Mountain","gaz_featureclass":"Summit","fcode":15048,"state_alpha":"CA","county_name":"Siskiyou"}},{"type":"Feature","id":89773,"geometry":{"type":"MultiPoint","coordinates":[[-121.47270302836381,41.743802494114064]]},"properties":{"OBJECTID":89773,"gaz_id":236317,"gaz_name":"Three Sisters","gaz_featureclass":"Summit","fcode":15048,"state_alpha":"CA","county_name":"Siskiyou"}},{"type":"Feature","id":89775,"geometry":{"type":"MultiPoint","coordinates":[[-121.55362270771025,41.611034666234474]]},"properties":{"OBJECTID":89775,"gaz_id":261394,"gaz_name":"Mount Hoffman","gaz_featureclass":"Summit","fcode":15048,"state_alpha":"CA","county_name":"Siskiyou"}},{"type":"Feature","id":92161,"geometry":{"type":"MultiPoint","coordinates":[[-122.64684595399689,41.88737013908372]]},"properties":{"OBJECTID":92161,"gaz_id":266603,"gaz_name":"Cottonwood Peak","gaz_featureclass":"Summit","fcode":15048,"state_alpha":"CA","county_name":"Siskiyou"}},{"type":"Feature","id":92266,"geometry":{"type":"MultiPoint","coordinates":[[-123.53651702232688,41.97814069782105]]},"properties":{"OBJECTID":92266,"gaz_id":262612,"gaz_name":"Little Grayback","gaz_featureclass":"Summit","fcode":15048,"state_alpha":"CA","county_name":"Del Norte"}},{"type":"Feature","id":92267,"geometry":{"type":"MultiPoint","coordinates":[[-123.53651702232688,41.97814069782105]]},"properties":{"OBJECTID":92267,"gaz_id":262612,"gaz_name":"Little Grayback","gaz_featureclass":"Summit","fcode":15048,"state_alpha":"CA","county_name":"Siskiyou"}},{"type":"Feature","id":92279,"geometry":{"type":"MultiPoint","coordinates":[[-123.55110617637732,41.3979689731095]]},"properties":{"OBJECTID":92279,"gaz_id":265049,"gaz_name":"Prospect Hill","gaz_featureclass":"Summit","fcode":15048,"state_alpha":"CA","county_name":"Humboldt"}},{"type":"Feature","id":92280,"geometry":{"type":"MultiPoint","coordinates":[[-123.55110617637732,41.3979689731095]]},"properties":{"OBJECTID":92280,"gaz_id":265049,"gaz_name":"Prospect Hill","gaz_featureclass":"Summit","fcode":15048,"state_alpha":"CA","county_name":"Siskiyou"}},{"type":"Feature","id":92315,"geometry":{"type":"MultiPoint","coordinates":[[-122.82935140255064,41.737754683589245]]},"properties":{"OBJECTID":92315,"gaz_id":261740,"gaz_name":"Indian Creek Baldy","gaz_featureclass":"Summit","fcode":15048,"state_alpha":"CA","county_name":"Siskiyou"}},{"type":"Feature","id":92417,"geometry":{"type":"MultiPoint","coordinates":[[-123.4387943466078,41.39592840684294]]},"properties":{"OBJECTID":92417,"gaz_id":251985,"gaz_name":"East Peak","gaz_featureclass":"Summit","fcode":15048,"state_alpha":"CA","county_name":"Siskiyou"}},{"type":"Feature","id":92459,"geometry":{"type":"MultiPoint","coordinates":[[-123.2391363186954,41.92434916797206]]},"properties":{"OBJECTID":92459,"gaz_id":265223,"gaz_name":"Rattlesnake Mountain","gaz_featureclass":"Summit","fcode":15048,"state_alpha":"CA","county_name":"Siskiyou"}},{"type":"Feature","id":92465,"geometry":{"type":"MultiPoint","coordinates":[[-123.24774591970213,41.96027701749192]]},"properties":{"OBJECTID":92465,"gaz_id":260433,"gaz_name":"Fruit Mountain","gaz_featureclass":"Summit","fcode":15048,"state_alpha":"CA","county_name":"Siskiyou"}},{"type":"Feature","id":96848,"geometry":{"type":"MultiPoint","coordinates":[[-122.96920449825795,41.09596900705865]]},"properties":{"OBJECTID":96848,"gaz_id":1658335,"gaz_name":"Coyote Peak","gaz_featureclass":"Summit","fcode":15048,"state_alpha":"CA","county_name":"Siskiyou"}},{"type":"Feature","id":96849,"geometry":{"type":"MultiPoint","coordinates":[[-122.96920449825795,41.09596900705865]]},"properties":{"OBJECTID":96849,"gaz_id":1658335,"gaz_name":"Coyote Peak","gaz_featureclass":"Summit","fcode":15048,"state_alpha":"CA","county_name":"Trinity"}},{"type":"Feature","id":97070,"geometry":{"type":"MultiPoint","coordinates":[[-122.07925088102505,41.12634539177997],[-122.07815721989587,41.12393666663156]]},"properties":{"OBJECTID":97070,"gaz_id":1659797,"gaz_name":"Skunk Hill","gaz_featureclass":"Summit","fcode":15048,"state_alpha":"CA","county_name":"Shasta"}},{"type":"Feature","id":97091,"geometry":{"type":"MultiPoint","coordinates":[[-121.93192754184037,41.80361146175946]]},"properties":{"OBJECTID":97091,"gaz_id":1657413,"gaz_name":"Murch Butte","gaz_featureclass":"Summit","fcode":15048,"state_alpha":"CA","county_name":"Siskiyou"}},{"type":"Feature","id":97160,"geometry":{"type":"MultiPoint","coordinates":[[-121.51756428279835,41.32521943489149]]},"properties":{"OBJECTID":97160,"gaz_id":1658819,"gaz_name":"Indian Spring Mountain","gaz_featureclass":"Summit","fcode":15048,"state_alpha":"CA","county_name":"Siskiyou"}},{"type":"Feature","id":97187,"geometry":{"type":"MultiPoint","coordinates":[[-122.72094793057995,41.60412627022562]]},"properties":{"OBJECTID":97187,"gaz_id":1657740,"gaz_name":"Bald Hill","gaz_featureclass":"Summit","fcode":15048,"state_alpha":"CA","county_name":"Siskiyou"}},{"type":"Feature","id":97218,"geometry":{"type":"MultiPoint","coordinates":[[-122.73505075739682,41.62252821680598],[-122.73714634369833,41.62559568984877]]},"properties":{"OBJECTID":97218,"gaz_id":1657818,"gaz_name":"Piney Mountain","gaz_featureclass":"Summit","fcode":15048,"state_alpha":"CA","county_name":"Siskiyou"}},{"type":"Feature","id":98159,"geometry":{"type":"MultiPoint","coordinates":[[-122.29943489215674,41.30553079165202]]},"properties":{"OBJECTID":98159,"gaz_id":1656236,"gaz_name":"Quail Hill","gaz_featureclass":"Summit","fcode":15048,"state_alpha":"CA","county_name":"Siskiyou"}},{"type":"Feature","id":98205,"geometry":{"type":"MultiPoint","coordinates":[[-123.45336574276173,41.27900127506037]]},"properties":{"OBJECTID":98205,"gaz_id":264398,"gaz_name":"Orleans Mountain","gaz_featureclass":"Summit","fcode":15048,"state_alpha":"CA","county_name":"Humboldt"}},{"type":"Feature","id":98206,"geometry":{"type":"MultiPoint","coordinates":[[-123.45336574276173,41.27900127506037]]},"properties":{"OBJECTID":98206,"gaz_id":264398,"gaz_name":"Orleans Mountain","gaz_featureclass":"Summit","fcode":15048,"state_alpha":"CA","county_name":"Siskiyou"}},{"type":"Feature","id":98241,"geometry":{"type":"MultiPoint","coordinates":[[-121.60201613245206,41.68506076599078]]},"properties":{"OBJECTID":98241,"gaz_id":221112,"gaz_name":"Cinder Butte","gaz_featureclass":"Summit","fcode":15048,"state_alpha":"CA","county_name":"Siskiyou"}},{"type":"Feature","id":98326,"geometry":{"type":"MultiPoint","coordinates":[[-123.36839791158863,41.185970425319596]]},"properties":{"OBJECTID":98326,"gaz_id":234010,"gaz_name":"High Point","gaz_featureclass":"Summit","fcode":15048,"state_alpha":"CA","county_name":"Siskiyou"}},{"type":"Feature","id":99800,"geometry":{"type":"MultiPoint","coordinates":[[-122.69169345073284,41.363349662619314]]},"properties":{"OBJECTID":99800,"gaz_id":227738,"gaz_name":"Lovers Leap","gaz_featureclass":"Summit","fcode":15048,"state_alpha":"CA","county_name":"Siskiyou"}},{"type":"Feature","id":99833,"geometry":{"type":"MultiPoint","coordinates":[[-122.64900133036714,41.652064928316975]]},"properties":{"OBJECTID":99833,"gaz_id":228040,"gaz_name":"Manzanita Hill","gaz_featureclass":"Summit","fcode":15048,"state_alpha":"CA","county_name":"Siskiyou"}},{"type":"Feature","id":99898,"geometry":{"type":"MultiPoint","coordinates":[[-122.87721468383255,41.595773835467746],[-122.87323286450479,41.59608820264047]]},"properties":{"OBJECTID":99898,"gaz_id":266551,"gaz_name":"Chaparral Hill","gaz_featureclass":"Summit","fcode":15048,"state_alpha":"CA","county_name":"Siskiyou"}},{"type":"Feature","id":99986,"geometry":{"type":"MultiPoint","coordinates":[[-123.33286811647535,41.3676303005665]]},"properties":{"OBJECTID":99986,"gaz_id":264973,"gaz_name":"Portuguese Peak","gaz_featureclass":"Summit","fcode":15048,"state_alpha":"CA","county_name":"Siskiyou"}},{"type":"Feature","id":99994,"geometry":{"type":"MultiPoint","coordinates":[[-123.41351004571906,41.03225634964288]]},"properties":{"OBJECTID":99994,"gaz_id":236550,"gaz_name":"Trinity Mountain","gaz_featureclass":"Summit","fcode":15048,"state_alpha":"CA","county_name":"Humboldt"}},{"type":"Feature","id":99995,"geometry":{"type":"MultiPoint","coordinates":[[-123.41351004571906,41.03225634964288]]},"properties":{"OBJECTID":99995,"gaz_id":236550,"gaz_name":"Trinity Mountain","gaz_featureclass":"Summit","fcode":15048,"state_alpha":"CA","county_name":"Trinity"}},{"type":"Feature","id":100007,"geometry":{"type":"MultiPoint","coordinates":[[-123.71435264535144,41.002891807153276]]},"properties":{"OBJECTID":100007,"gaz_id":268135,"gaz_name":"Telescope Peak","gaz_featureclass":"Summit","fcode":15048,"state_alpha":"CA","county_name":"Humboldt"}},{"type":"Feature","id":100018,"geometry":{"type":"MultiPoint","coordinates":[[-123.18403974076199,41.929966261705985]]},"properties":{"OBJECTID":100018,"gaz_id":265255,"gaz_name":"Red Butte","gaz_featureclass":"Summit","fcode":15048,"state_alpha":"CA","county_name":"Siskiyou"}},{"type":"Feature","id":100050,"geometry":{"type":"MultiPoint","coordinates":[[-122.97249378387532,41.784983298961215]]},"properties":{"OBJECTID":100050,"gaz_id":262514,"gaz_name":"Little Baldy","gaz_featureclass":"Summit","fcode":15048,"state_alpha":"CA","county_name":"Siskiyou"}},{"type":"Feature","id":100084,"geometry":{"type":"MultiPoint","coordinates":[[-123.0481975886623,40.992232930754334]]},"properties":{"OBJECTID":100084,"gaz_id":268837,"gaz_name":"Wedding Cake","gaz_featureclass":"Summit","fcode":15048,"state_alpha":"CA","county_name":"Trinity"}},{"type":"Feature","id":100115,"geometry":{"type":"MultiPoint","coordinates":[[-121.56718929330309,41.70343197437573]]},"properties":{"OBJECTID":100115,"gaz_id":222817,"gaz_name":"Eagle Nest Butte","gaz_featureclass":"Summit","fcode":15048,"state_alpha":"CA","county_name":"Siskiyou"}},{"type":"Feature","id":100131,"geometry":{"type":"MultiPoint","coordinates":[[-123.69414756999609,41.75544252155869]]},"properties":{"OBJECTID":100131,"gaz_id":252099,"gaz_name":"Jedediah Mountain","gaz_featureclass":"Summit","fcode":15048,"state_alpha":"CA","county_name":"Del Norte"}},{"type":"Feature","id":109014,"geometry":{"type":"MultiPoint","coordinates":[[-122.41916624203103,41.96152960054688]]},"properties":{"OBJECTID":109014,"gaz_id":1657677,"gaz_name":"Sentinel Rocks","gaz_featureclass":"Summit","fcode":15048,"state_alpha":"CA","county_name":"Siskiyou"}},{"type":"Feature","id":109040,"geometry":{"type":"MultiPoint","coordinates":[[-123.25893279983538,41.05933505909335],[-123.24717196720245,41.06653970245111]]},"properties":{"OBJECTID":109040,"gaz_id":1656229,"gaz_name":"Pony Buttes","gaz_featureclass":"Summit","fcode":15048,"state_alpha":"CA","county_name":"Trinity"}},{"type":"Feature","id":109051,"geometry":{"type":"MultiPoint","coordinates":[[-122.85851265523753,41.89263359930644]]},"properties":{"OBJECTID":109051,"gaz_id":1659555,"gaz_name":"Round Mountain","gaz_featureclass":"Summit","fcode":15048,"state_alpha":"CA","county_name":"Siskiyou"}},{"type":"Feature","id":109063,"geometry":{"type":"MultiPoint","coordinates":[[-122.90165653386808,41.004498491082245]]},"properties":{"OBJECTID":109063,"gaz_id":1659807,"gaz_name":"Snowslide Peak","gaz_featureclass":"Summit","fcode":15048,"state_alpha":"CA","county_name":"Trinity"}},{"type":"Feature","id":109090,"geometry":{"type":"MultiPoint","coordinates":[[-123.36889613610983,41.886623321886354]]},"properties":{"OBJECTID":109090,"gaz_id":1656098,"gaz_name":"Jackson Peak","gaz_featureclass":"Summit","fcode":15048,"state_alpha":"CA","county_name":"Siskiyou"}},{"type":"Feature","id":109104,"geometry":{"type":"MultiPoint","coordinates":[[-122.64540443824025,40.9930236441261]]},"properties":{"OBJECTID":109104,"gaz_id":1665389,"gaz_name":"Manzanita Butte","gaz_featureclass":"Summit","fcode":15048,"state_alpha":"CA","county_name":"Trinity"}},{"type":"Feature","id":109126,"geometry":{"type":"MultiPoint","coordinates":[[-122.13551138541084,41.06725820154129]]},"properties":{"OBJECTID":109126,"gaz_id":1658023,"gaz_name":"Beetle Butte","gaz_featureclass":"Summit","fcode":15048,"state_alpha":"CA","county_name":"Shasta"}},{"type":"Feature","id":109980,"geometry":{"type":"MultiPoint","coordinates":[[-122.5761351993581,41.37775156970672]]},"properties":{"OBJECTID":109980,"gaz_id":258314,"gaz_name":"China Mountain","gaz_featureclass":"Summit","fcode":15048,"state_alpha":"CA","county_name":"Siskiyou"}},{"type":"Feature","id":110098,"geometry":{"type":"MultiPoint","coordinates":[[-121.88917210012858,41.85649085351741]]},"properties":{"OBJECTID":110098,"gaz_id":225941,"gaz_name":"Inlow Butte","gaz_featureclass":"Summit","fcode":15048,"state_alpha":"CA","county_name":"Siskiyou"}},{"type":"Feature","id":110131,"geometry":{"type":"MultiPoint","coordinates":[[-123.44496792048159,41.986628739059725]]},"properties":{"OBJECTID":110131,"gaz_id":256510,"gaz_name":"Bare Mountain","gaz_featureclass":"Summit","fcode":15048,"state_alpha":"CA","county_name":"Siskiyou"}},{"type":"Feature","id":110142,"geometry":{"type":"MultiPoint","coordinates":[[-122.7946474610174,41.754773889977116]]},"properties":{"OBJECTID":110142,"gaz_id":263390,"gaz_name":"McKinley Mountain","gaz_featureclass":"Summit","fcode":15048,"state_alpha":"CA","county_name":"Siskiyou"}},{"type":"Feature","id":110221,"geometry":{"type":"MultiPoint","coordinates":[[-123.68275427048525,41.83707431088665]]},"properties":{"OBJECTID":110221,"gaz_id":268539,"gaz_name":"Twin Peaks","gaz_featureclass":"Summit","fcode":15048,"state_alpha":"CA","county_name":"Del Norte"}},{"type":"Feature","id":110222,"geometry":{"type":"MultiPoint","coordinates":[[-123.68275427048525,41.83707431088665]]},"properties":{"OBJECTID":110222,"gaz_id":268539,"gaz_name":"Twin Peaks","gaz_featureclass":"Summit","fcode":15048,"state_alpha":"CA","county_name":"Siskiyou"}},{"type":"Feature","id":110232,"geometry":{"type":"MultiPoint","coordinates":[[-121.99758021998252,41.412539525751065]]},"properties":{"OBJECTID":110232,"gaz_id":260230,"gaz_name":"Fons Butte","gaz_featureclass":"Summit","fcode":15048,"state_alpha":"CA","county_name":"Siskiyou"}},{"type":"Feature","id":110552,"geometry":{"type":"MultiPoint","coordinates":[[-121.88591713195169,41.536945543561714]]},"properties":{"OBJECTID":110552,"gaz_id":227276,"gaz_name":"Little Horse Peak","gaz_featureclass":"Summit","fcode":15048,"state_alpha":"CA","county_name":"Siskiyou"}},{"type":"Feature","id":110585,"geometry":{"type":"MultiPoint","coordinates":[[-122.1165360560687,41.678723696265756]]},"properties":{"OBJECTID":110585,"gaz_id":262585,"gaz_name":"Little Deer Mountain","gaz_featureclass":"Summit","fcode":15048,"state_alpha":"CA","county_name":"Siskiyou"}},{"type":"Feature","id":110590,"geometry":{"type":"MultiPoint","coordinates":[[-122.2621687281594,41.547678022171205]]},"properties":{"OBJECTID":110590,"gaz_id":269339,"gaz_name":"Yellow Butte","gaz_featureclass":"Summit","fcode":15048,"state_alpha":"CA","county_name":"Siskiyou"}},{"type":"Feature","id":110665,"geometry":{"type":"MultiPoint","coordinates":[[-121.98695110021592,41.836933330550536]]},"properties":{"OBJECTID":110665,"gaz_id":226394,"gaz_name":"Juniper Knoll","gaz_featureclass":"Summit","fcode":15048,"state_alpha":"CA","county_name":"Siskiyou"}},{"type":"Feature","id":114280,"geometry":{"type":"MultiPoint","coordinates":[[-123.40004884867872,41.034201045325744]]},"properties":{"OBJECTID":114280,"gaz_id":1658529,"gaz_name":"Fawn Butte","gaz_featureclass":"Summit","fcode":15048,"state_alpha":"CA","county_name":"Trinity"}},{"type":"Feature","id":115611,"geometry":{"type":"MultiPoint","coordinates":[[-123.20430108119686,41.57775971234025]]},"properties":{"OBJECTID":115611,"gaz_id":257139,"gaz_name":"Black Marble Mountain","gaz_featureclass":"Summit","fcode":15048,"state_alpha":"CA","county_name":"Siskiyou"}},{"type":"Feature","id":115678,"geometry":{"type":"MultiPoint","coordinates":[[-123.49659705441888,41.38162760158622]]},"properties":{"OBJECTID":115678,"gaz_id":1659903,"gaz_name":"Sugarloaf","gaz_featureclass":"Summit","fcode":15048,"state_alpha":"CA","county_name":"Siskiyou"}},{"type":"Feature","id":115695,"geometry":{"type":"MultiPoint","coordinates":[[-122.23312732420612,41.63987785946477],[-122.22932499096706,41.62424944052799],[-122.25335857377395,41.653933608760404]]},"properties":{"OBJECTID":115695,"gaz_id":263637,"gaz_name":"Miller Mountain","gaz_featureclass":"Summit","fcode":15048,"state_alpha":"CA","county_name":"Siskiyou"}},{"type":"Feature","id":115954,"geometry":{"type":"MultiPoint","coordinates":[[-123.34361808659713,41.32079900688763]]},"properties":{"OBJECTID":115954,"gaz_id":265855,"gaz_name":"Sauerkraut Peak","gaz_featureclass":"Summit","fcode":15048,"state_alpha":"CA","county_name":"Siskiyou"}},{"type":"Feature","id":117973,"geometry":{"type":"MultiPoint","coordinates":[[-121.83505230082778,41.37465089335875],[-121.8351959818659,41.37553088523067]]},"properties":{"OBJECTID":117973,"gaz_id":266495,"gaz_name":"Buck Mountain","gaz_featureclass":"Summit","fcode":15048,"state_alpha":"CA","county_name":"Siskiyou"}},{"type":"Feature","id":118278,"geometry":{"type":"MultiPoint","coordinates":[[-123.13674561767102,41.97532373811513]]},"properties":{"OBJECTID":118278,"gaz_id":269234,"gaz_name":"Windy Peak","gaz_featureclass":"Summit","fcode":15048,"state_alpha":"CA","county_name":"Siskiyou"}},{"type":"Feature","id":118411,"geometry":{"type":"MultiPoint","coordinates":[[-122.30885483463516,41.221848353996805]]},"properties":{"OBJECTID":118411,"gaz_id":257429,"gaz_name":"Mount Bradley","gaz_featureclass":"Summit","fcode":15048,"state_alpha":"CA","county_name":"Siskiyou"}},{"type":"Feature","id":119595,"geometry":{"type":"MultiPoint","coordinates":[[-122.87289648046519,41.339369324186315]]},"properties":{"OBJECTID":119595,"gaz_id":1659685,"gaz_name":"Smith Hill","gaz_featureclass":"Summit","fcode":15048,"state_alpha":"CA","county_name":"Siskiyou"}},{"type":"Feature","id":120262,"geometry":{"type":"MultiPoint","coordinates":[[-121.53298712553473,41.71481602942936]]},"properties":{"OBJECTID":120262,"gaz_id":225362,"gaz_name":"Hippo Butte","gaz_featureclass":"Summit","fcode":15048,"state_alpha":"CA","county_name":"Siskiyou"}},{"type":"Feature","id":120263,"geometry":{"type":"MultiPoint","coordinates":[[-121.48333009907324,41.697712477657]]},"properties":{"OBJECTID":120263,"gaz_id":220383,"gaz_name":"Caldwell Butte","gaz_featureclass":"Summit","fcode":15048,"state_alpha":"CA","county_name":"Siskiyou"}},{"type":"Feature","id":120264,"geometry":{"type":"MultiPoint","coordinates":[[-121.4829810281269,41.70578921150261]]},"properties":{"OBJECTID":120264,"gaz_id":1658192,"gaz_name":"Caldwell Minor","gaz_featureclass":"Summit","fcode":15048,"state_alpha":"CA","county_name":"Siskiyou"}},{"type":"Feature","id":120265,"geometry":{"type":"MultiPoint","coordinates":[[-121.50948701444585,41.636627270060885]]},"properties":{"OBJECTID":120265,"gaz_id":225853,"gaz_name":"Indian Butte","gaz_featureclass":"Summit","fcode":15048,"state_alpha":"CA","county_name":"Siskiyou"}},{"type":"Feature","id":120313,"geometry":{"type":"MultiPoint","coordinates":[[-121.48203128968264,41.00366054640023]]},"properties":{"OBJECTID":120313,"gaz_id":261062,"gaz_name":"Haney Mountain","gaz_featureclass":"Summit","fcode":15048,"state_alpha":"CA","county_name":"Shasta"}},{"type":"Feature","id":120710,"geometry":{"type":"MultiPoint","coordinates":[[-121.72445995790315,41.518416790157154]]},"properties":{"OBJECTID":120710,"gaz_id":276862,"gaz_name":"Fawn Hill","gaz_featureclass":"Summit","fcode":15048,"state_alpha":"CA","county_name":"Siskiyou"}},{"type":"Feature","id":120743,"geometry":{"type":"MultiPoint","coordinates":[[-121.60775291579024,41.495718215463235]]},"properties":{"OBJECTID":120743,"gaz_id":2829559,"gaz_name":"Saddle Hills","gaz_featureclass":"Summit","fcode":15048,"state_alpha":"CA","county_name":"Siskiyou"}},{"type":"Feature","id":122687,"geometry":{"type":"MultiPoint","coordinates":[[-123.5935652117746,41.87842842607775]]},"properties":{"OBJECTID":122687,"gaz_id":252153,"gaz_name":"The Lieutenants","gaz_featureclass":"Summit","fcode":15048,"state_alpha":"CA","county_name":"Siskiyou"}},{"type":"Feature","id":122740,"geometry":{"type":"MultiPoint","coordinates":[[-123.33620361592251,41.18456432013156]]},"properties":{"OBJECTID":122740,"gaz_id":233539,"gaz_name":"Bowerman Peak","gaz_featureclass":"Summit","fcode":15048,"state_alpha":"CA","county_name":"Siskiyou"}},{"type":"Feature","id":122751,"geometry":{"type":"MultiPoint","coordinates":[[-121.62711261178457,41.476350084485965]]},"properties":{"OBJECTID":122751,"gaz_id":231011,"gaz_name":"Powder Hill","gaz_featureclass":"Summit","fcode":15048,"state_alpha":"CA","county_name":"Siskiyou"}},{"type":"Feature","id":122852,"geometry":{"type":"MultiPoint","coordinates":[[-122.9515497462824,41.28249607829033]]},"properties":{"OBJECTID":122852,"gaz_id":265695,"gaz_name":"Russian Peak","gaz_featureclass":"Summit","fcode":15048,"state_alpha":"CA","county_name":"Siskiyou"}},{"type":"Feature","id":123013,"geometry":{"type":"MultiPoint","coordinates":[[-121.73896968111956,41.71662756855392]]},"properties":{"OBJECTID":123013,"gaz_id":268260,"gaz_name":"Three Sisters","gaz_featureclass":"Summit","fcode":15048,"state_alpha":"CA","county_name":"Siskiyou"}},{"type":"Feature","id":123067,"geometry":{"type":"MultiPoint","coordinates":[[-121.88549297801724,41.80181315184304],[-121.8566258849583,41.79965726512606]]},"properties":{"OBJECTID":123067,"gaz_id":232902,"gaz_name":"Sheep Mountain","gaz_featureclass":"Summit","fcode":15048,"state_alpha":"CA","county_name":"Siskiyou"}},{"type":"Feature","id":123088,"geometry":{"type":"MultiPoint","coordinates":[[-121.61097410461753,41.56426670325419]]},"properties":{"OBJECTID":123088,"gaz_id":263437,"gaz_name":"Medicine Mountain","gaz_featureclass":"Summit","fcode":15048,"state_alpha":"CA","county_name":"Siskiyou"}},{"type":"Feature","id":126686,"geometry":{"type":"MultiPoint","coordinates":[[-122.74943733326586,41.733771397450155],[-122.75076941894955,41.73397253118177]]},"properties":{"OBJECTID":126686,"gaz_id":276433,"gaz_name":"Mahogany Point","gaz_featureclass":"Summit","fcode":15048,"state_alpha":"CA","county_name":"Siskiyou"}},{"type":"Feature","id":127557,"geometry":{"type":"MultiPoint","coordinates":[[-122.21124309726044,41.262421793085984]]},"properties":{"OBJECTID":127557,"gaz_id":1659806,"gaz_name":"Snowmans Hill","gaz_featureclass":"Summit","fcode":15048,"state_alpha":"CA","county_name":"Siskiyou"}},{"type":"Feature","id":127664,"geometry":{"type":"MultiPoint","coordinates":[[-122.67288808174418,41.41291414574458]]},"properties":{"OBJECTID":127664,"gaz_id":1656043,"gaz_name":"Gazelle Mountain","gaz_featureclass":"Summit","fcode":15048,"state_alpha":"CA","county_name":"Siskiyou"}},{"type":"Feature","id":128544,"geometry":{"type":"MultiPoint","coordinates":[[-122.87332648243212,41.07000628642614]]},"properties":{"OBJECTID":128544,"gaz_id":218742,"gaz_name":"Battle Mountain","gaz_featureclass":"Summit","fcode":15048,"state_alpha":"CA","county_name":"Trinity"}},{"type":"Feature","id":130395,"geometry":{"type":"MultiPoint","coordinates":[[-123.59348418014272,41.90638138091805]]},"properties":{"OBJECTID":130395,"gaz_id":262903,"gaz_name":"Lookout Mountain","gaz_featureclass":"Summit","fcode":15048,"state_alpha":"CA","county_name":"Siskiyou"}},{"type":"Feature","id":130396,"geometry":{"type":"MultiPoint","coordinates":[[-123.59348418014272,41.90638138091805]]},"properties":{"OBJECTID":130396,"gaz_id":262903,"gaz_name":"Lookout Mountain","gaz_featureclass":"Summit","fcode":15048,"state_alpha":"CA","county_name":"Del Norte"}},{"type":"Feature","id":130398,"geometry":{"type":"MultiPoint","coordinates":[[-122.93195444285028,41.30639746945841]]},"properties":{"OBJECTID":130398,"gaz_id":259782,"gaz_name":"Eaton Peak","gaz_featureclass":"Summit","fcode":15048,"state_alpha":"CA","county_name":"Siskiyou"}},{"type":"Feature","id":130433,"geometry":{"type":"MultiPoint","coordinates":[[-121.86743207793877,41.624646419534756],[-121.86762098825315,41.62531171930626]]},"properties":{"OBJECTID":130433,"gaz_id":260486,"gaz_name":"Garner Butte","gaz_featureclass":"Summit","fcode":15048,"state_alpha":"CA","county_name":"Siskiyou"}},{"type":"Feature","id":130470,"geometry":{"type":"MultiPoint","coordinates":[[-121.64642876553873,41.473491699791]]},"properties":{"OBJECTID":130470,"gaz_id":234743,"gaz_name":"Snag Hill","gaz_featureclass":"Summit","fcode":15048,"state_alpha":"CA","county_name":"Siskiyou"}},{"type":"Feature","id":130493,"geometry":{"type":"MultiPoint","coordinates":[[-122.54211845464415,41.96981293946837]]},"properties":{"OBJECTID":130493,"gaz_id":266923,"gaz_name":"Little Pilot","gaz_featureclass":"Summit","fcode":15048,"state_alpha":"CA","county_name":"Siskiyou"}},{"type":"Feature","id":130535,"geometry":{"type":"MultiPoint","coordinates":[[-123.56817707462216,41.61266992836405]]},"properties":{"OBJECTID":130535,"gaz_id":264937,"gaz_name":"Pony Peak","gaz_featureclass":"Summit","fcode":15048,"state_alpha":"CA","county_name":"Siskiyou"}},{"type":"Feature","id":130541,"geometry":{"type":"MultiPoint","coordinates":[[-121.71354157702181,41.56174936767644]]},"properties":{"OBJECTID":130541,"gaz_id":265060,"gaz_name":"Pumice Stone Mountain","gaz_featureclass":"Summit","fcode":15048,"state_alpha":"CA","county_name":"Siskiyou"}},{"type":"Feature","id":130580,"geometry":{"type":"MultiPoint","coordinates":[[-122.89804448446745,41.03123226133652]]},"properties":{"OBJECTID":130580,"gaz_id":265328,"gaz_name":"Red Rock Mountain","gaz_featureclass":"Summit","fcode":15048,"state_alpha":"CA","county_name":"Siskiyou"}},{"type":"Feature","id":130581,"geometry":{"type":"MultiPoint","coordinates":[[-122.89804448446745,41.03123226133652]]},"properties":{"OBJECTID":130581,"gaz_id":265328,"gaz_name":"Red Rock Mountain","gaz_featureclass":"Summit","fcode":15048,"state_alpha":"CA","county_name":"Trinity"}},{"type":"Feature","id":130673,"geometry":{"type":"MultiPoint","coordinates":[[-123.60057608466344,41.83880873186007]]},"properties":{"OBJECTID":130673,"gaz_id":252155,"gaz_name":"Little Preston","gaz_featureclass":"Summit","fcode":15048,"state_alpha":"CA","county_name":"Siskiyou"}},{"type":"Feature","id":130695,"geometry":{"type":"MultiPoint","coordinates":[[-122.3504886686293,41.991880961936744]]},"properties":{"OBJECTID":130695,"gaz_id":252303,"gaz_name":"Sloan Butte","gaz_featureclass":"Summit","fcode":15048,"state_alpha":"CA","county_name":"Siskiyou"}},{"type":"Feature","id":130699,"geometry":{"type":"MultiPoint","coordinates":[[-122.83808619996186,41.787833703274615]]},"properties":{"OBJECTID":130699,"gaz_id":261189,"gaz_name":"Haystack Butte","gaz_featureclass":"Summit","fcode":15048,"state_alpha":"CA","county_name":"Siskiyou"}},{"type":"Feature","id":130728,"geometry":{"type":"MultiPoint","coordinates":[[-122.27361850026054,40.99055015180549]]},"properties":{"OBJECTID":130728,"gaz_id":261322,"gaz_name":"High Mountain","gaz_featureclass":"Summit","fcode":15048,"state_alpha":"CA","county_name":"Shasta"}},{"type":"Feature","id":130759,"geometry":{"type":"MultiPoint","coordinates":[[-122.97078536786798,41.091252499992066]]},"properties":{"OBJECTID":130759,"gaz_id":264439,"gaz_name":"Packers Peak","gaz_featureclass":"Summit","fcode":15048,"state_alpha":"CA","county_name":"Siskiyou"}},{"type":"Feature","id":130760,"geometry":{"type":"MultiPoint","coordinates":[[-122.97078536786798,41.091252499992066]]},"properties":{"OBJECTID":130760,"gaz_id":264439,"gaz_name":"Packers Peak","gaz_featureclass":"Summit","fcode":15048,"state_alpha":"CA","county_name":"Trinity"}},{"type":"Feature","id":130765,"geometry":{"type":"MultiPoint","coordinates":[[-122.47490881106168,41.07518145192506]]},"properties":{"OBJECTID":130765,"gaz_id":258268,"gaz_name":"Chicken Hawk Hill","gaz_featureclass":"Summit","fcode":15048,"state_alpha":"CA","county_name":"Shasta"}},{"type":"Feature","id":130797,"geometry":{"type":"MultiPoint","coordinates":[[-122.73843157056187,41.332553048442755]]},"properties":{"OBJECTID":130797,"gaz_id":232658,"gaz_name":"Schneider Hill","gaz_featureclass":"Summit","fcode":15048,"state_alpha":"CA","county_name":"Siskiyou"}},{"type":"Feature","id":136413,"geometry":{"type":"MultiPoint","coordinates":[[-121.84274832237706,42.015609786245825]]},"properties":{"OBJECTID":136413,"gaz_id":1161517,"gaz_name":"Skull Island","gaz_featureclass":"Summit","fcode":15048,"state_alpha":"OR","county_name":"Klamath"}},{"type":"Feature","id":139707,"geometry":{"type":"MultiPoint","coordinates":[[-122.42529978158582,41.663201199038106]]},"properties":{"OBJECTID":139707,"gaz_id":1657764,"gaz_name":"Drop Rock","gaz_featureclass":"Summit","fcode":15048,"state_alpha":"CA","county_name":"Siskiyou"}},{"type":"Feature","id":139712,"geometry":{"type":"MultiPoint","coordinates":[[-122.80706417969039,41.449863900604534]]},"properties":{"OBJECTID":139712,"gaz_id":1657856,"gaz_name":"Denny Point","gaz_featureclass":"Summit","fcode":15048,"state_alpha":"CA","county_name":"Siskiyou"}},{"type":"Feature","id":139715,"geometry":{"type":"MultiPoint","coordinates":[[-123.0399754759534,41.67302369440295]]},"properties":{"OBJECTID":139715,"gaz_id":1657930,"gaz_name":"Anderson Peak","gaz_featureclass":"Summit","fcode":15048,"state_alpha":"CA","county_name":"Siskiyou"}},{"type":"Feature","id":139729,"geometry":{"type":"MultiPoint","coordinates":[[-121.63700247286957,41.75877691658157]]},"properties":{"OBJECTID":139729,"gaz_id":1660209,"gaz_name":"Yellow Butte","gaz_featureclass":"Summit","fcode":15048,"state_alpha":"CA","county_name":"Siskiyou"}},{"type":"Feature","id":139735,"geometry":{"type":"MultiPoint","coordinates":[[-123.06461474694228,41.95401660019888]]},"properties":{"OBJECTID":139735,"gaz_id":1657574,"gaz_name":"Black Mountain","gaz_featureclass":"Summit","fcode":15048,"state_alpha":"CA","county_name":"Siskiyou"}},{"type":"Feature","id":139807,"geometry":{"type":"MultiPoint","coordinates":[[-122.53850410465809,41.079147497367906]]},"properties":{"OBJECTID":139807,"gaz_id":1658640,"gaz_name":"Gozem Peak","gaz_featureclass":"Summit","fcode":15048,"state_alpha":"CA","county_name":"Trinity"}},{"type":"Feature","id":139817,"geometry":{"type":"MultiPoint","coordinates":[[-122.06475425524548,41.07586736384217]]},"properties":{"OBJECTID":139817,"gaz_id":1658983,"gaz_name":"Little Shoeinhorse Mountain","gaz_featureclass":"Summit","fcode":15048,"state_alpha":"CA","county_name":"Shasta"}},{"type":"Feature","id":140659,"geometry":{"type":"MultiPoint","coordinates":[[-123.7025582498629,41.016438047978845]]},"properties":{"OBJECTID":140659,"gaz_id":261549,"gaz_name":"Hospital Mountain","gaz_featureclass":"Summit","fcode":15048,"state_alpha":"CA","county_name":"Humboldt"}},{"type":"Feature","id":140778,"geometry":{"type":"MultiPoint","coordinates":[[-123.57648766599665,41.691423778902745]]},"properties":{"OBJECTID":140778,"gaz_id":256691,"gaz_name":"Bear Peak","gaz_featureclass":"Summit","fcode":15048,"state_alpha":"CA","county_name":"Siskiyou"}},{"type":"Feature","id":140873,"geometry":{"type":"MultiPoint","coordinates":[[-121.68540049698562,41.567780451074185]]},"properties":{"OBJECTID":140873,"gaz_id":262604,"gaz_name":"Little Glass Mountain","gaz_featureclass":"Summit","fcode":15048,"state_alpha":"CA","county_name":"Siskiyou"}},{"type":"Feature","id":140879,"geometry":{"type":"MultiPoint","coordinates":[[-121.60300618369298,41.42548964968394]]},"properties":{"OBJECTID":140879,"gaz_id":264954,"gaz_name":"Porcupine Butte","gaz_featureclass":"Summit","fcode":15048,"state_alpha":"CA","county_name":"Siskiyou"}},{"type":"Feature","id":140924,"geometry":{"type":"MultiPoint","coordinates":[[-122.5972718087985,41.98663794623103]]},"properties":{"OBJECTID":140924,"gaz_id":266401,"gaz_name":"Bailey Hill","gaz_featureclass":"Summit","fcode":15048,"state_alpha":"CA","county_name":"Siskiyou"}},{"type":"Feature","id":141374,"geometry":{"type":"MultiPoint","coordinates":[[-122.39301197668851,41.8582623254561]]},"properties":{"OBJECTID":141374,"gaz_id":257322,"gaz_name":"Bogus Mountain","gaz_featureclass":"Summit","fcode":15048,"state_alpha":"CA","county_name":"Siskiyou"}},{"type":"Feature","id":141379,"geometry":{"type":"MultiPoint","coordinates":[[-123.4717034434236,41.99772048651134]]},"properties":{"OBJECTID":141379,"gaz_id":267562,"gaz_name":"Spees Peak","gaz_featureclass":"Summit","fcode":15048,"state_alpha":"CA","county_name":"Siskiyou"}},{"type":"Feature","id":145348,"geometry":{"type":"MultiPoint","coordinates":[[-121.62533662360323,41.65158866375077],[-121.62349184333578,41.65128542276213]]},"properties":{"OBJECTID":145348,"gaz_id":1659006,"gaz_name":"Lookout Butte","gaz_featureclass":"Summit","fcode":15048,"state_alpha":"CA","county_name":"Siskiyou"}},{"type":"Feature","id":146618,"geometry":{"type":"MultiPoint","coordinates":[[-122.06713962009137,41.26659859907345]]},"properties":{"OBJECTID":146618,"gaz_id":1656247,"gaz_name":"Red Hill","gaz_featureclass":"Summit","fcode":15048,"state_alpha":"CA","county_name":"Siskiyou"}},{"type":"Feature","id":146768,"geometry":{"type":"MultiPoint","coordinates":[[-122.57819156701098,41.04636097969962]]},"properties":{"OBJECTID":146768,"gaz_id":237803,"gaz_name":"Wildcat Peak","gaz_featureclass":"Summit","fcode":15048,"state_alpha":"CA","county_name":"Trinity"}},{"type":"Feature","id":146776,"geometry":{"type":"MultiPoint","coordinates":[[-121.66597540274033,40.99548678598218]]},"properties":{"OBJECTID":146776,"gaz_id":1658177,"gaz_name":"Burney Spring Mountain","gaz_featureclass":"Summit","fcode":15048,"state_alpha":"CA","county_name":"Shasta"}},{"type":"Feature","id":147969,"geometry":{"type":"MultiPoint","coordinates":[[-123.48279546505614,42.01037155218132]]},"properties":{"OBJECTID":147969,"gaz_id":1152155,"gaz_name":"Weston Mountain","gaz_featureclass":"Summit","fcode":15048,"state_alpha":"OR","county_name":"Josephine"}},{"type":"Feature","id":148048,"geometry":{"type":"MultiPoint","coordinates":[[-123.55958339984713,42.01634250110616]]},"properties":{"OBJECTID":148048,"gaz_id":1147352,"gaz_name":"Page Mountain","gaz_featureclass":"Summit","fcode":15048,"state_alpha":"OR","county_name":"Josephine"}},{"type":"Feature","id":150671,"geometry":{"type":"MultiPoint","coordinates":[[-121.44437743616491,41.177908499326946]]},"properties":{"OBJECTID":150671,"gaz_id":219938,"gaz_name":"Brushy Butte","gaz_featureclass":"Summit","fcode":15048,"state_alpha":"CA","county_name":"Shasta"}},{"type":"Feature","id":151122,"geometry":{"type":"MultiPoint","coordinates":[[-121.55047477918934,41.418537321897624]]},"properties":{"OBJECTID":151122,"gaz_id":265277,"gaz_name":"Red Hill","gaz_featureclass":"Summit","fcode":15048,"state_alpha":"CA","county_name":"Siskiyou"}},{"type":"Feature","id":151169,"geometry":{"type":"MultiPoint","coordinates":[[-121.4962879691616,41.01952605261225]]},"properties":{"OBJECTID":151169,"gaz_id":267202,"gaz_name":"Saddle Mountain","gaz_featureclass":"Summit","fcode":15048,"state_alpha":"CA","county_name":"Shasta"}},{"type":"Feature","id":151546,"geometry":{"type":"MultiPoint","coordinates":[[-121.61924514227174,41.01957054320815]]},"properties":{"OBJECTID":151546,"gaz_id":1661721,"gaz_name":"Jamo Point","gaz_featureclass":"Summit","fcode":15048,"state_alpha":"CA","county_name":"Shasta"}},{"type":"Feature","id":153682,"geometry":{"type":"MultiPoint","coordinates":[[-121.5050160579543,41.6015319533971]]},"properties":{"OBJECTID":153682,"gaz_id":260593,"gaz_name":"Glass Mountain","gaz_featureclass":"Summit","fcode":15048,"state_alpha":"CA","county_name":"Siskiyou"}},{"type":"Feature","id":153725,"geometry":{"type":"MultiPoint","coordinates":[[-123.04838975806452,41.00046658315529],[-123.0481373557242,40.99963548691933]]},"properties":{"OBJECTID":153725,"gaz_id":255139,"gaz_name":"Thompson Peak","gaz_featureclass":"Summit","fcode":15048,"state_alpha":"CA","county_name":"Trinity"}},{"type":"Feature","id":158270,"geometry":{"type":"MultiPoint","coordinates":[[-122.63305454254632,41.013576946095824]]},"properties":{"OBJECTID":158270,"gaz_id":1656225,"gaz_name":"Plummer Hill","gaz_featureclass":"Summit","fcode":15048,"state_alpha":"CA","county_name":"Trinity"}},{"type":"Feature","id":159353,"geometry":{"type":"MultiPoint","coordinates":[[-122.91691532626727,41.05944108290574]]},"properties":{"OBJECTID":159353,"gaz_id":265030,"gaz_name":"Preachers Peak","gaz_featureclass":"Summit","fcode":15048,"state_alpha":"CA","county_name":"Siskiyou"}},{"type":"Feature","id":159354,"geometry":{"type":"MultiPoint","coordinates":[[-122.91691532626727,41.05944108290574]]},"properties":{"OBJECTID":159354,"gaz_id":265030,"gaz_name":"Preachers Peak","gaz_featureclass":"Summit","fcode":15048,"state_alpha":"CA","county_name":"Trinity"}},{"type":"Feature","id":159561,"geometry":{"type":"MultiPoint","coordinates":[[-122.83690862810032,41.99725336682745],[-122.84172183103703,42.00124627480744]]},"properties":{"OBJECTID":159561,"gaz_id":1659868,"gaz_name":"Sterling Mountain","gaz_featureclass":"Summit","fcode":15048,"state_alpha":"CA","county_name":"Siskiyou"}},{"type":"Feature","id":160767,"geometry":{"type":"MultiPoint","coordinates":[[-122.61709724623333,41.8169024511177]]},"properties":{"OBJECTID":160767,"gaz_id":267182,"gaz_name":"Riverview","gaz_featureclass":"Summit","fcode":15048,"state_alpha":"CA","county_name":"Siskiyou"}},{"type":"Feature","id":160788,"geometry":{"type":"MultiPoint","coordinates":[[-123.46541728100037,41.31976922287708]]},"properties":{"OBJECTID":160788,"gaz_id":267391,"gaz_name":"Somes Mountain","gaz_featureclass":"Summit","fcode":15048,"state_alpha":"CA","county_name":"Humboldt"}},{"type":"Feature","id":160789,"geometry":{"type":"MultiPoint","coordinates":[[-123.46541728100037,41.31976922287708]]},"properties":{"OBJECTID":160789,"gaz_id":267391,"gaz_name":"Somes Mountain","gaz_featureclass":"Summit","fcode":15048,"state_alpha":"CA","county_name":"Siskiyou"}},{"type":"Feature","id":160858,"geometry":{"type":"MultiPoint","coordinates":[[-121.64164594093,41.49859251683741],[-121.6410901757216,41.500723528121135]]},"properties":{"OBJECTID":160858,"gaz_id":230318,"gaz_name":"Papoose Hill","gaz_featureclass":"Summit","fcode":15048,"state_alpha":"CA","county_name":"Siskiyou"}},{"type":"Feature","id":160974,"geometry":{"type":"MultiPoint","coordinates":[[-122.63776408439082,41.79994198062147],[-122.62453247517753,41.803314606633435]]},"properties":{"OBJECTID":160974,"gaz_id":266399,"gaz_name":"Badger Mountain","gaz_featureclass":"Summit","fcode":15048,"state_alpha":"CA","county_name":"Siskiyou"}},{"type":"Feature","id":160996,"geometry":{"type":"MultiPoint","coordinates":[[-123.20113829274453,41.88376975062075]]},"properties":{"OBJECTID":160996,"gaz_id":263513,"gaz_name":"Middle Devils Peak","gaz_featureclass":"Summit","fcode":15048,"state_alpha":"CA","county_name":"Siskiyou"}},{"type":"Feature","id":161033,"geometry":{"type":"MultiPoint","coordinates":[[-123.61820073050053,41.21437440744781]]},"properties":{"OBJECTID":161033,"gaz_id":266816,"gaz_name":"Hopkins Butte","gaz_featureclass":"Summit","fcode":15048,"state_alpha":"CA","county_name":"Humboldt"}},{"type":"Feature","id":161091,"geometry":{"type":"MultiPoint","coordinates":[[-121.85087921476212,41.43914665456332]]},"properties":{"OBJECTID":161091,"gaz_id":262216,"gaz_name":"Kluntuchi Butte","gaz_featureclass":"Summit","fcode":15048,"state_alpha":"CA","county_name":"Siskiyou"}},{"type":"Feature","id":161205,"geometry":{"type":"MultiPoint","coordinates":[[-123.51860517700858,41.80703251088678]]},"properties":{"OBJECTID":161205,"gaz_id":257387,"gaz_name":"Boulder Peak","gaz_featureclass":"Summit","fcode":15048,"state_alpha":"CA","county_name":"Siskiyou"}},{"type":"Feature","id":161218,"geometry":{"type":"MultiPoint","coordinates":[[-121.53741016858402,41.76751781218138]]},"properties":{"OBJECTID":161218,"gaz_id":252127,"gaz_name":"Howe Point","gaz_featureclass":"Summit","fcode":15048,"state_alpha":"CA","county_name":"Siskiyou"}},{"type":"Feature","id":161251,"geometry":{"type":"MultiPoint","coordinates":[[-123.22008991554634,41.3517999996059]]},"properties":{"OBJECTID":161251,"gaz_id":254793,"gaz_name":"Crapo Mountain","gaz_featureclass":"Summit","fcode":15048,"state_alpha":"CA","county_name":"Siskiyou"}},{"type":"Feature","id":161263,"geometry":{"type":"MultiPoint","coordinates":[[-122.23144001591302,41.62839253081746]]},"properties":{"OBJECTID":161263,"gaz_id":261278,"gaz_name":"Herd Peak","gaz_featureclass":"Summit","fcode":15048,"state_alpha":"CA","county_name":"Siskiyou"}},{"type":"Feature","id":161315,"geometry":{"type":"MultiPoint","coordinates":[[-122.06057690861294,41.08224920669241]]},"properties":{"OBJECTID":161315,"gaz_id":235998,"gaz_name":"Tamarack Mountain","gaz_featureclass":"Summit","fcode":15048,"state_alpha":"CA","county_name":"Shasta"}},{"type":"Feature","id":161321,"geometry":{"type":"MultiPoint","coordinates":[[-122.14071500335653,41.5283686378275]]},"properties":{"OBJECTID":161321,"gaz_id":255136,"gaz_name":"The Whaleback","gaz_featureclass":"Summit","fcode":15048,"state_alpha":"CA","county_name":"Siskiyou"}},{"type":"Feature","id":170107,"geometry":{"type":"MultiPoint","coordinates":[[-123.25199020070478,41.15402389921138],[-123.24965633986741,41.153559416320306]]},"properties":{"OBJECTID":170107,"gaz_id":1660770,"gaz_name":"Horse Mountain","gaz_featureclass":"Summit","fcode":15048,"state_alpha":"CA","county_name":"Siskiyou"}},{"type":"Feature","id":170186,"geometry":{"type":"MultiPoint","coordinates":[[-123.6142292992907,41.428409034546355],[-123.62543518597874,41.4315334993059]]},"properties":{"OBJECTID":170186,"gaz_id":1660021,"gaz_name":"Trail Mountain","gaz_featureclass":"Summit","fcode":15048,"state_alpha":"CA","county_name":"Del Norte"}},{"type":"Feature","id":170187,"geometry":{"type":"MultiPoint","coordinates":[[-123.6142292992907,41.428409034546355],[-123.62543518597874,41.4315334993059]]},"properties":{"OBJECTID":170187,"gaz_id":1660021,"gaz_name":"Trail Mountain","gaz_featureclass":"Summit","fcode":15048,"state_alpha":"CA","county_name":"Siskiyou"}},{"type":"Feature","id":170212,"geometry":{"type":"MultiPoint","coordinates":[[-122.32708479495511,41.1745998275072]]},"properties":{"OBJECTID":170212,"gaz_id":1661782,"gaz_name":"Castle Dome","gaz_featureclass":"Summit","fcode":15048,"state_alpha":"CA","county_name":"Shasta"}},{"type":"Feature","id":170217,"geometry":{"type":"MultiPoint","coordinates":[[-121.80356958315608,41.417218987208415]]},"properties":{"OBJECTID":170217,"gaz_id":1659010,"gaz_name":"Lookout Point","gaz_featureclass":"Summit","fcode":15048,"state_alpha":"CA","county_name":"Siskiyou"}},{"type":"Feature","id":170227,"geometry":{"type":"MultiPoint","coordinates":[[-123.17998067799786,41.59843290778164]]},"properties":{"OBJECTID":170227,"gaz_id":1658120,"gaz_name":"Box Camp Mountain","gaz_featureclass":"Summit","fcode":15048,"state_alpha":"CA","county_name":"Siskiyou"}},{"type":"Feature","id":170965,"geometry":{"type":"MultiPoint","coordinates":[[-123.318687356316,41.49500062391329]]},"properties":{"OBJECTID":170965,"gaz_id":263436,"gaz_name":"Medicine Mountain","gaz_featureclass":"Summit","fcode":15048,"state_alpha":"CA","county_name":"Siskiyou"}},{"type":"Feature","id":171046,"geometry":{"type":"MultiPoint","coordinates":[[-123.0583937572929,41.388603414494845]]},"properties":{"OBJECTID":171046,"gaz_id":238241,"gaz_name":"Yellow Dog Peak","gaz_featureclass":"Summit","fcode":15048,"state_alpha":"CA","county_name":"Siskiyou"}},{"type":"Feature","id":171229,"geometry":{"type":"MultiPoint","coordinates":[[-123.57407754627648,41.52989811277247]]},"properties":{"OBJECTID":171229,"gaz_id":259374,"gaz_name":"Dillon Mountain","gaz_featureclass":"Summit","fcode":15048,"state_alpha":"CA","county_name":"Siskiyou"}},{"type":"Feature","id":171264,"geometry":{"type":"MultiPoint","coordinates":[[-121.80916099931837,40.994163242742104]]},"properties":{"OBJECTID":171264,"gaz_id":258183,"gaz_name":"Chalk Mountain","gaz_featureclass":"Summit","fcode":15048,"state_alpha":"CA","county_name":"Shasta"}},{"type":"Feature","id":171273,"geometry":{"type":"MultiPoint","coordinates":[[-122.02472084988007,40.999629833997695],[-122.0279691732188,41.00233213084051]]},"properties":{"OBJECTID":171273,"gaz_id":256427,"gaz_name":"Bagley Mountain","gaz_featureclass":"Summit","fcode":15048,"state_alpha":"CA","county_name":"Shasta"}},{"type":"Feature","id":171363,"geometry":{"type":"MultiPoint","coordinates":[[-121.9283577078682,41.418063330102626]]},"properties":{"OBJECTID":171363,"gaz_id":268435,"gaz_name":"Trout Creek Butte","gaz_featureclass":"Summit","fcode":15048,"state_alpha":"CA","county_name":"Siskiyou"}},{"type":"Feature","id":171423,"geometry":{"type":"MultiPoint","coordinates":[[-123.72967566100526,41.09526046206237]]},"properties":{"OBJECTID":171423,"gaz_id":262805,"gaz_name":"Lone Pine Mountain","gaz_featureclass":"Summit","fcode":15048,"state_alpha":"CA","county_name":"Humboldt"}},{"type":"Feature","id":171491,"geometry":{"type":"MultiPoint","coordinates":[[-123.63260206479141,41.23821417097751]]},"properties":{"OBJECTID":171491,"gaz_id":232948,"gaz_name":"Shelton Butte","gaz_featureclass":"Summit","fcode":15048,"state_alpha":"CA","county_name":"Humboldt"}},{"type":"Feature","id":171721,"geometry":{"type":"MultiPoint","coordinates":[[-121.80893021583368,41.59172541220141]]},"properties":{"OBJECTID":171721,"gaz_id":260487,"gaz_name":"Garner Mountain","gaz_featureclass":"Summit","fcode":15048,"state_alpha":"CA","county_name":"Siskiyou"}},{"type":"Feature","id":171808,"geometry":{"type":"MultiPoint","coordinates":[[-123.00254100001118,41.960684200515566]]},"properties":{"OBJECTID":171808,"gaz_id":265949,"gaz_name":"Scraggy Mountain","gaz_featureclass":"Summit","fcode":15048,"state_alpha":"CA","county_name":"Siskiyou"}},{"type":"Feature","id":175134,"geometry":{"type":"MultiPoint","coordinates":[[-122.94067923033431,41.907631399332516]]},"properties":{"OBJECTID":175134,"gaz_id":1657597,"gaz_name":"Dry Lake Mountain","gaz_featureclass":"Summit","fcode":15048,"state_alpha":"CA","county_name":"Siskiyou"}},{"type":"Feature","id":175164,"geometry":{"type":"MultiPoint","coordinates":[[-121.93079433597408,41.99001921105404]]},"properties":{"OBJECTID":175164,"gaz_id":1657380,"gaz_name":"Dorris Hill","gaz_featureclass":"Summit","fcode":15048,"state_alpha":"CA","county_name":"Siskiyou"}},{"type":"Feature","id":176777,"geometry":{"type":"MultiPoint","coordinates":[[-122.42543915520216,41.66411475046577]]},"properties":{"OBJECTID":176777,"gaz_id":264419,"gaz_name":"Owls Head","gaz_featureclass":"Summit","fcode":15048,"state_alpha":"CA","county_name":"Siskiyou"}},{"type":"Feature","id":177009,"geometry":{"type":"MultiPoint","coordinates":[[-123.20211364664911,41.00132977001639]]},"properties":{"OBJECTID":177009,"gaz_id":257806,"gaz_name":"Cabin Peak","gaz_featureclass":"Summit","fcode":15048,"state_alpha":"CA","county_name":"Trinity"}},{"type":"Feature","id":177052,"geometry":{"type":"MultiPoint","coordinates":[[-123.35342556678069,41.857971337798936]]},"properties":{"OBJECTID":177052,"gaz_id":233251,"gaz_name":"Slater Butte","gaz_featureclass":"Summit","fcode":15048,"state_alpha":"CA","county_name":"Siskiyou"}},{"type":"Feature","id":177254,"geometry":{"type":"MultiPoint","coordinates":[[-122.84005215757126,41.79599524654004]]},"properties":{"OBJECTID":177254,"gaz_id":256744,"gaz_name":"Bearcat Mountain","gaz_featureclass":"Summit","fcode":15048,"state_alpha":"CA","county_name":"Siskiyou"}},{"type":"Feature","id":178241,"geometry":{"type":"MultiPoint","coordinates":[[-123.10209026780814,42.01604207519905]]},"properties":{"OBJECTID":178241,"gaz_id":1150399,"gaz_name":"Stein Butte","gaz_featureclass":"Summit","fcode":15048,"state_alpha":"OR","county_name":"Jackson"}},{"type":"Feature","id":178259,"geometry":{"type":"MultiPoint","coordinates":[[-122.91823074640584,42.0062789218474]]},"properties":{"OBJECTID":178259,"gaz_id":1141185,"gaz_name":"Donomore Peak","gaz_featureclass":"Summit","fcode":15048,"state_alpha":"OR","county_name":"Siskiyou"}},{"type":"Feature","id":178260,"geometry":{"type":"MultiPoint","coordinates":[[-122.91823074640584,42.0062789218474]]},"properties":{"OBJECTID":178260,"gaz_id":1141185,"gaz_name":"Donomore Peak","gaz_featureclass":"Summit","fcode":15048,"state_alpha":"OR","county_name":"Jackson"}},{"type":"Feature","id":178921,"geometry":{"type":"MultiPoint","coordinates":[[-123.40121385490608,42.00569440051241]]},"properties":{"OBJECTID":178921,"gaz_id":1150890,"gaz_name":"Tanner Mountain","gaz_featureclass":"Summit","fcode":15048,"state_alpha":"OR","county_name":"Josephine"}},{"type":"Feature","id":179543,"geometry":{"type":"MultiPoint","coordinates":[[-123.19930138261726,41.9205793261354]]},"properties":{"OBJECTID":179543,"gaz_id":262076,"gaz_name":"Kangaroo Mountain","gaz_featureclass":"Summit","fcode":15048,"state_alpha":"CA","county_name":"Siskiyou"}},{"type":"Feature","id":179618,"geometry":{"type":"MultiPoint","coordinates":[[-122.22332059231918,41.40918684067894]]},"properties":{"OBJECTID":179618,"gaz_id":266055,"gaz_name":"Shastina","gaz_featureclass":"Summit","fcode":15048,"state_alpha":"CA","county_name":"Siskiyou"}},{"type":"Feature","id":179647,"geometry":{"type":"MultiPoint","coordinates":[[-123.64029933499893,41.89033615467741]]},"properties":{"OBJECTID":179647,"gaz_id":269375,"gaz_name":"Youngs Peak","gaz_featureclass":"Summit","fcode":15048,"state_alpha":"CA","county_name":"Del Norte"}},{"type":"Feature","id":179648,"geometry":{"type":"MultiPoint","coordinates":[[-123.64029933499893,41.89033615467741]]},"properties":{"OBJECTID":179648,"gaz_id":269375,"gaz_name":"Youngs Peak","gaz_featureclass":"Summit","fcode":15048,"state_alpha":"CA","county_name":"Siskiyou"}},{"type":"Feature","id":180834,"geometry":{"type":"MultiPoint","coordinates":[[-121.5033679656149,41.438771400666006]]},"properties":{"OBJECTID":180834,"gaz_id":267298,"gaz_name":"Snell Butte","gaz_featureclass":"Summit","fcode":15048,"state_alpha":"CA","county_name":"Siskiyou"}},{"type":"Feature","id":181502,"geometry":{"type":"MultiPoint","coordinates":[[-121.52550733386424,41.768296493188025]]},"properties":{"OBJECTID":181502,"gaz_id":1658711,"gaz_name":"Hardin Butte","gaz_featureclass":"Summit","fcode":15048,"state_alpha":"CA","county_name":"Siskiyou"}},{"type":"Feature","id":181528,"geometry":{"type":"MultiPoint","coordinates":[[-121.55291740444807,41.723378593299984]]},"properties":{"OBJECTID":181528,"gaz_id":218916,"gaz_name":"Bearpaw Butte","gaz_featureclass":"Summit","fcode":15048,"state_alpha":"CA","county_name":"Siskiyou"}},{"type":"Feature","id":181529,"geometry":{"type":"MultiPoint","coordinates":[[-121.52933051161116,41.70263141071025]]},"properties":{"OBJECTID":181529,"gaz_id":1659478,"gaz_name":"Red Butte","gaz_featureclass":"Summit","fcode":15048,"state_alpha":"CA","county_name":"Siskiyou"}},{"type":"Feature","id":181534,"geometry":{"type":"MultiPoint","coordinates":[[-121.50719294178904,41.57932086984205]]},"properties":{"OBJECTID":181534,"gaz_id":263090,"gaz_name":"Lyons Peak","gaz_featureclass":"Summit","fcode":15048,"state_alpha":"CA","county_name":"Siskiyou"}},{"type":"Feature","id":181967,"geometry":{"type":"MultiPoint","coordinates":[[-123.26689076203668,41.83305817492607]]},"properties":{"OBJECTID":181967,"gaz_id":276451,"gaz_name":"Evans Mountain","gaz_featureclass":"Summit","fcode":15048,"state_alpha":"CA","county_name":"Siskiyou"}},{"type":"Feature","id":183857,"geometry":{"type":"MultiPoint","coordinates":[[-122.53739040391153,41.00248596342182]]},"properties":{"OBJECTID":183857,"gaz_id":235403,"gaz_name":"State Mountain","gaz_featureclass":"Summit","fcode":15048,"state_alpha":"CA","county_name":"Trinity"}},{"type":"Feature","id":183858,"geometry":{"type":"MultiPoint","coordinates":[[-122.53739040391153,41.00248596342182]]},"properties":{"OBJECTID":183858,"gaz_id":235403,"gaz_name":"State Mountain","gaz_featureclass":"Summit","fcode":15048,"state_alpha":"CA","county_name":"Shasta"}},{"type":"Feature","id":183866,"geometry":{"type":"MultiPoint","coordinates":[[-121.84472255077527,41.87949244010189]]},"properties":{"OBJECTID":183866,"gaz_id":252314,"gaz_name":"J F Mountain","gaz_featureclass":"Summit","fcode":15048,"state_alpha":"CA","county_name":"Siskiyou"}},{"type":"Feature","id":183894,"geometry":{"type":"MultiPoint","coordinates":[[-122.73691519998921,41.37020794250789]]},"properties":{"OBJECTID":183894,"gaz_id":232683,"gaz_name":"Schoolhouse Hill","gaz_featureclass":"Summit","fcode":15048,"state_alpha":"CA","county_name":"Siskiyou"}},{"type":"Feature","id":183911,"geometry":{"type":"MultiPoint","coordinates":[[-122.47736379624038,41.17729428626308]]},"properties":{"OBJECTID":183911,"gaz_id":219698,"gaz_name":"Boulder Peak","gaz_featureclass":"Summit","fcode":15048,"state_alpha":"CA","county_name":"Trinity"}},{"type":"Feature","id":183912,"geometry":{"type":"MultiPoint","coordinates":[[-122.47736379624038,41.17729428626308]]},"properties":{"OBJECTID":183912,"gaz_id":219698,"gaz_name":"Boulder Peak","gaz_featureclass":"Summit","fcode":15048,"state_alpha":"CA","county_name":"Shasta"}},{"type":"Feature","id":184003,"geometry":{"type":"MultiPoint","coordinates":[[-121.62901229618386,41.59863501627783]]},"properties":{"OBJECTID":184003,"gaz_id":256423,"gaz_name":"Badger Peak","gaz_featureclass":"Summit","fcode":15048,"state_alpha":"CA","county_name":"Siskiyou"}},{"type":"Feature","id":184036,"geometry":{"type":"MultiPoint","coordinates":[[-122.95930743897256,41.447735203432536]]},"properties":{"OBJECTID":184036,"gaz_id":268968,"gaz_name":"Whisky Butte","gaz_featureclass":"Summit","fcode":15048,"state_alpha":"CA","county_name":"Siskiyou"}},{"type":"Feature","id":184088,"geometry":{"type":"MultiPoint","coordinates":[[-121.97455478946956,41.667470375248044]]},"properties":{"OBJECTID":184088,"gaz_id":264406,"gaz_name":"Orr Mountain","gaz_featureclass":"Summit","fcode":15048,"state_alpha":"CA","county_name":"Siskiyou"}},{"type":"Feature","id":184097,"geometry":{"type":"MultiPoint","coordinates":[[-122.00425078139736,41.112660768216635]]},"properties":{"OBJECTID":184097,"gaz_id":219939,"gaz_name":"Brushy Butte","gaz_featureclass":"Summit","fcode":15048,"state_alpha":"CA","county_name":"Shasta"}},{"type":"Feature","id":184213,"geometry":{"type":"MultiPoint","coordinates":[[-122.47072325382744,41.69941781171296]]},"properties":{"OBJECTID":184213,"gaz_id":267706,"gaz_name":"Steamboat Mountain","gaz_featureclass":"Summit","fcode":15048,"state_alpha":"CA","county_name":"Siskiyou"}},{"type":"Feature","id":184234,"geometry":{"type":"MultiPoint","coordinates":[[-122.18960055395708,41.314855921130274]]},"properties":{"OBJECTID":184234,"gaz_id":263385,"gaz_name":"McKenzie Butte","gaz_featureclass":"Summit","fcode":15048,"state_alpha":"CA","county_name":"Siskiyou"}},{"type":"Feature","id":189833,"geometry":{"type":"MultiPoint","coordinates":[[-122.47168259975366,41.059871299698905]]},"properties":{"OBJECTID":189833,"gaz_id":265215,"gaz_name":"Rattlesnake Hill","gaz_featureclass":"Summit","fcode":15048,"state_alpha":"CA","county_name":"Shasta"}},{"type":"Feature","id":191222,"geometry":{"type":"MultiPoint","coordinates":[[-121.79286862870947,41.48579977810313]]},"properties":{"OBJECTID":191222,"gaz_id":264096,"gaz_name":"Nine Buck Butte","gaz_featureclass":"Summit","fcode":15048,"state_alpha":"CA","county_name":"Siskiyou"}},{"type":"Feature","id":191253,"geometry":{"type":"MultiPoint","coordinates":[[-122.04309881572793,41.017135348678266]]},"properties":{"OBJECTID":191253,"gaz_id":227186,"gaz_name":"Little Bagley Mountain","gaz_featureclass":"Summit","fcode":15048,"state_alpha":"CA","county_name":"Shasta"}},{"type":"Feature","id":191278,"geometry":{"type":"MultiPoint","coordinates":[[-122.60415173426833,41.3290927048553]]},"properties":{"OBJECTID":191278,"gaz_id":221608,"gaz_name":"Cory Peak","gaz_featureclass":"Summit","fcode":15048,"state_alpha":"CA","county_name":"Trinity"}},{"type":"Feature","id":191279,"geometry":{"type":"MultiPoint","coordinates":[[-122.60415173426833,41.3290927048553]]},"properties":{"OBJECTID":191279,"gaz_id":221608,"gaz_name":"Cory Peak","gaz_featureclass":"Summit","fcode":15048,"state_alpha":"CA","county_name":"Siskiyou"}},{"type":"Feature","id":191349,"geometry":{"type":"MultiPoint","coordinates":[[-122.80167984047243,41.20342692608118]]},"properties":{"OBJECTID":191349,"gaz_id":259671,"gaz_name":"Eagle Peak","gaz_featureclass":"Summit","fcode":15048,"state_alpha":"CA","county_name":"Trinity"}},{"type":"Feature","id":191350,"geometry":{"type":"MultiPoint","coordinates":[[-122.80167984047243,41.20342692608118]]},"properties":{"OBJECTID":191350,"gaz_id":259671,"gaz_name":"Eagle Peak","gaz_featureclass":"Summit","fcode":15048,"state_alpha":"CA","county_name":"Siskiyou"}},{"type":"Feature","id":191388,"geometry":{"type":"MultiPoint","coordinates":[[-123.25818718018326,41.09330439932721]]},"properties":{"OBJECTID":191388,"gaz_id":263245,"gaz_name":"Mary Blaine Mountain","gaz_featureclass":"Summit","fcode":15048,"state_alpha":"CA","county_name":"Trinity"}},{"type":"Feature","id":191389,"geometry":{"type":"MultiPoint","coordinates":[[-123.25818718018326,41.09330439932721]]},"properties":{"OBJECTID":191389,"gaz_id":263245,"gaz_name":"Mary Blaine Mountain","gaz_featureclass":"Summit","fcode":15048,"state_alpha":"CA","county_name":"Siskiyou"}},{"type":"Feature","id":191520,"geometry":{"type":"MultiPoint","coordinates":[[-123.34278628527159,41.981289569357436]]},"properties":{"OBJECTID":191520,"gaz_id":265080,"gaz_name":"Pyramid Peak","gaz_featureclass":"Summit","fcode":15048,"state_alpha":"CA","county_name":"Siskiyou"}},{"type":"Feature","id":191524,"geometry":{"type":"MultiPoint","coordinates":[[-123.22186205534496,41.61507649669757]]},"properties":{"OBJECTID":191524,"gaz_id":262183,"gaz_name":"Kings Castle","gaz_featureclass":"Summit","fcode":15048,"state_alpha":"CA","county_name":"Siskiyou"}},{"type":"Feature","id":191529,"geometry":{"type":"MultiPoint","coordinates":[[-122.97916348380575,41.937613838064365]]},"properties":{"OBJECTID":191529,"gaz_id":258632,"gaz_name":"Condrey Mountain","gaz_featureclass":"Summit","fcode":15048,"state_alpha":"CA","county_name":"Siskiyou"}},{"type":"Feature","id":191641,"geometry":{"type":"MultiPoint","coordinates":[[-123.65585698431673,41.92024950526902]]},"properties":{"OBJECTID":191641,"gaz_id":265832,"gaz_name":"Sanger Peak","gaz_featureclass":"Summit","fcode":15048,"state_alpha":"CA","county_name":"Del Norte"}},{"type":"Feature","id":191706,"geometry":{"type":"MultiPoint","coordinates":[[-122.03418730712389,41.13904639940283]]},"properties":{"OBJECTID":191706,"gaz_id":264289,"gaz_name":"Oak Knob","gaz_featureclass":"Summit","fcode":15048,"state_alpha":"CA","county_name":"Shasta"}},{"type":"Feature","id":191741,"geometry":{"type":"MultiPoint","coordinates":[[-122.89654779598271,40.98898526040574]]},"properties":{"OBJECTID":191741,"gaz_id":229327,"gaz_name":"Mumford Peak","gaz_featureclass":"Summit","fcode":15048,"state_alpha":"CA","county_name":"Trinity"}},{"type":"Feature","id":192196,"geometry":{"type":"MultiPoint","coordinates":[[-121.85385649302344,41.096776988103095]]},"properties":{"OBJECTID":192196,"gaz_id":218596,"gaz_name":"Bald Mountain","gaz_featureclass":"Summit","fcode":15048,"state_alpha":"CA","county_name":"Shasta"}},{"type":"Feature","id":192466,"geometry":{"type":"MultiPoint","coordinates":[[-121.88188262733078,41.51430147747758]]},"properties":{"OBJECTID":192466,"gaz_id":277062,"gaz_name":"Stephens Butte","gaz_featureclass":"Summit","fcode":15048,"state_alpha":"CA","county_name":"Siskiyou"}},{"type":"Feature","id":200589,"geometry":{"type":"MultiPoint","coordinates":[[-121.73978537205879,41.643899783878496]]},"properties":{"OBJECTID":200589,"gaz_id":1657781,"gaz_name":"Hill 22","gaz_featureclass":"Summit","fcode":15048,"state_alpha":"CA","county_name":"Siskiyou"}},{"type":"Feature","id":200599,"geometry":{"type":"MultiPoint","coordinates":[[-122.87620682349113,41.47014000096396],[-122.87495408150492,41.470283115114455]]},"properties":{"OBJECTID":200599,"gaz_id":1657864,"gaz_name":"Hughes Hill","gaz_featureclass":"Summit","fcode":15048,"state_alpha":"CA","county_name":"Siskiyou"}},{"type":"Feature","id":200600,"geometry":{"type":"MultiPoint","coordinates":[[-122.19793575288216,41.405318639791]]},"properties":{"OBJECTID":200600,"gaz_id":1657869,"gaz_name":"Misery Hill","gaz_featureclass":"Summit","fcode":15048,"state_alpha":"CA","county_name":"Siskiyou"}},{"type":"Feature","id":200611,"geometry":{"type":"MultiPoint","coordinates":[[-121.80239261136914,41.869429250890356]]},"properties":{"OBJECTID":200611,"gaz_id":1657370,"gaz_name":"Chip Butte","gaz_featureclass":"Summit","fcode":15048,"state_alpha":"CA","county_name":"Siskiyou"}},{"type":"Feature","id":200614,"geometry":{"type":"MultiPoint","coordinates":[[-122.32862929986412,41.96021247044528]]},"properties":{"OBJECTID":200614,"gaz_id":1657578,"gaz_name":"Bloomingcamp Peak","gaz_featureclass":"Summit","fcode":15048,"state_alpha":"CA","county_name":"Siskiyou"}},{"type":"Feature","id":200656,"geometry":{"type":"MultiPoint","coordinates":[[-123.47240649640601,41.478180800260766]]},"properties":{"OBJECTID":200656,"gaz_id":1657975,"gaz_name":"Bald Butte","gaz_featureclass":"Summit","fcode":15048,"state_alpha":"CA","county_name":"Siskiyou"}},{"type":"Feature","id":200712,"geometry":{"type":"MultiPoint","coordinates":[[-123.44862497278301,41.893147707905115]]},"properties":{"OBJECTID":200712,"gaz_id":1655956,"gaz_name":"Deadman Point","gaz_featureclass":"Summit","fcode":15048,"state_alpha":"CA","county_name":"Siskiyou"}},{"type":"Feature","id":201643,"geometry":{"type":"MultiPoint","coordinates":[[-122.68834079256546,41.62774853969452]]},"properties":{"OBJECTID":201643,"gaz_id":218635,"gaz_name":"Bally Mountain","gaz_featureclass":"Summit","fcode":15048,"state_alpha":"CA","county_name":"Siskiyou"}},{"type":"Feature","id":201704,"geometry":{"type":"MultiPoint","coordinates":[[-121.792671560794,41.46438801960689]]},"properties":{"OBJECTID":201704,"gaz_id":258979,"gaz_name":"Cub Hill","gaz_featureclass":"Summit","fcode":15048,"state_alpha":"CA","county_name":"Siskiyou"}},{"type":"Feature","id":201739,"geometry":{"type":"MultiPoint","coordinates":[[-123.59950849983034,41.89900579902106]]},"properties":{"OBJECTID":201739,"gaz_id":264905,"gaz_name":"Polar Bear Mountain","gaz_featureclass":"Summit","fcode":15048,"state_alpha":"CA","county_name":"Siskiyou"}},{"type":"Feature","id":201740,"geometry":{"type":"MultiPoint","coordinates":[[-123.59950849983034,41.89900579902106]]},"properties":{"OBJECTID":201740,"gaz_id":264905,"gaz_name":"Polar Bear Mountain","gaz_featureclass":"Summit","fcode":15048,"state_alpha":"CA","county_name":"Del Norte"}},{"type":"Feature","id":201761,"geometry":{"type":"MultiPoint","coordinates":[[-123.60313601013533,41.95114730907434]]},"properties":{"OBJECTID":201761,"gaz_id":258904,"gaz_name":"Crazy Peak","gaz_featureclass":"Summit","fcode":15048,"state_alpha":"CA","county_name":"Del Norte"}},{"type":"Feature","id":201822,"geometry":{"type":"MultiPoint","coordinates":[[-123.2765689468031,41.94851424205909]]},"properties":{"OBJECTID":201822,"gaz_id":260635,"gaz_name":"Goff Butte","gaz_featureclass":"Summit","fcode":15048,"state_alpha":"CA","county_name":"Siskiyou"}},{"type":"Feature","id":201886,"geometry":{"type":"MultiPoint","coordinates":[[-122.3876161902389,41.671513751871316]]},"properties":{"OBJECTID":201886,"gaz_id":265121,"gaz_name":"Rabbit Hill","gaz_featureclass":"Summit","fcode":15048,"state_alpha":"CA","county_name":"Siskiyou"}},{"type":"Feature","id":202004,"geometry":{"type":"MultiPoint","coordinates":[[-121.80823023598788,41.54247778675962]]},"properties":{"OBJECTID":202004,"gaz_id":252222,"gaz_name":"Typhoon Mesa","gaz_featureclass":"Summit","fcode":15048,"state_alpha":"CA","county_name":"Siskiyou"}},{"type":"Feature","id":207164,"geometry":{"type":"MultiPoint","coordinates":[[-121.8180995148731,41.4972821713468]]},"properties":{"OBJECTID":207164,"gaz_id":256359,"gaz_name":"Asperin Butte","gaz_featureclass":"Summit","fcode":15048,"state_alpha":"CA","county_name":"Siskiyou"}},{"type":"Feature","id":207212,"geometry":{"type":"MultiPoint","coordinates":[[-121.74587331492638,41.54520457952717]]},"properties":{"OBJECTID":207212,"gaz_id":1659479,"gaz_name":"Red Cap Mountain","gaz_featureclass":"Summit","fcode":15048,"state_alpha":"CA","county_name":"Siskiyou"}},{"type":"Feature","id":207547,"geometry":{"type":"MultiPoint","coordinates":[[-122.31050052847272,41.739676364403635]]},"properties":{"OBJECTID":207547,"gaz_id":234876,"gaz_name":"Solomons Temple","gaz_featureclass":"Summit","fcode":15048,"state_alpha":"CA","county_name":"Siskiyou"}},{"type":"Feature","id":207899,"geometry":{"type":"MultiPoint","coordinates":[[-121.56301744256349,41.0742933401655]]},"properties":{"OBJECTID":207899,"gaz_id":267385,"gaz_name":"Soldier Mountain","gaz_featureclass":"Summit","fcode":15048,"state_alpha":"CA","county_name":"Shasta"}},{"type":"Feature","id":207910,"geometry":{"type":"MultiPoint","coordinates":[[-121.45116207553595,41.791205306143446]]},"properties":{"OBJECTID":207910,"gaz_id":1658877,"gaz_name":"Juniper Butte","gaz_featureclass":"Summit","fcode":15048,"state_alpha":"CA","county_name":"Modoc"}},{"type":"Feature","id":208390,"geometry":{"type":"MultiPoint","coordinates":[[-122.64646066657154,41.85774446302703]]},"properties":{"OBJECTID":208390,"gaz_id":266917,"gaz_name":"Little Cottonwood Peak","gaz_featureclass":"Summit","fcode":15048,"state_alpha":"CA","county_name":"Siskiyou"}},{"type":"Feature","id":209522,"geometry":{"type":"MultiPoint","coordinates":[[-121.80397389959411,41.31074700073968]]},"properties":{"OBJECTID":209522,"gaz_id":267748,"gaz_name":"Stillwater Butte","gaz_featureclass":"Summit","fcode":15048,"state_alpha":"CA","county_name":"Siskiyou"}},{"type":"Feature","id":209553,"geometry":{"type":"MultiPoint","coordinates":[[-121.8436584002015,41.349865600308455]]},"properties":{"OBJECTID":209553,"gaz_id":257795,"gaz_name":"Cabin Butte","gaz_featureclass":"Summit","fcode":15048,"state_alpha":"CA","county_name":"Siskiyou"}},{"type":"Feature","id":210022,"geometry":{"type":"MultiPoint","coordinates":[[-122.19485879576028,41.409175260418046]]},"properties":{"OBJECTID":210022,"gaz_id":266054,"gaz_name":"Mount Shasta","gaz_featureclass":"Summit","fcode":15048,"state_alpha":"CA","county_name":"Siskiyou"}},{"type":"Feature","id":210024,"geometry":{"type":"MultiPoint","coordinates":[[-123.15848123991255,41.9761340745632]]},"properties":{"OBJECTID":210024,"gaz_id":1657895,"gaz_name":"Abney Butte","gaz_featureclass":"Summit","fcode":15048,"state_alpha":"CA","county_name":"Siskiyou"}},{"type":"Feature","id":210027,"geometry":{"type":"MultiPoint","coordinates":[[-122.47905555388911,41.3196617988648]]},"properties":{"OBJECTID":210027,"gaz_id":259794,"gaz_name":"Mount Eddy","gaz_featureclass":"Summit","fcode":15048,"state_alpha":"CA","county_name":"Trinity"}},{"type":"Feature","id":210028,"geometry":{"type":"MultiPoint","coordinates":[[-122.47905555388911,41.3196617988648]]},"properties":{"OBJECTID":210028,"gaz_id":259794,"gaz_name":"Mount Eddy","gaz_featureclass":"Summit","fcode":15048,"state_alpha":"CA","county_name":"Siskiyou"}},{"type":"Feature","id":210450,"geometry":{"type":"MultiPoint","coordinates":[[-122.62587956991295,41.09397979042066],[-122.61875911962747,41.07418160912449]]},"properties":{"OBJECTID":210450,"gaz_id":1655838,"gaz_name":"Bonanza King","gaz_featureclass":"Summit","fcode":15048,"state_alpha":"CA","county_name":"Trinity"}},{"type":"Feature","id":211266,"geometry":{"type":"MultiPoint","coordinates":[[-123.27689226215192,41.972197988442495]]},"properties":{"OBJECTID":211266,"gaz_id":259917,"gaz_name":"Mount Emily","gaz_featureclass":"Summit","fcode":15048,"state_alpha":"CA","county_name":"Siskiyou"}},{"type":"Feature","id":211846,"geometry":{"type":"MultiPoint","coordinates":[[-121.52909467689965,41.73799964647217]]},"properties":{"OBJECTID":211846,"gaz_id":232667,"gaz_name":"Schonchin Butte","gaz_featureclass":"Summit","fcode":15048,"state_alpha":"CA","county_name":"Siskiyou"}},{"type":"Feature","id":211854,"geometry":{"type":"MultiPoint","coordinates":[[-121.54795836990644,41.53055376744367]]},"properties":{"OBJECTID":211854,"gaz_id":266143,"gaz_name":"Shotgun Peak","gaz_featureclass":"Summit","fcode":15048,"state_alpha":"CA","county_name":"Siskiyou"}},{"type":"Feature","id":211855,"geometry":{"type":"MultiPoint","coordinates":[[-121.46808851480162,41.49127130092816]]},"properties":{"OBJECTID":211855,"gaz_id":219660,"gaz_name":"Border Mountain","gaz_featureclass":"Summit","fcode":15048,"state_alpha":"CA","county_name":"Siskiyou"}},{"type":"Feature","id":212235,"geometry":{"type":"MultiPoint","coordinates":[[-123.23863369512428,41.629410898877936]]},"properties":{"OBJECTID":212235,"gaz_id":265317,"gaz_name":"Red Rock","gaz_featureclass":"Summit","fcode":15048,"state_alpha":"CA","county_name":"Siskiyou"}},{"type":"Feature","id":212236,"geometry":{"type":"MultiPoint","coordinates":[[-122.51172000082546,41.85769000014269]]},"properties":{"OBJECTID":212236,"gaz_id":2829311,"gaz_name":"Black Mountain","gaz_featureclass":"Summit","fcode":15048,"state_alpha":"CA","county_name":"Siskiyou"}},{"type":"Feature","id":212273,"geometry":{"type":"MultiPoint","coordinates":[[-122.19170250751733,41.84490026866564]]},"properties":{"OBJECTID":212273,"gaz_id":276890,"gaz_name":"Butte Mountain","gaz_featureclass":"Summit","fcode":15048,"state_alpha":"CA","county_name":"Siskiyou"}},{"type":"Feature","id":212275,"geometry":{"type":"MultiPoint","coordinates":[[-121.62412271219353,41.45458000000483],[-121.62512005955118,41.45424028389247]]},"properties":{"OBJECTID":212275,"gaz_id":2829560,"gaz_name":"Timber Hill","gaz_featureclass":"Summit","fcode":15048,"state_alpha":"CA","county_name":"Siskiyou"}},{"type":"Feature","id":212285,"geometry":{"type":"MultiPoint","coordinates":[[-123.35568908683638,41.536751365455096]]},"properties":{"OBJECTID":212285,"gaz_id":276835,"gaz_name":"No Mans Mountain","gaz_featureclass":"Summit","fcode":15048,"state_alpha":"CA","county_name":"Siskiyou"}},{"type":"Feature","id":214170,"geometry":{"type":"MultiPoint","coordinates":[[-122.52143285696857,41.10328494516433]]},"properties":{"OBJECTID":214170,"gaz_id":237616,"gaz_name":"Whisky Bill Peak","gaz_featureclass":"Summit","fcode":15048,"state_alpha":"CA","county_name":"Trinity"}},{"type":"Feature","id":214242,"geometry":{"type":"MultiPoint","coordinates":[[-122.14640685925244,41.01374900966527]]},"properties":{"OBJECTID":214242,"gaz_id":232593,"gaz_name":"Satin Peak","gaz_featureclass":"Summit","fcode":15048,"state_alpha":"CA","county_name":"Shasta"}},{"type":"Feature","id":214344,"geometry":{"type":"MultiPoint","coordinates":[[-122.07286158122736,41.068670034916224]]},"properties":{"OBJECTID":214344,"gaz_id":233039,"gaz_name":"Shoeinhorse Mountain","gaz_featureclass":"Summit","fcode":15048,"state_alpha":"CA","county_name":"Shasta"}},{"type":"Feature","id":214402,"geometry":{"type":"MultiPoint","coordinates":[[-123.16429978251803,41.939554538672446]]},"properties":{"OBJECTID":214402,"gaz_id":274680,"gaz_name":"Cook and Green Butte","gaz_featureclass":"Summit","fcode":15048,"state_alpha":"CA","county_name":"Siskiyou"}},{"type":"Feature","id":214420,"geometry":{"type":"MultiPoint","coordinates":[[-123.60358976894827,41.919088282479976]]},"properties":{"OBJECTID":214420,"gaz_id":257103,"gaz_name":"Black Butte","gaz_featureclass":"Summit","fcode":15048,"state_alpha":"CA","county_name":"Del Norte"}},{"type":"Feature","id":214476,"geometry":{"type":"MultiPoint","coordinates":[[-123.48518134643332,41.10568669959171]]},"properties":{"OBJECTID":214476,"gaz_id":229772,"gaz_name":"North Trinity Mountain","gaz_featureclass":"Summit","fcode":15048,"state_alpha":"CA","county_name":"Humboldt"}},{"type":"Feature","id":214515,"geometry":{"type":"MultiPoint","coordinates":[[-121.89136721257707,41.346342538143304]]},"properties":{"OBJECTID":214515,"gaz_id":219358,"gaz_name":"Black Fox Mountain","gaz_featureclass":"Summit","fcode":15048,"state_alpha":"CA","county_name":"Siskiyou"}},{"type":"Feature","id":214574,"geometry":{"type":"MultiPoint","coordinates":[[-123.26244621152289,41.690118475924265]]},"properties":{"OBJECTID":214574,"gaz_id":261593,"gaz_name":"Huckleberry Mountain","gaz_featureclass":"Summit","fcode":15048,"state_alpha":"CA","county_name":"Siskiyou"}},{"type":"Feature","id":214589,"geometry":{"type":"MultiPoint","coordinates":[[-122.95454462164182,41.38726530809109]]},"properties":{"OBJECTID":214589,"gaz_id":259970,"gaz_name":"Etna Mountain","gaz_featureclass":"Summit","fcode":15048,"state_alpha":"CA","county_name":"Siskiyou"}},{"type":"Feature","id":214628,"geometry":{"type":"MultiPoint","coordinates":[[-122.13564747209153,41.97373032413892]]},"properties":{"OBJECTID":214628,"gaz_id":232784,"gaz_name":"Secret Spring Mountain","gaz_featureclass":"Summit","fcode":15048,"state_alpha":"CA","county_name":"Siskiyou"}},{"type":"Feature","id":214640,"geometry":{"type":"MultiPoint","coordinates":[[-123.68662426123826,41.673002743836]]},"properties":{"OBJECTID":214640,"gaz_id":261104,"gaz_name":"Harrington Mountain","gaz_featureclass":"Summit","fcode":15048,"state_alpha":"CA","county_name":"Del Norte"}},{"type":"Feature","id":214641,"geometry":{"type":"MultiPoint","coordinates":[[-123.68662426123826,41.673002743836]]},"properties":{"OBJECTID":214641,"gaz_id":261104,"gaz_name":"Harrington Mountain","gaz_featureclass":"Summit","fcode":15048,"state_alpha":"CA","county_name":"Siskiyou"}},{"type":"Feature","id":220365,"geometry":{"type":"MultiPoint","coordinates":[[-121.96320550381441,41.53035860110064]]},"properties":{"OBJECTID":220365,"gaz_id":224782,"gaz_name":"Haight Mountain","gaz_featureclass":"Summit","fcode":15048,"state_alpha":"CA","county_name":"Siskiyou"}},{"type":"Feature","id":220367,"geometry":{"type":"MultiPoint","coordinates":[[-121.97380906830783,41.46269219919566]]},"properties":{"OBJECTID":220367,"gaz_id":259560,"gaz_name":"Dry Creek Peak","gaz_featureclass":"Summit","fcode":15048,"state_alpha":"CA","county_name":"Siskiyou"}},{"type":"Feature","id":220393,"geometry":{"type":"MultiPoint","coordinates":[[-121.46250920792937,41.42717823404802]]},"properties":{"OBJECTID":220393,"gaz_id":231967,"gaz_name":"Round Mountain","gaz_featureclass":"Summit","fcode":15048,"state_alpha":"CA","county_name":"Siskiyou"}},{"type":"Feature","id":221602,"geometry":{"type":"MultiPoint","coordinates":[[-123.71557118398322,41.06678209793969]]},"properties":{"OBJECTID":221602,"gaz_id":267357,"gaz_name":"Soctish Point","gaz_featureclass":"Summit","fcode":15048,"state_alpha":"CA","county_name":"Humboldt"}},{"type":"Feature","id":221813,"geometry":{"type":"MultiPoint","coordinates":[[-123.54973573532597,41.34368473559868]]},"properties":{"OBJECTID":221813,"gaz_id":257138,"gaz_name":"Black Mountain","gaz_featureclass":"Summit","fcode":15048,"state_alpha":"CA","county_name":"Humboldt"}},{"type":"Feature","id":221815,"geometry":{"type":"MultiPoint","coordinates":[[-122.19278789965432,41.34917196638111]]},"properties":{"OBJECTID":221815,"gaz_id":260824,"gaz_name":"Gray Butte","gaz_featureclass":"Summit","fcode":15048,"state_alpha":"CA","county_name":"Siskiyou"}},{"type":"Feature","id":222026,"geometry":{"type":"MultiPoint","coordinates":[[-123.69141483381634,41.88916978209004]]},"properties":{"OBJECTID":222026,"gaz_id":257475,"gaz_name":"Broken Rib Mountain","gaz_featureclass":"Summit","fcode":15048,"state_alpha":"CA","county_name":"Del Norte"}},{"type":"Feature","id":222047,"geometry":{"type":"MultiPoint","coordinates":[[-123.6693183807831,41.922417128235345]]},"properties":{"OBJECTID":222047,"gaz_id":261188,"gaz_name":"Haystack","gaz_featureclass":"Summit","fcode":15048,"state_alpha":"CA","county_name":"Del Norte"}},{"type":"Feature","id":222054,"geometry":{"type":"MultiPoint","coordinates":[[-123.17380505416864,41.15974264965223]]},"properties":{"OBJECTID":222054,"gaz_id":254707,"gaz_name":"Canyon Mountain","gaz_featureclass":"Summit","fcode":15048,"state_alpha":"CA","county_name":"Siskiyou"}},{"type":"Feature","id":222071,"geometry":{"type":"MultiPoint","coordinates":[[-121.96922907340875,41.02304562860982]]},"properties":{"OBJECTID":222071,"gaz_id":264291,"gaz_name":"Oak Mountain","gaz_featureclass":"Summit","fcode":15048,"state_alpha":"CA","county_name":"Shasta"}},{"type":"Feature","id":222078,"geometry":{"type":"MultiPoint","coordinates":[[-122.95965045976546,41.02956149291439]]},"properties":{"OBJECTID":222078,"gaz_id":257976,"gaz_name":"Caribou Mountain","gaz_featureclass":"Summit","fcode":15048,"state_alpha":"CA","county_name":"Siskiyou"}},{"type":"Feature","id":222102,"geometry":{"type":"MultiPoint","coordinates":[[-122.03927783975176,41.680402006543744]]},"properties":{"OBJECTID":222102,"gaz_id":261538,"gaz_name":"Horsethief Butte","gaz_featureclass":"Summit","fcode":15048,"state_alpha":"CA","county_name":"Siskiyou"}},{"type":"Feature","id":222168,"geometry":{"type":"MultiPoint","coordinates":[[-123.71175360723208,41.61229347118079]]},"properties":{"OBJECTID":222168,"gaz_id":232628,"gaz_name":"Sawtooth Mountain","gaz_featureclass":"Summit","fcode":15048,"state_alpha":"CA","county_name":"Siskiyou"}},{"type":"Feature","id":222169,"geometry":{"type":"MultiPoint","coordinates":[[-123.71175360723208,41.61229347118079]]},"properties":{"OBJECTID":222169,"gaz_id":232628,"gaz_name":"Sawtooth Mountain","gaz_featureclass":"Summit","fcode":15048,"state_alpha":"CA","county_name":"Del Norte"}},{"type":"Feature","id":222657,"geometry":{"type":"MultiPoint","coordinates":[[-121.4794544579171,41.529845152329266]]},"properties":{"OBJECTID":222657,"gaz_id":219383,"gaz_name":"Black Mountain","gaz_featureclass":"Summit","fcode":15048,"state_alpha":"CA","county_name":"Siskiyou"}},{"type":"Feature","id":223345,"geometry":{"type":"MultiPoint","coordinates":[[-123.21973153535868,41.92762529956044]]},"properties":{"OBJECTID":223345,"gaz_id":274681,"gaz_name":"Desolation Peak","gaz_featureclass":"Summit","fcode":15048,"state_alpha":"CA","county_name":"Siskiyou"}},{"type":"Feature","id":230782,"geometry":{"type":"MultiPoint","coordinates":[[-121.74365151532746,41.91830856685386]]},"properties":{"OBJECTID":230782,"gaz_id":1657759,"gaz_name":"Coyote Point","gaz_featureclass":"Summit","fcode":15048,"state_alpha":"CA","county_name":"Siskiyou"}},{"type":"Feature","id":230799,"geometry":{"type":"MultiPoint","coordinates":[[-121.88978872440084,41.96375900022482]]},"properties":{"OBJECTID":230799,"gaz_id":1657374,"gaz_name":"D Hill","gaz_featureclass":"Summit","fcode":15048,"state_alpha":"CA","county_name":"Siskiyou"}},{"type":"Feature","id":230830,"geometry":{"type":"MultiPoint","coordinates":[[-122.180773077358,41.36123354904791]]},"properties":{"OBJECTID":230830,"gaz_id":1659477,"gaz_name":"Red Butte","gaz_featureclass":"Summit","fcode":15048,"state_alpha":"CA","county_name":"Siskiyou"}},{"type":"Feature","id":230837,"geometry":{"type":"MultiPoint","coordinates":[[-123.34984037071885,41.06357812492697]]},"properties":{"OBJECTID":230837,"gaz_id":1656391,"gaz_name":"Virgin Creek Buttes","gaz_featureclass":"Summit","fcode":15048,"state_alpha":"CA","county_name":"Trinity"}},{"type":"Feature","id":230855,"geometry":{"type":"MultiPoint","coordinates":[[-122.26327727616945,41.03281406277799]]},"properties":{"OBJECTID":230855,"gaz_id":1659959,"gaz_name":"Tater Hill","gaz_featureclass":"Summit","fcode":15048,"state_alpha":"CA","county_name":"Shasta"}},{"type":"Feature","id":230881,"geometry":{"type":"MultiPoint","coordinates":[[-123.28870896550393,41.5559739257561]]},"properties":{"OBJECTID":230881,"gaz_id":1659388,"gaz_name":"Pigeon Roost","gaz_featureclass":"Summit","fcode":15048,"state_alpha":"CA","county_name":"Siskiyou"}},{"type":"Feature","id":230900,"geometry":{"type":"MultiPoint","coordinates":[[-122.95153921173906,41.77504855027382]]},"properties":{"OBJECTID":230900,"gaz_id":1657983,"gaz_name":"Bald Mountain","gaz_featureclass":"Summit","fcode":15048,"state_alpha":"CA","county_name":"Siskiyou"}},{"type":"Feature","id":231702,"geometry":{"type":"MultiPoint","coordinates":[[-123.1478622163114,41.81730342362955]]},"properties":{"OBJECTID":231702,"gaz_id":233291,"gaz_name":"Slinkard Peak","gaz_featureclass":"Summit","fcode":15048,"state_alpha":"CA","county_name":"Siskiyou"}},{"type":"Feature","id":231768,"geometry":{"type":"MultiPoint","coordinates":[[-121.80217018401322,41.096170477071134]]},"properties":{"OBJECTID":231768,"gaz_id":231356,"gaz_name":"Red Mountain","gaz_featureclass":"Summit","fcode":15048,"state_alpha":"CA","county_name":"Shasta"}},{"type":"Feature","id":231911,"geometry":{"type":"MultiPoint","coordinates":[[-121.95960976332773,41.15986157930908]]},"properties":{"OBJECTID":231911,"gaz_id":264719,"gaz_name":"Pigeon Hill","gaz_featureclass":"Summit","fcode":15048,"state_alpha":"CA","county_name":"Shasta"}},{"type":"Feature","id":231928,"geometry":{"type":"MultiPoint","coordinates":[[-121.66296866782251,41.739522364898185]]},"properties":{"OBJECTID":231928,"gaz_id":257341,"gaz_name":"Bonita Butte","gaz_featureclass":"Summit","fcode":15048,"state_alpha":"CA","county_name":"Siskiyou"}},{"type":"Feature","id":231964,"geometry":{"type":"MultiPoint","coordinates":[[-122.7335815771227,41.948954367427696]]},"properties":{"OBJECTID":231964,"gaz_id":266512,"gaz_name":"Bullion Mountain","gaz_featureclass":"Summit","fcode":15048,"state_alpha":"CA","county_name":"Siskiyou"}},{"type":"Feature","id":232414,"geometry":{"type":"MultiPoint","coordinates":[[-122.01722680104767,41.705652353247885]]},"properties":{"OBJECTID":232414,"gaz_id":261220,"gaz_name":"Mount Hebron","gaz_featureclass":"Summit","fcode":15048,"state_alpha":"CA","county_name":"Siskiyou"}},{"type":"Feature","id":232458,"geometry":{"type":"MultiPoint","coordinates":[[-121.85524424640694,41.8739675609094],[-121.85679326804521,41.87645869069795]]},"properties":{"OBJECTID":232458,"gaz_id":227951,"gaz_name":"Mahogany Mountain","gaz_featureclass":"Summit","fcode":15048,"state_alpha":"CA","county_name":"Siskiyou"}},{"type":"Feature","id":232489,"geometry":{"type":"MultiPoint","coordinates":[[-121.46994813433928,41.47462807985528]]},"properties":{"OBJECTID":232489,"gaz_id":219975,"gaz_name":"Buck Butte","gaz_featureclass":"Summit","fcode":15048,"state_alpha":"CA","county_name":"Siskiyou"}},{"type":"Feature","id":235617,"geometry":{"type":"MultiPoint","coordinates":[[-121.59184657102183,41.69576056679259]]},"properties":{"OBJECTID":235617,"gaz_id":1658841,"gaz_name":"Island Butte","gaz_featureclass":"Summit","fcode":15048,"state_alpha":"CA","county_name":"Siskiyou"}},{"type":"Feature","id":235638,"geometry":{"type":"MultiPoint","coordinates":[[-122.41282005687543,41.96144992095634]]},"properties":{"OBJECTID":235638,"gaz_id":1657592,"gaz_name":"Coyote Peak","gaz_featureclass":"Summit","fcode":15048,"state_alpha":"CA","county_name":"Siskiyou"}},{"type":"Feature","id":236199,"geometry":{"type":"MultiPoint","coordinates":[[-122.206849261136,41.37080986967604]]},"properties":{"OBJECTID":236199,"gaz_id":1658663,"gaz_name":"Green Butte","gaz_featureclass":"Summit","fcode":15048,"state_alpha":"CA","county_name":"Siskiyou"}},{"type":"Feature","id":237704,"geometry":{"type":"MultiPoint","coordinates":[[-122.03004641592223,41.388815696301975]]},"properties":{"OBJECTID":237704,"gaz_id":267838,"gaz_name":"Sugar Pine Butte","gaz_featureclass":"Summit","fcode":15048,"state_alpha":"CA","county_name":"Siskiyou"}},{"type":"Feature","id":237760,"geometry":{"type":"MultiPoint","coordinates":[[-121.9784573962539,41.144635117702286]]},"properties":{"OBJECTID":237760,"gaz_id":260933,"gaz_name":"Grizzly Peak","gaz_featureclass":"Summit","fcode":15048,"state_alpha":"CA","county_name":"Shasta"}},{"type":"Feature","id":237778,"geometry":{"type":"MultiPoint","coordinates":[[-122.47263023793677,41.820036412241855]]},"properties":{"OBJECTID":237778,"gaz_id":263252,"gaz_name":"Marys Peak","gaz_featureclass":"Summit","fcode":15048,"state_alpha":"CA","county_name":"Siskiyou"}},{"type":"Feature","id":239873,"geometry":{"type":"MultiPoint","coordinates":[[-123.6203977383943,41.69725637729769]]},"properties":{"OBJECTID":239873,"gaz_id":265279,"gaz_name":"Red Hill","gaz_featureclass":"Summit","fcode":15048,"state_alpha":"CA","county_name":"Siskiyou"}},{"type":"Feature","id":240322,"geometry":{"type":"MultiPoint","coordinates":[[-122.17241766903395,41.28288623286803]]},"properties":{"OBJECTID":240322,"gaz_id":1659667,"gaz_name":"Signal Butte","gaz_featureclass":"Summit","fcode":15048,"state_alpha":"CA","county_name":"Siskiyou"}},{"type":"Feature","id":240353,"geometry":{"type":"MultiPoint","coordinates":[[-122.78079527674122,41.25925644573134]]},"properties":{"OBJECTID":240353,"gaz_id":258861,"gaz_name":"Craggy Peak","gaz_featureclass":"Summit","fcode":15048,"state_alpha":"CA","county_name":"Siskiyou"}},{"type":"Feature","id":240373,"geometry":{"type":"MultiPoint","coordinates":[[-121.6874992004412,41.80971606279055]]},"properties":{"OBJECTID":240373,"gaz_id":259463,"gaz_name":"Mount Dome","gaz_featureclass":"Summit","fcode":15048,"state_alpha":"CA","county_name":"Siskiyou"}},{"type":"Feature","id":241950,"geometry":{"type":"MultiPoint","coordinates":[[-122.93569449050085,41.822105409961544]]},"properties":{"OBJECTID":241950,"gaz_id":1659168,"gaz_name":"Monument Point","gaz_featureclass":"Summit","fcode":15048,"state_alpha":"CA","county_name":"Siskiyou"}},{"type":"Feature","id":242157,"geometry":{"type":"MultiPoint","coordinates":[[-121.5153329736338,41.71753006621036]]},"properties":{"OBJECTID":242157,"gaz_id":1658349,"gaz_name":"Crescent Butte","gaz_featureclass":"Summit","fcode":15048,"state_alpha":"CA","county_name":"Siskiyou"}},{"type":"Feature","id":242161,"geometry":{"type":"MultiPoint","coordinates":[[-121.4713779010303,41.653460434128014]]},"properties":{"OBJECTID":242161,"gaz_id":221668,"gaz_name":"Cougar Butte","gaz_featureclass":"Summit","fcode":15048,"state_alpha":"CA","county_name":"Siskiyou"}},{"type":"Feature","id":242162,"geometry":{"type":"MultiPoint","coordinates":[[-121.5236037992856,41.57960329908509]]},"properties":{"OBJECTID":242162,"gaz_id":1659486,"gaz_name":"Red Shale Butte","gaz_featureclass":"Summit","fcode":15048,"state_alpha":"CA","county_name":"Siskiyou"}}]}