{"type":"FeatureCollection","features":[{"type":"Feature","id":576,"geometry":{"type":"LineString","coordinates":[[-122.356867011675,42.0127032468543],[-122.357232724811,42.010180023512],[-122.357601092468,42.0076383078346],[-122.357943682968,42.005274294952],[-122.360331255872,42.0026710234069],[-122.361979056259,42.0009284869055],[-122.365341806999,41.9973609282656],[-122.367354421308,41.9951340152507],[-122.367362723537,41.993703812824],[-122.36737834524,41.9895016470866],[-122.367362100107,41.9846173198062],[-122.367358312809,41.9811580603609],[-122.365483173977,41.9796394401862],[-122.363828999145,41.9783567893194],[-122.361979142498,41.9770241330376]]},"properties":{"OBJECTID":576,"Name":"PCORP 230kV","kV":"230","Owner":"PCORP","Status":"Operational","Type":"OH","Source":"Pacific Power"}},{"type":"Feature","id":577,"geometry":{"type":"LineString","coordinates":[[-122.361678045181,41.977164433045],[-122.363728974433,41.9785865720499],[-122.365276547089,41.9797486374266],[-122.367092598335,41.9812369607163],[-122.367144441907,41.9846391134912],[-122.367072144594,41.9895239645703],[-122.367067713205,41.993925304805],[-122.367066551683,41.9950660091483],[-122.365092089723,41.9972375084848],[-122.362008854276,42.000509556848],[-122.360162912487,42.0025129399487],[-122.357696705553,42.0052365945758],[-122.357340292676,42.0076588293965],[-122.356940530697,42.0102714850697],[-122.356559961223,42.0127499132615]]},"properties":{"OBJECTID":577,"Name":"PCORP 230kV","kV":"230","Owner":"PCORP","Status":"Operational","Type":"OH","Source":"Pacific Power"}},{"type":"Feature","id":578,"geometry":{"type":"LineString","coordinates":[[-122.401054061625,42.0108735280074],[-122.399953027124,42.009910361766],[-122.398837999565,42.0088819690083],[-122.397730330108,42.0078605082576],[-122.396793993629,42.0069419872403],[-122.396001707396,42.006158782838],[-122.395083347105,42.0053514125047],[-122.394246669724,42.0045124043139],[-122.393438738432,42.003754260794],[-122.392635786502,42.0030030994586],[-122.391591998041,42.0021184361931],[-122.390901611304,42.0014801779031],[-122.390216496779,42.0008577459552],[-122.388809143055,41.9995358741374],[-122.387890533032,41.9986900152025],[-122.386727773491,41.9976193059662],[-122.385081917957,41.996073481723],[-122.383673074825,41.9947840262653],[-122.382921962873,41.9941458172553],[-122.381282545565,41.9925486940672],[-122.37266928572,41.9845669408283],[-122.371875416655,41.9839324482206],[-122.368609045264,41.981264357522],[-122.366546612187,41.979638657534],[-122.364905463824,41.9783236114045],[-122.36336637935,41.9771316565355],[-122.36196846602,41.9761133264586],[-122.361353630294,41.9763329796772],[-122.361196141252,41.9764275932711]]},"properties":{"OBJECTID":578,"Name":"PCORP 115kV","kV":"115","Owner":"PCORP","Status":"Operational","Type":"OH","Source":"Pacific Power"}},{"type":"Feature","id":579,"geometry":{"type":"LineString","coordinates":[[-122.436709104346,41.9329169933245],[-122.436499468102,41.9330992882733],[-122.436304744789,41.9336505618902],[-122.437406990219,41.9342598658],[-122.438227419772,41.9347263476208],[-122.438948914268,41.9351532230543],[-122.438673475531,41.9365478694248],[-122.438478745032,41.937591560527],[-122.438134172848,41.9390110353396],[-122.437805973359,41.9405833144266],[-122.437599568355,41.9417924754234],[-122.437658609229,41.942361176279],[-122.437825262884,41.9434510464585],[-122.438216771142,41.9455838930384],[-122.438401323729,41.9469386127454],[-122.438585195393,41.947846898033],[-122.438730625451,41.9485392851295],[-122.439048413466,41.9506919682775],[-122.439269291228,41.9517805101991],[-122.439612159307,41.9539284695899],[-122.439533089596,41.9556971418145],[-122.43943723666,41.9578990367605],[-122.43778460154,41.9587907495191],[-122.431244020957,41.9621781407738],[-122.430471660256,41.9627385472901],[-122.427041119052,41.965271314964],[-122.42599843462,41.966030597497],[-122.422987155125,41.9682547628913],[-122.421515052631,41.9693464104624],[-122.42008321173,41.9703819246541],[-122.417970191824,41.971969565825],[-122.415326527198,41.9739024024694],[-122.412835625578,41.9741416633654],[-122.411124872154,41.9742750848764],[-122.409298297144,41.9744197820318],[-122.407430279257,41.9745826328901],[-122.405596290451,41.9747400664553],[-122.401480090343,41.9728782851524],[-122.399517596637,41.9722818060657],[-122.397147852596,41.9712632568525],[-122.395641972549,41.9706631861121],[-122.394135250781,41.9700374172314],[-122.392700956581,41.9694458419707],[-122.391815521341,41.9690889879835],[-122.390787463279,41.969276435225],[-122.38921018693,41.9695315693961],[-122.386161547401,41.9700536183002],[-122.383776196928,41.9704484517058],[-122.381029021229,41.9709133029322],[-122.37838168968,41.9713663346579],[-122.375374687962,41.9718754792392],[-122.373449001827,41.9722100935841],[-122.369990051402,41.9727789792174],[-122.369182021295,41.9729206189586],[-122.366885545645,41.9734538133324],[-122.366144479553,41.973704874226],[-122.363279055019,41.9744250880732],[-122.361844199372,41.9747676236672],[-122.360822863403,41.9761444245712],[-122.361101412108,41.9763932436523]]},"properties":{"OBJECTID":579,"Name":"PCORP 69kV","kV":"69","Owner":"PCORP","Status":"Operational","Type":"OH","Source":"Pacific Power"}},{"type":"Feature","id":580,"geometry":{"type":"LineString","coordinates":[[-122.369636095417,41.7017708357898],[-122.369506228671,41.7027671224832],[-122.36948055482,41.7034970417718],[-122.369451075706,41.7043271511534],[-122.369240577977,41.7052214496435],[-122.36908653577,41.7057392415674],[-122.368824059723,41.7066096453683],[-122.368696488172,41.7070875202097],[-122.368544069222,41.7076629309664],[-122.368317375766,41.7084007704664],[-122.368101909456,41.7091063667424],[-122.367718865123,41.7105251548247],[-122.367488361913,41.7113246183294],[-122.367313788711,41.7119765519759],[-122.367072039491,41.7127858261675],[-122.366867845241,41.7135786449948],[-122.366634320098,41.7144063798234],[-122.366405599145,41.7152068189989],[-122.366171731744,41.7160245376524],[-122.365984707892,41.7167039131863],[-122.365816681611,41.7172669476074],[-122.365648553821,41.7178843966573],[-122.365413813257,41.7186763580265],[-122.36519806218,41.7194665327756],[-122.364971878968,41.720286973122],[-122.364741025415,41.7210817270034],[-122.364527211106,41.7218732976345],[-122.364328683428,41.7225514587832],[-122.364106478855,41.723377553397],[-122.363905515844,41.7240400104449],[-122.363743169611,41.7246029403655],[-122.363230389687,41.7264354049676],[-122.363007548208,41.7271856217217],[-122.362771312848,41.728049211899],[-122.362536885796,41.7288526274109],[-122.362380562767,41.7294254687359],[-122.362149225022,41.7302073471571],[-122.361919020052,41.731023571692],[-122.361703524995,41.7318237697023],[-122.361435584496,41.7327667128396],[-122.361184500882,41.7336434717332],[-122.360957459779,41.7344983013553],[-122.360735233646,41.7352685551908],[-122.360516091429,41.7360745517182],[-122.360370895831,41.7365240386591],[-122.360144697348,41.7373473507333],[-122.359907262736,41.738167700842],[-122.359697282437,41.7389482676337],[-122.359611863433,41.7392704171948],[-122.359598614181,41.7400210142617],[-122.359572211797,41.7408348639259],[-122.359568809877,41.7416525808565],[-122.359579357895,41.7424886528613],[-122.359557243169,41.7432880699429],[-122.359529498702,41.7441478061578],[-122.359528008397,41.7449082109233],[-122.359530748258,41.7457387050318],[-122.359500107622,41.7465597207201],[-122.359501676081,41.7473717476138],[-122.359503250827,41.7481878994553],[-122.359488416947,41.7490058384114],[-122.359489297296,41.7498378022015],[-122.359470846798,41.7506573111621],[-122.3594501038,41.7514738608716],[-122.359448166134,41.7523244482143],[-122.359429049985,41.7531396558277],[-122.359437521098,41.7539729123805],[-122.359427148251,41.7547740668954],[-122.35941477306,41.7556016054023],[-122.359401675623,41.7564123076728],[-122.359388438947,41.7572316475924],[-122.359375017219,41.7580624305826],[-122.359361779645,41.758881770879],[-122.359354232,41.7597053042108],[-122.359353341769,41.7605201433446],[-122.359334479843,41.7613482269114],[-122.359326234207,41.7621760465066],[-122.359292489892,41.762961127758],[-122.359283304618,41.7638048281881],[-122.359282643458,41.7646385312207],[-122.35928204518,41.7653946998639],[-122.35926378243,41.7662054218072],[-122.359257881397,41.7670175170915],[-122.359243325096,41.7678440628896],[-122.359230959787,41.7686791592955],[-122.359217549736,41.769482772667],[-122.359218121963,41.7703034357443],[-122.359197753562,41.7711272284918],[-122.359166160712,41.7719596974325],[-122.359175671176,41.7727901202408],[-122.359166716769,41.7736066422632],[-122.359157511732,41.7744458688629],[-122.359148856465,41.7752350667665],[-122.359138109021,41.7760615482209],[-122.359138957928,41.7768862765787],[-122.359126488414,41.7775296212179],[-122.359113880559,41.7781800623585],[-122.359097359643,41.7790323489437],[-122.35909409247,41.7798543997595],[-122.35908039406,41.7806494380653],[-122.35906969243,41.7814773576138],[-122.359055084027,41.7823024865649],[-122.359048004404,41.7831246120138],[-122.35905254988,41.7839522497541],[-122.359033701428,41.7847645718293],[-122.359020904029,41.7855868070426],[-122.359010200602,41.7864147318324],[-122.359293151052,41.7870681880785],[-122.359571290125,41.7877489434269],[-122.359891305064,41.7885420479487],[-122.360220431614,41.7893220932573],[-122.360551945887,41.7901164160628],[-122.360873460113,41.7908966036284],[-122.361192127579,41.7916482050654],[-122.361509987459,41.7924327581816],[-122.361800086702,41.7930703276856],[-122.362087941055,41.7938124804341],[-122.362412780845,41.7945768542433],[-122.362727234313,41.7953729282171],[-122.363099259012,41.7962366647083],[-122.363393904629,41.7970101966034],[-122.363686659291,41.7976691977563],[-122.364044835561,41.798574723952],[-122.364288524244,41.7990771160968],[-122.364614839067,41.7998844255418],[-122.364940299593,41.8007232566669],[-122.365243900515,41.8014207209458],[-122.365583672999,41.8022879264055],[-122.365928556898,41.8030791354186],[-122.366212208932,41.8037497646217],[-122.366522125909,41.8044642961952],[-122.366854496276,41.8052228016585],[-122.367190114052,41.8060213448238],[-122.367502908333,41.8068217489019],[-122.368127624629,41.8078798084774],[-122.368453502871,41.8083849553252],[-122.368906317555,41.8091497934312],[-122.369339645983,41.8099021074929],[-122.369790906581,41.8106197147132],[-122.370263150926,41.8113942112285],[-122.370705849681,41.8121406196521],[-122.371221969541,41.8129715745809],[-122.37164748083,41.8137168719525],[-122.372008166095,41.8143488179553],[-122.37201562301,41.8149730777056],[-122.372032038824,41.815522699769],[-122.372023438353,41.8163520542304],[-122.372021938167,41.8171655229345],[-122.372000322006,41.818005148105],[-122.372016741413,41.818826966267],[-122.37198702694,41.8196666533383],[-122.37198543243,41.8204772628592],[-122.371999235943,41.8212918801576],[-122.372005269926,41.8221023479364],[-122.371989422746,41.8230005881443],[-122.371979479295,41.8236753058403],[-122.371980125183,41.8244959031855],[-122.371986826615,41.8253264119762],[-122.371986756547,41.8261255419459],[-122.371978057262,41.8269520447145],[-122.371976320818,41.8278156540406],[-122.371956892953,41.828606557801],[-122.371738260081,41.829432709253],[-122.371546704228,41.8302698100804],[-122.37130317365,41.831150851968],[-122.371161907283,41.8317793488417],[-122.370940775298,41.8325883639452],[-122.370708719799,41.8334133382076],[-122.370518571606,41.8341788077764],[-122.370308391881,41.834973296706],[-122.370101449684,41.8358078259181],[-122.369887731494,41.8366109746456],[-122.369670814404,41.8374328016349],[-122.369449886337,41.8382489767721],[-122.369292329022,41.8389622802122],[-122.369041729601,41.8398620768048],[-122.368851885039,41.8406535672263],[-122.368623922264,41.8414724960285],[-122.368422713115,41.8422510664399],[-122.368238573753,41.84296916777],[-122.368056097173,41.8437946493324],[-122.367687853483,41.8450031371388],[-122.367638767739,41.8454208175239],[-122.367462343109,41.8459697787169],[-122.367199246325,41.8469543116536],[-122.367022806424,41.8477324218878],[-122.366844268058,41.8483902688573],[-122.366631045739,41.8492678881567],[-122.366423425313,41.8500855785206],[-122.366258840479,41.8506845595992],[-122.366038631063,41.8514859665432],[-122.365784172479,41.8525018493513],[-122.365608950693,41.8531453134555],[-122.365405196617,41.8539067524821],[-122.365256917103,41.854556874739],[-122.365084204312,41.8553334874025],[-122.365092508338,41.8559849754838],[-122.365095966852,41.8566365378875],[-122.365095435049,41.8574541962801],[-122.365105700098,41.8584583352728],[-122.365124901587,41.8599028321913],[-122.365133611652,41.8607547677643],[-122.365163636942,41.8615534640741],[-122.365171087569,41.8623653508498],[-122.365191915907,41.8632830689193],[-122.365192007535,41.8640320722438],[-122.36519209557,41.8647695908517],[-122.365196619486,41.8656847590275],[-122.365208219431,41.867327238785],[-122.365231936752,41.8681688323293],[-122.365261398798,41.8690405978486],[-122.365239155613,41.8698545462218],[-122.365242632093,41.8706664740862],[-122.365243822361,41.8709445625124],[-122.365261618885,41.8713708083404],[-122.365294359782,41.8721550464933],[-122.365344975357,41.8729876498873],[-122.365344255806,41.8738269434805],[-122.365352602054,41.8746517465541],[-122.365347208569,41.8754653499055],[-122.365322444711,41.8762707230975],[-122.365369963793,41.8770675835101],[-122.365342954148,41.8780018902113],[-122.365365849509,41.878880855541],[-122.365406085949,41.8804254191697],[-122.365424053153,41.8812387891709],[-122.365462714846,41.8818638211267],[-122.365424971231,41.882806904009],[-122.365429075634,41.883481423837],[-122.365433617516,41.8842276343837],[-122.365438994831,41.8851111514159],[-122.365559627794,41.8858665499467],[-122.365529549503,41.8863541006776],[-122.3655097156,41.8866623798432],[-122.36548709692,41.8874748859988],[-122.365509046355,41.8883066116971],[-122.365552858988,41.8889918381995],[-122.365549192066,41.8898727929696],[-122.365554092375,41.8907506200092],[-122.365585067185,41.8915091342749],[-122.365589267707,41.892324009536],[-122.3655906044,41.893200607259],[-122.365573034251,41.89407453224],[-122.365632403909,41.8948826478524],[-122.365642341072,41.8955255476881],[-122.365667206439,41.8963300147598],[-122.365660287615,41.8971551284985],[-122.365663008612,41.8979829275638],[-122.365696420551,41.8987571585701],[-122.365732462757,41.899438244456],[-122.365755653664,41.9003644900796],[-122.365734520797,41.9010495116771],[-122.365718246019,41.901880535097],[-122.365697591056,41.9025225808878],[-122.36570990606,41.9033516381985],[-122.365755919565,41.9041600148395],[-122.365773296576,41.9049689274711],[-122.365765468657,41.9058241467483],[-122.36580304788,41.9064364608469],[-122.365814086378,41.9070550006515],[-122.365818277019,41.9080990579487],[-122.365820524604,41.908912555613],[-122.365822815308,41.9097847774486],[-122.365832416502,41.9105322537403],[-122.365865928153,41.911366652705],[-122.365892092484,41.9121524930337],[-122.365876710632,41.9132398926119],[-122.365868466792,41.9138530701192],[-122.365881405227,41.9147007490007],[-122.365881027935,41.9154928191442],[-122.365928335913,41.9163971485325],[-122.365955076962,41.9171428782795],[-122.365984062003,41.9178985931447],[-122.365988081066,41.9186504796457],[-122.365983218485,41.9194225844406],[-122.365970857667,41.9202564200153],[-122.365983136738,41.9209694810732],[-122.366045349563,41.9227329157799],[-122.366028033638,41.9233505804969],[-122.366050145669,41.9241293475835],[-122.366069678636,41.9249454039628],[-122.366101478099,41.9258428737358],[-122.366086601998,41.9282652124211],[-122.366077729338,41.9290316725128],[-122.366100273458,41.9298233295343],[-122.366105678621,41.9305594458428],[-122.366106451172,41.9313285929971],[-122.366114437195,41.932027422026],[-122.366223171074,41.9327430026142],[-122.366223601367,41.9330123897926],[-122.366220365635,41.9337170283856],[-122.36621646515,41.9345664428465],[-122.366212729955,41.9353801170375],[-122.366235989135,41.9362505450923],[-122.366216324115,41.9370372697968],[-122.36621356449,41.9378150839687],[-122.36621595311,41.9387474970403],[-122.366235299228,41.9396151381324],[-122.366259904084,41.9403537701492],[-122.366258049961,41.9411587861987],[-122.366282724885,41.9414404973858],[-122.366328883918,41.9418679158837],[-122.366339319647,41.9423360920271],[-122.366371327519,41.9431247207903],[-122.366403523138,41.9439763705813],[-122.366393599449,41.944768650582],[-122.366401966358,41.9455935330905],[-122.366401484861,41.9464142858421],[-122.366430018948,41.947238792281],[-122.366397543054,41.9482721349309],[-122.366411169598,41.9492730494738],[-122.366406722937,41.9500968000623],[-122.366438352619,41.9508739845962],[-122.366444956134,41.9516459105075],[-122.366448867399,41.9527960325306],[-122.366468562962,41.9534445307003],[-122.366510658914,41.9541341486849],[-122.366528292843,41.9548986558201],[-122.366519426471,41.95565946819],[-122.366542167323,41.9561488648352],[-122.366544731115,41.9569294566813],[-122.366566672465,41.9576510285622],[-122.366587157647,41.9588968214834],[-122.366557316512,41.9596651392156],[-122.366590773366,41.9605297622238],[-122.366623826877,41.9614314645935],[-122.366597549358,41.9626509223723],[-122.366648339206,41.9634864913072],[-122.366632112937,41.9644813778043],[-122.366690188122,41.9656051931987],[-122.366706352407,41.9663745548399],[-122.366734475964,41.9670654014834],[-122.36671374644,41.9677437940097],[-122.366664987683,41.9684875796445],[-122.366648084983,41.9689864401478],[-122.366764879445,41.9696603520042],[-122.367074456858,41.9710882193554],[-122.366373708952,41.9714375545277],[-122.365536428802,41.9717678466862],[-122.364693916863,41.9721347250982],[-122.363842398416,41.9724627094998],[-122.362925351461,41.9728715911631],[-122.36185192129,41.9731599977467],[-122.359890213611,41.9738567193674]]},"properties":{"OBJECTID":580,"Name":"PCORP 69kV","kV":"69","Owner":"PCORP","Status":"Operational","Type":"OH","Source":"Pacific Power"}},{"type":"Feature","id":581,"geometry":{"type":"LineString","coordinates":[[-122.360163101133,41.7116518540742],[-122.360042676579,41.7129728568922],[-122.359916507299,41.714356828314],[-122.359791573203,41.7161878819207],[-122.359669799379,41.7174919611143],[-122.3596002572,41.718609092599],[-122.359556806588,41.7204102191724],[-122.35954510693,41.7229623960858],[-122.359529849045,41.7239545380799],[-122.359502980434,41.7268789576188],[-122.359467770967,41.7284434936661],[-122.359439473137,41.7303912520597],[-122.359423482227,41.7321804434175],[-122.359403542322,41.7330931710469],[-122.35936484829,41.734954425085],[-122.359364718034,41.737146728976],[-122.359338716298,41.7387853190608],[-122.359305193867,41.7399697564833],[-122.359307979542,41.7414928256737],[-122.35927484159,41.7425415333699],[-122.35926896571,41.743682080552],[-122.359257300187,41.7459462824771],[-122.359292955219,41.7477797856238],[-122.359330215541,41.7493587788519],[-122.359313167313,41.7510405837648],[-122.359284589209,41.7527338808585],[-122.359279392455,41.7543382219374],[-122.359249051856,41.7559976654312],[-122.359232034172,41.7574532744053],[-122.359211066595,41.7593199102208],[-122.359198593487,41.7609884566017],[-122.359163980501,41.7626706148022],[-122.359129907402,41.7645205427651],[-122.359138046138,41.7654478656994],[-122.359125558658,41.7671918298303],[-122.359096402039,41.7692660053247],[-122.359077940761,41.7706783080769],[-122.359038809249,41.7728470464414],[-122.359023718451,41.7742686086649],[-122.359031143026,41.7757803482675],[-122.358976017909,41.7778286416628],[-122.358962400348,41.7795387219919],[-122.358937513421,41.7815148232092],[-122.35892986786,41.7831702132948],[-122.358902418039,41.7846222163643],[-122.358888252506,41.7857856256319],[-122.358836924567,41.787948869186],[-122.359267555355,41.7892755218151],[-122.359831943491,41.7910766255228],[-122.360123034474,41.7919044325338],[-122.361051490931,41.7949146754544],[-122.361373199194,41.7959832157906],[-122.361673214939,41.7970031479713],[-122.361924082957,41.7977525320983],[-122.361943321277,41.8008288151926],[-122.361982394399,41.8026868950876],[-122.361979383246,41.8044119167022],[-122.361972544372,41.8055676793953],[-122.361993146335,41.8070962037805],[-122.361998423937,41.8087682948542],[-122.362009912491,41.8098709350312],[-122.36202454425,41.8115221199039],[-122.362039930595,41.8137256662169],[-122.36205519387,41.8159254524323],[-122.362053823939,41.818153833699],[-122.362071711193,41.8192978436178],[-122.362081471388,41.8213318463061],[-122.362087050825,41.8228493371536],[-122.362113424463,41.824185526834],[-122.362111926073,41.825842712713],[-122.362133696744,41.827246905977],[-122.362129457594,41.8292075760335],[-122.362125545431,41.8299975790438],[-122.362132112116,41.8308005838107],[-122.362167192226,41.8338239171393],[-122.362227541945,41.8359437368031],[-122.362193542508,41.8382596034819],[-122.362190120825,41.8401882350878],[-122.362200200821,41.8416265318861],[-122.362368949347,41.8423549590784],[-122.362531469853,41.8433685007411],[-122.362731534549,41.8446161317771],[-122.36330697915,41.8483175451331],[-122.363539035547,41.8496291605189],[-122.363796508878,41.8511759666363],[-122.364066225347,41.8528639472092],[-122.364366155752,41.8545532528895],[-122.364583186928,41.8557897435971],[-122.364829160924,41.8572161153576],[-122.364859039789,41.8582656935206],[-122.364860519314,41.8592717767507],[-122.36486936772,41.8601075111354],[-122.364891362969,41.862184736508],[-122.364925982244,41.8637545933171],[-122.364901148318,41.8651238308551],[-122.364927795044,41.8666806447438],[-122.364961593258,41.8683768463252],[-122.364965796476,41.8704601191428],[-122.364991831449,41.871341196312],[-122.365137426797,41.8733603844055],[-122.365068260114,41.8746060338043],[-122.365084945422,41.8768455669354],[-122.365093439891,41.8785366094948],[-122.365162455658,41.8797042657474],[-122.365164600834,41.8815066722232],[-122.365163506686,41.8829094366343],[-122.365150374215,41.8839504290439],[-122.365230671924,41.8856080921925],[-122.365208903049,41.8881274201884],[-122.365260499584,41.8887712700913],[-122.365286681882,41.8909936997889],[-122.365319120945,41.8926485027011],[-122.365355049065,41.8947859165278],[-122.365395275623,41.8965235427949],[-122.36542892831,41.8989702248563],[-122.365479413629,41.9004870698844],[-122.365446181354,41.9030386791841],[-122.365499613147,41.9041916200815],[-122.365503909789,41.9059073148993],[-122.365564351136,41.9070431231456],[-122.365560531499,41.9097865550539],[-122.365601808188,41.9112658911777],[-122.365647233297,41.912479294037],[-122.365614443891,41.9144408149492],[-122.365621086034,41.9158491543518],[-122.365696123208,41.9168942001697],[-122.36573634258,41.9180266325059],[-122.365699040936,41.9197770776007],[-122.365743133844,41.9213280241836],[-122.365726400925,41.9227141875354],[-122.365622402066,41.9241189229576],[-122.36563065399,41.9251350556426],[-122.365739620533,41.9290794582128],[-122.365812652667,41.9302904887205],[-122.365928657509,41.931960786697],[-122.365957407192,41.932672982505],[-122.365980894543,41.9342846799074],[-122.365972375819,41.9372772017132],[-122.365965172229,41.9391760875985],[-122.366006209068,41.9406347405171],[-122.366091705327,41.9418417857233],[-122.366129421992,41.9431251490903],[-122.366139803822,41.9441921864266],[-122.36615093844,41.9465659114014],[-122.366121780024,41.9485105353391],[-122.366144777794,41.950308901936],[-122.366169533566,41.9518829033414],[-122.36618003577,41.9531045687651],[-122.3662362739,41.9538106140838],[-122.36627319915,41.9547678058125],[-122.366288917871,41.9560704598154],[-122.366295197095,41.9575429965471],[-122.366297167999,41.9597170629389],[-122.366354640414,41.9610641998973],[-122.365390177684,41.962711404359],[-122.364603526583,41.9641063810767],[-122.363575454147,41.965886760288],[-122.362479674791,41.9676834069689],[-122.361854235351,41.9688510499289],[-122.360651988565,41.970772315926],[-122.359009425356,41.9734789788387],[-122.359032997149,41.9741884629066]]},"properties":{"OBJECTID":581,"Name":"PCORP 115kV","kV":"115","Owner":"PCORP","Status":"Operational","Type":"OH","Source":"Pacific Power"}},{"type":"Feature","id":582,"geometry":{"type":"LineString","coordinates":[[-122.464056353946,41.8675633520959],[-122.464030785198,41.8676886472912],[-122.461775015806,41.8680022497926],[-122.458649836222,41.8684171670539],[-122.454127306551,41.8690142284832],[-122.445896579897,41.8700155984852],[-122.443092020716,41.8703563417195],[-122.439535100026,41.8711969943407],[-122.43645791563,41.8719564431183],[-122.434053585552,41.8725428404438],[-122.429054204078,41.8737428004349],[-122.425577262194,41.8745878579922],[-122.422751899827,41.8752748570172],[-122.419705302168,41.876016944121],[-122.415383411217,41.8770470044911],[-122.413695701377,41.8783975919812],[-122.411406622455,41.8802487865835],[-122.408480858982,41.882563042674],[-122.405649869568,41.8848172409774],[-122.404108347964,41.886055820848],[-122.401263092405,41.8883265638163],[-122.401309917089,41.8929408036597],[-122.401334970204,41.8951916100385],[-122.401351863921,41.8987063499752],[-122.401359492414,41.9008701666975],[-122.401358612065,41.9025668060897],[-122.401348383848,41.9047764352489],[-122.401347241191,41.9071113729788],[-122.401328237331,41.907984600845],[-122.399964083588,41.9085236760724],[-122.395244143744,41.9103886890677],[-122.392696370681,41.9124053015414],[-122.391661782765,41.913234100165],[-122.38955095385,41.9179111544491],[-122.389062620678,41.9217137697942],[-122.388839788182,41.9234564708146],[-122.388536978676,41.9260681172558],[-122.388135113741,41.9289816973512],[-122.387980936787,41.9303139483734],[-122.387134240496,41.9315447069376],[-122.386076022396,41.9331249742688],[-122.384832787281,41.934977865838],[-122.382712955449,41.9381893479945],[-122.381407660223,41.9401506793215],[-122.3804790789,41.9414793313772],[-122.379178451319,41.9434387400786],[-122.378118539895,41.9449789815318],[-122.377857979954,41.947997234047],[-122.377703402351,41.9493767514613],[-122.377449937304,41.9515510843996],[-122.376148707852,41.9538326988971],[-122.375369983485,41.9552073923114],[-122.373881427448,41.9576858959847],[-122.3720898517,41.9606394331018],[-122.371565133166,41.9616443062779],[-122.37077369674,41.9630468917791],[-122.368812779578,41.9664075011961],[-122.367735950182,41.9675740788347],[-122.365309730855,41.9700989989032],[-122.362741468119,41.9727802454873],[-122.360268157309,41.9753708566815],[-122.360934618316,41.9765147691614]]},"properties":{"OBJECTID":582,"Name":"PCORP 115kV","kV":"115","Owner":"PCORP","Status":"Operational","Type":"OH","Source":"Pacific Power"}},{"type":"Feature","id":583,"geometry":{"type":"LineString","coordinates":[[-122.360424519864,41.9855675103305],[-122.361056022932,41.9851744359803],[-122.361681816308,41.9845594721533],[-122.362000148702,41.9842206831858],[-122.363204919754,41.9829763643788],[-122.363375106483,41.9820814322679],[-122.363450217319,41.9814701173263],[-122.363590828814,41.9809970379973],[-122.36384282781,41.9797233535274],[-122.36324775502,41.9792347209384],[-122.362060203774,41.9777332149918],[-122.361484880445,41.9773029323103]]},"properties":{"OBJECTID":583,"Name":"PCORP 69kV","kV":"69","Owner":"PCORP","Status":"Operational","Type":"OH","Source":"Pacific Power"}},{"type":"Feature","id":584,"geometry":{"type":"LineString","coordinates":[[-122.335984202354,41.9798248984191],[-122.336375535441,41.979807260748],[-122.336955041326,41.9796738274538],[-122.338395535698,41.9794049172437],[-122.340767671055,41.9780892071605],[-122.342914905095,41.9776221076891],[-122.343188125892,41.9772050403654],[-122.34450955037,41.9767685567272],[-122.347041595729,41.9765757542143],[-122.348592246013,41.9764599767939],[-122.349284171564,41.9764113070062],[-122.350736476985,41.9763178006449],[-122.351458027178,41.9762353006141],[-122.352524591525,41.9761515015501],[-122.353267472213,41.9760941838083],[-122.353775017654,41.9760489183363],[-122.354500570739,41.9759842390098],[-122.355031846076,41.9759334084261],[-122.355558025271,41.9759084195291],[-122.356517067567,41.9759057588902],[-122.357555408644,41.9755895674753],[-122.357961215387,41.9754642889677]]},"properties":{"OBJECTID":584,"Name":"PCORP 69kV","kV":"69","Owner":"PCORP","Status":"Operational","Type":"OH","Source":"Pacific Power"}},{"type":"Feature","id":585,"geometry":{"type":"LineString","coordinates":[[-122.630344425047,41.7285704039988],[-122.629841019043,41.7284336847541],[-122.629503031511,41.7283418887915],[-122.628818361653,41.7281387704081],[-122.628295523293,41.7280994983618],[-122.62776974834,41.7284114529576],[-122.626732308273,41.7289872855817],[-122.625814742092,41.7295334649114],[-122.624895384671,41.7300408058405],[-122.624238847352,41.7304280502733],[-122.62346196543,41.7308739217393],[-122.62254759276,41.7313820350964],[-122.621896881914,41.7317677744742],[-122.620975318231,41.7322866624776],[-122.6201963612,41.7327185142264],[-122.619257236351,41.7331203901239],[-122.618203607744,41.7336031740406],[-122.61745005507,41.7339484805982],[-122.616728733049,41.7345654495958],[-122.615398059517,41.7357325553519],[-122.614563617145,41.7364736930981],[-122.614096112311,41.7369038301421],[-122.613371992039,41.7375327843148],[-122.613349323951,41.7381280944052],[-122.613420678032,41.7389053436411],[-122.613415201902,41.7390918365037],[-122.613450043061,41.7401057781955],[-122.613473846619,41.7410313538992],[-122.611113435175,41.7418002404342],[-122.60941677542,41.7423965532419],[-122.606937434219,41.7432631320656],[-122.60532662915,41.7438222647537],[-122.602696216471,41.7447426661814],[-122.600023759044,41.7456150008688],[-122.598180387335,41.7462238933979],[-122.595894569297,41.7469678831914],[-122.59373896745,41.7476595108838],[-122.591684223053,41.7483299343283],[-122.588895492186,41.74922733412],[-122.586184667713,41.7501020708355],[-122.583657531647,41.750927161745],[-122.579626523269,41.7520598228148],[-122.575285305963,41.7532636068544],[-122.573850717115,41.7536594883055],[-122.571228355138,41.7543888899068],[-122.568814221745,41.7550433486448],[-122.56611308111,41.7557761562263],[-122.564632160754,41.7572173338439],[-122.562869693116,41.7587482301314],[-122.561098843298,41.7603308286689],[-122.559186679503,41.7620155610931],[-122.557298658829,41.763737965144],[-122.555421737739,41.7654887611775],[-122.553645456707,41.7672126713206],[-122.551701181734,41.7690755272109],[-122.548913220723,41.7717344580082],[-122.548144883576,41.7725023001416],[-122.544189978672,41.7743903482757],[-122.54102711027,41.7749657994053],[-122.53869605577,41.7754127557281],[-122.534982671015,41.7761073186557],[-122.532704743779,41.7765327084066],[-122.530285331885,41.7769974956003],[-122.52577169374,41.7778497731152],[-122.525126329667,41.7789773193384],[-122.52435479272,41.7802566886767],[-122.523186000992,41.7822199795064],[-122.522384400128,41.7835810018269],[-122.520987215333,41.7859382327799],[-122.519925594415,41.7876820309922],[-122.519091640726,41.7890525032668],[-122.518243651759,41.7907459553021],[-122.517333908108,41.7924921939166],[-122.516122077196,41.7944716792208],[-122.514840833462,41.7965040968192],[-122.513582777043,41.7984749391155],[-122.512400665994,41.8002934107024],[-122.511917098385,41.8010057334338],[-122.511436484437,41.8040361560983],[-122.511226117862,41.8052108797803],[-122.510837011698,41.807303823787],[-122.510527834036,41.8091393051784],[-122.50987280948,41.8129981424696],[-122.508410512097,41.8151773493861],[-122.507242707618,41.8169802431373],[-122.505841523523,41.8190932905115],[-122.504605959121,41.8209987186583],[-122.503660060975,41.822461104626],[-122.502309104382,41.8244891059307],[-122.501248706071,41.826098875746],[-122.499505801045,41.8287800544798],[-122.497435137603,41.8315517178562],[-122.495860883187,41.8336548355837],[-122.494653391138,41.8353280109671],[-122.491405818791,41.8376494208081],[-122.489732356231,41.838859203255],[-122.487843159663,41.8402296390398],[-122.485055959526,41.8422458203397],[-122.482305929878,41.8434935268043],[-122.480108585116,41.8444968918662],[-122.479081837696,41.8455903605225],[-122.477630256317,41.8471036714683],[-122.476599724294,41.8481827566264],[-122.474220619807,41.8506984891383],[-122.473091337782,41.8518925907266],[-122.471618899319,41.8534591940444],[-122.469634660095,41.8555315382278],[-122.467842556137,41.8574123906571],[-122.465502841877,41.8598790777045],[-122.464576442563,41.8608260890976],[-122.464677356607,41.8616086656205],[-122.464930449752,41.8632642710524],[-122.465277281198,41.8657723920699],[-122.465073071676,41.8675549605863],[-122.464030785198,41.8676886472912]]},"properties":{"OBJECTID":585,"Name":"PCORP 115kV","kV":"115","Owner":"PCORP","Status":"Operational","Type":"OH","Source":"Pacific Power"}},{"type":"Feature","id":586,"geometry":{"type":"LineString","coordinates":[[-122.004689270647,41.831820592907],[-122.004387888564,41.8317328403848],[-122.004117053693,41.8326860856469],[-122.003856509921,41.8335532466816],[-122.00361274039,41.8343838648727],[-122.003382058415,41.8352276415157],[-122.003130808613,41.8360641070297],[-122.002771583111,41.8369519286778],[-122.002442673953,41.8377418916596],[-122.002090955672,41.8386257748111],[-122.00151957415,41.8394806788612],[-122.000947299704,41.8403407407835],[-122.000422498525,41.8411878493481],[-121.999842283869,41.8420282423218],[-121.999342270802,41.8427649874286],[-121.998845352431,41.843496150138],[-121.998352572599,41.844221207988],[-121.997854067804,41.8449546701668],[-121.99736017406,41.8456813336172],[-121.996894524248,41.8464085321944],[-121.996413118884,41.8471187949348],[-121.996001405718,41.8480456244018],[-121.996003605692,41.8488494432765],[-121.995993299321,41.8496610978737],[-121.996003987476,41.8504953345036],[-121.995994002702,41.8513184425616],[-121.995996780292,41.8522677667567],[-121.995990049216,41.8532584569939],[-121.99598999891,41.8542589837921],[-121.996020229915,41.8552361308172],[-121.995990566646,41.8562353299929],[-121.99596158969,41.8572113201024],[-121.995938534428,41.8581684845786],[-121.995937904709,41.8591135308674],[-121.995920299526,41.8600971650385],[-121.99593203332,41.8610593054151],[-121.995937786131,41.8620216099445],[-121.995943494026,41.8629975063946],[-121.995924817153,41.8639388974641],[-121.995905048827,41.8648882510886],[-121.995885085567,41.8658470032214],[-121.995896605562,41.8668015391518],[-121.995917867786,41.86776927755],[-121.995920021946,41.8687239754317],[-121.995929104812,41.8696823730321],[-121.99594711244,41.8716069053787],[-121.995939852256,41.8725826173939],[-121.995932788803,41.8735317657405],[-121.995934130886,41.8744864725447],[-121.995950795533,41.8754428479994],[-121.995975150657,41.876401013095],[-121.996002103709,41.8773610473452],[-121.996011643817,41.878338636612],[-121.996001901588,41.8802558053188],[-121.996013479075,41.8812122683331],[-121.99601763558,41.882176488639],[-121.996015365537,41.8831388618747],[-121.995989998012,41.8840940424612],[-121.996008889582,41.8850389382674],[-121.99600048225,41.8860090903578],[-121.996011394086,41.8879394120107],[-121.996030715949,41.8888995818732],[-121.996029248102,41.8898448051723],[-121.996038817854,41.8908204079322],[-121.996042922257,41.8917827318814],[-121.99606747501,41.8927350716481],[-121.996053301392,41.8936939818309],[-121.996073252974,41.8945300646109],[-121.996065115136,41.895477367085],[-121.996087922463,41.8964316764788],[-121.996109330214,41.8973860705739],[-121.996131212276,41.898361520038],[-121.996152665842,41.8993178417147],[-121.996149679842,41.9002764584959],[-121.996166410066,41.9012367003268],[-121.996183042373,41.9021912165071],[-121.996216507313,41.9041116769477],[-121.996233273469,41.9050738026408],[-121.996266741103,41.9069942699764],[-121.996283307834,41.9079449455463],[-121.996300177297,41.9089128484305],[-121.9963170782,41.9098826158575],[-121.996332650496,41.9107760584396],[-121.996350184712,41.9117820825806],[-121.996367220363,41.9127595201578],[-121.996362028999,41.9137048248449],[-121.996377879772,41.9146803686082],[-121.996392435175,41.9175559443798],[-121.996371120848,41.919477297516],[-121.996395673601,41.9214055903079],[-121.996407950876,41.9223697385803],[-121.996396968073,41.9233170945556],[-121.996408473696,41.9242831602443],[-121.996419909249,41.9252434767593],[-121.996397102821,41.9261966856],[-121.996407640957,41.927172430057],[-121.996417929362,41.928125069397],[-121.99642817914,41.9290739920079],[-121.996430280299,41.930055494071],[-121.996435744751,41.9310044213816],[-121.996445880442,41.9319763324963],[-121.996465334358,41.9338416906351],[-121.99642971436,41.9348409799662],[-121.996393611968,41.9358230929517],[-121.996348916291,41.9377201109922],[-121.996349484026,41.9386958589381],[-121.996306996408,41.9396322456804],[-121.996275714375,41.940604740967],[-121.996243896946,41.9415581479096],[-121.996232616801,41.9425169622185],[-121.99621358689,41.9434720798189],[-121.996189998927,41.9444463680174],[-121.99617367564,41.9454071754184],[-121.996126623682,41.9463627388024],[-121.996098093189,41.9473332239256],[-121.996076144651,41.948284640814],[-121.996067568435,41.9492491491607],[-121.996048105536,41.9501890053706],[-121.996001259292,41.9511560804356],[-121.995992848366,41.9521224507017],[-121.995986212511,41.9530736371114],[-121.995981013063,41.9540323276784],[-121.99599964502,41.9549944776872],[-121.996000883797,41.9559454729317],[-121.995989597363,41.9569043053461],[-121.995990889141,41.9578572120236],[-121.995974346665,41.9588104017172],[-121.995950400274,41.9597827714715],[-121.995957028943,41.9607337219839],[-121.995976369671,41.9616939873153],[-121.995967657809,41.9626537425417],[-121.995974339478,41.9636170756002],[-121.995978419626,41.9645785398652],[-121.996012567285,41.965521390836],[-121.996057282725,41.9662960214678],[-121.995815532607,41.9663958177519]]},"properties":{"OBJECTID":586,"Name":"PCORP 69kV","kV":"69","Owner":"PCORP","Status":"Operational","Type":"OH","Source":"Pacific Power"}},{"type":"Feature","id":587,"geometry":{"type":"LineString","coordinates":[[-122.539989816628,41.8980101227915],[-122.539936072222,41.8981296641077],[-122.539744607997,41.8986222249803],[-122.539437702173,41.8993536403465],[-122.539217137025,41.8998792794976],[-122.539057420161,41.9003197839495],[-122.538241361811,41.8998459437175],[-122.536921156346,41.899789232667],[-122.535859501293,41.8997436167986],[-122.534622887659,41.8996904734652],[-122.533564054213,41.899644961164],[-122.532106846685,41.8996052986794],[-122.531402548638,41.8995681375188],[-122.530443653666,41.8995216509344],[-122.528978210383,41.8994708730362],[-122.527878225115,41.8994223831581],[-122.526975190082,41.8993843653722],[-122.526487573766,41.8993716834111],[-122.524623118597,41.8992759604994],[-122.524068486164,41.8993014535035],[-122.522667870703,41.8993310131262],[-122.521600788028,41.8993479817035],[-122.520717273386,41.8993960978724],[-122.519367307635,41.8996529165251],[-122.518417420071,41.899833558719],[-122.517684070507,41.8999650683859],[-122.516204934205,41.9002439092249],[-122.515165037245,41.9004516463161],[-122.513564242104,41.9007445668091],[-122.512195433291,41.8993669962935],[-122.511462443054,41.898849811203],[-122.510142361557,41.8985418208658],[-122.508339988059,41.89770292343],[-122.507869946384,41.897158418287],[-122.50715527549,41.8964659829345],[-122.506921067627,41.8958194008373],[-122.50693810777,41.8952193995709],[-122.506024666653,41.8948842058768],[-122.505014247909,41.8945432891673],[-122.504232643544,41.8942627644258],[-122.503441755089,41.8936958842609],[-122.502612497793,41.8931465410268],[-122.501691272774,41.892534559551],[-122.501084934212,41.8921311883066],[-122.50061790279,41.8918324827325],[-122.500136608817,41.891508274307],[-122.499482351423,41.8910843541818],[-122.498774416995,41.8906156641534],[-122.497761383256,41.8899438825348],[-122.496855122373,41.8897555359739],[-122.495922698956,41.8895834545132],[-122.495125245614,41.8892840923611],[-122.494188913627,41.8888915007865],[-122.493327989818,41.8883069206591],[-122.492382045858,41.8876395064809],[-122.491567883851,41.8871118920533],[-122.49042114756,41.8867091426251],[-122.489175977473,41.8866730974874],[-122.487956679765,41.8866069190487],[-122.48710920194,41.8865482193662],[-122.486664314888,41.8860939348458],[-122.48646629925,41.8856670983697],[-122.486106801558,41.8848827009889],[-122.485910259157,41.8844464137857],[-122.485764439231,41.8829969123024],[-122.484834051396,41.8824135302509],[-122.484452570132,41.8821289413654],[-122.48353034978,41.8816759557018],[-122.482345131459,41.8812981230932],[-122.481098381236,41.8809053353018],[-122.480555109796,41.8804583504108],[-122.479734320019,41.8793101458561],[-122.479258234478,41.8786276307044],[-122.479368562867,41.8778286219733],[-122.479234365343,41.8770169135082],[-122.478834729128,41.8764675010908],[-122.477905747156,41.8761263322533],[-122.477462393529,41.8755064340406],[-122.477289691518,41.8747735502944],[-122.477164897558,41.8742308617347],[-122.476783717231,41.8737981861073],[-122.474841573061,41.8723960029812],[-122.47254996628,41.8706054579576],[-122.470772265011,41.8694538433635],[-122.469279573131,41.8683515409977],[-122.468380458346,41.8688536847766],[-122.467545645868,41.8683663142582],[-122.466844049953,41.8679574982681],[-122.465956635725,41.8674210167183],[-122.465104446236,41.8673493214292],[-122.464087158075,41.867258815319],[-122.46412284904,41.8674554605052]]},"properties":{"OBJECTID":587,"Name":"PCORP 69kV","kV":"69","Owner":"PCORP","Status":"Operational","Type":"OH","Source":"Pacific Power"}},{"type":"Feature","id":588,"geometry":{"type":"LineString","coordinates":[[-122.36018291707,41.7115301161635],[-122.36017549968,41.7112000103031],[-122.360301772267,41.7094908114415],[-122.360445176624,41.7077622032081],[-122.36057890882,41.7061640240124],[-122.360707275379,41.7043264610325],[-122.360865093205,41.7025727763644],[-122.361004198225,41.7007927125384],[-122.361150054983,41.6990412126349],[-122.361277860095,41.6973243270947],[-122.36142638395,41.6955921848415],[-122.361543177514,41.6939114776524],[-122.36166067895,41.6923227558741],[-122.361810286174,41.6907067081846],[-122.361929875294,41.6891484092137],[-122.362044432052,41.6875808436677],[-122.362156648699,41.6861316175043],[-122.362281713052,41.6845164118805],[-122.362400901524,41.6829770015995],[-122.362518751506,41.6814548418258],[-122.362642303095,41.6798589481642],[-122.36277196233,41.6785808573574],[-122.362881710406,41.6770610492929],[-122.363018928066,41.6751607801298],[-122.363133537825,41.6740169855468],[-122.363140005695,41.6726804787968],[-122.363187061246,41.6707303851256],[-122.363199007941,41.6690997777629],[-122.363219775194,41.6674289154027],[-122.363229310811,41.6658021777081],[-122.36325844587,41.664154075694],[-122.363284726982,41.6624964849851],[-122.363316650412,41.6608559746806],[-122.363331416919,41.6588511526841],[-122.363369322231,41.6573822789849],[-122.363385354464,41.6556543341996],[-122.363406296888,41.6540655880537],[-122.363445203821,41.6522531464648],[-122.36345365068,41.6506703689137],[-122.363491594619,41.6489285646839],[-122.363509348024,41.6475270039032],[-122.363522182254,41.6457704290547],[-122.363550424389,41.6440192968783],[-122.363581953458,41.6423673768123],[-122.363604973686,41.6408416164246],[-122.3636269878,41.639208971937],[-122.363673106409,41.6359302909795],[-122.363704185423,41.6342650329515],[-122.363718840538,41.6326401761533],[-122.363738174978,41.6311565026138],[-122.363762220183,41.629432206739],[-122.363782708958,41.6277537979722],[-122.363806631094,41.6259493334725],[-122.363828844635,41.6240933622061],[-122.363859743985,41.622193325626],[-122.363894886079,41.6203447561518],[-122.363914553794,41.6185652055434],[-122.363924737096,41.617264991908],[-122.363941931749,41.6154874033453],[-122.363961459327,41.6138567661865],[-122.363998995431,41.612080712401],[-122.364007765683,41.6102021183494],[-122.364053290505,41.6083610173766],[-122.364084481808,41.606623274574],[-122.364098276338,41.6052791057603],[-122.364117176891,41.6034766959005],[-122.364150318437,41.6018744619012],[-122.364175270042,41.5996424322884],[-122.364189262201,41.5981512844061],[-122.364204083505,41.5966085815557],[-122.364244127706,41.5949852333357],[-122.364268906834,41.5932839088845],[-122.364288229596,41.5916475937404],[-122.364301219235,41.5899732224583],[-122.364303053595,41.5883448785594],[-122.364346930907,41.5862251571725],[-122.364348062784,41.584652191657],[-122.364384000785,41.582752153083],[-122.36441544182,41.5807930270852],[-122.364454294854,41.5788280404577],[-122.364455292883,41.5776254230807],[-122.36447052831,41.5760273891624],[-122.364487498384,41.5743968797591],[-122.364508787558,41.5725906753583],[-122.364533041172,41.5709504915825],[-122.364565498202,41.5697110215619],[-122.364564866686,41.5679319630033],[-122.364585757008,41.5663433918254],[-122.364611475775,41.5645180331153],[-122.364610648426,41.5628096185953],[-122.36466357896,41.5612700847276],[-122.364682696007,41.5596281118958],[-122.364704234014,41.5577532167713],[-122.364707247862,41.5563138916555],[-122.36474831704,41.554952114926],[-122.364748423041,41.5534250421241],[-122.364763806691,41.5516705331946],[-122.364805719387,41.5499517983773],[-122.364809127595,41.5492130178366],[-122.364814040481,41.5486727282162],[-122.364219919007,41.5486568789193]]},"properties":{"OBJECTID":588,"Name":"PCORP 115kV","kV":"115","Owner":"PCORP","Status":"Operational","Type":"OH","Source":"Pacific Power"}},{"type":"Feature","id":589,"geometry":{"type":"LineString","coordinates":[[-122.369618205468,41.7017251853835],[-122.369501635585,41.7013500344504],[-122.369496307677,41.7006170035116],[-122.369496596036,41.6997091776293],[-122.369508686462,41.6988698612393],[-122.369526537783,41.6972300123144],[-122.369542007671,41.6963777475257],[-122.369551765171,41.6955828679503],[-122.369550529988,41.6947438069339],[-122.369558337246,41.6938902575239],[-122.369550942315,41.6930770957195],[-122.369536497405,41.6922597553014],[-122.369616826554,41.6913532979557],[-122.369640050699,41.6905624656986],[-122.369697678523,41.6897180081557],[-122.369788376926,41.6886653080789],[-122.369784331812,41.6882000248423],[-122.369775860699,41.6874298373964],[-122.369785663115,41.6866363969208],[-122.369788802727,41.6858144456622],[-122.369797890084,41.6849995428281],[-122.369798269173,41.6842091456877],[-122.369840663367,41.6825631378307],[-122.36985246184,41.6817152542976],[-122.369861357856,41.6808946316511],[-122.369882100854,41.6803157710156],[-122.369895374361,41.6796840722716],[-122.369910645721,41.6788261041889],[-122.369935431138,41.678025230889],[-122.369950701599,41.6772245388447],[-122.369962545886,41.6763780912818],[-122.369965445648,41.6755489966591],[-122.369991275806,41.6747796078858],[-122.370000645234,41.6739160287003],[-122.370002973667,41.6731843109401],[-122.369930038551,41.6724797839922],[-122.369871426174,41.6719196030514],[-122.369804821485,41.6712908448216],[-122.369747826974,41.6706647705791],[-122.36967261373,41.6698342851283],[-122.369570856168,41.6690071642931],[-122.369489510125,41.6681639102234],[-122.369420439562,41.6675180195114],[-122.369353366851,41.6668749548717],[-122.369279968204,41.6662133958672],[-122.369245245623,41.6657988176452],[-122.369212757153,41.6653942203715],[-122.369156771449,41.6649700189324],[-122.369107253616,41.6645686061219],[-122.369052974711,41.6641113064285],[-122.36900941181,41.6637442798535],[-122.368953334478,41.663202672103],[-122.368901966116,41.6626309076777],[-122.368855023752,41.6620776729457],[-122.368777212581,41.6612830420619],[-122.368718711594,41.6608402764031],[-122.368675908668,41.6603542614506],[-122.368642617103,41.6599826141815],[-122.368567187365,41.6593168038252],[-122.368478821888,41.6586054183328],[-122.368411578497,41.6578420922935],[-122.368321267268,41.6571293139549],[-122.368261017262,41.6564045157817],[-122.368188163893,41.6557014328129],[-122.36812601395,41.6550339452018],[-122.367980552451,41.6536349362579],[-122.367882832816,41.6528134830811],[-122.367785496761,41.6520034777722],[-122.367717982978,41.6511742994641],[-122.367633634766,41.65035402917],[-122.367542630936,41.649505248807],[-122.367460758481,41.648702115116],[-122.367376558491,41.6478861402836],[-122.367277715064,41.6470303509104],[-122.367207784812,41.6462427452235],[-122.367115933871,41.6454254846098],[-122.367029982166,41.6446138410862],[-122.366954811143,41.6437880054044],[-122.366862276584,41.6429661890181],[-122.366776929446,41.6421424213653],[-122.366684157731,41.6413133396887],[-122.366603886973,41.6404967503217],[-122.366511360498,41.639674937611],[-122.366432796539,41.6388420451367],[-122.366356601436,41.6380342575699],[-122.366250459197,41.6372019192564],[-122.366183461945,41.6364667859055],[-122.366079675089,41.6355507623546],[-122.365999597467,41.6347396289208],[-122.365911131378,41.6338941120113],[-122.365824786212,41.6329667472807],[-122.365745976113,41.6322664896737],[-122.365679967008,41.6315878062227],[-122.365578795147,41.6308318009971],[-122.365507211097,41.6300221417614],[-122.365441515504,41.6292071087797],[-122.365346060522,41.62836900007],[-122.365250787898,41.627536343559],[-122.365174776052,41.6267015087552],[-122.365094047152,41.6260158356218],[-122.364981937405,41.6251853149663],[-122.364916010944,41.6243630182765],[-122.364857014088,41.623749657513],[-122.36476054401,41.6229533867304],[-122.364673191831,41.6221405851867],[-122.364595981633,41.6213421362165],[-122.364494754077,41.6204750575568],[-122.364388158188,41.6195917196515],[-122.364315367701,41.6187077471071],[-122.364252411071,41.6179017629034],[-122.364241441743,41.6171438336231],[-122.364279268901,41.6147762263289],[-122.364279871671,41.6139926859806],[-122.364287361824,41.6131253923167],[-122.364291347648,41.6122981605045],[-122.364314768525,41.611474199712],[-122.364310481764,41.6106889374482],[-122.36433945333,41.6098866895342],[-122.364329862018,41.6090142675812],[-122.36434019444,41.60818695954],[-122.364358635057,41.6076230202348],[-122.364374926004,41.6068755505836],[-122.364382172714,41.6060009982647],[-122.364397270699,41.6044774643001],[-122.36441397038,41.603673410137],[-122.364429530997,41.6029241925701],[-122.364420969154,41.6020699510719],[-122.36446174099,41.6013731828298],[-122.364449260696,41.6005914660574],[-122.36448033432,41.5998018842485],[-122.364473797279,41.5992912071964],[-122.364459849138,41.5985788533717],[-122.364473542158,41.5978259873281],[-122.364484755827,41.5971440668087],[-122.364487001616,41.5967459800274],[-122.364493823422,41.5961058803614],[-122.364523010584,41.5952615645889],[-122.364525566291,41.5945147303741],[-122.364554641163,41.5937142155303],[-122.364555460427,41.5928997656908],[-122.364556393776,41.5919725396797],[-122.364557075598,41.5912945319756],[-122.364578044971,41.5904852188622],[-122.36459202635,41.5898868745913],[-122.364583632492,41.5891235247276],[-122.364599802168,41.5882997241923],[-122.364594693449,41.5874798913984],[-122.364617298654,41.5866414971069],[-122.364628267982,41.5859523187667],[-122.364622157642,41.5853307226618],[-122.364633308429,41.5846469963854],[-122.364646132778,41.5841595675803],[-122.364671953953,41.5833355914932],[-122.364661800295,41.5827377057432],[-122.364670822974,41.5819012133024],[-122.364679882484,41.5810613300894],[-122.364688707533,41.5802431222529],[-122.364695256251,41.5796358392595],[-122.364726906594,41.5791643952081],[-122.364717851576,41.578381070871],[-122.364724982402,41.5776863693037],[-122.36473481626,41.5767283104686],[-122.364740191778,41.5762046941809],[-122.364749504613,41.5752973740799],[-122.364758311696,41.5744392717479],[-122.364766989422,41.5735937646889],[-122.364775815369,41.5727339071995],[-122.364817092957,41.5713205238146],[-122.364823555437,41.5704787589905],[-122.364828776445,41.5697987627337],[-122.364834861633,41.5690060413551],[-122.364839676603,41.5683788328454],[-122.364863641858,41.56745672153],[-122.364869250939,41.5667260369522],[-122.364873098423,41.5659150871309],[-122.364888754262,41.5651040249685],[-122.364860378279,41.5644936886465],[-122.364898442592,41.5636477697883],[-122.364902951237,41.562982363776],[-122.364900868942,41.5623226258786],[-122.3649166209,41.5615005886446],[-122.364926560759,41.5607805476849],[-122.364945614026,41.5599712641763],[-122.364955794633,41.5592584926339],[-122.364961881618,41.5584221868105],[-122.364962480794,41.5575659898535],[-122.364970072456,41.556775102075],[-122.364986100198,41.5560931257721],[-122.364993269652,41.5552895236834],[-122.364999777048,41.5544659389149],[-122.365019373796,41.5536003003553],[-122.365034988312,41.552760185623],[-122.36502918789,41.5520022751419],[-122.365052339272,41.5511711103652],[-122.365053781068,41.5503403537292],[-122.365088265595,41.5495598745679],[-122.365075779911,41.5486730300756],[-122.364405478605,41.5486400104226]]},"properties":{"OBJECTID":589,"Name":"PCORP 69kV","kV":"69","Owner":"PCORP","Status":"Operational","Type":"OH","Source":"Pacific Power"}},{"type":"Feature","id":590,"geometry":{"type":"LineString","coordinates":[[-122.399309059931,41.6167337864108],[-122.39851179254,41.6166112940308],[-122.397594438361,41.6166070663999],[-122.396631791126,41.6166026231897],[-122.395701436529,41.6165983216837],[-122.394699384695,41.6165936816983],[-122.393739783647,41.6165892310998],[-122.391837045874,41.6165913633845],[-122.390871069483,41.6165855434224],[-122.389937745055,41.6165955957175],[-122.388987834134,41.6165874379658],[-122.388034674007,41.6165792459622],[-122.387095089221,41.6165956534739],[-122.38612561479,41.6165801378282],[-122.385191405522,41.6165651795951],[-122.384252025551,41.6165834165101],[-122.383485356575,41.6167080606999],[-122.382433989028,41.6170730362957],[-122.380881717285,41.6174376820966],[-122.380185904724,41.6176392837965],[-122.37927759658,41.6179060804401],[-122.378362536699,41.6181656566102],[-122.377366614968,41.6184389874332],[-122.376567907578,41.6186767745827],[-122.375681756381,41.6189259955325],[-122.374731952359,41.6189243253593],[-122.373762645015,41.6189230144713],[-122.372819342101,41.6189212066279],[-122.371973230614,41.6189077727111],[-122.37099750301,41.618909009056],[-122.370063871359,41.61890455123],[-122.369087738615,41.6188935436624],[-122.368219309382,41.6190206110785],[-122.367459055275,41.619115061282],[-122.366536516021,41.619256195388],[-122.364946450358,41.6194994318831],[-122.364391409191,41.6195916585401]]},"properties":{"OBJECTID":590,"Name":"PCORP 69kV","kV":"69","Owner":"PCORP","Status":"Operational","Type":"OH","Source":"Pacific Power"}},{"type":"Feature","id":591,"geometry":{"type":"LineString","coordinates":[[-122.360311532462,41.7115184571766],[-122.360620767617,41.7113889595279],[-122.361846495466,41.711242301657],[-122.367580999778,41.7113083194342],[-122.368803671559,41.7112366759999],[-122.369910909825,41.7112459450225],[-122.371516051016,41.7112744810232],[-122.372987197702,41.7112840390685],[-122.374117878404,41.7113080230296],[-122.375198370231,41.711314646531],[-122.376360838718,41.7113217615803],[-122.377626555072,41.7113455825721],[-122.379138021741,41.7113643324935],[-122.379932860088,41.7113751110134],[-122.381647054958,41.7113539824839],[-122.382744539317,41.7113619022465],[-122.383840374369,41.7113698609027],[-122.384926495938,41.711377741098],[-122.386344466851,41.7113880146557],[-122.387312910016,41.7113950210601],[-122.388245691861,41.7113875231076],[-122.389228986872,41.7113924841892],[-122.390309429292,41.7113979267595],[-122.391418485749,41.7114035027783],[-122.392523797129,41.7114090513021],[-122.393623153577,41.7114145602603],[-122.394907585431,41.7114209845832],[-122.39598959631,41.7114161844472],[-122.397116260644,41.7114351375389],[-122.398175507315,41.7114316557981],[-122.39928231978,41.7114280084196],[-122.400377628419,41.7114243885354],[-122.401472933465,41.7114206050252],[-122.402574112595,41.711416922775],[-122.403741858684,41.7114130084978],[-122.40485442396,41.7114092685758],[-122.406053109824,41.7114179092237],[-122.407251120155,41.7114065037023],[-122.408459330856,41.7114163567907],[-122.409381447902,41.7114144704002],[-122.410307328889,41.7114125685859],[-122.411379624487,41.7114020951941],[-122.412497762013,41.711395031119],[-122.413596982815,41.7113938857383],[-122.414365094485,41.7114008230705],[-122.415454141867,41.7113779154535],[-122.416549764917,41.711381892769],[-122.417848838412,41.7113701170711],[-122.418927124875,41.711371914944],[-122.420036084314,41.7113737537234],[-122.421146361581,41.7113576627259],[-122.422224707333,41.7113577908102],[-122.423322093775,41.7113579101766],[-122.424426609248,41.7113424106427],[-122.425506809123,41.7113402566814],[-122.426617036084,41.7113246277178],[-122.427725454737,41.7113123933201],[-122.428822988503,41.7113131671908],[-122.429924180209,41.7113139336848],[-122.43102098095,41.7112960159617],[-122.432116500694,41.7112938043272],[-122.433221498562,41.7112915631864],[-122.434318748461,41.7112893287515],[-122.43541548632,41.7112678561765],[-122.436720366525,41.7112629574509],[-122.437827174498,41.7112587910192],[-122.437826407337,41.7104569192152],[-122.437818253329,41.7094948143572],[-122.437809756165,41.7085226947022],[-122.437813074542,41.707561801576],[-122.437810778448,41.7066038831643],[-122.437806736927,41.7057619862122],[-122.437810366121,41.7049772182125],[-122.437800418178,41.7041297092266],[-122.438909996555,41.7041540761286],[-122.440097878381,41.7041840780149],[-122.441283265586,41.7041945183783],[-122.442387234883,41.7042242439286],[-122.443567307654,41.7042486362803],[-122.444751088671,41.7042700830316],[-122.445923558102,41.7042891428549],[-122.447145719639,41.704318226529],[-122.448337150709,41.7043465684276],[-122.449617980319,41.7043646530727],[-122.450822756761,41.7043870662218],[-122.452008545512,41.7044112693827],[-122.453204001933,41.704439568988],[-122.45439720987,41.7044578776108],[-122.455579193358,41.7044821209851],[-122.456779969602,41.7044988280369],[-122.45795619399,41.7045217293865],[-122.459142637614,41.7045563996281],[-122.460341651363,41.7045854711092],[-122.461574794804,41.7046015007589],[-122.46280408088,41.7046161615705],[-122.463917335164,41.7046359422596],[-122.465011948507,41.7046675320624],[-122.46609845186,41.7046849519856],[-122.467432697992,41.7047046749761],[-122.468614689565,41.704728796196],[-122.469785309365,41.7047545612115],[-122.470963197433,41.704770150191],[-122.472160521451,41.7047968011402],[-122.473339163206,41.7048259174472],[-122.474547755691,41.7048559438347],[-122.475725895288,41.7048786425161],[-122.476942410914,41.7049091678538],[-122.478383674244,41.7049381291864],[-122.479289374578,41.7049604207453],[-122.480472680386,41.7049672226268],[-122.481683488116,41.7049978143183],[-122.482851614193,41.7050063243778],[-122.483946141298,41.7050348879629],[-122.485133756324,41.7050558804125],[-122.486325228716,41.7050782175357],[-122.487490199909,41.7051053612948],[-122.488696703811,41.7051216517028],[-122.489903310121,41.705140792424],[-122.49105507069,41.7051703612725],[-122.492263918296,41.7051849884213],[-122.493454853496,41.7052089988017],[-122.495821268381,41.7052686716103],[-122.496913133778,41.7052732468631],[-122.497702320823,41.7052888088904],[-122.498821509377,41.7053108702909],[-122.499943772865,41.705077720574],[-122.501092903167,41.7048391751744],[-122.502221774662,41.704597692703],[-122.503370869929,41.7043715522646],[-122.504504427935,41.7041261962392],[-122.505554591739,41.7039157774642],[-122.506607471151,41.7036801653239],[-122.507664755901,41.7034603468456],[-122.508717586804,41.7032414437683],[-122.51078137544,41.7028123147411],[-122.51183077927,41.7025880788178],[-122.51289180191,41.7023693303836],[-122.513947005263,41.7021478253232],[-122.514992632576,41.7019250693217],[-122.516049524762,41.7016977846612],[-122.516755375098,41.7021032623804],[-122.51764958598,41.7026095080143],[-122.51850672878,41.7030907130243],[-122.519391293552,41.7035928443166],[-122.520266402657,41.7040965906941],[-122.521131803669,41.7045947987683],[-122.52202371666,41.7050881748763],[-122.523093968591,41.7051297727614],[-122.524209860329,41.7051690152527],[-122.525322403147,41.7052212035105],[-122.52650487981,41.7052576606882],[-122.527689362411,41.7052969312693],[-122.528872095992,41.7053405215525],[-122.529963448451,41.7053859333197],[-122.530791266647,41.7054137147465],[-122.531546640206,41.705440079728],[-122.532460487362,41.7054761457871],[-122.533557351883,41.7055156891929],[-122.534568242242,41.7055483583238],[-122.535642672237,41.7055997897715],[-122.536468488987,41.705624709409],[-122.537262466747,41.7057719816743],[-122.538461004389,41.7059912966364],[-122.538931055048,41.706083504118],[-122.539688391426,41.7059508327147],[-122.540773346982,41.7057628694667],[-122.541665800759,41.7057864121839],[-122.542490600615,41.7057826739466],[-122.543434930303,41.705765062513],[-122.544390938988,41.7057543695671],[-122.545332964497,41.7057167712131],[-122.546439469738,41.7057155130608],[-122.547544375978,41.705712363656],[-122.548622541169,41.7057092819875],[-122.549735019308,41.7057060916723],[-122.550956550228,41.7057025781003],[-122.552043807268,41.7056942351266],[-122.553129499442,41.7056902333156],[-122.554201904635,41.7056862717437],[-122.555295422932,41.7056822216449],[-122.556384922166,41.7056781775817],[-122.557564035537,41.7056737901417],[-122.558577458247,41.7056700109877],[-122.559655743811,41.7056659803369],[-122.56077415173,41.7056690311573],[-122.561522733128,41.7056641943762],[-122.562326534864,41.7056589967811],[-122.563401913481,41.7057359479725],[-122.564207058198,41.7058373565452],[-122.565477211332,41.7062278754351],[-122.566484335953,41.7065252832165],[-122.567392629723,41.7068819746417],[-122.568395834096,41.7072462731801],[-122.569157494965,41.7075606293014],[-122.570062091269,41.7079192658565],[-122.570557403452,41.7080957912073],[-122.570997681248,41.7083116384634],[-122.572890601333,41.7091837792186],[-122.574052928784,41.7097142406837],[-122.575329060205,41.709924596892],[-122.576726690565,41.7101536772033],[-122.578081283538,41.7103622716267],[-122.579431933806,41.7106196211098],[-122.580552103321,41.7108258246608],[-122.581662915085,41.7110365058264],[-122.583082831749,41.7110489595632],[-122.58460957427,41.711064934624],[-122.586044532325,41.7111243022389],[-122.587508312826,41.7111902229003],[-122.588967974552,41.7112476181674],[-122.590410607812,41.7113082107972],[-122.591629549788,41.7113476077785],[-122.592865046815,41.7114028026745],[-122.594092721314,41.7114381149905],[-122.595296323657,41.7114727245016],[-122.596344813002,41.7118928460002],[-122.597232970137,41.712257771309],[-122.598422910902,41.7127294207142],[-122.599416995578,41.7131284529936],[-122.600629227139,41.7136218092128],[-122.601930928206,41.7141395281155],[-122.60322519302,41.7146735241302],[-122.60526785328,41.7154905542032],[-122.60630514243,41.7158946936899],[-122.607335210922,41.7163211604994],[-122.60836179934,41.716725505984],[-122.609188348216,41.7172368445406],[-122.61007538605,41.7177872663009],[-122.611157572998,41.7184627247757],[-122.612329687594,41.7191746354944],[-122.613420704083,41.7198700632471],[-122.614104687629,41.7202975999526],[-122.615005136412,41.7208456943457],[-122.615947604791,41.7214413193401],[-122.616659103733,41.7218864244532],[-122.617518327031,41.7224071221151],[-122.618394617421,41.722953679885],[-122.619402251387,41.723568098078],[-122.620397158921,41.7242009267042],[-122.621317074196,41.7247647120605],[-122.62216608275,41.7252976952382],[-122.622992903816,41.7258109648607],[-122.624403677427,41.7264371340342],[-122.626080682044,41.7270032871866],[-122.627045035179,41.7273182660584],[-122.627900981423,41.7275966876073],[-122.6298265921,41.7280607988335],[-122.630512442345,41.7282825136157]]},"properties":{"OBJECTID":591,"Name":"PCORP 115kV","kV":"115","Owner":"PCORP","Status":"Operational","Type":"OH","Source":"Pacific Power"}},{"type":"Feature","id":592,"geometry":{"type":"LineString","coordinates":[[-122.538929187451,41.7060837214095],[-122.538929151518,41.7060835423452],[-122.538705904,41.7050372440054],[-122.538451353788,41.7039177693709],[-122.538266387976,41.7031244316664],[-122.538065531865,41.7021862017568],[-122.537857576368,41.7011690545402],[-122.537162252491,41.7006909358385],[-122.53663762828,41.7003045759481],[-122.535819356481,41.6996885516592],[-122.53559254355,41.698984797805],[-122.535744463037,41.6982476135446],[-122.535458917355,41.6975821513337],[-122.535316152598,41.69676699377],[-122.535295165258,41.6959961784373],[-122.535257270726,41.6951724598984],[-122.535238552531,41.6942241193963],[-122.535200602303,41.6933987904138],[-122.535148589848,41.6923591552974],[-122.535120606429,41.691391642595],[-122.535139007519,41.6907023277728],[-122.53515074311,41.6900066924708],[-122.534828548858,41.6893355201043],[-122.534599507207,41.688507583915],[-122.534399957246,41.6877242328164],[-122.534171211141,41.6869043589996],[-122.533775423308,41.68536986026],[-122.533562827115,41.6846416297877],[-122.533405993842,41.6839970549804],[-122.532876339964,41.6835615106534],[-122.53234553265,41.6830717686629],[-122.531729947728,41.6825809381026],[-122.530970872211,41.6819756831589],[-122.530153718815,41.6813428494259],[-122.52936773606,41.6806456187872],[-122.528798471868,41.6799792639622],[-122.528247253033,41.6792610498914],[-122.527743535314,41.6784621780539],[-122.527222087546,41.6776534809801],[-122.526749899795,41.6769211978214],[-122.52626481044,41.6761689686092],[-122.525867744305,41.6755139773076],[-122.525442953465,41.6748496923244],[-122.525108392107,41.674163039884],[-122.524795662505,41.6734796545643],[-122.524578360038,41.6727937719076],[-122.524338593401,41.6720822185912],[-122.524092970646,41.6713869167717],[-122.523856669709,41.6707124030841],[-122.523616518592,41.6699895642037],[-122.523359390215,41.6692719056641],[-122.523142399463,41.6685970061095],[-122.522906915993,41.6679450648522],[-122.522675097649,41.6672753030979],[-122.522404930226,41.6664917559307],[-122.522156721221,41.6657222924516],[-122.521881878067,41.6649275474983],[-122.521626540032,41.6640775565986],[-122.521351947508,41.663168255394],[-122.521044747935,41.6622467009723],[-122.520738185268,41.66134288112],[-122.520455630975,41.660511184165],[-122.520177543106,41.6596842381842],[-122.519997058989,41.6587052964955],[-122.519982976998,41.6578214455178],[-122.519995483344,41.6571435755053],[-122.520012618708,41.6564752947509],[-122.520036515691,41.654845306962],[-122.520037573906,41.6540256915177],[-122.520057867747,41.6532040795503],[-122.520067614468,41.6523875200616],[-122.520068820905,41.6516221348572],[-122.520120956429,41.6509231277377],[-122.52015169049,41.6502755538082],[-122.520195341426,41.6496293353181],[-122.520234761298,41.6489848153165],[-122.520234392988,41.6481249002228],[-122.520259450595,41.6470741021736],[-122.520296201572,41.6465361187301],[-122.520352684942,41.6458283391668],[-122.520360477827,41.6450779726516],[-122.520442794948,41.6443729045473],[-122.520482643316,41.6436799793234],[-122.520818451535,41.6430472806521],[-122.520899256791,41.6416323708582],[-122.520932589678,41.64087665732],[-122.52097283061,41.6401950206746],[-122.521011531829,41.6394698547223],[-122.521052831874,41.6387575437702],[-122.521100730943,41.6380499419362],[-122.521136967185,41.6373764546839],[-122.521168495357,41.6366304617873],[-122.521209449551,41.6359084797137],[-122.521238890037,41.6351641436069],[-122.521280549409,41.6345228164302],[-122.521301816125,41.6337899373182],[-122.521354621792,41.6330999888138],[-122.521380001894,41.6323621887905],[-122.521443497513,41.6316107200947],[-122.521499730253,41.6308965047027],[-122.521519079066,41.6301701201994],[-122.521557940185,41.6294498001218],[-122.521597394193,41.6288069079943],[-122.521612924267,41.6282758143582],[-122.521635123435,41.6279333466454],[-122.52171390299,41.6267653396537],[-122.521737259187,41.6259098143613],[-122.521777949277,41.625120088476],[-122.521834687768,41.6244203882626],[-122.521878169821,41.6237096596088],[-122.521897079358,41.6230316905536],[-122.521928730599,41.6223502405674],[-122.521973269969,41.6216088403153],[-122.521986011673,41.6208777571555],[-122.522050198995,41.6202069506058],[-122.522090131804,41.6195172697361],[-122.522128843803,41.6187324297539],[-122.52215535129,41.6180268860615],[-122.522201515713,41.617270937394],[-122.522238699677,41.6166248734884],[-122.522283916377,41.6159028251807],[-122.52232747838,41.6151340240411],[-122.52237952048,41.6144231325915],[-122.52239859351,41.6137500083207],[-122.522445550246,41.6130166331473],[-122.522484107735,41.6122882673877],[-122.522533148563,41.6115532394845],[-122.522564788125,41.6108717991778],[-122.522607741071,41.6101465733564],[-122.522645667942,41.6094004762641],[-122.522686763171,41.6086833557128],[-122.522719142047,41.6080228756073],[-122.522737388628,41.607265882097],[-122.522793158735,41.6066000938933],[-122.522839935809,41.6058618898766],[-122.522873857991,41.6051239434089],[-122.522901664442,41.6044554912585],[-122.522937597952,41.6039562702277],[-122.522940186896,41.6036658291022],[-122.52272806681,41.6036684649326],[-122.522545821995,41.6036672759877]]},"properties":{"OBJECTID":592,"Name":"PCORP 115kV","kV":"115","Owner":"PCORP","Status":"Operational","Type":"OH","Source":"Pacific Power"}},{"type":"Feature","id":593,"geometry":{"type":"LineString","coordinates":[[-122.630272858065,41.7286827365298],[-122.629615863504,41.7285245882579],[-122.62874516872,41.728256326279],[-122.628305933868,41.7283179876148],[-122.627413767552,41.7287590286267],[-122.626592737027,41.7292343829731],[-122.625949271992,41.7296153391521],[-122.624969424715,41.730177525017],[-122.62428555795,41.7305831817638],[-122.623529295059,41.7310070465068],[-122.62281675946,41.7314109047253],[-122.622103862739,41.7318052194909],[-122.621252073898,41.7323098200677],[-122.620446393785,41.732772882297],[-122.61978055531,41.7331518854836],[-122.619104135579,41.7335024642222],[-122.618224265402,41.7340219482416],[-122.617319513689,41.7345562630385],[-122.616911027272,41.7352831513578],[-122.616521207846,41.7360860299508],[-122.616196132697,41.7367491322044],[-122.615809755615,41.737473174306],[-122.615320412737,41.7384213199466],[-122.615117910014,41.7386164592496],[-122.613423852679,41.7389052779506],[-122.612326229979,41.7389003826724],[-122.611265112118,41.7389208955145],[-122.610347895382,41.7388496153376],[-122.609433288251,41.7387532613904],[-122.608598628487,41.7386893725673],[-122.607628984274,41.7385829187605],[-122.606783045263,41.7384399044442],[-122.60570820833,41.7381810542506],[-122.60466137997,41.7379616091518],[-122.603790192909,41.7377671710272],[-122.603230148127,41.7376546170878],[-122.602006828661,41.737386282633],[-122.600962935995,41.7371595858834],[-122.599911830756,41.7369091619582],[-122.598859949372,41.7366372649141],[-122.597820163804,41.7363484031667],[-122.596905053617,41.7360808341454],[-122.595794146631,41.7357576181563],[-122.594755603433,41.7355021202781],[-122.59371472192,41.7351822209471],[-122.593170718354,41.7349857573204],[-122.591732131105,41.7344735296647],[-122.590705877758,41.7341438922508],[-122.58974279484,41.7337756388439],[-122.588855902533,41.7334246359128],[-122.588077391067,41.7331165187316],[-122.58712569699,41.7328585715279],[-122.586202059995,41.7326466050569],[-122.585296736055,41.7323835268994],[-122.584317808652,41.7321052440835],[-122.58346371743,41.7318530380112],[-122.582416011416,41.7316018479255],[-122.581348563126,41.7313604914693],[-122.580334529562,41.731141397815],[-122.57930165653,41.7309007140453],[-122.578282073174,41.7306893129617],[-122.577152050937,41.730447477764],[-122.576177304294,41.7301953020551],[-122.575086763014,41.7298973642267],[-122.574320483008,41.729705744883],[-122.572829855457,41.729273017435],[-122.571696170788,41.7291602086026],[-122.571015365482,41.729061903295],[-122.570094726165,41.7289289608718],[-122.568470448164,41.7292879850312],[-122.567150140292,41.7292289399019],[-122.566170055859,41.7291796666453],[-122.565749970394,41.7291571850432],[-122.5649958419,41.7291200133521],[-122.563953650643,41.7290218662007],[-122.563240700023,41.7289814603536],[-122.562511280589,41.7289246789331],[-122.561623506136,41.7288806561351],[-122.560617521477,41.7288175465707],[-122.559496591089,41.7287376671437],[-122.558401739692,41.7286763427602],[-122.557471742625,41.7282626698088],[-122.556687756825,41.7279139356411],[-122.555812552498,41.7275116135159],[-122.554937357155,41.7271092841781],[-122.553966185806,41.7266874130767],[-122.553482233718,41.7264776346727],[-122.55285263957,41.7261920425771],[-122.551801782266,41.7259768661402],[-122.550713167872,41.7257842388177],[-122.549670633459,41.7255857418024],[-122.548615324104,41.7253851061035],[-122.547550497997,41.7251846554938],[-122.54685305679,41.7250436046078],[-122.546195435205,41.7249272134752],[-122.545656509815,41.7242356138213],[-122.545146608992,41.7235704822715],[-122.544618775999,41.7228925712381],[-122.54407687988,41.7222123150722],[-122.543581831802,41.7215705325624],[-122.543108885872,41.7209598420105],[-122.542572107456,41.7203241546172],[-122.541320366193,41.7203309850459],[-122.540037078792,41.7203358093248],[-122.538760407483,41.7203299752662],[-122.537512722114,41.7203524552636],[-122.537544784783,41.7210561354853],[-122.537556533849,41.7217786212634],[-122.537581701948,41.7224850697089],[-122.537600253955,41.7232021642274],[-122.537618058564,41.7238982497032],[-122.537525310206,41.7244362464051],[-122.537362783412,41.7251753817768],[-122.537259140286,41.7258003248625],[-122.537108060723,41.7264682719738],[-122.536516784213,41.7266588745329],[-122.53621799377,41.7267148165566]]},"properties":{"OBJECTID":593,"Name":"PCORP 69kV","kV":"69","Owner":"PCORP","Status":"Operational","Type":"OH","Source":"Pacific Power"}},{"type":"Feature","id":594,"geometry":{"type":"LineString","coordinates":[[-122.52263042982,41.6037171303758],[-122.522545821995,41.6036672759877],[-122.522259969987,41.6036595666536],[-122.521649525225,41.6036622891362],[-122.520577244898,41.6036563276179],[-122.519461888557,41.603662750608],[-122.518330129876,41.603662011044],[-122.517219574131,41.603663643996],[-122.516137093434,41.6036680209255],[-122.515090327956,41.6036650438612],[-122.513938409284,41.6036562544004],[-122.512887211519,41.6036501182343],[-122.511760547184,41.6036514677207],[-122.510721085009,41.6036624657986],[-122.510307002088,41.6028737860802],[-122.509943053243,41.6020988263481],[-122.509556352768,41.6013118176281],[-122.509203111842,41.6005222728466],[-122.508857630564,41.5997765152077],[-122.508538426804,41.5990713727969],[-122.508217733637,41.5983943089356],[-122.507767487237,41.5974482020685],[-122.507387304938,41.5966439635796],[-122.507089351724,41.596014194514],[-122.506708581926,41.5951927868875],[-122.506346386594,41.5944125303527],[-122.506000269308,41.5937106992041],[-122.505643891465,41.5929331900139],[-122.505270264172,41.5921517291005],[-122.504915954251,41.591378473415],[-122.504550498034,41.5906125982133],[-122.504201498953,41.5898417172715],[-122.503828419632,41.5890569032432],[-122.503443012731,41.5882818797227],[-122.503314274269,41.5874134623939],[-122.503175607627,41.5864426353006],[-122.503044951262,41.5855193748743],[-122.502899130437,41.5846155062572],[-122.501546700607,41.5844658012816],[-122.500720288275,41.5835873833683],[-122.500154559852,41.5828207095331],[-122.49964136311,41.5821054888438],[-122.499102084682,41.5813693074178],[-122.498496211447,41.5805413849126],[-122.498049650834,41.5799178995588],[-122.497517658641,41.5792078182371],[-122.497097873214,41.5786243647075],[-122.496636000818,41.5780154980737],[-122.496134293528,41.5773549218206],[-122.495689023795,41.5766765233902],[-122.495213421547,41.5759462293689],[-122.494743581992,41.5751991165983],[-122.4942958374,41.5745398542425],[-122.493847851161,41.5738734367713],[-122.493386704603,41.5731929621395],[-122.492922484011,41.5725149333016],[-122.492853323615,41.57180522019],[-122.492774664434,41.5710050212251],[-122.492695091666,41.5701785915897],[-122.492612770054,41.5693641493061],[-122.492594953767,41.5685818365587],[-122.492585473845,41.5677659533386],[-122.492576660474,41.5669691475197],[-122.492572598292,41.5661269113048],[-122.492064684542,41.5652851063655],[-122.491562617029,41.5644288679248],[-122.491030812584,41.5635374250081],[-122.490492189028,41.5626317989132],[-122.490034243167,41.5617675266531],[-122.489566225396,41.56088674924],[-122.489118382887,41.560038979719],[-122.488741703119,41.5593234254192],[-122.48835194927,41.5585961986971],[-122.487988283395,41.5578899316241],[-122.487540312428,41.5570373904636],[-122.48712176398,41.5562105146236],[-122.486175647543,41.555792543329],[-122.4851907167,41.5553514710805],[-122.484231791185,41.5549289674515],[-122.483299038984,41.5545298016169],[-122.482335974931,41.554078732666],[-122.481361004607,41.5536493672238],[-122.480809880096,41.552925305465],[-122.480318656145,41.5522835761198],[-122.47980282734,41.5516105681314],[-122.479159625511,41.5507713539282],[-122.478503439434,41.5499151746146],[-122.477893503119,41.5491193231669],[-122.477214674107,41.548204808274],[-122.476550362767,41.5473207070285],[-122.475866494206,41.5464202866733],[-122.475296566159,41.5456989663571],[-122.474688272863,41.5448757965912],[-122.474526866267,41.5437837548836],[-122.474420275769,41.5427192700084],[-122.474293429159,41.541710064265],[-122.474154113035,41.5406152062988],[-122.474019702611,41.5395703607959],[-122.473890057749,41.538480087326],[-122.473771018398,41.5376043536868],[-122.473660347751,41.5366043804368],[-122.473297541564,41.5355497131918],[-122.472969704994,41.534589801012],[-122.472641132705,41.5336084295159],[-122.472322478714,41.5326387943557],[-122.472146241831,41.5320314263731],[-122.472930956165,41.5313505017143],[-122.47377850855,41.5306150290756],[-122.4745721189,41.5299263471611],[-122.475406757105,41.5292304003539],[-122.476059252903,41.5286855994156],[-122.475678595395,41.5277553742089],[-122.475384017152,41.5270238836981],[-122.475071306415,41.5262259407431],[-122.474810538963,41.5255558210918],[-122.474498749897,41.5247841066152],[-122.4741907104,41.5240290197731],[-122.473968492352,41.5234655150131],[-122.473669297666,41.5226911674084],[-122.47333747078,41.5218888282302],[-122.473087717572,41.5212614416182],[-122.472822096522,41.520615148639],[-122.472619597392,41.5200895630127],[-122.472333915166,41.5193388107604],[-122.472070448276,41.5186806755435],[-122.471810739937,41.5180769276709],[-122.471543527073,41.5173644058826],[-122.471304290441,41.5167654455772],[-122.471020615949,41.5160719179161],[-122.470581657779,41.5155580039814],[-122.469962386172,41.5148662929739],[-122.469565789855,41.5144383333104],[-122.468951627865,41.513750399406],[-122.468326389648,41.5130683433154],[-122.467706832376,41.5123670860788],[-122.467126659941,41.5117056161414],[-122.466659359025,41.5111946340678],[-122.466204805203,41.5106857871066],[-122.46554690514,41.5099733440548],[-122.464970349323,41.5093237262038],[-122.464473284527,41.5087751458979],[-122.464002117262,41.5082427585228],[-122.463388973063,41.5075413608855],[-122.46274825328,41.5068326774124],[-122.462114517,41.5061180264249],[-122.46146019313,41.5054150416441],[-122.460933554897,41.5048336257002],[-122.460472424508,41.5043153485405],[-122.460031108261,41.503820542478],[-122.459625914168,41.5033632042228],[-122.459269172508,41.5029335484878],[-122.458624069844,41.5022208283869],[-122.458040982377,41.5015617709868],[-122.457353542114,41.5008140843613],[-122.456845053442,41.5002060563688],[-122.456294191239,41.4996051765766],[-122.455824477448,41.499068802768],[-122.455276674008,41.4984727735071],[-122.454666301112,41.4977958441645],[-122.454217754324,41.4972725324321],[-122.453645386453,41.4966466532226],[-122.453070270635,41.4960254758243],[-122.452634567061,41.4955139629278],[-122.451916640672,41.4947048140204],[-122.451357050437,41.4940810651687],[-122.450656476805,41.4933404225562],[-122.450265659351,41.4929045967019],[-122.449807847339,41.4923862267623],[-122.448832602131,41.4912719072012],[-122.448461091269,41.4909125309723],[-122.4482027322,41.4906280427229],[-122.447885228052,41.4902310034201],[-122.44728493066,41.4897106270156],[-122.446581451877,41.4891349950592],[-122.445864760672,41.488542914581],[-122.445252000952,41.488027544621],[-122.444493473407,41.4874147977936],[-122.443927059569,41.4869581687027],[-122.443405592937,41.4865197528386],[-122.442979699864,41.4861916144591],[-122.442492877659,41.4857477499448],[-122.441592798083,41.4852522609689],[-122.44102367852,41.4849006529181],[-122.44046186765,41.4845775313206],[-122.439608939745,41.4840715708283],[-122.439027593213,41.4837321209295],[-122.437390330962,41.4827808799822],[-122.436023935923,41.4819746825688],[-122.434887271543,41.4813143349643],[-122.433728161857,41.4806448682195],[-122.432446199471,41.4798990352116],[-122.431286811308,41.4792200098321],[-122.430389323372,41.4787029242227],[-122.429930934642,41.4784397938969],[-122.429726800579,41.4783005858126],[-122.42924911424,41.4780282831938],[-122.428716444717,41.4777212524501],[-122.427896688901,41.4772551386208],[-122.426954483729,41.4767245785527],[-122.426023811128,41.4761603880999],[-122.425236042523,41.4757031850065],[-122.424628558609,41.4753355481758],[-122.423908440331,41.4749128207556],[-122.423149407035,41.4744622089242],[-122.422391029509,41.4740306666937],[-122.421619202407,41.4735755216421],[-122.42076386073,41.4730838064273],[-122.419863201741,41.4725619414327],[-122.419320964262,41.4722502876134],[-122.418697161553,41.4718662387531],[-122.417665379075,41.471490031861],[-122.416835516314,41.4711886692633],[-122.416341852539,41.4710025191417],[-122.415402859743,41.4706555286704],[-122.414255725498,41.470236180019],[-122.4134421986,41.4699366666853],[-122.412338313745,41.4695328751267],[-122.411808936548,41.469339228461],[-122.410724806544,41.4689487771306],[-122.410077200276,41.4687011375122],[-122.409288596237,41.4684013222572],[-122.408362911981,41.4679776792581],[-122.407640277522,41.4676473414254],[-122.406699157515,41.4672202901099],[-122.405810833293,41.4668073841045],[-122.404978346553,41.4664248795103],[-122.404162885583,41.4660778308807],[-122.403787973699,41.4657509857888],[-122.403267228414,41.4653219503015],[-122.402648731154,41.4648088931043],[-122.402008266492,41.4643010233279],[-122.401484460647,41.4638744272519],[-122.400801299958,41.463319652464],[-122.399877012583,41.4625571404774],[-122.399304035653,41.4620789872969],[-122.398735270924,41.4616317666851],[-122.398389747425,41.4613305911901],[-122.397781366094,41.4608340201747],[-122.397057407518,41.4602328862941],[-122.396603947844,41.4598530983864],[-122.395868584258,41.4592361939489],[-122.395194856778,41.4586809782366],[-122.394634629637,41.4582246354588],[-122.394056480209,41.4577663862292],[-122.393446774761,41.4572548480054],[-122.392800993869,41.4567327687484],[-122.392060645531,41.4561428832806],[-122.391653246075,41.4556252439697],[-122.391363286969,41.4552355940516],[-122.390956573826,41.4547381475745],[-122.390414106379,41.4540097748173],[-122.389736893436,41.4531694536693],[-122.389292996328,41.4526278053403],[-122.388806897267,41.4519814313249],[-122.388330859336,41.4513685430065],[-122.387767989352,41.4506517766509],[-122.387256764412,41.4499654612658],[-122.386676438366,41.4492602498298],[-122.38643027752,41.4485756347012],[-122.386143737402,41.4479299562702],[-122.386336791645,41.4473806991661],[-122.386445184164,41.4467926342344],[-122.38668519694,41.4460449054563],[-122.386835677326,41.4454092019873],[-122.387003708098,41.444794999782],[-122.38716504732,41.444187969298],[-122.387322036899,41.4434937581076],[-122.387511621848,41.4427983280575],[-122.38766435521,41.4420949989852],[-122.387985668214,41.4413927942868],[-122.388198670446,41.4407286527757],[-122.388368313694,41.4401035042672],[-122.388594510381,41.4392999082382],[-122.38880217662,41.4384764587628],[-122.388967111797,41.4377997599993],[-122.389141941918,41.4371520610635],[-122.389117222078,41.4365014207357],[-122.389062328726,41.4356605118347],[-122.389046057541,41.4351736120102],[-122.389020962205,41.4347789329884],[-122.388869901507,41.4343397837136],[-122.388987119974,41.4339443621566],[-122.388966226059,41.4334081554168],[-122.388928931601,41.4330047290979],[-122.388928736667,41.4325534482136],[-122.388945315974,41.4319806075116],[-122.38905450979,41.4317742197976],[-122.389765883867,41.4315945495172],[-122.389757705604,41.4315354760554],[-122.38974098077,41.4314215323486]]},"properties":{"OBJECTID":594,"Name":"PCORP 115kV","kV":"115","Owner":"PCORP","Status":"Operational","Type":"OH","Source":"Pacific Power"}},{"type":"Feature","id":595,"geometry":{"type":"LineString","coordinates":[[-122.364814040481,41.5486727282162],[-122.364829648709,41.5482257698292],[-122.364840732123,41.5464747664241],[-122.364851167852,41.5448262625156],[-122.364892875732,41.5430530204809],[-122.364909202613,41.5413123901504],[-122.364932421368,41.5396080682544],[-122.364937313593,41.5376940568272],[-122.364957571501,41.5366734921896],[-122.364970402138,41.5350851102107],[-122.364986014858,41.5333230778007],[-122.365012918502,41.5317301510433],[-122.365031663647,41.5298909097566],[-122.365057442601,41.528092261808],[-122.365075932624,41.5268467060177],[-122.365115219545,41.524940649719],[-122.365114255653,41.5233654092287],[-122.365148034104,41.5219802628371],[-122.364911981102,41.5200922547162],[-122.364794419479,41.519205037048],[-122.36461111555,41.5173631931525],[-122.364441455234,41.5156754052147],[-122.364183198573,41.5138028295177],[-122.364027968794,41.5122926625138],[-122.363834028812,41.51064391836],[-122.363662835072,41.5089947501178],[-122.363466636725,41.5073632001615],[-122.363281249604,41.505714304899],[-122.363079112495,41.5040848876604],[-122.362908579016,41.5024444215075],[-122.362715187007,41.5008106881177],[-122.362546372904,41.4993179437807],[-122.362372298267,41.4979238859625],[-122.3621888012,41.4963306940146],[-122.361995017525,41.4946841217571],[-122.361867444179,41.4931477506832],[-122.361649931506,41.491643075769],[-122.361504885927,41.490179904731],[-122.361512459623,41.488619622407],[-122.361554690323,41.4870414502688],[-122.36157308782,41.4851894590799],[-122.361579552995,41.4836955121683],[-122.361610911385,41.4817747873663],[-122.361639570337,41.4802333647876],[-122.361646833216,41.4788187878046],[-122.361647210509,41.4773679108563],[-122.361666394031,41.4760559831041],[-122.361681754325,41.474628402252],[-122.361756472597,41.4713311860818],[-122.361736718644,41.4702705024342],[-122.361790049825,41.4672583641759],[-122.361805186438,41.4664074187463],[-122.361807363056,41.4645770941062],[-122.361844602716,41.4630702060668],[-122.36186971512,41.4614793311828],[-122.361892146951,41.4602659476949],[-122.361902757851,41.4586948999057],[-122.361924159314,41.4571498039502],[-122.361939604049,41.4555096594048],[-122.361932222592,41.4541682624342],[-122.36198167395,41.4525686372362],[-122.362057039009,41.4519243235952]]},"properties":{"OBJECTID":595,"Name":"PCORP 115kV","kV":"115","Owner":"PCORP","Status":"Operational","Type":"OH","Source":"Pacific Power"}},{"type":"Feature","id":596,"geometry":{"type":"LineString","coordinates":[[-122.362278643508,41.4519121867317],[-122.362277762261,41.4520695045719],[-122.362234919809,41.4536946593655],[-122.362212375688,41.454549756035],[-122.362209307941,41.4552197070575],[-122.362204916078,41.456178703066],[-122.362201243765,41.4569804884125],[-122.362180300443,41.4576870680962],[-122.362151582201,41.4585105774113],[-122.362145974019,41.4593291227119],[-122.36215403011,41.4601472907809],[-122.362130858068,41.4609779761752],[-122.362104346089,41.461820540898],[-122.362090316201,41.4631157414203],[-122.362089924535,41.463779699548],[-122.362090035926,41.4645858930617],[-122.362090147317,41.4653948257283],[-122.36207582907,41.4662062631889],[-122.362078920173,41.4668742278525],[-122.36206976634,41.4674589187241],[-122.362043290294,41.4680940372418],[-122.362022734145,41.4688125487682],[-122.362029440967,41.4696856255607],[-122.362005329287,41.4704757694965],[-122.362025976165,41.471016969241],[-122.3620076685,41.4714205146263],[-122.361998185883,41.4720911044606],[-122.361961951438,41.4727336151512],[-122.361962943178,41.4734134515617],[-122.361963776815,41.4739836185437],[-122.361958848657,41.4744825616917],[-122.361945254452,41.475439335796],[-122.361937352871,41.4759954391271],[-122.361919142223,41.4767377714838],[-122.361929555494,41.477277150214],[-122.361906584674,41.4785488119782],[-122.361895572227,41.4791598948291],[-122.361881469575,41.4799423304205],[-122.361876426433,41.4807204736023],[-122.361869560609,41.4814865191833],[-122.361862651667,41.4822572558201],[-122.361848090874,41.4830615566413],[-122.361837962369,41.4838180991811],[-122.361854250622,41.4845883794118],[-122.361813209292,41.4853027848066],[-122.361806274298,41.4861232919874],[-122.361799678867,41.4869035708652],[-122.361793098707,41.4876819891258],[-122.361778902631,41.4884453199534],[-122.361765202425,41.4890277854067],[-122.36174869139,41.489729787317],[-122.361732254017,41.4904286237113],[-122.361822005595,41.4911762243279],[-122.361859142847,41.4915403032419],[-122.361919155698,41.4921286319349],[-122.361976504146,41.4926908363284],[-122.362079264228,41.4932610860402],[-122.362161446601,41.4940734329189],[-122.362245579218,41.4949050245983],[-122.362337022324,41.4957237818919],[-122.362429781462,41.4965378943531],[-122.362539090262,41.4973541980677],[-122.362611686713,41.4981709281525],[-122.362725474514,41.4989936756325],[-122.362827971389,41.4998061322714],[-122.362927078023,41.5006172465899],[-122.363014652984,41.5014114571526],[-122.363106596451,41.5022414610565],[-122.363198439308,41.5030705373414],[-122.363288448702,41.5039105750183],[-122.36329885838,41.5040079061716],[-122.363371701868,41.5046893129877],[-122.363461830739,41.5055324074538],[-122.363570926638,41.5063415663972],[-122.363648935439,41.5071680109622],[-122.363769114753,41.507977154174],[-122.363856284573,41.5088133818911],[-122.363947795053,41.5096460644512],[-122.364036008715,41.5104462837337],[-122.364123931324,41.5112438555406],[-122.364217103687,41.5120890259535],[-122.364305092771,41.5129296038174],[-122.364395223438,41.5137391263714],[-122.364513407593,41.5145427195059],[-122.364620839813,41.5155146827993],[-122.364731125981,41.5164228765096],[-122.364829573251,41.5172335734891],[-122.36501916898,41.518895188193],[-122.365061391595,41.5192860602682],[-122.365162691915,41.520223791584],[-122.365256088856,41.5210883441661],[-122.365380950189,41.5219227984333],[-122.365330062425,41.522783582149],[-122.365325796326,41.5236710238127],[-122.365321867993,41.524508569414],[-122.365344321383,41.5248040077677],[-122.365313164216,41.5257756804356],[-122.365306059441,41.5268041657898],[-122.365305531231,41.527648808868],[-122.365277076196,41.528415240963],[-122.365263666146,41.5292457937537],[-122.365255144727,41.5300977222722],[-122.36524395082,41.5309017585379],[-122.365232293383,41.5317389980399],[-122.365212958045,41.5333793539448],[-122.365203275104,41.534219335879],[-122.365227175681,41.5349399558092],[-122.365227667957,41.5351584155343],[-122.365181149599,41.5366952240385],[-122.365231403152,41.5374589884232],[-122.365207609475,41.5382706758853],[-122.365187072191,41.5388938094086],[-122.365195072587,41.5398027017297],[-122.365238557335,41.5407348380607],[-122.36516774943,41.541561728302],[-122.36516905019,41.5422703502076],[-122.365148498533,41.5430843674896],[-122.365131665901,41.5439150176791],[-122.365117412333,41.5447431151058],[-122.365119292507,41.5455496747582],[-122.365108712149,41.5463778238598],[-122.365089257335,41.5472109475158],[-122.365102475146,41.5480217622913],[-122.365075779911,41.5486730300756]]},"properties":{"OBJECTID":596,"Name":"PCORP 69kV","kV":"69","Owner":"PCORP","Status":"Operational","Type":"OH","Source":"Pacific Power"}},{"type":"Feature","id":597,"geometry":{"type":"LineString","coordinates":[[-122.388031951214,41.4412484810107],[-122.38713387578,41.4413437183947],[-122.385244503142,41.4416032517791],[-122.384206947192,41.4417579043717],[-122.383678759364,41.4418220439647],[-122.38307938544,41.4418948239119],[-122.382045179308,41.4420565518971],[-122.381324244462,41.4421487705942],[-122.380468215573,41.442329005597],[-122.37943554017,41.4425483650278],[-122.378382604164,41.4427531892092],[-122.377762281528,41.442887194905],[-122.376215366439,41.4432206305229],[-122.375465514824,41.4433839127463],[-122.374762389976,41.4435254327874],[-122.373679196915,41.4437725389331],[-122.372903813383,41.4443626419379],[-122.372332563914,41.4448779772886],[-122.371634905315,41.4454858989123],[-122.371337689618,41.4457448804076],[-122.370993569287,41.446055303459],[-122.368913077377,41.4478834312189],[-122.368161940273,41.4485434238205],[-122.36744232595,41.449170374988],[-122.36676740371,41.4497568865652],[-122.365749591832,41.450071282517],[-122.364686612662,41.4504551110221],[-122.363943963738,41.4507195823792],[-122.363172755575,41.4509577478813],[-122.362620999548,41.4511351217786],[-122.362656423713,41.451608623687],[-122.362417945259,41.4517554475474]]},"properties":{"OBJECTID":597,"Name":"PCORP 115kV","kV":"115","Owner":"PCORP","Status":"Operational","Type":"OH","Source":"Pacific Power"}},{"type":"Feature","id":598,"geometry":{"type":"LineString","coordinates":[[-122.285922089598,41.1848528742629],[-122.285907095818,41.1850912351134],[-122.285733147843,41.1852508641205],[-122.284658754678,41.1864324218514],[-122.283405759367,41.1869952242727],[-122.280530101226,41.1883927316212],[-122.278955524314,41.1891540497286],[-122.277311386359,41.1898976738848],[-122.276547320701,41.1902682122418],[-122.276167000959,41.1907597514819],[-122.275043512169,41.1921500921098],[-122.273105712252,41.1944252452579],[-122.2723519341,41.1953890990795],[-122.271442130262,41.1964054047446],[-122.270523161811,41.1975286797776],[-122.269933136655,41.198184669202],[-122.269041521006,41.1992440993754],[-122.267405795773,41.2012801642059],[-122.266166144037,41.2027496220138],[-122.265337052031,41.2038102009363],[-122.263928826042,41.205458788789],[-122.263628026965,41.2058187796761],[-122.263133290602,41.2064108610995],[-122.262916791229,41.2069620816668],[-122.262221664981,41.2091002966802],[-122.261557681527,41.2111346471895],[-122.261101987743,41.2125223709249],[-122.260731500062,41.21348831801],[-122.260245572578,41.215033976401],[-122.259904365484,41.2161192626167],[-122.259468057344,41.2175069927839],[-122.259179635255,41.2183612677824],[-122.258443329336,41.2202940246064],[-122.258208313888,41.2211626012872],[-122.257847644793,41.2222872128492],[-122.257445540007,41.2235385000525],[-122.257173639734,41.2243581338642],[-122.256534239576,41.2262471674744],[-122.256211523403,41.2272165433602],[-122.255891562364,41.228193502161],[-122.255890290349,41.2289548390021],[-122.255828012846,41.2299424266627],[-122.255737320731,41.2317910615664],[-122.25571508653,41.232848528902],[-122.255709824199,41.235166925834],[-122.255615286396,41.236572967995],[-122.255568250608,41.2375641045826],[-122.255601921262,41.2382074341058],[-122.255526345997,41.2402418918594],[-122.255431267409,41.2411499414292],[-122.255411477523,41.2427664453015],[-122.255402197926,41.2442358398399],[-122.255327875811,41.2458838593562],[-122.255308465014,41.2464699936892],[-122.25527137717,41.2479379865476],[-122.255231166781,41.2493068165504],[-122.255129183742,41.2519208433011],[-122.25507917453,41.25345967784],[-122.25750266208,41.2565186600716],[-122.258230018982,41.2574738025778],[-122.259681985739,41.2593268241059],[-122.260565849825,41.2604617409778],[-122.261887705494,41.2621589790424],[-122.263342707658,41.2640270707673],[-122.26428452386,41.2652467259005],[-122.26511756486,41.2663303264782],[-122.266467067081,41.2680518962195],[-122.267593114273,41.2694912737598],[-122.268809722425,41.2710314214345],[-122.27040048069,41.2730782784492],[-122.270997969948,41.2738470435616],[-122.271937483768,41.2750512525973],[-122.273114236366,41.2765698200459],[-122.274677543912,41.2785717703577],[-122.276056415652,41.2803289920866],[-122.277253834892,41.2818566992418],[-122.279211813665,41.2843513889215],[-122.280415749283,41.2859209367286],[-122.282950372807,41.2890980051145],[-122.283982748172,41.2904815109502],[-122.285010002242,41.2918099960405],[-122.287435185812,41.2949200708461],[-122.28877542191,41.296634011295],[-122.28967109974,41.2977912226928],[-122.290824458412,41.29934445256],[-122.292493288359,41.3024849553071],[-122.293414249274,41.3042661737201],[-122.294698266106,41.3068169125794],[-122.29546960183,41.3082645198433],[-122.296116201087,41.3095235830933],[-122.296850965497,41.3109317830572],[-122.29778302869,41.3127409195477],[-122.298530957012,41.3141712801975],[-122.299224578582,41.3155463735815],[-122.299801941985,41.3166120556236],[-122.300294117251,41.3175419024874],[-122.301153035122,41.3191920767314],[-122.301926043509,41.3206835291569],[-122.302648535136,41.3220957585363],[-122.303370011666,41.32347556568],[-122.304090279963,41.3248954656357],[-122.304931723804,41.3263849438565],[-122.305541754443,41.3276014826657],[-122.306267471021,41.3289525814842],[-122.306938464029,41.3302512512195],[-122.307618433004,41.3315544684859],[-122.308437323742,41.333161760229],[-122.309214083494,41.3346862907681],[-122.30987422126,41.3359584381939],[-122.310708572004,41.3375384348757],[-122.311623215067,41.3392382890904],[-122.312258806368,41.340547936198],[-122.313241777986,41.3424164356493],[-122.313846378309,41.3436139929684],[-122.314706478362,41.3453595311318],[-122.315422931514,41.3465695638179],[-122.31615772467,41.3481113081829],[-122.316822418691,41.3493604600022],[-122.317523310327,41.3507119929263],[-122.318295277567,41.3522282384921],[-122.318968306157,41.3534982246275],[-122.31972030295,41.3549423196282],[-122.320531235513,41.3564101316941],[-122.321307483225,41.3578986216201],[-122.322181877271,41.3595284218809],[-122.323099004175,41.3613053283891],[-122.323824868078,41.3627374937641],[-122.324300340968,41.3636590286414],[-122.32473034563,41.3644366645264],[-122.32525000575,41.365461569175],[-122.326640986781,41.3681613401188],[-122.326964400944,41.3688172061921],[-122.327513645282,41.3699639925541],[-122.328712087702,41.37211183643],[-122.329359482866,41.3733567425231],[-122.329874835565,41.3743477031436],[-122.331112757146,41.3767436431893],[-122.331711785218,41.3777654534605],[-122.332654377564,41.3796927528839],[-122.333489204416,41.3811938417174],[-122.334229383871,41.3827303969711],[-122.334893132864,41.3839702935243],[-122.335603733492,41.3852976623543],[-122.336160429355,41.3863375073283],[-122.337159205932,41.3882703069666],[-122.337801036033,41.3895322504521],[-122.338428304443,41.39073482434],[-122.339129774594,41.3920791503645],[-122.339957693401,41.3937603190593],[-122.340570894193,41.3948889329312],[-122.341163625974,41.3959798399217],[-122.341903075099,41.3974188761375],[-122.342611853943,41.3987892995683],[-122.343749619657,41.4009007960619],[-122.344490652512,41.4023851247585],[-122.345336297774,41.4039811941458],[-122.346031728551,41.4052936937151],[-122.34677238052,41.4066914812097],[-122.347430080258,41.4080413799654],[-122.348302365959,41.4096663848293],[-122.348960385498,41.4109280072514],[-122.349688289474,41.4123911006932],[-122.350344059631,41.4136790049199],[-122.3511335539,41.4151862701648],[-122.351915460998,41.4167495747816],[-122.353394275704,41.4195025226279],[-122.354862059098,41.4218397277967],[-122.355758093559,41.4232919825111],[-122.356737250931,41.4248016442239],[-122.357645420734,41.4262434463403],[-122.35851922818,41.4276131277871],[-122.359378444292,41.4290188643286],[-122.360324998208,41.4304801527042],[-122.361813144613,41.4328284061297],[-122.362260355606,41.4335357095328],[-122.362211624697,41.4362730266037],[-122.362185365144,41.4387331866375],[-122.362172687221,41.4397855258878],[-122.362118720032,41.4418357995547],[-122.362129904955,41.4437561703568],[-122.362095913603,41.4445464854644],[-122.362071738142,41.4459211211518],[-122.362097094888,41.4475501017094],[-122.362105382745,41.4491412354447],[-122.362012356807,41.4505386441789],[-122.362088767505,41.4516048538753]]},"properties":{"OBJECTID":598,"Name":"PCORP 115kV","kV":"115","Owner":"PCORP","Status":"Operational","Type":"OH","Source":"Pacific Power"}},{"type":"Feature","id":599,"geometry":{"type":"LineString","coordinates":[[-122.362277037321,41.4515936595735],[-122.362266787543,41.4502515736185],[-122.362263667694,41.4496976619768],[-122.36227770926,41.4490503841133],[-122.362296117537,41.4484068139029],[-122.362299623662,41.4474925611589],[-122.362310955909,41.4467632673772],[-122.362306361925,41.4459350260321],[-122.362363006093,41.4438523111053],[-122.362342354723,41.4427355638245],[-122.362365956161,41.4419737148904],[-122.362414285523,41.4404135435224],[-122.36239890906,41.4400052366877],[-122.362426708325,41.4392986684561],[-122.362429877581,41.4382621282822],[-122.362411306709,41.4374704213948],[-122.362447387543,41.435805473961],[-122.362479647841,41.4350204482659],[-122.362477776651,41.4342017524798],[-122.362445005211,41.4337423630614],[-122.362467867335,41.4333621304591],[-122.362490733052,41.4325733763608],[-122.36247763292,41.4312338947891],[-122.362498104627,41.4306781329659],[-122.36250940723,41.4301778802152],[-122.362526236269,41.4281486064705],[-122.362547178693,41.4256234027361],[-122.362571901228,41.4226418438565],[-122.362575108213,41.4222550937725],[-122.362625277325,41.4213563315186],[-122.362630862151,41.4207873394365],[-122.362667305904,41.4194890000978],[-122.362627939034,41.4187678902941],[-122.362638286727,41.4180847918799],[-122.362647653461,41.4174664474735],[-122.362656676139,41.4168707732966],[-122.362665237982,41.416305604049],[-122.362643915571,41.4161933359745],[-122.362661627653,41.4150240016335],[-122.36272083202,41.4144475873123],[-122.362701265815,41.4138063431402],[-122.36270867512,41.4132148049212],[-122.362717712171,41.4124932818668],[-122.362726797732,41.411767947008],[-122.362734497193,41.4111532674667],[-122.362742529029,41.4105119591094],[-122.362749393057,41.4099639484126],[-122.36275685087,41.4093684028387],[-122.362797868844,41.4086633553057],[-122.362787752916,41.4079726160388],[-122.362781042501,41.4072416822833],[-122.362814244234,41.4066324032839],[-122.362810634803,41.4062144754343],[-122.362808032383,41.4059129443359],[-122.362824143668,41.4055539156363],[-122.362811187267,41.4048708945434],[-122.362797328957,41.4041402230372],[-122.36305424084,41.4014940440323],[-122.363200509924,41.4003328417329],[-122.363311397963,41.3997849291378],[-122.363382478058,41.3991805114145],[-122.363476027713,41.3985867766938],[-122.363670211139,41.3973543045312],[-122.363769326755,41.3967252140364],[-122.364124036427,41.3941453559328],[-122.364264021796,41.392948018737],[-122.364399475164,41.3923023160242],[-122.364503458752,41.3916991913877],[-122.364595775918,41.3910773683966],[-122.364686141046,41.3904686946713],[-122.364829181585,41.3897576279727],[-122.365107914445,41.3881819665345],[-122.365164369069,41.3875854873823],[-122.365252681546,41.3866523748769],[-122.36532227493,41.3861930743826],[-122.36548483047,41.3853560802949],[-122.365631836173,41.3844487054186],[-122.365850626251,41.3827747902974],[-122.36595287609,41.3819924687382],[-122.366107227317,41.3810847011471],[-122.366455352337,41.3789960342095],[-122.366544143616,41.3782405285607],[-122.366611447194,41.3776762710013],[-122.366710396623,41.3771514950861],[-122.366807198179,41.3765618732689],[-122.366885867242,41.3760355716719],[-122.366931688508,41.3754335526455],[-122.367052429269,41.3748034026866],[-122.367146383166,41.3742042944953],[-122.367234273435,41.3735747642689],[-122.367316728897,41.3729338872842],[-122.367404113414,41.3722127643715],[-122.367572348104,41.3714901166686],[-122.367604230212,41.371020009863],[-122.367652785949,41.3705591994417],[-122.367859939251,41.3692556604961],[-122.367383391077,41.3684535682849],[-122.367231266774,41.3673705490872],[-122.367156686842,41.3669501959178],[-122.366891823072,41.3659742655697],[-122.368398554722,41.36513478102],[-122.368521986835,41.3641286303912],[-122.368592165022,41.3635757774533],[-122.368320967231,41.3631724945664],[-122.367618732614,41.3621952777661],[-122.367244092021,41.3616113997087],[-122.366860379342,41.3609729319287],[-122.36612806374,41.3598223103964],[-122.365765581844,41.359252761295],[-122.365431548696,41.3587279041848],[-122.365093529722,41.3581967734843],[-122.364709508922,41.35759335141],[-122.364398550798,41.3571567280818],[-122.363624468026,41.3560131832057],[-122.363236710234,41.3554403378427],[-122.362681625948,41.3545844241255],[-122.362024554132,41.3535430418203],[-122.36165196619,41.3529756299966],[-122.360252780846,41.350862653342],[-122.359541826282,41.3497672548825],[-122.359101342773,41.3491324122829],[-122.358893206715,41.3488478808881],[-122.358433671734,41.3482196671759],[-122.357579710767,41.3472106485471],[-122.356689770477,41.3460498997898],[-122.355993009294,41.345229024682],[-122.355608823204,41.3447435478879],[-122.355174659342,41.344194906561],[-122.354751875338,41.3436855529955],[-122.353953556918,41.3426184893774],[-122.353525653416,41.3420559165187],[-122.35294196228,41.3413455257887],[-122.352579274671,41.340865672599],[-122.352159515295,41.3403964520119],[-122.352159476667,41.3397800576112],[-122.352002010083,41.3387563193975],[-122.350461361641,41.3377050583834],[-122.349570063996,41.3372545455153],[-122.348856373164,41.3362997874975],[-122.348431006504,41.335773019951],[-122.347861507852,41.3350677496864],[-122.34678706528,41.3337371084838],[-122.345937159308,41.3326845044065],[-122.345494683335,41.3321364859426],[-122.345117039674,41.3316687572924],[-122.344191865662,41.3305228564073],[-122.342856034901,41.3288723059736],[-122.341656689674,41.3273995509977],[-122.341180998493,41.3268153999795],[-122.340884962285,41.3264518599908],[-122.33957425381,41.3248131606062],[-122.338448740217,41.323934355012],[-122.337401059356,41.3231338010677],[-122.3371030756,41.3229554050232],[-122.335846672081,41.3219808673456],[-122.334605619871,41.3210422950909],[-122.333444956998,41.320191416252],[-122.332416485711,41.3194328429415],[-122.331980695,41.3190998886156],[-122.329462094726,41.3172103958404],[-122.328826670512,41.3167343914609],[-122.32799293152,41.3158755258653],[-122.327771865112,41.3156166973381],[-122.327641117119,41.3150763114191],[-122.327504166259,41.314510276196],[-122.327408210915,41.3139649346773],[-122.327030220505,41.3133475661884],[-122.326713505079,41.3128111842549],[-122.326370784323,41.3122307552614],[-122.326039513494,41.311669704683],[-122.325714721315,41.3111196188011],[-122.32537791327,41.310549172709],[-122.325088155387,41.3100569212078],[-122.324924213746,41.3097671515783],[-122.324612486664,41.3092161569136],[-122.32428980373,41.3086622182401],[-122.32395613889,41.308101244917],[-122.32362958781,41.3075522234414],[-122.323366544027,41.307109970793],[-122.323076108814,41.3065694246077],[-122.322626263961,41.306044177273],[-122.322204115964,41.3055068512423],[-122.321752576888,41.3050079052445],[-122.321669338096,41.3048861378693],[-122.321813765634,41.3047832821715]]},"properties":{"OBJECTID":599,"Name":"PCORP 69kV","kV":"69","Owner":"PCORP","Status":"Operational","Type":"OH","Source":"Pacific Power"}},{"type":"Feature","id":600,"geometry":{"type":"LineString","coordinates":[[-122.2763502447,41.2207146812937],[-122.276405525226,41.2217767649723],[-122.274914246396,41.2216893588367],[-122.27456779853,41.2222501736539],[-122.274423190431,41.2225628561542],[-122.274302710182,41.2230396705923],[-122.274028114962,41.2234799281811],[-122.273501638425,41.2241322548436],[-122.273032586693,41.2245569569715],[-122.272111979715,41.2253619145216],[-122.27142084019,41.2259444729786],[-122.270931928503,41.2264398872533],[-122.270661961404,41.2267286013543],[-122.270247951246,41.2270998250418],[-122.269809426064,41.2276432158334],[-122.269431141904,41.2282964218252],[-122.269161216128,41.2286864982795],[-122.268672483206,41.2293381237479],[-122.268194841783,41.2299418456497],[-122.267610981764,41.2307275603357],[-122.267121687395,41.2313261991632],[-122.266903613275,41.2316302273343],[-122.266728846934,41.2320553124539],[-122.266372732298,41.2330946231151],[-122.266123381535,41.2337674333538],[-122.265834155454,41.2343164622768],[-122.265263439585,41.2358394033221],[-122.264468416185,41.2360140452429],[-122.263912422805,41.2360870541878],[-122.263574754174,41.2366011766861],[-122.263174300492,41.2371049846418],[-122.262476721843,41.2379690559427],[-122.26177228815,41.2382565309084],[-122.261037222804,41.2385331052936],[-122.260344848994,41.2388432517667],[-122.259612836123,41.2391569708455],[-122.258842399613,41.2394527742083],[-122.258239448598,41.2397183660556],[-122.257546736122,41.2400184853004],[-122.256602346247,41.240380373929],[-122.255655426717,41.2406621608316],[-122.255638796206,41.2413364906861],[-122.255614087145,41.2420946821308],[-122.255572121449,41.2426859907394],[-122.255571207862,41.2433786424417],[-122.255565746105,41.2440069791572],[-122.25554343914,41.2446213078622],[-122.255536895811,41.2453154939088],[-122.25548999477,41.2459903714776],[-122.255472144347,41.2466861923639],[-122.255441498322,41.2475167654278],[-122.255407926483,41.2482543723775],[-122.255407190763,41.2490128550282],[-122.255375736253,41.2496974747658],[-122.255366757592,41.2503745351711],[-122.255340756754,41.2508715871577],[-122.255971865462,41.2511364308801],[-122.256800739178,41.2514822509057],[-122.257652160608,41.2518374682284],[-122.259180707844,41.2524875527055],[-122.259991662865,41.2528449290902],[-122.261411607377,41.2534583973699],[-122.262983356392,41.2541355646737],[-122.263695262271,41.2545591959636],[-122.264409747214,41.2549843264571],[-122.265157978269,41.2554187427169],[-122.26569984115,41.2557323788443],[-122.265938095024,41.2560829842147],[-122.266331926326,41.2566239737199],[-122.266724413749,41.2571821603688],[-122.267096402514,41.257690628669],[-122.267451096914,41.2581908225571],[-122.26778412395,41.2586642160561],[-122.268516524893,41.2597328770582],[-122.268861190501,41.2602146457276],[-122.269247541531,41.2607571966938],[-122.269588824983,41.2612294871027],[-122.269931084903,41.261716541535],[-122.270272257861,41.2622069571703],[-122.270600341467,41.2626500112425]]},"properties":{"OBJECTID":600,"Name":"PCORP 69kV","kV":"69","Owner":"PCORP","Status":"Operational","Type":"OH","Source":"Pacific Power"}},{"type":"Feature","id":601,"geometry":{"type":"LineString","coordinates":[[-122.328353686853,41.2804179183803],[-122.328705648578,41.2804249148536],[-122.328193568442,41.2812752231224],[-122.327034235076,41.2824595498041],[-122.32646066436,41.2830211838221],[-122.325864355488,41.2836118614035],[-122.324731618543,41.2835756136842],[-122.323838808134,41.283491976604],[-122.32294820309,41.2834762724053],[-122.322286438475,41.2833632998093],[-122.321684892425,41.2830631596259],[-122.321307363749,41.2822245740486],[-122.321220231658,41.281582355727],[-122.321181808916,41.2804928198946],[-122.321077653751,41.2800057711805],[-122.319165507922,41.2799242641272],[-122.317771622638,41.2801551605717],[-122.315324712415,41.2803243853708],[-122.315309500344,41.281180826581],[-122.315292754849,41.2821234931162],[-122.315267907448,41.2830589291044],[-122.315951775111,41.2838072006016],[-122.316187626891,41.2843657664682],[-122.316022331489,41.2852084286828],[-122.31569799206,41.2860134788925],[-122.315428662765,41.2868604479803],[-122.315201030571,41.2877281150475],[-122.314547612203,41.2893883930772],[-122.313897363989,41.2898774425935],[-122.313080825939,41.2903003830292],[-122.312286481665,41.2907214335123]]},"properties":{"OBJECTID":601,"Name":"PCORP 69kV","kV":"69","Owner":"PCORP","Status":"Operational","Type":"OH","Source":"Pacific Power"}},{"type":"Feature","id":602,"geometry":{"type":"LineString","coordinates":[[-122.238936394077,41.2679927855861],[-122.238927795403,41.2681392828998],[-122.23930593134,41.2680682874344],[-122.239994896044,41.2679483754339],[-122.241373069794,41.267713681663],[-122.242080837135,41.2675866705567],[-122.242756706198,41.2674701478939],[-122.243473610304,41.2673465467988],[-122.244947571412,41.2670949340945],[-122.245616503685,41.2669725213405],[-122.246338763546,41.2668699400929],[-122.247742089225,41.2666264092537],[-122.24843524457,41.2665061131066],[-122.249146139845,41.2663827350348],[-122.249455081251,41.2663291151329],[-122.249861574307,41.2662545606344],[-122.250557251222,41.2661269653232],[-122.251288534661,41.2659928335963],[-122.251971227327,41.2658676105149],[-122.252674968419,41.2657630491186],[-122.253408522799,41.2656351908587],[-122.254091326856,41.2655161629908],[-122.254791183633,41.2653941578169],[-122.255759361795,41.2652253703488],[-122.256697401479,41.2650618290086],[-122.257607536796,41.264904433249],[-122.258332423331,41.2647790689815],[-122.259004929102,41.2646627594102],[-122.259716060634,41.2645397647672],[-122.260418016774,41.2644151425638],[-122.261164131397,41.2642792597954],[-122.261877838399,41.2641666233295],[-122.262542297062,41.2640519710663],[-122.263876796519,41.263797005222],[-122.264608494081,41.2636773959913],[-122.265323058973,41.2635633060268],[-122.265768768881,41.2634713471825],[-122.26646621458,41.2633627682572],[-122.267157720617,41.2632587214436],[-122.26786879825,41.2631099551315],[-122.268579169807,41.2629918511361],[-122.26942993367,41.2628504006188],[-122.2699974713,41.2627560361794],[-122.270429551969,41.2627128804707]]},"properties":{"OBJECTID":602,"Name":"PCORP 69kV","kV":"69","Owner":"PCORP","Status":"Operational","Type":"OH","Source":"Pacific Power"}},{"type":"Feature","id":603,"geometry":{"type":"LineString","coordinates":[[-122.276409819173,41.2012439025583],[-122.276484894975,41.2011547522153],[-122.2775478984,41.2013901541426],[-122.27853606767,41.2015324615822],[-122.279098532514,41.2016123855242],[-122.280187362504,41.2017671592278],[-122.28141058046,41.2019351724941],[-122.281339469822,41.2025677303068],[-122.281277290235,41.20299138765],[-122.281225877854,41.2034737679398],[-122.281177106521,41.2040069359055],[-122.280704727429,41.2072072541502],[-122.280558383784,41.2076068017364],[-122.279892953144,41.2094235069409],[-122.279630964881,41.210101415029],[-122.279314082368,41.2109558137749],[-122.278923080759,41.211957804549],[-122.278695030848,41.2126252057775],[-122.278502415882,41.2131471908691],[-122.278318323232,41.213662822311],[-122.277974228054,41.2145253870063],[-122.27785473146,41.2148272024941],[-122.277774115748,41.2151619789683],[-122.27818794804,41.2162082594514],[-122.278616914249,41.2171700957125],[-122.277397397352,41.21829656928],[-122.276816472129,41.2195578879817],[-122.27650983041,41.220415257904],[-122.2763502447,41.2207146812937]]},"properties":{"OBJECTID":603,"Name":"PCORP 69kV","kV":"69","Owner":"PCORP","Status":"Operational","Type":"OH","Source":"Pacific Power"}},{"type":"Feature","id":604,"geometry":{"type":"LineString","coordinates":[[-122.649036682667,41.7111969838868],[-122.648748326156,41.7109514533985],[-122.648765081532,41.7108425260405],[-122.648853528757,41.7102320574494],[-122.64899369828,41.7095608359408],[-122.649788122504,41.7092338752357],[-122.650859634771,41.7088438031337],[-122.650861190653,41.7083735898728],[-122.650845616561,41.7077844019108],[-122.650837214618,41.7066198693894],[-122.650803694882,41.7058043240655],[-122.650819211482,41.7047705599684],[-122.65082775985,41.7037202363162],[-122.650813190973,41.7025606127357],[-122.650810957761,41.7013911853836],[-122.650843461503,41.7002711603314],[-122.650819961575,41.6990258161064],[-122.65081523464,41.698775297202],[-122.652417602731,41.6985769199967],[-122.654253928954,41.6983521179609],[-122.655628475306,41.6981752023198],[-122.657186133347,41.69797054583],[-122.659145792868,41.6977294400075],[-122.659957400066,41.6976161679904],[-122.662001195797,41.6973690120709],[-122.662998082319,41.6967405165707],[-122.664244611556,41.6959432877861],[-122.665777622521,41.6949289335119],[-122.666419448131,41.6945011106839],[-122.667409104113,41.6938761027184],[-122.668907427531,41.6928871783911],[-122.669243003985,41.6926656849424],[-122.669238584274,41.6922935500561],[-122.669228271615,41.6914249306765],[-122.669229892176,41.6902816854414],[-122.669215203822,41.6891268534406],[-122.669216199156,41.6879669177394],[-122.669216837858,41.6867974457296],[-122.669229711614,41.6861241380733],[-122.66995078031,41.6857126861825],[-122.674192415774,41.6833578582794],[-122.675584235831,41.6826007745447],[-122.676612022602,41.6820248819051],[-122.677876176785,41.6813234574101],[-122.678480718717,41.6809851904494],[-122.680135803543,41.6800839423076],[-122.682367573543,41.6788402025925],[-122.683800943376,41.6780413604201],[-122.684988920424,41.6773792532666],[-122.686449796672,41.6765650185645],[-122.687921157157,41.6757699310751],[-122.689148978979,41.6750826476697],[-122.690836519037,41.6741301702894],[-122.693492740314,41.6726915845392],[-122.69430659869,41.6712994962283],[-122.695175883119,41.6698632609124],[-122.696370053153,41.6678439810485],[-122.697029915136,41.6666899804284],[-122.699603399779,41.66659670048],[-122.701292145376,41.6665223330394],[-122.703883583748,41.666398966916],[-122.704847749136,41.6663840269534],[-122.706685797429,41.6663135434072],[-122.708338723603,41.666227013193],[-122.711402802477,41.6660880535215],[-122.714157378498,41.6660003056814],[-122.715918011776,41.6658977619269],[-122.719265723819,41.6658017133255],[-122.720961241816,41.6658223998202],[-122.723725601389,41.665908276283],[-122.724202022001,41.6656688635401],[-122.725994751186,41.6646451810049],[-122.728952715669,41.6630283207208],[-122.730501419303,41.6621817233879],[-122.731484904758,41.6616440835568],[-122.735413446803,41.6594963189315],[-122.736180538885,41.6590769142232],[-122.739465455097,41.6572807960359],[-122.741387821957,41.6561912716526],[-122.742603944121,41.6551733086188],[-122.745189133812,41.653005013459],[-122.745920879883,41.6523912385807],[-122.746499605132,41.6519103866398],[-122.748452244319,41.6502879085558],[-122.750403071604,41.648666835483],[-122.751616370362,41.6476585754415],[-122.752540505024,41.6468905845665],[-122.75345424528,41.6461312111315],[-122.754441350047,41.6453960628357],[-122.756512348561,41.643851041345],[-122.759498439295,41.6416459866685],[-122.761300709487,41.6403176246754],[-122.764776577884,41.6393034764862],[-122.769959305507,41.637721898075],[-122.772806363087,41.6359624200675],[-122.775052304011,41.6345741045771],[-122.777137438414,41.6332131608802],[-122.779078733676,41.6319890035969],[-122.782251277832,41.6307782021402],[-122.78524240542,41.6296357685042],[-122.789672478685,41.6279793226873],[-122.793055071412,41.6283339530457],[-122.795778844202,41.6286315187651],[-122.797989760711,41.6288735945329],[-122.799582095519,41.6290339163009],[-122.801308326915,41.6292248627014],[-122.803061085562,41.6294171635268],[-122.805277920172,41.6296470481897],[-122.807001453927,41.6298353815137],[-122.808565306751,41.6299962259608],[-122.810785534298,41.6302307113053],[-122.811623401947,41.6303217979473],[-122.813166347381,41.6304799594451],[-122.814366534329,41.6306233065849],[-122.815631253553,41.6307370221646],[-122.818070555045,41.6310161291046],[-122.819912141802,41.6312009535458],[-122.822195926054,41.6314362046397],[-122.824517812349,41.6308710512022],[-122.825535337664,41.6306119612692],[-122.826920646732,41.6302682389529],[-122.828811190773,41.6297866686293],[-122.830162174315,41.6294580012337],[-122.831638210532,41.6290835496483],[-122.833335616787,41.6286932971149],[-122.834861165447,41.6286862360444],[-122.836272978409,41.6286796846112],[-122.837716549511,41.6286985707591],[-122.839350148431,41.6286975608838],[-122.841608948738,41.6287039081915],[-122.841777725112,41.6281631157356],[-122.842308374324,41.6266738410695],[-122.842963647713,41.6242533708523],[-122.843266207487,41.6234885626947],[-122.843842547709,41.6216354968309],[-122.844360907967,41.6201562399764],[-122.844560180348,41.6195086039866],[-122.845584570589,41.6182349014147],[-122.846233698603,41.6174135751675],[-122.846943617409,41.6165264337728],[-122.847747747031,41.6155369222037],[-122.848648015252,41.6144139725253],[-122.849190140442,41.6138730864093],[-122.850218898291,41.612534220032],[-122.850458862558,41.6119918136941],[-122.850996786327,41.6105968686592],[-122.851015570998,41.6094165323086],[-122.851165831297,41.6080346614863],[-122.851212554472,41.6074264671529],[-122.851278729765,41.6070661515292]]},"properties":{"OBJECTID":604,"Name":"PCORP 69kV","kV":"69","Owner":"PCORP","Status":"Operational","Type":"OH","Source":"Pacific Power"}},{"type":"Feature","id":605,"geometry":{"type":"LineString","coordinates":[[-122.648989468114,41.7113413262855],[-122.648995330519,41.7114989971384],[-122.648803936363,41.7115637076606],[-122.648627373392,41.7118101753115],[-122.64747574308,41.7116765634816],[-122.645967556159,41.711726421507],[-122.645379209954,41.7117569710879],[-122.64416419721,41.7118734866643],[-122.642161555099,41.7118729756726],[-122.640760254223,41.7117566693206],[-122.638379062949,41.7113631502293],[-122.638199009126,41.7113431348888],[-122.637417803612,41.7120372706602],[-122.637072796644,41.7124051839559],[-122.636620295472,41.7198926875648],[-122.635109191722,41.7223044852063],[-122.632059385281,41.7263894925015],[-122.630797324172,41.7284864078902]]},"properties":{"OBJECTID":605,"Name":"PCORP 69kV","kV":"69","Owner":"PCORP","Status":"Operational","Type":"OH","Source":"Pacific Power"}},{"type":"Feature","id":606,"geometry":{"type":"LineString","coordinates":[[-122.847448902689,41.6779168918642],[-122.846334512036,41.6778516274974],[-122.845601055573,41.6778342814908],[-122.844437804654,41.6777582060493],[-122.843290165556,41.6777398334661],[-122.842443181803,41.677713771133],[-122.841614756347,41.6776847539292],[-122.840580516079,41.6776643436517],[-122.83970207602,41.6776404155789],[-122.839088336238,41.6776264182259],[-122.837831335339,41.677587154903],[-122.837405492572,41.6777120038536],[-122.836279851419,41.6780513273142],[-122.835623678816,41.6782330224168],[-122.834270219517,41.6786927156798],[-122.832936483628,41.6790505987422],[-122.832050671096,41.6793069906533],[-122.831718669937,41.679403526329],[-122.831160597855,41.6795657962184],[-122.829460953896,41.6800458371579],[-122.828833665723,41.6802297829423],[-122.827866441572,41.6810092273086],[-122.826996947835,41.6817018348111],[-122.826380434056,41.6822184434376],[-122.825678494984,41.6827806849661],[-122.824925616046,41.683391759015],[-122.824221859683,41.6839336786096],[-122.823678651126,41.6843418008957],[-122.822184420432,41.6849893348249],[-122.821468022077,41.6856552157942],[-122.820797734247,41.6862842912251],[-122.819392872449,41.6875220077628],[-122.818991839353,41.6882762147281],[-122.81843537256,41.6897791342549],[-122.818262939145,41.690365269961],[-122.818110470787,41.6913225870775],[-122.818413014391,41.6921544695676],[-122.818392027051,41.6930273694638],[-122.818347110389,41.6938968304989],[-122.818338358103,41.694678041798],[-122.818819026849,41.6952674672433],[-122.81954811211,41.6961216121197],[-122.818277411902,41.6974815285962],[-122.817923757752,41.6979405283006],[-122.817617606513,41.6983320797891],[-122.817272352508,41.6988076766491],[-122.816586713367,41.6997212680183],[-122.816947965469,41.7006333319458],[-122.817274046731,41.7013911699574],[-122.817283811418,41.7026409874784],[-122.8169990311,41.7033290073689],[-122.816319787964,41.7048068631483],[-122.815958539456,41.7057012870856],[-122.815539425968,41.7066705334304],[-122.814948450394,41.7081086566112],[-122.814439614973,41.7092170326079],[-122.814509262255,41.7101097877377],[-122.814574980306,41.7110085947208],[-122.813722271591,41.7111389146211],[-122.811967343513,41.7114284650964],[-122.811052800163,41.7115911470965],[-122.809888104753,41.7117983172092],[-122.808880683688,41.7119444085025],[-122.808129467531,41.7120724304036],[-122.807357191271,41.712202903724],[-122.806169965216,41.7117344746719],[-122.804704976481,41.7111044819689],[-122.802146924894,41.7124830679052],[-122.800545707545,41.7133584238138],[-122.79856709447,41.7136964038655],[-122.797615634853,41.7138588139089],[-122.794992821922,41.7142912233845],[-122.792153087408,41.7147646603409],[-122.791022483962,41.7149596280965],[-122.789632500061,41.7154627208043],[-122.787787602114,41.7161304320566],[-122.786133634793,41.7167290068838],[-122.785531362904,41.7169580287483],[-122.784842347895,41.7172061989953],[-122.783414950061,41.7176749757389],[-122.782956507432,41.7178030412098],[-122.781730912534,41.718078747451],[-122.780422955599,41.7184188302551],[-122.779957473771,41.7185360217122],[-122.779438975172,41.7186620169075],[-122.778399362081,41.718912149219],[-122.777507596413,41.7189794458436],[-122.775997156518,41.7190796125128],[-122.775038722382,41.7191312564171],[-122.774308423497,41.7191772384393],[-122.773616716237,41.7192207857851],[-122.772527005898,41.7192893842271],[-122.771333128716,41.7193645281587],[-122.768875230301,41.7195397709031],[-122.768175659188,41.7195837685874],[-122.766761243807,41.7198019307587],[-122.765931488844,41.7199614307899],[-122.764946919123,41.7201911491897],[-122.763320504928,41.7205388062074],[-122.762632043281,41.7206859618341],[-122.760076204245,41.7212332047386],[-122.759513317193,41.7213412549146],[-122.758610407924,41.7214617552874],[-122.757943827441,41.7215588914885],[-122.756973437627,41.7216965834933],[-122.755870195067,41.7218415292202],[-122.755388656752,41.7219047918035],[-122.754899650742,41.721969033236],[-122.753518467637,41.7221749522975],[-122.749615992006,41.7227126275183],[-122.748501298621,41.7228648556966],[-122.747522518542,41.7229963396425],[-122.746786668069,41.7230951832366],[-122.745806880978,41.7232267873965],[-122.744990046484,41.723336497664],[-122.74452148613,41.7233994275622],[-122.743903071515,41.7234824809339],[-122.742929955314,41.7236131657565],[-122.742273965968,41.7237012574284],[-122.738602890066,41.7242181971845],[-122.7378400551,41.7243182913235],[-122.737341581746,41.7244151610559],[-122.73568035963,41.7247379761958],[-122.734863685934,41.7251089344022],[-122.733604928828,41.7256552995665],[-122.732114065918,41.7263023847015],[-122.73143297405,41.7265979913253],[-122.73032299682,41.7270797307847],[-122.729690005243,41.7273544465539],[-122.729277955209,41.7275332724067],[-122.728624246685,41.7278169706198],[-122.727995048694,41.7280766784883],[-122.726035337969,41.728939458224],[-122.724140042738,41.7291287240236],[-122.723372378429,41.7292137953032],[-122.722759400418,41.7292622606881],[-122.721839427651,41.7293696644954],[-122.720423763612,41.7295207848062],[-122.719315207517,41.7296382503249],[-122.718227469879,41.7297563907277],[-122.717460653579,41.7298396691831],[-122.716445175524,41.7299444996846],[-122.714188184424,41.7301903839898],[-122.710373025039,41.7305869708499],[-122.709679732252,41.7306590264604],[-122.708630045453,41.7307761573817],[-122.708072226696,41.7308383988719],[-122.705998385014,41.7310697771597],[-122.705028525206,41.7311779723586],[-122.70390973191,41.7312907535136],[-122.703428736177,41.7313392515215],[-122.701704912266,41.7315174817042],[-122.701082588184,41.7315919121221],[-122.700558124771,41.731648968725],[-122.697303498852,41.7319878340249],[-122.696146237001,41.7321465516394],[-122.695182935793,41.7322260125326],[-122.694173154853,41.7323356538029],[-122.692357969583,41.7325192898246],[-122.691508267529,41.7326122744284],[-122.69086945936,41.7326821751914],[-122.689783763593,41.7328009696444],[-122.689195014044,41.7328653858759],[-122.688660182277,41.7329170361298],[-122.687660649318,41.7330269731954],[-122.686541437407,41.7331500634162],[-122.685218261214,41.7332955739],[-122.68288705939,41.7335421331742],[-122.682134979054,41.7336134990153],[-122.681474868238,41.7336887844014],[-122.680337980177,41.7338082681378],[-122.679470021661,41.7339069033745],[-122.678374024912,41.7340253007195],[-122.677429595511,41.7341163478124],[-122.676766828376,41.73418813132],[-122.675740825659,41.7342992480523],[-122.674612413203,41.7344214456004],[-122.673346521678,41.7345585181159],[-122.672218389496,41.7346806628831],[-122.671046061101,41.7348075830154],[-122.670324388738,41.7348857079559],[-122.669161710944,41.7350125365152],[-122.667849637928,41.7351556449389],[-122.666852567252,41.7352683802298],[-122.665819799322,41.7353780431209],[-122.664673043268,41.7354977422477],[-122.663480717476,41.7356222126661],[-122.662450478305,41.7357317938414],[-122.661397097633,41.7358342169118],[-122.660486488006,41.7359488970128],[-122.659434769217,41.7360577127725],[-122.658717213833,41.7357914349616],[-122.658505377614,41.7361586914124],[-122.657614546195,41.7363779522961],[-122.656773341305,41.7365651328882],[-122.655337001641,41.7369228212996],[-122.653648947746,41.737344872535],[-122.652748799899,41.7375525226983],[-122.652271466598,41.7376557814399],[-122.651768016576,41.7377891455336],[-122.651086660603,41.7379398887559],[-122.650217499243,41.7381673328373],[-122.647379145441,41.7388271887339],[-122.64705567109,41.7396555186624],[-122.643954525931,41.7388456799408],[-122.643647939009,41.7396437990885],[-122.64244840783,41.7430082237205],[-122.642157719293,41.7437936875747],[-122.641248666446,41.7436063249622],[-122.640079094082,41.7433597171897],[-122.638897009084,41.7431072000694],[-122.637710835854,41.742854756356],[-122.63649223434,41.7426122222906],[-122.635664814098,41.7424138731228],[-122.635288884423,41.742116754075],[-122.633629511939,41.74159690923],[-122.632800972396,41.7414786598996],[-122.631663102477,41.7413114078121],[-122.630508734099,41.7411414091224],[-122.629804484561,41.7410575145786],[-122.629174051386,41.7418623472401],[-122.628556123658,41.742673077585],[-122.628052685315,41.743364360779],[-122.62751576227,41.7442596550032],[-122.62690074688,41.7451504119174],[-122.625949618742,41.744822112161],[-122.625322518317,41.7446072025566],[-122.624103558375,41.7436868407433],[-122.623139294173,41.7431123524093],[-122.62134622812,41.7420775998299],[-122.620708157468,41.7416749870354],[-122.61907651418,41.7407908781129],[-122.61819402272,41.7403193957894],[-122.617314961027,41.739829352726],[-122.61570012971,41.7389540966502],[-122.615343969259,41.738745846397],[-122.615619734085,41.738216445697],[-122.615963362139,41.7375254509601],[-122.616346820594,41.7368028258604],[-122.616661530083,41.7361062695228],[-122.617092665724,41.7353426078785],[-122.617469379628,41.7346601674567],[-122.618311597818,41.734149812202],[-122.619190449304,41.7336325313677],[-122.6198933352,41.7332359559363],[-122.620544089165,41.7328712657224],[-122.621331290933,41.7324267247429],[-122.622222616426,41.7319153233737],[-122.622945950673,41.7315183069514],[-122.623664841852,41.7311121372265],[-122.624341851776,41.7306821906708],[-122.62513002642,41.7302653301428],[-122.626056689839,41.7297131220365],[-122.62672672704,41.7293171928177],[-122.62874516872,41.728256326279]]},"properties":{"OBJECTID":606,"Name":"PCORP 69kV","kV":"69","Owner":"PCORP","Status":"Operational","Type":"OH","Source":"Pacific Power"}},{"type":"Feature","id":607,"geometry":{"type":"LineString","coordinates":[[-122.997035189702,41.7425317380053],[-122.997050776371,41.7436520039366],[-122.997721553783,41.7447193448414],[-122.998797607933,41.7463865717579],[-122.999227487729,41.7470701576475],[-122.999836308336,41.7479132828417],[-123.000348926563,41.7483148485206],[-123.002049599991,41.7497582706113],[-123.00293971725,41.7503982046114],[-123.007165017749,41.7537588704325],[-123.008187303237,41.7545628288339],[-123.00965565796,41.7556926781955],[-123.011083909193,41.7567782091376],[-123.01129774057,41.7571001432583],[-123.011696378757,41.757658764091],[-123.012374541219,41.7588146561071],[-123.013977422249,41.7612432453088],[-123.014607499691,41.7621925998547],[-123.015376956139,41.7628942658449],[-123.016103237758,41.763589145238],[-123.017523068184,41.7626538136542],[-123.018869113687,41.7630971376132],[-123.020020674829,41.7635107282347],[-123.021300539649,41.7641313075023],[-123.021848050238,41.764450489048],[-123.022163809857,41.7658389375662],[-123.022311489297,41.7666222098347],[-123.022260238613,41.7670321187714],[-123.024109943445,41.7683150717177],[-123.025535012845,41.770539180795],[-123.026032980448,41.7711717797459],[-123.028222219712,41.7715102870655],[-123.028688929536,41.7715894151784],[-123.029829288687,41.7717795689333],[-123.031195533708,41.7720952976228],[-123.031838519042,41.7722380533966],[-123.032520635888,41.7724107641435],[-123.033641215035,41.7729857392768],[-123.034571550767,41.7738075272657],[-123.035107565616,41.7743798697425]]},"properties":{"OBJECTID":607,"Name":"PCORP 69kV","kV":"69","Owner":"PCORP","Status":"Operational","Type":"OH","Source":"Pacific Power"}},{"type":"Feature","id":608,"geometry":{"type":"LineString","coordinates":[[-123.035121274805,41.7744554128199],[-123.036462308608,41.774699581806],[-123.03788851797,41.7749571384976],[-123.039798116177,41.7761473545284],[-123.039960916958,41.7768542466438],[-123.039687299105,41.7782635801342],[-123.040963862616,41.7786754786311],[-123.042799525882,41.7796147707854],[-123.044764707347,41.7806674101301],[-123.04616293868,41.7813670285765],[-123.047952760916,41.7823016291474],[-123.049828445026,41.7832207633792],[-123.050498014205,41.7830704928962],[-123.05424403655,41.7824570238197],[-123.055815758616,41.7822184528994],[-123.056486505486,41.7821430073875],[-123.057612882359,41.7819701855261],[-123.058416859267,41.7818460642064],[-123.059258417195,41.7817158730132],[-123.060102064604,41.7815855917939],[-123.060900160242,41.7814554710778],[-123.062610506729,41.7811886259546],[-123.063931388624,41.7809732271959],[-123.065165557044,41.7808114852311],[-123.067326643106,41.7805252250955],[-123.069825817312,41.7802235557944],[-123.071033705517,41.780337405668]]},"properties":{"OBJECTID":608,"Name":"PCORP 69kV","kV":"69","Owner":"PCORP","Status":"Operational","Type":"OH","Source":"Pacific Power"}},{"type":"Feature","id":609,"geometry":{"type":"LineString","coordinates":[[-123.19210911472,41.8405723452934],[-123.192221438266,41.8403679873141],[-123.191613733366,41.8400918499622],[-123.191049393739,41.8398031113303],[-123.190537566029,41.8395061147419],[-123.189384107645,41.8391932592656],[-123.18609310894,41.8376892857237],[-123.184400436806,41.8369745485391],[-123.182967841321,41.8362255857367],[-123.183275128928,41.835295194355],[-123.183572438948,41.834566325372],[-123.182726968857,41.8343970496689],[-123.181045047761,41.8340475656426],[-123.1802373662,41.8338737592903],[-123.178316786089,41.8334946267884],[-123.176962770733,41.8333113921724],[-123.174304800436,41.8330023998907],[-123.173157700327,41.8328751632858],[-123.17180993994,41.8327256564714],[-123.170170297154,41.8325291534864],[-123.169074038097,41.8324221150921],[-123.167919394835,41.8322454348851],[-123.166481186675,41.8320891361759],[-123.164505577566,41.8318572325598],[-123.162326160483,41.8315787479151],[-123.160647567644,41.8313001616571],[-123.158427869205,41.8307672615255],[-123.156565036393,41.8303353600862],[-123.154316728409,41.8297325123667],[-123.152703461058,41.8293660859995],[-123.15195134479,41.8291731223573],[-123.151008379643,41.8289311863692],[-123.149743666707,41.8286066856514],[-123.148284190933,41.8282321928675],[-123.146432388535,41.8277570021177],[-123.144373911638,41.8270700843019],[-123.142297704692,41.8263932047512],[-123.139556081479,41.8254608222174],[-123.138132764692,41.8249837037443],[-123.137527698144,41.8247914940405],[-123.136872914337,41.8236770510313],[-123.136304302321,41.822787787386],[-123.135983326186,41.8222609739019],[-123.134962504053,41.8205788316756],[-123.134374666294,41.8197042874104],[-123.133783433801,41.8187115304762],[-123.133410228717,41.8181535418045],[-123.132316559503,41.8174802441584],[-123.131378402139,41.8168555341724],[-123.130720635925,41.8164803091794],[-123.129708375635,41.8158048073315],[-123.128967587123,41.8153104519495],[-123.127647255895,41.8144293206223],[-123.126773670332,41.8138698397575],[-123.125589330563,41.8130912682522],[-123.124564669929,41.8124137802822],[-123.123932984503,41.812051247974],[-123.122349237589,41.8109469928572],[-123.121795357046,41.8105931049947],[-123.120825190912,41.8099985554861],[-123.120028234338,41.8094800921655],[-123.118528229273,41.8085617676661],[-123.117048173096,41.8076431199811],[-123.115506787138,41.8066863634333],[-123.114269294952,41.8059529321181],[-123.110292960737,41.8035259098373],[-123.104748398005,41.8034964016666],[-123.101702025824,41.8035311745125],[-123.099429082441,41.8027485612719],[-123.098598677996,41.802024095708],[-123.097928960595,41.8014255545344],[-123.097155874953,41.8006729366853],[-123.096019787291,41.7995873535853],[-123.095320266485,41.798361188418],[-123.09410492316,41.7963875432349],[-123.092726481713,41.7958101693773],[-123.091445260437,41.7953621805362],[-123.088909133134,41.7958329691938],[-123.087060975201,41.7953697202542],[-123.08619927435,41.794703685416],[-123.085447197607,41.7941376584231],[-123.084637680789,41.7935959493622],[-123.084612517181,41.7929567689891],[-123.084585283855,41.7922698931487],[-123.084295569091,41.7917479482896],[-123.083246195804,41.7908358563472],[-123.082366907736,41.7903263971175],[-123.079136001832,41.7895515588562],[-123.078343088575,41.7870722993574],[-123.078001739547,41.7861453660612],[-123.078024851403,41.7858564203148],[-123.078221692044,41.7854677472183],[-123.077744915699,41.7843542296225],[-123.077605874459,41.7840300476226],[-123.075705086929,41.7826422092023],[-123.074965079052,41.7820903731901],[-123.072856784284,41.780562314777],[-123.071033705517,41.780337405668],[-123.071173910974,41.7802270458644]]},"properties":{"OBJECTID":609,"Name":"PCORP 69kV","kV":"69","Owner":"PCORP","Status":"Operational","Type":"OH","Source":"Pacific Power"}},{"type":"Feature","id":610,"geometry":{"type":"LineString","coordinates":[[-123.192221438266,41.8403679873141],[-123.192907993688,41.8406337206893],[-123.19402749306,41.8410708309586],[-123.195134984651,41.8415250292537],[-123.19676687318,41.8421218873714],[-123.197602030611,41.8424917929787],[-123.198109065809,41.8427706537597],[-123.198924821427,41.8431009965851],[-123.199815905273,41.8434618359889],[-123.200717914429,41.8438270888337],[-123.201574202931,41.8441738191913],[-123.202473930367,41.8445728575545],[-123.204017880117,41.8448050450147],[-123.204963856417,41.8452200753238],[-123.205493035086,41.8454681465077],[-123.208578546864,41.8453257512402],[-123.20976880204,41.845270800642],[-123.21040341238,41.8449499911028],[-123.211668494524,41.8443408318694],[-123.212815833584,41.8437802792851],[-123.214322795203,41.8432357348993],[-123.215132862688,41.8429776093516],[-123.215784710801,41.8429682127884],[-123.217409731709,41.8429844079894],[-123.218918117157,41.8438144433594],[-123.220017328976,41.8444341777446],[-123.22121178647,41.8451090529874],[-123.22247068551,41.845794270193],[-123.22394318955,41.846958640589],[-123.225256667531,41.8482644105496],[-123.226043290784,41.8490570142383],[-123.22716987427,41.850153068835],[-123.227724495025,41.8506598541822],[-123.228258572208,41.8512243920926],[-123.228635059736,41.851768965509],[-123.229791337932,41.853569933576],[-123.230178629499,41.8541406189792],[-123.231816972423,41.8566249975897],[-123.232329970637,41.8574275785937],[-123.233123241424,41.8579230934152],[-123.233895472768,41.8584479327079],[-123.236444304046,41.8595702377964],[-123.238635231243,41.8598547705763],[-123.240390987568,41.8600640600597],[-123.242469810408,41.8603442050754],[-123.243603628925,41.8612915568076],[-123.24504815853,41.8624588396856],[-123.245686572337,41.8629918492142],[-123.246207711085,41.8634079102177],[-123.246571990509,41.8638208041196],[-123.247201659218,41.8644629889487],[-123.248092410687,41.8653867707298],[-123.249902436034,41.8672691649399],[-123.250651862747,41.8673602483549],[-123.252195693919,41.8675326070817],[-123.253039579382,41.8675897608598],[-123.25433172507,41.8671839475927],[-123.255672713956,41.8667823248795],[-123.258679383297,41.8661554007214],[-123.260336481247,41.8658823275698],[-123.26327724928,41.8669426189094],[-123.264810647419,41.8675421953748],[-123.266717370119,41.8682462603456],[-123.268384624422,41.8688893145127],[-123.269337135067,41.8692221520959],[-123.270330855926,41.8695467197839],[-123.271357983333,41.8699788040822],[-123.271774197957,41.8701187523413],[-123.272742460561,41.8699593205127],[-123.274331285651,41.8696614411086],[-123.275956013708,41.8693794056649],[-123.276848151278,41.8693730660543],[-123.2790856687,41.8694068057265],[-123.281267318995,41.8694108575364],[-123.285342807454,41.8694183243183],[-123.28649686771,41.8694055688441],[-123.289372355172,41.8694027184622],[-123.292318240009,41.8694003671145],[-123.294026835679,41.8694110160768],[-123.29530015717,41.8694162010819],[-123.29833683114,41.8694401326411],[-123.298913144412,41.8692451438553],[-123.301835704493,41.86839625144],[-123.303268428438,41.8679773236181],[-123.304393094919,41.8679503142865],[-123.305710336841,41.8679374501476],[-123.307506717677,41.867979208752],[-123.309300313737,41.8679610344003],[-123.31145602967,41.8679573363794],[-123.313913281298,41.8679720843104],[-123.314797154367,41.8679944844886],[-123.320908122852,41.8679587713025],[-123.330604790456,41.8669669594677],[-123.332256376343,41.8668077030773],[-123.333277645837,41.8666685416433],[-123.333901341647,41.866258608304],[-123.335986880292,41.8646920295085],[-123.337826800674,41.863308245127],[-123.338530194118,41.8628047906756],[-123.340294399996,41.8627667838792],[-123.341210079715,41.8627413953802],[-123.342517419507,41.8627007907538],[-123.344304032063,41.8626727040825],[-123.34547629039,41.8626392679353],[-123.3463101264,41.8626188321239],[-123.34790430994,41.8625797474288],[-123.348994412843,41.8625676495732],[-123.35446481875,41.8624539070056],[-123.360129129604,41.8622480025651],[-123.361381687436,41.8622218792741],[-123.363625197518,41.8621837610736],[-123.364839079284,41.8621514365862],[-123.366786196527,41.8621431942273],[-123.367759120488,41.8620808265649],[-123.371668611961,41.8614271171824],[-123.375079787284,41.8619334512598],[-123.376221831675,41.8616801338565],[-123.377238105637,41.861448702099],[-123.379740248775,41.8608635444237],[-123.380655730864,41.860731087188],[-123.381700318826,41.8609190596743],[-123.382754319335,41.8610805204803],[-123.383459376459,41.860917546316],[-123.384721256109,41.8606174249833],[-123.386456326029,41.860234181106],[-123.387340244912,41.8600697723608],[-123.388367304946,41.8590238728348],[-123.388873465184,41.8585068769847],[-123.389351557562,41.858018542418],[-123.390292641637,41.8570572742626],[-123.390759220307,41.8565806750116],[-123.391503123279,41.8557601176609]]},"properties":{"OBJECTID":610,"Name":"PCORP 69kV","kV":"69","Owner":"PCORP","Status":"Operational","Type":"OH","Source":"Pacific Power"}},{"type":"Feature","id":611,"geometry":{"type":"LineString","coordinates":[[-123.372545364085,41.803583946462],[-123.373671566685,41.8046903433966],[-123.374424813933,41.805604234299],[-123.376832906155,41.8081451839064],[-123.377419268881,41.8086509500339],[-123.37815746216,41.8094066921476],[-123.37887501485,41.8101722780125],[-123.37948096534,41.810805744739],[-123.380133798006,41.8114778082636],[-123.381456967911,41.8128701229201],[-123.383328485634,41.8148280918455],[-123.384019619769,41.8155448853261],[-123.383684662254,41.8164879019812],[-123.38345651802,41.8171085918964],[-123.3831058867,41.8180835453372],[-123.382955963269,41.8185030101725],[-123.382765659668,41.8191169550358],[-123.382684699901,41.8195016235039],[-123.38219204224,41.8219860283605],[-123.382303142281,41.8224357496677],[-123.382428744724,41.8229094375396],[-123.382549039022,41.8233517498225],[-123.382676615962,41.8239471547448],[-123.38275842284,41.8252257001702],[-123.382753033846,41.8256341339635],[-123.382738306866,41.826408129616],[-123.382720226474,41.827834047309],[-123.382718098365,41.8284716106316],[-123.382707118257,41.8291638502776],[-123.38268796348,41.829925074715],[-123.382611758497,41.8302895641135],[-123.38254821886,41.8305992763273],[-123.382465678957,41.830991154981],[-123.382368429141,41.8313948886711],[-123.382243320771,41.8320156917884],[-123.382072648952,41.8328024661027],[-123.381998752638,41.8331754904227],[-123.381636324642,41.8337840257205],[-123.381969080386,41.8345587521161],[-123.382342122876,41.8352463699837],[-123.382499858057,41.8357636903748],[-123.382797569623,41.8362428053249],[-123.382878723426,41.8370658176606],[-123.382941286594,41.8378993564993],[-123.383012840999,41.8387613089378],[-123.383067579841,41.8394303090147],[-123.38310904338,41.8399406433665],[-123.383138387747,41.840316637044],[-123.383144914906,41.8408551281864],[-123.382924930968,41.8413681696282],[-123.383009794812,41.8422781983879],[-123.383268105372,41.8427311527222],[-123.383509937237,41.843198873556],[-123.383940493464,41.8435798792614],[-123.384856853207,41.8443790871854],[-123.38556584585,41.8449933085685],[-123.38597748805,41.8453375672789],[-123.386944227111,41.8461912855276],[-123.387847787658,41.8471211892602],[-123.388453931286,41.8479401584136],[-123.388579490609,41.8485313357031],[-123.388701791744,41.8492945179381],[-123.388360669091,41.8501102466871],[-123.388235025326,41.8505591688529],[-123.388112650529,41.8509965432091],[-123.387989116008,41.8514497074904],[-123.387867566764,41.8519044898628],[-123.3883748481,41.8528920656226],[-123.388899247731,41.8538378737111],[-123.389738749416,41.8545431367343],[-123.390180172563,41.8548956970816],[-123.390604598687,41.8552245206807],[-123.391503123279,41.8557601176609],[-123.39292388885,41.8567725811692],[-123.394790526925,41.8582162209578],[-123.396313213553,41.8592813100822],[-123.398261743846,41.8607838314029],[-123.399953897652,41.8620888347737],[-123.401804384916,41.8635614764682],[-123.402597808416,41.8642831913605],[-123.402851460313,41.8651665318987],[-123.403095493948,41.8660615928344],[-123.403384428974,41.8670433165785],[-123.404105394363,41.8680057605018],[-123.404635577349,41.8687084463358],[-123.405047388432,41.8692755268139],[-123.406314699295,41.8704773007527],[-123.408434808706,41.8719884489252],[-123.409612333855,41.8728029256622],[-123.410613053488,41.8734884461969],[-123.41121905069,41.873936250411],[-123.412124574056,41.8745212088445],[-123.414703349776,41.8755102627258],[-123.4163118327,41.8760585429368],[-123.417341389152,41.8763879252464],[-123.417593751966,41.876551114816],[-123.418562188843,41.8772711139116],[-123.419575395059,41.877928303221],[-123.419823905897,41.8789111075074],[-123.420055216693,41.8796422182009],[-123.420955646612,41.8801450845795],[-123.421403988583,41.8804938298797],[-123.423029104713,41.8813096127891],[-123.426558467785,41.882079324077],[-123.428858270795,41.8825995837112],[-123.42953779151,41.8827454306364],[-123.430289746081,41.8830242697422],[-123.430530578121,41.8831540323303],[-123.431403571694,41.8839147722573],[-123.431770490368,41.8843544257682],[-123.431936136113,41.8847778374678],[-123.432469310489,41.8860069710164],[-123.432900076922,41.8870669579612],[-123.433342545709,41.8879470571911],[-123.433690449743,41.8892423550321],[-123.433340723925,41.8924440168839],[-123.433587150672,41.8939520986058],[-123.433843418463,41.8948530246521],[-123.435631143134,41.8963255514217],[-123.437461578205,41.8981526982904],[-123.43801606511,41.898751913762],[-123.439033917413,41.9004524981401],[-123.439310850048,41.9013041299616],[-123.439846982576,41.9024231078359],[-123.440119566468,41.9028944858939],[-123.440845906477,41.904492557737],[-123.441449892352,41.9059476981928],[-123.442597773097,41.9076984652106],[-123.445251338954,41.908611581966],[-123.44670190344,41.909076127405],[-123.448939056146,41.9101314917593],[-123.452272479586,41.9111300213674],[-123.453436109595,41.9114773320326],[-123.454471666793,41.9123881532661],[-123.457011299322,41.9125318217379],[-123.460342715927,41.9135660229059],[-123.465293025132,41.9143169724427],[-123.466919371055,41.9151678878994],[-123.468317780254,41.9164877187354],[-123.469635832457,41.9177918333213],[-123.469962008041,41.9184366053925],[-123.470512375273,41.9195946202551],[-123.471503812615,41.9206509743981],[-123.472522386264,41.9222617985021],[-123.473114428139,41.9232932941281],[-123.473482618828,41.9239816849414],[-123.474187590611,41.9248787324961],[-123.473470105296,41.9250614307158],[-123.473484154048,41.9261631349855],[-123.473417528699,41.9279022745641],[-123.473417596971,41.9286461649592],[-123.474668333917,41.9289747862238],[-123.475588552823,41.9292229293808],[-123.477044093078,41.929634257855],[-123.477821133104,41.9298666650093],[-123.478334433152,41.9300082277123],[-123.479102439719,41.9302200308493],[-123.479586997272,41.9335094216013],[-123.479804694099,41.9348634515919],[-123.480387632447,41.938110750486],[-123.480661089501,41.9403743187474],[-123.48615766423,41.9440952578758],[-123.487334371912,41.9449213491045],[-123.490273493334,41.9469788498109],[-123.492852422665,41.9487727966058],[-123.495398891374,41.9505520729562],[-123.497283860471,41.9519053996935],[-123.501595827734,41.9525826742657],[-123.502751328887,41.9527711848738],[-123.510553739712,41.9542817896236],[-123.515338346578,41.9531063110919],[-123.516925573566,41.9527411142056],[-123.521576321573,41.9555864369831],[-123.522868282208,41.9583599587741],[-123.524287598797,41.9615875065267],[-123.529032748063,41.9628093346108],[-123.530379753865,41.9651408322492],[-123.531424352607,41.9667655844955],[-123.532324717847,41.968234298754],[-123.534271550324,41.9691411965683],[-123.537101791441,41.9704687808863],[-123.53872873654,41.9718634074277],[-123.540172781953,41.9731055110445],[-123.540829318373,41.9751458367294],[-123.541574166372,41.9762713666342],[-123.542182526144,41.9772490595371],[-123.54301075487,41.9785430145872],[-123.544097762177,41.9792664091939],[-123.545801806084,41.9802915984246],[-123.548286021544,41.9816647707725],[-123.548601488312,41.9820750724613],[-123.548928966454,41.982597399179],[-123.551723510319,41.9858720825061],[-123.552617495723,41.9870089101951],[-123.555861417317,41.9912251727675],[-123.557000615845,41.9935612124988],[-123.557672732645,41.9952308935442],[-123.552733046018,41.9981724249385],[-123.5514577662,41.9989151795994],[-123.549367001156,42.0001572775959],[-123.547095983761,42.0014318603549],[-123.54823253675,42.0036856831438],[-123.549343222751,42.0059563422867]]},"properties":{"OBJECTID":611,"Name":"PCORP 69kV","kV":"69","Owner":"PCORP","Status":"Operational","Type":"OH","Source":"Pacific Power"}},{"type":"Feature","id":612,"geometry":{"type":"LineString","coordinates":[[-122.905640793919,41.4931166042169],[-122.905865363756,41.4931210942775],[-122.905919633678,41.4933518922555],[-122.906086873932,41.4940999624351],[-122.906235007919,41.4947843741737],[-122.90629314958,41.4954886726989],[-122.906349410167,41.4959029825568],[-122.906353313347,41.4963511024878],[-122.906360981367,41.4972315767848],[-122.906368170584,41.4980570382372],[-122.906375359801,41.4988825006067],[-122.90638215376,41.4996625443996],[-122.906386814219,41.5004333621946],[-122.906391046183,41.5012132776438],[-122.906395747066,41.5020795992422],[-122.906401248349,41.5030935573876],[-122.906404952103,41.5037760367851],[-122.906409793124,41.5046683339591],[-122.906414337701,41.505505857729],[-122.906418831074,41.5063337815365],[-122.906423375651,41.5071712427277],[-122.90646374594,41.5088359821449],[-122.906484105358,41.5096755582221],[-122.906490417819,41.5122500441055],[-122.906492220738,41.5138393640886],[-122.906493083121,41.5145982283524],[-122.906493951792,41.5153641740048],[-122.906462165804,41.5160617127521],[-122.906519647202,41.518625624879],[-122.906522348436,41.5193558099854],[-122.906525094586,41.52009791523],[-122.906567430389,41.5206989801468],[-122.906567227369,41.5211421457749],[-122.906566915654,41.5218221959222],[-122.906566396428,41.5229532786393],[-122.906566057763,41.5236956109785],[-122.906565679572,41.5245188559689],[-122.90655589602,41.5253543924949],[-122.906554228747,41.5260272890826],[-122.90660707933,41.5266919893847],[-122.906618619088,41.5284360361001],[-122.906624380883,41.5293068992606],[-122.906621343679,41.5301660582049],[-122.906647935608,41.5310365719266],[-122.906640685305,41.5318861763532],[-122.906620757977,41.5336357013558],[-122.906572018085,41.534435955551],[-122.906532984489,41.5350768507065],[-122.906580543097,41.5357848947784],[-122.906569282715,41.536591209785],[-122.906561554508,41.5374052165201],[-122.906556571553,41.5381897947802],[-122.906451654616,41.5390711383302],[-122.906136766363,41.539865396866],[-122.905781553635,41.5406424213943],[-122.905460876638,41.5414279057317],[-122.905080597321,41.5422183956586],[-122.90474835182,41.5429766097723],[-122.904329519505,41.5439324017501],[-122.903985377615,41.5447177264495],[-122.903641258182,41.5454911959079],[-122.903278619082,41.5463135564371],[-122.902917003162,41.5471335796473],[-122.902554784474,41.5479549491583],[-122.902239329383,41.5487688303366],[-122.901834231411,41.5495873756528],[-122.901444816227,41.5504171718734],[-122.901066155674,41.5512240298171],[-122.900686282394,41.5520334517643],[-122.900253264783,41.552840495915],[-122.90018562793,41.55327452673],[-122.899125234111,41.5545584581698],[-122.898461156334,41.5553592130726],[-122.897786388605,41.5559096510674],[-122.897010594542,41.556487767382],[-122.896225469679,41.5570728224048],[-122.895444821121,41.5576545279414],[-122.894697515331,41.5582113752453],[-122.893916144527,41.5587925408508],[-122.893067615672,41.5593583271003],[-122.892290384306,41.5599237971794],[-122.891487090117,41.5605082168177],[-122.890735733824,41.5610548367616],[-122.889921225966,41.5616473853276],[-122.889124329579,41.5622271085158],[-122.888313547933,41.5628169180944],[-122.887502368333,41.5634216531888],[-122.886696231875,41.564020053821],[-122.885886892923,41.5646208161414],[-122.885150768463,41.5652271427373],[-122.884292761484,41.5658025107705],[-122.883516601808,41.5663783051737],[-122.882698972304,41.5669848518571],[-122.881875567531,41.5675502027761],[-122.881075182986,41.5681364991419],[-122.880253291875,41.5687399874684],[-122.879385042305,41.5693731699264],[-122.878694294445,41.5699283059681],[-122.87809623296,41.5705027981028],[-122.877507476225,41.5711510536905],[-122.87695767044,41.5718222822404],[-122.876371242138,41.5724989413292],[-122.875783850841,41.5732117711203],[-122.875117225442,41.5738952078627],[-122.874462198191,41.5745521247168],[-122.873542679073,41.5752532589333],[-122.871915525565,41.5762296282901],[-122.871126915238,41.5767402566229],[-122.870296268248,41.5772268853094],[-122.869505793917,41.5777318052652],[-122.867827198384,41.5787512271878],[-122.866990912668,41.5792806448138],[-122.866125241263,41.5797852550628],[-122.865339058184,41.580299092132],[-122.864941990252,41.5805945047492],[-122.864216652763,41.5812410376337],[-122.863574977172,41.5819978284315],[-122.862927993437,41.5827640954353],[-122.862206928334,41.5835230266225],[-122.861064282971,41.5850809647486],[-122.860079246126,41.5860928494895],[-122.859145833664,41.5871847165514],[-122.858670580861,41.5880826473866],[-122.858323914705,41.589730009676],[-122.85836718206,41.590559557163],[-122.858386307193,41.5914325820301],[-122.858402185814,41.5922245404068],[-122.858442910937,41.5930827577855],[-122.858473754592,41.5939316543225],[-122.858335641312,41.5948368899832],[-122.8582062902,41.5956384557126],[-122.858086702876,41.5964582097535],[-122.857941686941,41.5972705301383],[-122.857728964085,41.5986881783291],[-122.857470217842,41.5994065439126],[-122.857291142284,41.600064550137],[-122.857423880045,41.6010458289789],[-122.856677555216,41.6015710911189],[-122.8563669124,41.6023656926434],[-122.855396890895,41.6028482919619],[-122.854170312342,41.603417839569],[-122.853190756118,41.603900637236],[-122.852226455983,41.6043687630959],[-122.851427198824,41.6047615480781],[-122.851209236095,41.6048619442971],[-122.850444630549,41.6052722113952],[-122.850142355541,41.6054172105387]]},"properties":{"OBJECTID":612,"Name":"PCORP 69kV","kV":"69","Owner":"PCORP","Status":"Operational","Type":"OH","Source":"Pacific Power"}},{"type":"Feature","id":613,"geometry":{"type":"LineString","coordinates":[[-122.905865363756,41.4931210942775],[-122.905684620026,41.4922502602891],[-122.905537113063,41.4914077398046],[-122.905336438412,41.4905726553062],[-122.905152419424,41.4897844628486],[-122.90496581778,41.4889851994619],[-122.904875718554,41.4884319436801],[-122.904693086565,41.487658969658],[-122.904536747366,41.4871058431936],[-122.904247089196,41.486443700661],[-122.903842589502,41.4857001389684],[-122.903452348766,41.4849413020921],[-122.903055093086,41.4842536200734],[-122.902673960369,41.4835810570805],[-122.902367686959,41.4828907286163],[-122.902139741253,41.4820384687858],[-122.901863920731,41.4811667650478],[-122.901649269192,41.4804467752508],[-122.901406927085,41.4796338886934],[-122.901161157905,41.478809488036],[-122.900912574303,41.4779094743751],[-122.900628446161,41.4769861537223],[-122.900418226012,41.4760811799622],[-122.900119879336,41.4756820283265],[-122.899416990746,41.4746153024471],[-122.899172719955,41.4742753157156],[-122.898740520709,41.4729681897094],[-122.898480305721,41.472296027869],[-122.898662812844,41.4715478270924],[-122.89887951883,41.4708968754101],[-122.899030619054,41.4701012716359],[-122.898784855263,41.4691934870654],[-122.898530665276,41.4682838272391],[-122.898223100089,41.4665049186664],[-122.89819663572,41.4657302263874],[-122.898135264617,41.4648890850437],[-122.898177510588,41.464097865283],[-122.89818527293,41.4633728282217],[-122.897128589153,41.4631617930717],[-122.894590512506,41.4627756317726],[-122.893381033384,41.4625935592225],[-122.891363861921,41.4622726192949],[-122.890284573837,41.4621143574778],[-122.889362966136,41.4619337795806],[-122.888224357801,41.461472350115],[-122.887145601519,41.4608974454896],[-122.885071636768,41.4597905297273],[-122.882907945592,41.4586688264799],[-122.881801233738,41.4581972705841],[-122.880635218703,41.457852230616],[-122.879697484446,41.4576383290293],[-122.878314184909,41.4573113235811],[-122.877087895613,41.4570068641307],[-122.875989210207,41.4567331006596],[-122.874882955596,41.4564557644387],[-122.873787062153,41.4561893916365],[-122.872703178287,41.4559133935439],[-122.871870731073,41.4553873123942],[-122.87272511874,41.4550865549479],[-122.873403097946,41.4546406333283],[-122.872234407728,41.454024278526],[-122.871283028061,41.453495552891],[-122.869134245325,41.452369958213],[-122.868384397303,41.4519730831149],[-122.868231610941,41.4514113906714],[-122.868183690313,41.4504350052243],[-122.86815470617,41.4494702885848],[-122.868139137468,41.4485171382541],[-122.868116341819,41.4475624959326],[-122.86806999414,41.4465947132242],[-122.868031442042,41.4456352819411],[-122.868001711399,41.4446773744545],[-122.867971663651,41.4437091992267],[-122.867946562925,41.4429004061692],[-122.867916516974,41.4419322212631],[-122.867878491288,41.4409659027497],[-122.867847075406,41.4401675209128],[-122.867814514172,41.4393400149396],[-122.867797354553,41.4389039215839],[-122.867781102233,41.4384988047503],[-122.867770752743,41.4375456104274],[-122.867740957421,41.4365962866034],[-122.867710892606,41.435638407318],[-122.867680773891,41.4346787817147],[-122.867646324398,41.4337191984971],[-122.86760745699,41.432760257753],[-122.867573348857,41.4318878571139],[-122.867428576366,41.4311692342092],[-122.86705751556,41.4302500003711],[-122.866440259772,41.4294272672183],[-122.865815899209,41.4285975834872],[-122.865156240244,41.4277366243829],[-122.864601729084,41.4268988626284],[-122.864219364777,41.4260277727891],[-122.863877806441,41.4251232147676],[-122.863718299783,41.4245652128417],[-122.863650032313,41.4242367824408],[-122.863494011117,41.4232989521949],[-122.863320477266,41.4223698780585],[-122.863141838288,41.4214443944638],[-122.862984306127,41.4205419046107],[-122.862911105109,41.419982157688],[-122.86275339059,41.4193358559342],[-122.862546614581,41.4186563775873],[-122.862260416721,41.4178467428572],[-122.861993731168,41.4170447737109],[-122.861950441355,41.416312166914],[-122.861443883162,41.4154680424307],[-122.861005873613,41.4149347571032],[-122.860409644691,41.4142088202804],[-122.859880776839,41.4135936221843],[-122.859317636462,41.4129408977846],[-122.858774368616,41.4122491307783],[-122.858182240503,41.4115452099714],[-122.85759329602,41.4108555631329],[-122.856980232669,41.4101057515201],[-122.856375483227,41.4093660898924],[-122.85578809193,41.4086777404636],[-122.855176033795,41.4079612828291],[-122.854316063997,41.407245251196],[-122.853720315673,41.4068873173147],[-122.852686054744,41.406420716655],[-122.851500734015,41.40591667368],[-122.850450533379,41.4057964721287],[-122.849252885069,41.4056830344058],[-122.848446883359,41.4051320243959],[-122.847529315381,41.4045183796724],[-122.84656485355,41.4038680679166],[-122.846157976015,41.4032376962359],[-122.845729060111,41.4025788304545],[-122.845294112918,41.4019159777596],[-122.844796960986,41.4002729164078],[-122.844635248065,41.3994638038838],[-122.844429789885,41.3986402507832],[-122.844250060352,41.3978349784695],[-122.844088948405,41.3970203759228],[-122.843903914321,41.3961589739467],[-122.843446501161,41.395336583875],[-122.842978628917,41.394604108307],[-122.842509556523,41.3938902935279],[-122.841935335427,41.3930519105414],[-122.84097337181,41.3917156344157],[-122.840376839258,41.3908837820767],[-122.839118450462,41.3894050216877],[-122.838750657726,41.3883245086556],[-122.838349776446,41.3875707073295],[-122.837889076351,41.3867664705913],[-122.83740707181,41.3859560286646],[-122.836871480967,41.3851690867592],[-122.836442647708,41.3846293984936],[-122.834949018885,41.3826370565739],[-122.833874243038,41.3813135825745],[-122.833260054099,41.3803758006378],[-122.832743018855,41.3795513613136],[-122.832783630791,41.3788744010566],[-122.832828256399,41.3781305081004],[-122.832872039388,41.3774006589851],[-122.832916631759,41.3766572803464],[-122.832936409966,41.3763275669619],[-122.832959390668,41.3759125126835],[-122.833000467033,41.3751706088058],[-122.833041508363,41.3744293200096],[-122.833107758217,41.3737194921876],[-122.833076378267,41.3728697322311],[-122.832925977831,41.3728576931663]]},"properties":{"OBJECTID":613,"Name":"PCORP 69kV","kV":"69","Owner":"PCORP","Status":"Operational","Type":"OH","Source":"Pacific Power"}},{"type":"Feature","id":614,"geometry":{"type":"LineString","coordinates":[[-122.287720948887,41.1851128304867],[-122.287906290194,41.1847550993677],[-122.288303136243,41.1841164659709],[-122.288999459945,41.1832792671347],[-122.289166330094,41.1827965500649],[-122.289414211214,41.1823138842001],[-122.289631689751,41.1819574379161],[-122.28978308552,41.1816880187126],[-122.289980827172,41.181284425328],[-122.290141136026,41.1809136995583],[-122.290560524398,41.1800309838244],[-122.290726801659,41.1796570826808],[-122.290909924128,41.1792399645204],[-122.291123453671,41.1788238220558],[-122.291299727384,41.1784018845518],[-122.290735579996,41.1782389636738]]},"properties":{"OBJECTID":614,"Name":"PCORP 69kV","kV":"69","Owner":"PCORP","Status":"Operational","Type":"OH","Source":"Pacific Power"}},{"type":"Feature","id":615,"geometry":{"type":"LineString","coordinates":[[-122.319651648306,41.1461041041043],[-122.319561595792,41.1462802275434],[-122.319080942318,41.1461545722172],[-122.31863619181,41.1460519089433],[-122.317724366763,41.1458809997553],[-122.317082800766,41.1458529501524],[-122.316534624526,41.1465934448238],[-122.315663838113,41.1477615418313],[-122.315054849521,41.1483805354778],[-122.313942477383,41.148896450484],[-122.314902082922,41.1501237541751],[-122.314253879274,41.1512437537932],[-122.314058876586,41.1515973105175],[-122.313607543224,41.152139451295],[-122.312992885364,41.1530084373877],[-122.312698668244,41.1533347437701],[-122.311017571801,41.1543562040617],[-122.310551311134,41.154621390646],[-122.310222440603,41.1548084342349],[-122.30940370168,41.1552740783919],[-122.308538537824,41.1557847812143],[-122.308158280964,41.1561720961987],[-122.307774790169,41.1566372687195],[-122.307273043354,41.1571936259048],[-122.30535475754,41.159263617573],[-122.304331297953,41.1607511703289],[-122.304077493343,41.1613439724898],[-122.303221907324,41.1626254657142],[-122.302438448835,41.1638420449335],[-122.302055472775,41.1644494327174],[-122.300989083599,41.1659832076187],[-122.300731289571,41.1662910755976],[-122.300363159069,41.1668139008922],[-122.299698087755,41.167825711523],[-122.299574944001,41.1680382825297],[-122.299090358601,41.1687373929948],[-122.299097573869,41.1699379622565],[-122.298650384436,41.1710433628435],[-122.298465680034,41.1715598622399],[-122.297878046192,41.172978365895],[-122.297341156385,41.1737848120544],[-122.296041466645,41.1737765349777],[-122.295844677207,41.1740325166663],[-122.295509350485,41.1744687008085],[-122.294555492367,41.17539632768],[-122.294200301198,41.1759276884397],[-122.293761541556,41.176293655962],[-122.29270521441,41.1771750799242],[-122.291609501528,41.1781089706955],[-122.291478297191,41.1782495065758],[-122.291077468912,41.1783453784139]]},"properties":{"OBJECTID":615,"Name":"PCORP 69kV","kV":"69","Owner":"PCORP","Status":"Operational","Type":"OH","Source":"Pacific Power"}},{"type":"Feature","id":616,"geometry":{"type":"LineString","coordinates":[[-122.319655243364,41.1460064682255],[-122.319653434157,41.1454165247906],[-122.319715571523,41.1448243971213],[-122.319752646791,41.1442756637566],[-122.319919356142,41.1431187729952],[-122.319958035801,41.1425604637267],[-122.320846842418,41.1397694211369],[-122.321574742801,41.1379463383152],[-122.321772349706,41.1373554638268],[-122.322396916882,41.1370906058985],[-122.323161196339,41.1367630549935],[-122.323676553529,41.134701549625],[-122.323797772194,41.1328419682364],[-122.323719785851,41.1323010982514],[-122.32437105994,41.1309367936621],[-122.325824897888,41.1284471906925],[-122.326408517158,41.1275048242088],[-122.32668164453,41.1264599261815],[-122.326881351696,41.1258667619081],[-122.326993536902,41.1255335453322],[-122.327211881415,41.1249496249353],[-122.327645377828,41.1236312618535],[-122.327895633195,41.1228410423863],[-122.328231940878,41.1217937246082],[-122.328795127069,41.1210371146862],[-122.33118703165,41.1175384020974],[-122.331250766221,41.1169991987048],[-122.331235727525,41.1148488460936],[-122.331215339361,41.1140464956313],[-122.331214020634,41.1134240836401],[-122.331230681688,41.1128246899919],[-122.332081005376,41.1120214004147],[-122.332738357467,41.1113343592766],[-122.333286955018,41.110792055144],[-122.334001994221,41.1100852003784],[-122.335007703996,41.1091222304035],[-122.335794020025,41.1083486032193],[-122.336270154075,41.1079167604155],[-122.336797156127,41.1073918037634],[-122.337673813029,41.1065406471649],[-122.33898447569,41.1052933349798],[-122.33940919736,41.1048876324216],[-122.340033781604,41.1042929776122],[-122.340863538364,41.1035029626085],[-122.3417822481,41.1026282289082],[-122.342574058225,41.1018437243022],[-122.343083856641,41.1013561407974],[-122.34357787525,41.1008460837021],[-122.344329629497,41.1006316803726],[-122.345125583551,41.1004212140637],[-122.345923356694,41.1001701668248],[-122.34662978285,41.099725274337],[-122.347059417406,41.0994811224862],[-122.346954431299,41.0991587601509],[-122.346796082568,41.0986485241994],[-122.346824675046,41.0980785008569],[-122.347134704311,41.097450256415],[-122.347850757713,41.0965883174435],[-122.348233812825,41.0959987650203],[-122.348622697104,41.0954720619321],[-122.349097131542,41.0947892169371],[-122.349500932347,41.0941992726336],[-122.349918690276,41.0936319586361],[-122.350883982152,41.0929427509281],[-122.351826487361,41.0925387059096],[-122.351974366227,41.0920365542796],[-122.352391996595,41.0914663740367],[-122.352706618947,41.0910383530852],[-122.353055369195,41.0905567488305],[-122.353879017411,41.0894666791788],[-122.3541990054,41.089031635019],[-122.354949414869,41.0880113843664],[-122.355601340237,41.0871577666413],[-122.356101422475,41.0864543847935],[-122.357015552599,41.0851804498416],[-122.357464256592,41.0845900624252],[-122.357900149711,41.0840026712997],[-122.358739987365,41.0828933495573],[-122.359155435726,41.0823174671678],[-122.359621515831,41.0816733789227],[-122.359863779785,41.081311761301],[-122.360021938971,41.0811578745051],[-122.360329767364,41.0807557213865],[-122.360680409464,41.0802174388651],[-122.360935374698,41.0798757686955],[-122.361110167987,41.0796206403218],[-122.361538897042,41.0789328945598],[-122.361933317638,41.0782357798405],[-122.362860208332,41.0766185906215],[-122.363920499743,41.0747527709496],[-122.364143483156,41.074337487652],[-122.364379140001,41.0739428314608],[-122.365013529357,41.0727919070699],[-122.365335315773,41.0722435181379],[-122.365576369696,41.0718225851309],[-122.366069696602,41.0709776458593],[-122.366673836987,41.0699431690485],[-122.367010270434,41.0693229736081],[-122.367343382809,41.0687248929793],[-122.36784446577,41.0678792129253],[-122.368289377974,41.0674000457718],[-122.369425715367,41.066130840101],[-122.369755476128,41.0657837325763],[-122.370271338172,41.0652649046789],[-122.370733153974,41.0647839784901],[-122.371161574907,41.0643001194387],[-122.371511526202,41.0639407720825],[-122.372586672155,41.0628229378544],[-122.373710486135,41.0615881004705],[-122.374107642102,41.0611776697779],[-122.374787891351,41.0604746703121],[-122.375423967742,41.059784380614],[-122.378343178903,41.0570604174717],[-122.379504569412,41.0559308713915],[-122.380025523106,41.0555861466212],[-122.380676873552,41.0548468930993],[-122.381663127615,41.0540740743876],[-122.381822105165,41.0539723197792]]},"properties":{"OBJECTID":616,"Name":"PCORP 69kV","kV":"69","Owner":"PCORP","Status":"Operational","Type":"OH","Source":"Pacific Power"}},{"type":"Feature","id":617,"geometry":{"type":"LineString","coordinates":[[-122.431369691672,40.9399387168964],[-122.431662609829,40.9400118540226],[-122.432943167249,40.9404000659356],[-122.434289970032,40.9408201889812],[-122.437218514689,40.9416641014949],[-122.4398400592,40.9429079625246],[-122.44015152577,40.9438661533063],[-122.440602841166,40.9448902843729],[-122.439813109741,40.9470045228584],[-122.439609975503,40.9475736114695],[-122.440226039226,40.9494529401748],[-122.440620661944,40.9506942187823],[-122.441613393758,40.9537155296671],[-122.442002221444,40.9549077827682],[-122.442492095226,40.9562874102245],[-122.442632850451,40.9567682328352],[-122.442876859832,40.9579022966999],[-122.443548649646,40.9610839125687],[-122.444011187694,40.9631551097396],[-122.444200469911,40.963620678664],[-122.444593681375,40.9655372883315],[-122.444481250031,40.9674995646103],[-122.444510520736,40.9684035258707],[-122.444450434224,40.9705318546569],[-122.444440204209,40.9718397317541],[-122.444085355299,40.9728839478785],[-122.443733291166,40.9736219330416],[-122.44296553433,40.9752794190429],[-122.442786825284,40.9754588924494],[-122.441764592797,40.9763988315423],[-122.440514210685,40.9777295160465],[-122.439921465429,40.9783233989127],[-122.438622894092,40.9797365582623],[-122.435858792336,40.9827606744035],[-122.434930316116,40.9837459471768],[-122.433544224616,40.9852537615864],[-122.432562719947,40.9863459252714],[-122.431576689565,40.9874167087954],[-122.43043670052,40.9885648790304],[-122.429245345807,40.9897569595706],[-122.427716922538,40.991301818461],[-122.425903782732,40.9931311823648],[-122.424403977991,40.9946339560104],[-122.422601740139,40.996455909084],[-122.419284984939,40.9998008702553],[-122.418414377291,41.0006690176569],[-122.416711428431,41.0024231561722],[-122.415193537908,41.0039605139276],[-122.412717880698,41.0062759512457],[-122.413176970114,41.0087968004146],[-122.413338705493,41.0099053817638],[-122.41345922976,41.0107404563021],[-122.413902883424,41.0138963430521],[-122.41414795102,41.0154067973003],[-122.413458743771,41.0174261826742],[-122.412438017758,41.0182827071294],[-122.410355312399,41.0199664331598],[-122.40846623351,41.021578555112],[-122.406622037148,41.023032055031],[-122.404817705323,41.0245342166928],[-122.402749205024,41.0262119784321],[-122.401318712494,41.0273613859911],[-122.400186077956,41.0308795518552],[-122.399556325704,41.0328269878821],[-122.398635076431,41.035707366762],[-122.398303664566,41.036671929011],[-122.397705858203,41.0385084854789],[-122.397095319118,41.0402512086341],[-122.396050005318,41.0435386927503],[-122.395827279721,41.0441623874677],[-122.395213504006,41.0460426798736],[-122.395058554501,41.0464271494428],[-122.393066874532,41.0490229848252],[-122.391364914717,41.0493923553938],[-122.388899858525,41.0499251421013],[-122.387936858253,41.0505055321268],[-122.387336798914,41.0509333597601],[-122.385825096886,41.0520226235039],[-122.384838911994,41.0528294181097],[-122.383807761032,41.0536877364814],[-122.381079139137,41.0559588733962],[-122.377184972923,41.0591526738391],[-122.37516552513,41.0608245714432],[-122.371900388922,41.0643458978127],[-122.370550605529,41.0657641914009],[-122.368299787651,41.0680958721051],[-122.367924236167,41.0687915664593],[-122.367207975255,41.0700738112593],[-122.365943794122,41.0723368218637],[-122.364421709366,41.0749399914576],[-122.363787838338,41.0760780401885],[-122.362428013577,41.0785900062767],[-122.361878456626,41.0795066803594],[-122.359953039985,41.0821233508742],[-122.35845818047,41.0842131942759],[-122.357742127069,41.0852524705358],[-122.35439129338,41.0898522571357],[-122.353164916049,41.0914260036732],[-122.351888032738,41.0929473579826],[-122.351329284224,41.0935658106568],[-122.350555342488,41.094502567399],[-122.349670934921,41.0955262998511],[-122.346978242942,41.0986371778153],[-122.347638591812,41.0993714170346],[-122.345650681174,41.1006045306953],[-122.344026573853,41.1016195271552],[-122.34309657409,41.1024963869326],[-122.341567417796,41.1039341690503],[-122.339555814092,41.1057994939176],[-122.338114228267,41.1071637085472],[-122.335081389205,41.1100037941719],[-122.333014344177,41.1119529095503],[-122.331447818865,41.1133678009999],[-122.331498154166,41.1146919733623],[-122.331660852538,41.1174252097013],[-122.331138622338,41.1181918318195],[-122.3299972966,41.1198294340041],[-122.32853653893,41.1219755178479],[-122.327989704772,41.123739478652],[-122.327503164637,41.125063689451],[-122.326612642238,41.1277198340328],[-122.326145144591,41.1290925877038],[-122.326096661617,41.1296862938933],[-122.325927195337,41.1310473963449],[-122.32572184226,41.1326966596639],[-122.325439281679,41.1349658799976],[-122.325171090549,41.1371154733527],[-122.324738396331,41.1406938663918],[-122.324960704211,41.1425379187282],[-122.325165894694,41.1456930506131],[-122.324883432927,41.1476798184289],[-122.324486167366,41.1487360145127],[-122.32410704418,41.1498111422474],[-122.32346906875,41.1503604150678],[-122.321059744937,41.1525281663124],[-122.318898495382,41.154494358648],[-122.317269649447,41.1559152790905],[-122.314028743498,41.1588634164721],[-122.312509362671,41.1601550752285],[-122.310814857075,41.1617330265331],[-122.309598877744,41.1628206046444],[-122.307236796332,41.165001066138],[-122.303339695322,41.1688102667262],[-122.3028838084,41.169384809677],[-122.3023069768,41.170160551282],[-122.301416296297,41.1713769351599],[-122.299795442674,41.1735769929426],[-122.298898829697,41.1747926433078],[-122.297701029572,41.1763840930678],[-122.296118706488,41.1784859063496],[-122.295986024422,41.1786625824008],[-122.294997210162,41.180025821033],[-122.294072857209,41.1811918105091],[-122.293828148041,41.1815617592221],[-122.29341608543,41.1821864218004],[-122.2904534003,41.1840663096838],[-122.288698779446,41.1849825029803],[-122.287913338376,41.1846665850537],[-122.285715757357,41.1845302863246],[-122.285929795347,41.1848073008929]]},"properties":{"OBJECTID":617,"Name":"PCORP 115kV","kV":"115","Owner":"PCORP","Status":"Operational","Type":"OH","Source":"Pacific Power"}},{"type":"Feature","id":618,"geometry":{"type":"LineString","coordinates":[[-122.43101885913,40.9401342853592],[-122.431379533615,40.9401664976657],[-122.433423456906,40.9408372904391],[-122.434538736891,40.9411764856308],[-122.437079410568,40.9418403583195],[-122.437926091588,40.9422034377934],[-122.43878797839,40.9425700301996],[-122.438857018412,40.9437170376168],[-122.438887309603,40.9444623059978],[-122.438934971517,40.9450527217481],[-122.438971320048,40.9458283946536],[-122.439006067782,40.946437700342],[-122.439030015071,40.9471148610267],[-122.439218499584,40.9477167360756],[-122.439425763377,40.9483979668433],[-122.439744642845,40.9492144991221],[-122.439881427517,40.9496162347877],[-122.440066391532,40.9502523990656],[-122.441951206119,40.9560196169463],[-122.442008759382,40.9562340493466],[-122.442421297202,40.9584635950007],[-122.44260033593,40.9594425085643],[-122.442769073676,40.9604139936592],[-122.442903121181,40.9611387069853],[-122.44309039746,40.9621511852987],[-122.443306600389,40.963213385062],[-122.443668606177,40.9652112041294],[-122.443640655996,40.9663124438286],[-122.443656105222,40.9676551043515],[-122.443654814343,40.9692842605158],[-122.443653522565,40.9709134198652],[-122.443652977288,40.9716020559254],[-122.443652597301,40.9720808977014],[-122.443681822192,40.9726296817832],[-122.44308558788,40.9735074069614],[-122.441946181841,40.9749756660536],[-122.440788657682,40.9763082545192],[-122.440193640587,40.9770491685154],[-122.439344375114,40.9779566184615],[-122.438390990408,40.9790568587511],[-122.437984907883,40.9795573148673],[-122.437648241772,40.9799722143469],[-122.435956280206,40.9819314734958],[-122.435540775251,40.9823592550717],[-122.434792296261,40.9832761577856],[-122.434374396398,40.9837415142126],[-122.433949787916,40.9842387645291],[-122.433265120752,40.9850361420516],[-122.432614525789,40.9858004234424],[-122.432316639949,40.9861381527821],[-122.431534764292,40.9870366115188],[-122.430535177435,40.9879967547944],[-122.429402385692,40.9890293091743],[-122.428105837361,40.9902110814683],[-122.427451931208,40.9908070820898],[-122.426748540459,40.991448170038],[-122.425643696202,40.9924710753607],[-122.424247036921,40.9937279844661],[-122.422630002036,40.9952279205701],[-122.42152442745,40.9961736108307],[-122.4205334213,40.9971614250111],[-122.417998352212,40.9994095622212],[-122.416697210795,41.000603289376],[-122.415090782318,41.0020444545231],[-122.414403455243,41.0026839478275],[-122.413581509334,41.0034309387368],[-122.412933320958,41.0040157567718],[-122.412034942792,41.0048471977446],[-122.411578356981,41.0052394517237],[-122.411031111394,41.0056849592169],[-122.41131692747,41.0068618625628],[-122.411637340362,41.0080027742966],[-122.411760131977,41.0086867626383],[-122.411787986039,41.009025247164],[-122.412093892936,41.0100536707219],[-122.412264439889,41.0107468362887],[-122.412478459912,41.0114227595602],[-122.413677836581,41.0138032953482],[-122.413601694479,41.0148134592358],[-122.413549681126,41.0153247722354],[-122.413270022103,41.0162173192882],[-122.413098840041,41.0169764810857],[-122.412535737393,41.017477345472],[-122.411582982406,41.0182716051075],[-122.409982779255,41.0196055511584],[-122.40765492635,41.0215459535292],[-122.406645448142,41.0223877771655],[-122.406164757837,41.0227952773654],[-122.405752566768,41.0231447025023],[-122.405281114737,41.0235443601305],[-122.402656474632,41.0257691999182],[-122.401453908944,41.0267885209247],[-122.400649405623,41.0275392517998],[-122.399748071102,41.0304992084975],[-122.399453963576,41.0313036777103],[-122.399198314724,41.0320029406761],[-122.398560706705,41.0337572614147],[-122.39806108171,41.0351792684844],[-122.39703228164,41.0382847511884],[-122.396712723045,41.0397383695129],[-122.396434045881,41.0406260400261],[-122.395878385776,41.0423584221902],[-122.395176318245,41.0442295377489],[-122.394998416785,41.0450270431334],[-122.394367550622,41.0455344373164],[-122.392065059853,41.0466880819261],[-122.390115962723,41.0485281737299],[-122.388615801351,41.049458596609],[-122.38795796417,41.0499549039757],[-122.385929800922,41.0513147346643],[-122.385352349485,41.0516827944014],[-122.38477414436,41.0520513262815],[-122.384018572273,41.0525029892913],[-122.381856601371,41.0539508248255]]},"properties":{"OBJECTID":618,"Name":"PCORP 69kV","kV":"69","Owner":"PCORP","Status":"Operational","Type":"OH","Source":"Pacific Power"}},{"type":"Feature","id":619,"geometry":{"type":"LineString","coordinates":[[-121.885599703263,42.0121131846322],[-121.886357232779,42.010694220821],[-121.886484349782,42.0092389931396],[-121.886615851461,42.0077569668792],[-121.886777267938,42.0059612972567],[-121.886910711775,42.004744704015],[-121.887074235699,42.0035085659272],[-121.887838479224,42.0024200733857],[-121.88863849007,42.0013348626611],[-121.889326602273,42.000358264597],[-121.890169507673,41.9991616419035],[-121.891034404731,41.9980257983218],[-121.891882300273,41.996827183009],[-121.892459784948,41.9960088234047],[-121.893537623152,41.994541309134],[-121.894090241562,41.9937481430617],[-121.894625005057,41.9929552421776],[-121.895215579983,41.9921519559698],[-121.895791150348,41.9913856631708],[-121.896387746681,41.9905913581095],[-121.89670459955,41.9901397230573],[-121.897242721846,41.9893792296242],[-121.897719916807,41.9887246826368],[-121.898185148004,41.9880676991461],[-121.898708027687,41.9873292895507],[-121.899210595562,41.9866195499154],[-121.89972348508,41.985897900148],[-121.900237959227,41.9851976397279],[-121.900757416328,41.9844586426178],[-121.90129582339,41.983752651106],[-121.901719254181,41.9830520198575],[-121.90215297697,41.9823007189998],[-121.902611657652,41.9814344595887],[-121.903157674343,41.9808781674496],[-121.903900661033,41.9800611013038],[-121.904513100953,41.9793204725856],[-121.904983527107,41.9786087163921],[-121.90551969467,41.9778768725235],[-121.905941999871,41.977272779724],[-121.906492156897,41.9764929800417],[-121.906492554851,41.9757481966434],[-121.906498101948,41.9750052451037],[-121.906507931314,41.9743099832728],[-121.906507031202,41.9727835801314],[-121.906503803555,41.9719792913813],[-121.906484827543,41.9711993961626],[-121.906517833443,41.970556774412],[-121.906492307814,41.9697100588501],[-121.906502000636,41.9688230720486],[-121.90648719101,41.9679594645986],[-121.906485327006,41.9670580129103],[-121.907705450266,41.9670584490645],[-121.908872323193,41.9670513096262],[-121.909977626488,41.9670388147725],[-121.91105809406,41.9670371422906],[-121.912158039803,41.9670330753009],[-121.91350223298,41.9669751074777]]},"properties":{"OBJECTID":619,"Name":"PCORP 69kV","kV":"69","Owner":"PCORP","Status":"Operational","Type":"OH","Source":"Pacific Power"}},{"type":"Feature","id":620,"geometry":{"type":"LineString","coordinates":[[-121.566391626162,41.9252643029177],[-121.5666217943,41.9252977804851],[-121.567007981838,41.9253087496329],[-121.569603884837,41.9253667807511],[-121.570775312222,41.9253765835977],[-121.571777680264,41.9252581579986],[-121.572751489066,41.92514437463],[-121.573503081616,41.9250906328675],[-121.574220926258,41.925065946851],[-121.574908177875,41.9250402061462],[-121.575646681971,41.9249995027543],[-121.576413901615,41.9249613010267],[-121.577188473968,41.9249101149399],[-121.577576062877,41.9248981197822],[-121.578106620461,41.9248714519862],[-121.57891582736,41.9248312798379],[-121.579778483121,41.9247890023088],[-121.580583549685,41.9247345491041],[-121.581699987598,41.9246776295751],[-121.582524566469,41.9246415376937],[-121.583686749291,41.9245797329728],[-121.584869843995,41.9245133585486],[-121.585959094396,41.9245226181418],[-121.587094347523,41.9245384504792],[-121.588189233954,41.9245380835443],[-121.589074132002,41.9245515879476],[-121.590010706534,41.9245658730032],[-121.59096827649,41.924580472189],[-121.591877845868,41.9245943328238],[-121.592474301166,41.9246097373874],[-121.593557824807,41.9246190036504],[-121.594650963117,41.9246310028707],[-121.595736423526,41.9246348687138],[-121.596848765121,41.9246576928234],[-121.597873109548,41.9246691005307],[-121.59888230299,41.9246864206186],[-121.599969419892,41.9246856660313],[-121.601102758709,41.9247042620287],[-121.602232428806,41.9247227891788],[-121.60368113378,41.9247430948489],[-121.605177041629,41.9247384390022],[-121.606112913678,41.9243857232],[-121.607143185189,41.9239871509142],[-121.608107579648,41.9236255949889],[-121.608933585043,41.9233159121874],[-121.609714663894,41.9230128829969],[-121.610643576695,41.9226425522837],[-121.611643652236,41.9222589050274],[-121.612564146925,41.9219049055637],[-121.613329640006,41.9216244809785],[-121.614121345927,41.9213208034248],[-121.61494887756,41.9209966157111],[-121.616722045032,41.920333823681],[-121.617183966835,41.9201474764127],[-121.619288229066,41.919344368203],[-121.620734966729,41.9187802173152],[-121.621774681331,41.918380229698],[-121.624012007411,41.9175524236926],[-121.624882690517,41.9171975431759],[-121.625958220051,41.9167784433252],[-121.627115302239,41.9163339407596],[-121.627724924143,41.9160926693542],[-121.628700481067,41.9157306843312],[-121.629688902764,41.9153470449856],[-121.630643627757,41.9149939062693],[-121.631609407417,41.9146234327572],[-121.632668261524,41.9142302703121],[-121.634190587028,41.9136392125441],[-121.634856795609,41.9133685342671],[-121.635615912449,41.9127357699404],[-121.636320293141,41.9121323518187],[-121.637007672318,41.9115377415712],[-121.637687170576,41.9109332064052],[-121.638428884353,41.9102934920833],[-121.639213515143,41.9096102556837],[-121.639897258838,41.9090257034045],[-121.640581710406,41.9083895847548],[-121.641344408828,41.9077510148964],[-121.642093827456,41.9071169092574],[-121.642591584853,41.9066693716832],[-121.643329390959,41.9060296821572],[-121.644181446599,41.9052925554415],[-121.6449359452,41.904632591538],[-121.645782371098,41.9039012573639],[-121.646647244799,41.903142467717],[-121.647425923352,41.9024563988115],[-121.648114826072,41.9018531215459],[-121.648446190326,41.9015638253245],[-121.649084418182,41.9009998696351],[-121.650150202792,41.9000952338449],[-121.651364950533,41.899026822966],[-121.651617991575,41.8988201684463],[-121.652101329216,41.8985789986711],[-121.652789042566,41.8982563944684],[-121.653705013339,41.8978119414501],[-121.654636448609,41.8973758715965],[-121.655555881489,41.8969170396326],[-121.656485250634,41.8964752559584],[-121.657427873523,41.896028994502],[-121.658353467049,41.895590110736],[-121.659277105841,41.8951498137139],[-121.66020431903,41.8946994386264],[-121.661118256017,41.8942535271897],[-121.66204165945,41.8938046215837],[-121.662979677575,41.893357064926],[-121.663915095077,41.8929035750944],[-121.66484288678,41.8924803670385],[-121.6657702967,41.8920414053907],[-121.666687781134,41.8915868162134],[-121.667591857314,41.8911309652711],[-121.668524893382,41.8906890452776],[-121.669467598017,41.8902527194845],[-121.670400275658,41.8897964711564],[-121.671295061461,41.8893536043601],[-121.672226244305,41.8889159787722],[-121.67314398386,41.888475659817],[-121.674076850147,41.8880294066676],[-121.675017003567,41.8875687286668],[-121.675924835603,41.887128561597],[-121.67698297555,41.8866376247935],[-121.678538769587,41.8858866452768],[-121.679431851286,41.8854566327234],[-121.68070071354,41.8848483448407],[-121.682227996847,41.8841062920718],[-121.682917309199,41.8837820725236],[-121.683838496488,41.883331607252],[-121.685758660679,41.8824110034845],[-121.686206045945,41.8821930979396],[-121.687085521761,41.8815154759008],[-121.687941083526,41.8808768312547],[-121.688694402639,41.8802753472823],[-121.689478862749,41.8796992200265],[-121.690247357999,41.8790946603206],[-121.691004865058,41.8785102922041],[-121.691777663239,41.8779271474352],[-121.692546086624,41.8773211436093],[-121.693313475151,41.8767523827381],[-121.694104709456,41.8761432006439],[-121.694847395211,41.8755804893613],[-121.695626929858,41.8749783120674],[-121.696415347047,41.8743966668383],[-121.697193713885,41.8738105514048],[-121.697905196658,41.8732224666864],[-121.698689265102,41.8726362662359],[-121.699465582882,41.8720458689628],[-121.700245739164,41.8714568482358],[-121.701012283274,41.8708579827686],[-121.701832754149,41.8702249851533],[-121.70248334462,41.869727940129],[-121.703328776084,41.8690820225952],[-121.704171297006,41.8684383114442],[-121.707861814246,41.8687755082684],[-121.708994616769,41.8688700848131],[-121.710121702413,41.868977991409],[-121.711206666952,41.8690807295147],[-121.71228785677,41.8691653315761],[-121.713357104385,41.8692692594394],[-121.714464531298,41.8693579665802],[-121.715527450281,41.8694575412979],[-121.716625465544,41.8695603950293],[-121.717696714606,41.869658878384],[-121.718825900511,41.8697623793283],[-121.719866932043,41.8698577885836],[-121.72089914122,41.8699523822574],[-121.721640581909,41.8700203232104],[-121.722673323787,41.8701149507596],[-121.723527240737,41.870334886239],[-121.724731524902,41.8706697063727],[-121.725759629676,41.8709449371135],[-121.726826194023,41.8712310909266],[-121.727814096494,41.8715011270565],[-121.728845779259,41.8717830153412],[-121.730015750475,41.873254417009],[-121.730643215616,41.8740967438944],[-121.731104992791,41.8746910111588],[-121.731533591589,41.8752497075952],[-121.732553657341,41.8765650681514],[-121.73309810737,41.8772671060762],[-121.733646262051,41.8779784635002],[-121.73419824625,41.8786897668555],[-121.734757981114,41.8794052579397],[-121.735302387126,41.8801180944348],[-121.73585245971,41.880827986827],[-121.736425870526,41.8815547423079],[-121.736981727362,41.882265985123],[-121.737506668678,41.882961897705],[-121.738055191669,41.8836846937128],[-121.738621045856,41.8844129783262],[-121.739147858363,41.8851059977792],[-121.73970005726,41.885821578196],[-121.740257644251,41.8865227634038],[-121.74081396372,41.8872497403415],[-121.741354497095,41.8879554533798],[-121.741922223371,41.8886794066686],[-121.742468295758,41.889376447774],[-121.743008966574,41.8900864492916],[-121.743557671025,41.890812091698],[-121.744098188229,41.8915149327053],[-121.744652360725,41.8922290403938],[-121.745202550989,41.8929360418443],[-121.745764698727,41.8936629237332],[-121.746312079959,41.8943608813903],[-121.746857849613,41.8950913378641],[-121.747398185358,41.8957841485341],[-121.747962252797,41.8965095664027],[-121.748493099637,41.8972039370409],[-121.749062846225,41.8979264087667],[-121.749603401159,41.8986263698849],[-121.750167443444,41.8993489177901],[-121.750860491889,41.899957976261],[-121.751590852758,41.9006080434285],[-121.752306554918,41.9012053249625],[-121.753036341763,41.901831048818],[-121.75383265155,41.9025202909327],[-121.754564764134,41.903161727888],[-121.755291893762,41.9037838944105],[-121.756205160606,41.9046154271345],[-121.757127066548,41.9054375215309],[-121.759262795864,41.9072967441206],[-121.760133527479,41.9080550892877],[-121.76085178355,41.9086723438608],[-121.76160504517,41.908697653946],[-121.762671124427,41.9087042791311],[-121.763758279956,41.9087134648054],[-121.76494303834,41.9087298726626],[-121.766417820509,41.9087392334892],[-121.767109357089,41.9087339874955],[-121.768158002741,41.9087307845443],[-121.76925106649,41.9087470018646],[-121.770426099713,41.9087565371764],[-121.771495931233,41.9087571916719],[-121.772567524349,41.9087578388135],[-121.773647079233,41.9087684785428],[-121.774777800359,41.9087626375556],[-121.775818664804,41.9087537527291],[-121.776984045629,41.9087585367637],[-121.777961783662,41.9087465506036],[-121.780196900785,41.908750888726],[-121.781279792911,41.9087428161678],[-121.782670897909,41.9087604460989],[-121.783785061287,41.9087764835759],[-121.78491853575,41.9088075049078],[-121.786030520714,41.9088161490546],[-121.787096708667,41.9089786648124],[-121.788164415671,41.9091253981499],[-121.789349439956,41.9093034002655],[-121.79031396467,41.9094487102301],[-121.791391268376,41.909596712018],[-121.792407470474,41.9097455711795],[-121.793443060909,41.9099056036835],[-121.794662086428,41.9100673217963],[-121.795751156268,41.9102265766741],[-121.79682880852,41.9103874162101],[-121.797846762332,41.9105290468683],[-121.798903199971,41.9106815780119],[-121.800068963478,41.9108511618866],[-121.801131358744,41.9110121836894],[-121.802239699243,41.9111768370976],[-121.803301922032,41.9113306823167],[-121.803852189551,41.9120116768689],[-121.804388207993,41.9126903959572],[-121.80499720467,41.913468979624],[-121.805526498324,41.9141502682217],[-121.806085319601,41.9148655065341],[-121.806593753475,41.9154769170475],[-121.807578924169,41.9159784010512],[-121.808465581118,41.9164368908271],[-121.809369290785,41.9168894027074],[-121.810301768101,41.917345793038],[-121.811124317677,41.9177483626405],[-121.812061311723,41.918219921656],[-121.812997537709,41.9186910814759],[-121.813861665808,41.9191259462987],[-121.814795834652,41.9195960459976],[-121.815478607268,41.9199396269459],[-121.816231642513,41.9203240815536],[-121.81713148673,41.9207708690221],[-121.81805660864,41.9212344724156],[-121.818799976216,41.9216133233768],[-121.819740509623,41.9220809898397],[-121.820676869458,41.9225343880877],[-121.821428089208,41.9228458017949],[-121.822171052542,41.923132983724],[-121.823010436546,41.9234545746183],[-121.823962260879,41.9238389846554],[-121.82481708872,41.9241660706991],[-121.826311672452,41.9247775023883],[-121.82763947946,41.9252925091178],[-121.82879554745,41.9257412448119],[-121.829853479886,41.9261627460044],[-121.830441975211,41.926384805712],[-121.831142917153,41.926669680618],[-121.832177699105,41.9270814740131],[-121.833496003734,41.9275951288114],[-121.83485110156,41.928126853843],[-121.836441840062,41.9287553947976],[-121.837289330464,41.9290896674968],[-121.838399527781,41.9295332558373],[-121.839389793719,41.9299198607466],[-121.840364862858,41.9303095442174],[-121.841339984099,41.9306902726945],[-121.842983521081,41.9313713106106],[-121.844085974022,41.9317796179106],[-121.844735951843,41.932044843033],[-121.845730646475,41.9324469095714],[-121.846419247361,41.9326932107969],[-121.84853181272,41.9335135909718],[-121.849539177192,41.9339179571288],[-121.850493382059,41.934309302881],[-121.852723112884,41.9351746320398],[-121.853909987699,41.9356198319919],[-121.855493982548,41.9362697257755],[-121.856733819336,41.9367656830615],[-121.857905764151,41.9372225232807],[-121.859120824506,41.9376909714215],[-121.860087842943,41.9380855643279],[-121.861059016088,41.9384636957807],[-121.862011022779,41.9388392376451],[-121.863042114452,41.939242252316],[-121.864028939842,41.9396330208055],[-121.865164342988,41.9400774465889],[-121.866498826275,41.940606289189],[-121.868596150817,41.9414360672703],[-121.869357420918,41.9417243261568],[-121.87043664612,41.9421636290923],[-121.871506231501,41.9425731689175],[-121.872581975732,41.9429983634831],[-121.874009139106,41.943558698116],[-121.87540763095,41.9441180115468],[-121.876152944277,41.9444048558382],[-121.877473838748,41.9449194669094],[-121.878648112895,41.9453818197592],[-121.879700940204,41.9458044325843],[-121.88127489638,41.9464183635018],[-121.883040114659,41.9471082004829],[-121.883876350967,41.9474337501083],[-121.884863370394,41.9478214417891],[-121.885856545077,41.9482277636795],[-121.886806095774,41.9485882695152],[-121.887782145873,41.9489795953926],[-121.888740133546,41.9493430166154],[-121.889727476366,41.9497350427109],[-121.890715977115,41.9501275166958],[-121.89165184108,41.9504990801589],[-121.892651187189,41.9508958379305],[-121.893625450539,41.9512826246742],[-121.894588437337,41.9516574757328],[-121.895578054692,41.9520445264236],[-121.896291417638,41.9523294283561],[-121.896955814318,41.9525947684368],[-121.897993942494,41.952602113926],[-121.899276374699,41.9525831345697],[-121.900404262539,41.952588318836],[-121.901576218133,41.9526084753395],[-121.901608117309,41.9534429794497],[-121.901628131773,41.9542619075532],[-121.901633127305,41.9550910877085],[-121.90163980538,41.9559116507086],[-121.901621481545,41.9567368933971],[-121.90163775812,41.9575487141607],[-121.90161662166,41.9583854876311],[-121.901616756407,41.9591917950461],[-121.901614301311,41.960028254359],[-121.902478415038,41.960029587014],[-121.90331160965,41.9600187794812],[-121.904407006324,41.9600161789664],[-121.905513702907,41.9600136071753],[-121.906605323962,41.9600122725159],[-121.907354632995,41.960011367379],[-121.908121176207,41.9600104368582],[-121.909208960557,41.9600091082107],[-121.910231423912,41.9600025130687],[-121.911294123706,41.9599941196757],[-121.912293626122,41.959967903425],[-121.913319293768,41.9599491894535],[-121.91332001242,41.9605435555949],[-121.913312822304,41.9611237087985],[-121.913325311582,41.9619427967156],[-121.913337909555,41.962768982628],[-121.913343411737,41.9635408780275],[-121.913333085602,41.9642929606133],[-121.913337313074,41.9650648769588],[-121.913329856159,41.9658288528719],[-121.913341196491,41.9667011188297],[-121.913338797091,41.9667894775723],[-121.913565070135,41.9667908301237]]},"properties":{"OBJECTID":620,"Name":"PCORP 69kV","kV":"69","Owner":"PCORP","Status":"Operational","Type":"OH","Source":"Pacific Power"}},{"type":"Feature","id":622,"geometry":{"type":"LineString","coordinates":[[-121.566394928369,41.9252642621476],[-121.566427517451,41.9256954376225],[-121.566441110757,41.9264985307271],[-121.566416408884,41.9273210463877],[-121.566510236119,41.9281297310116],[-121.566607423053,41.9289408507794],[-121.566675155127,41.9297647196993],[-121.566742341923,41.9305638306008],[-121.566846961518,41.9314120099372],[-121.566943556462,41.9321958986292],[-121.566997096951,41.9329753677013],[-121.566844309691,41.9338391224658],[-121.566683109708,41.9346212531995],[-121.566522615802,41.9354355722258],[-121.566228265731,41.9370737883518],[-121.566037480632,41.9378637184229],[-121.565907251866,41.9387024308924],[-121.565733305687,41.9395070134044],[-121.565566618795,41.9403412259591],[-121.56540626233,41.9411629777878],[-121.565459465951,41.9419276010696],[-121.565519496768,41.9427020481073],[-121.565649474007,41.9442508210892],[-121.565710437275,41.9450673617092],[-121.565756656495,41.9458147394133],[-121.565806345008,41.9465695046509],[-121.565873864181,41.9473834900434],[-121.565917218674,41.9481507192339],[-121.566020271606,41.9496985681527],[-121.566087159264,41.9504618230273],[-121.566157335654,41.9512460601414],[-121.566210938127,41.9520280261515],[-121.566261289597,41.9528125092214],[-121.56629268931,41.9536368560803],[-121.566321330296,41.9544860038686],[-121.56636270041,41.9553127053264],[-121.566394101919,41.9561370545867],[-121.5663959246,41.956969201115],[-121.566457452909,41.9578105153838],[-121.566479434684,41.9586572741995],[-121.566519262391,41.9594788200087],[-121.566440010321,41.9603171532866],[-121.566355415073,41.961128083439],[-121.566270817129,41.9619390146271],[-121.566183185575,41.9627623677326],[-121.566092028133,41.9635758584524],[-121.566001579462,41.9644215393991],[-121.565913776329,41.9652374669653],[-121.565836161889,41.9660656533675],[-121.565731422818,41.9668669262925],[-121.565663865916,41.967680547615],[-121.565557612286,41.968515975783],[-121.565478261402,41.9693269812529],[-121.565387416574,41.9701553355647],[-121.565302905767,41.9709712277668],[-121.565245625591,41.971783207129],[-121.565149650484,41.9725926115359],[-121.565080763177,41.9733815585343],[-121.564992465072,41.9741695207004],[-121.564905926768,41.9749417775168],[-121.564818973442,41.9757177120758],[-121.56472516058,41.9765957635552],[-121.564635960567,41.977466091005],[-121.5645445498,41.9783445123843],[-121.564466325404,41.979221738312],[-121.564359088118,41.9800577356547],[-121.56435785563,41.9809023310254],[-121.56435006544,41.9817494854396],[-121.564344926178,41.9825668858376],[-121.564340060902,41.9833966678946],[-121.564318827424,41.9842340841361],[-121.564310927639,41.9850762897098],[-121.564322426973,41.9858984416739],[-121.564314308898,41.9867307450153],[-121.56429329371,41.9875780696024],[-121.564281758444,41.9884054627538],[-121.564292167223,41.9891780971121],[-121.564291294061,41.9898889512985],[-121.564285084007,41.9908079234667],[-121.56428412281,41.9916649116623],[-121.564284089572,41.9925639954175],[-121.564283564058,41.9934407951027],[-121.564254133452,41.9942064963344],[-121.56422073948,41.99494252483],[-121.564181605273,41.9957182550585],[-121.564174990079,41.9964688154153],[-121.564093629664,41.9980302245034],[-121.564091464724,41.9988327469006]]},"properties":{"OBJECTID":622,"Name":"PCORP 69kV","kV":"69","Owner":"PCORP","Status":"Operational","Type":"OH","Source":"Pacific Power"}},{"type":"Feature","id":628,"geometry":{"type":"LineString","coordinates":[[-122.335893644987,41.9798059051339],[-122.335705329357,41.97956296461],[-122.335428438942,41.9792071055578],[-122.335233877326,41.9793386579835]]},"properties":{"OBJECTID":628,"Name":"PCORP 69kV","kV":"69","Owner":"PCORP","Status":"Operational","Type":"OH","Source":"ESRI & BING"}},{"type":"Feature","id":629,"geometry":{"type":"LineString","coordinates":[[-122.062637910674,41.7881536543636],[-122.06384174119,41.7882017698302],[-122.063828422768,41.7890159871457],[-122.063790188672,41.7902445447075],[-122.063790281199,41.7910664671852],[-122.063781202825,41.7918845534708],[-122.063772036416,41.7927104981931],[-122.063765199338,41.7933265970211],[-122.063754602811,41.7942814829136],[-122.063745324112,41.7951175042178],[-122.063736025651,41.7959553858002],[-122.063753382899,41.7967987768152],[-122.063719193917,41.7976349594961],[-122.063712946134,41.7984690652781],[-122.063706727098,41.7992994294178],[-122.063673269345,41.8001313886695],[-122.063677919923,41.8009929040484],[-122.063682280346,41.8018008255292],[-122.063656396289,41.8024608113537],[-122.063656345983,41.8031381045865],[-122.063656293881,41.803831364744],[-122.063639283383,41.8045090037481],[-122.063643636619,41.8052061623211],[-122.063618757777,41.8058937626488],[-122.063616721296,41.8065513486393],[-122.063603047141,41.8072626007562],[-122.063604248188,41.8079597789161],[-122.063605439354,41.8086509373118],[-122.063606634114,41.8093441170627],[-122.063607837856,41.8100432765859],[-122.063609005666,41.8107206604027],[-122.063610196832,41.8114117809769],[-122.063611800325,41.8121069970721],[-122.063624647132,41.8128118329178],[-122.063609548249,41.8134914538221],[-122.063626958497,41.8142101255467],[-122.063610939739,41.8152680309562],[-122.063631277597,41.8157885824896],[-122.06362714894,41.8162818361974],[-122.063625456514,41.816951309565],[-122.063632767902,41.8176582679384],[-122.06363966876,41.8183672369916],[-122.063646532787,41.8190721900606],[-122.063653262067,41.8197633704823],[-122.063660029076,41.8204584256346],[-122.06364672862,41.8211419406029],[-122.063637581974,41.8218273843083],[-122.063668289983,41.8225220816695],[-122.06277182972,41.822537115216],[-122.061826379833,41.822526058795],[-122.060876150011,41.8225149401144],[-122.059936068456,41.822517691501],[-122.058059269536,41.822509622775],[-122.057150139435,41.8225115447291],[-122.056190202417,41.8225049795584],[-122.05526921635,41.8224927616579],[-122.05388850486,41.8224844325175],[-122.053043326722,41.8224874336056],[-122.052181712108,41.8224828205121],[-122.051476647798,41.8224813852381],[-122.05055199391,41.8224742041817],[-122.049607602238,41.8224773605798],[-122.048639021631,41.8224687308599],[-122.047716440156,41.8224672226169],[-122.046769957206,41.8224639483973],[-122.045830210723,41.8224627052515],[-122.04489218631,41.8224549832873],[-122.044396346816,41.8224637254745],[-122.044165396245,41.8224610202768],[-122.043186430214,41.8224560958928],[-122.041557811554,41.8224523584217],[-122.040477622459,41.8224440373093],[-122.039460734049,41.8224459873819],[-122.038236498301,41.8224394114934],[-122.036617538327,41.822439750229],[-122.034958200877,41.8224292634829],[-122.034828487743,41.8224300868917],[-122.033286457692,41.8224280350641],[-122.031683867717,41.8224344958104],[-122.030650589545,41.8224306472113],[-122.029569018841,41.8224332506558],[-122.028392079393,41.8224375718779],[-122.026750112666,41.8224435820915],[-122.025727609785,41.8224473148771],[-122.024329500623,41.8224524046129],[-122.023725106015,41.8224546003689],[-122.023102537591,41.8224568583824],[-122.02254491287,41.8224515564352],[-122.021745177806,41.822463236785],[-122.020469467695,41.822450664744],[-122.019166658107,41.822451166153],[-122.01792593468,41.8224516307428],[-122.016636596228,41.8224521000187],[-122.015344639186,41.8224525585836],[-122.014968889174,41.8224526884546],[-122.014617239165,41.8224528096228],[-122.013168708464,41.8224353546993],[-122.012370654149,41.8224535620709],[-122.011516564723,41.8224571288353],[-122.010607325026,41.8224465932231],[-122.01002241847,41.8224411225767],[-122.008662179586,41.8224473322825],[-122.008059325588,41.8224500796554],[-122.007350143401,41.8224415530253],[-122.006639845506,41.8224482922564],[-122.005944465034,41.8224468308736],[-122.005482748944,41.8223359310326],[-122.005074160119,41.8229581762616],[-122.004630955612,41.8234807304701],[-122.004666544169,41.8241794592137],[-122.004694950695,41.8249618340723],[-122.004745676762,41.825746243059],[-122.004777685532,41.8264307096928],[-122.004823437628,41.8270385861703],[-122.004848591354,41.8274797212633],[-122.003714214085,41.827514428209],[-122.003760836648,41.828492225366],[-122.003804660061,41.8292576547188],[-122.003823252492,41.8300306446961],[-122.00391758997,41.8312344245531],[-122.00396257221,41.8315893275399],[-122.004615415656,41.8316195429813],[-122.004792817653,41.8317074214949]]},"properties":{"OBJECTID":629,"Name":"PCORP 33kV","kV":"33","Owner":"PCORP","Status":"Operational","Type":"OH","Source":"ESRI & BING"}},{"type":"Feature","id":630,"geometry":{"type":"LineString","coordinates":[[-122.126009689953,41.2662777382708],[-122.126750306888,41.2662141418851],[-122.127588576982,41.2662264498222],[-122.128435886822,41.2662332479512],[-122.130133090956,41.2660064690651],[-122.131009079512,41.2657530773771],[-122.131815039002,41.2654794035265],[-122.132649732903,41.2652171615556],[-122.133497318526,41.2649642354175],[-122.133626281567,41.2643234124754],[-122.134788760833,41.2640406917912],[-122.136466914395,41.2634844956475],[-122.138263161383,41.2628891252074],[-122.138925605125,41.2627776545385],[-122.139858501954,41.2626632861462],[-122.141753317484,41.2623723504742],[-122.142505946691,41.262343753153],[-122.143243609066,41.2623211305359],[-122.143964325622,41.2623016553074],[-122.144438928044,41.2622820922889],[-122.145165612109,41.2622377464541],[-122.145936356741,41.2622164067999],[-122.146648998341,41.2622320330565],[-122.147388257022,41.2622492819653],[-122.148120339961,41.2622548603089],[-122.148904884513,41.2622795607308],[-122.150311842979,41.2622945758601],[-122.151069959095,41.2623103195936],[-122.151772423681,41.2623249032236],[-122.153259554989,41.26235576538],[-122.153969768443,41.2623704982325],[-122.154702941937,41.262385702414],[-122.155403138277,41.2624002191763],[-122.156314981291,41.2624140795819],[-122.157216549374,41.2624264280757],[-122.157941529334,41.262548473908],[-122.15858097351,41.2626591089984],[-122.159340146045,41.2627848521033],[-122.160046469793,41.262915794435],[-122.160776876476,41.2630291447766],[-122.161446907388,41.2631492562325],[-122.162187513543,41.2632867504774],[-122.162862837329,41.2633938831421],[-122.163588181107,41.2635273402316],[-122.164290260316,41.26364258966],[-122.16503246637,41.2637700223646],[-122.165745902978,41.263885068791],[-122.166458184354,41.2640244589228],[-122.167196441414,41.2641462228933],[-122.168572543648,41.2643871815385],[-122.169927808561,41.2648774927137],[-122.171980647631,41.2656242744543],[-122.172693264078,41.2652741970152],[-122.173437906363,41.2655432160257],[-122.174038982595,41.2657603374101],[-122.17471301101,41.2660105372877],[-122.175415646276,41.2662673932107],[-122.176049425675,41.2665011104124],[-122.176736888396,41.2667567915556],[-122.177379919544,41.2669831876905],[-122.178027348844,41.267229538906],[-122.178544451461,41.2674237705023],[-122.179538239694,41.2677771955636],[-122.1803252079,41.2680797408913],[-122.181156325608,41.2683887127124],[-122.181698133691,41.2685853641426],[-122.182458199152,41.268861218006],[-122.183340099521,41.2690963066902],[-122.184376682595,41.2693744904972],[-122.185056082936,41.2695501271407],[-122.18544183479,41.2696578923064],[-122.18660251563,41.2695958534924],[-122.187740620009,41.269536986649],[-122.189092112896,41.2694720788471],[-122.189759581814,41.2694237704884],[-122.19043273527,41.2694076780471],[-122.191122628832,41.2693556007356],[-122.191850229178,41.2693114028447],[-122.192544029513,41.2692763780542],[-122.193352904934,41.2692407239676],[-122.194075307627,41.2692123457152],[-122.194829366053,41.2691695278177],[-122.195483193155,41.2691247390084],[-122.196245654422,41.2690922096266],[-122.197332214369,41.2690365447665],[-122.198455048287,41.268976796292],[-122.199144923882,41.2689375095015],[-122.20059698047,41.2688705377105],[-122.201353094242,41.2688172412442],[-122.202055574099,41.2687729477863],[-122.202789043138,41.2687390793168],[-122.203500211501,41.2687062371273],[-122.20423934352,41.2686720992199],[-122.204957705592,41.2686389160224],[-122.205691457601,41.2686050177747],[-122.206752489224,41.268525713834],[-122.207496329313,41.2684884496654],[-122.208592563217,41.2684335236331],[-122.209942143591,41.2683614346647],[-122.210824930597,41.2683138108121],[-122.211399504731,41.2682828117051],[-122.212151802459,41.2682422193343],[-122.212870718791,41.2682243015342],[-122.213582687553,41.2682098934236],[-122.214269957136,41.2681857738922],[-122.214995567713,41.2681793115416],[-122.215760977251,41.268156673391],[-122.216316712815,41.2686521336673],[-122.21801903016,41.2684339409058],[-122.219480069002,41.2680669356793],[-122.220202722326,41.2680430800993],[-122.220911962006,41.2680194574557],[-122.221656686038,41.2680008360328],[-122.222365971531,41.2679771026405],[-122.22296975798,41.2679626586896],[-122.22381410338,41.2679424545731],[-122.224569750926,41.2679198534766],[-122.225272963808,41.2678988154698],[-122.226016192145,41.2679483247936],[-122.226723833722,41.2679910847493],[-122.227459920452,41.2680462454492],[-122.228188434385,41.2680932368326],[-122.228920692495,41.268142923587],[-122.229626044267,41.268190318671],[-122.230351687183,41.2682400782733],[-122.231069908219,41.2682893253606],[-122.231779783008,41.2683281209958],[-122.232502350093,41.2683798034602],[-122.233276498442,41.2684425496873],[-122.233951146695,41.26848810734],[-122.234718569358,41.2685256638694],[-122.235435439327,41.2685729553705],[-122.236150013203,41.2686200145696],[-122.236852604452,41.2685005276067],[-122.237486014643,41.2683924128031],[-122.238218707539,41.2682603943808],[-122.238928520343,41.2681380000167]]},"properties":{"OBJECTID":630,"Name":"PCORP 69kV","kV":"69","Owner":"PCORP","Status":"Operational","Type":"OH","Source":"BING"}},{"type":"Feature","id":633,"geometry":{"type":"LineString","coordinates":[[-121.378457899095,41.888193198477],[-121.378747370415,41.8879378926045],[-121.379284616854,41.8882665670028],[-121.380076657847,41.8887501979645],[-121.380882192433,41.8892462390685],[-121.382432352237,41.8901817579902],[-121.383188121954,41.8906558912745],[-121.383975336298,41.8911308000975],[-121.384764208933,41.8916135380401],[-121.385157879437,41.891853791904],[-121.385530284122,41.8920774501742],[-121.386298315843,41.8925443681093],[-121.387297248727,41.8931530153624],[-121.387868161327,41.8935046252309],[-121.388661662981,41.8939917779751],[-121.389464039091,41.8944732191149],[-121.390239348063,41.8949471005494],[-121.391019067764,41.8954164408435],[-121.391803547637,41.8958991878542],[-121.392159760189,41.8961342247069],[-121.392558033661,41.8963777734612],[-121.393328632766,41.8968382267869],[-121.394128367829,41.8973342538947],[-121.394905103326,41.8978013620792],[-121.395697094911,41.8982828821538],[-121.396464479844,41.898806179184],[-121.397026113747,41.8992139480071],[-121.397968356648,41.8998777824401],[-121.398544723819,41.9002730411609],[-121.398560033807,41.9009751689506],[-121.39856267126,41.9016415371563],[-121.398571933789,41.9023403684004],[-121.398572246403,41.9031167088088],[-121.398575965428,41.9038380392224],[-121.398571569073,41.904603214217],[-121.398568535462,41.9053616435275],[-121.398574303545,41.9061110007967],[-121.398578574136,41.9068603766813],[-121.398580293511,41.9076322176335],[-121.398564789488,41.9083582456638],[-121.398585116566,41.9090939905614],[-121.398583231002,41.9099107506396],[-121.398569623322,41.9106019872901],[-121.398583917315,41.911390523763],[-121.398574127475,41.9121097685684],[-121.398572363184,41.9128883867258],[-121.398589604549,41.913656696062],[-121.398569150808,41.9144097228225],[-121.39857171999,41.9148012337062],[-121.398589257799,41.915160048111],[-121.398563523761,41.9159344404913],[-121.398565336562,41.9166513433087],[-121.398567286804,41.9174220592003],[-121.398569179554,41.9181703417607],[-121.398575168622,41.9189309293324],[-121.398581134334,41.9196903955877],[-121.398589962079,41.9204430998349],[-121.398562699108,41.9211872282628],[-121.398562817686,41.9220297833955],[-121.398564112158,41.9225907200089],[-121.39857537793,41.9233523817861],[-121.398573990931,41.9240692935073],[-121.398584077215,41.9248590190415],[-121.398578204928,41.9256253543035],[-121.398573292042,41.9263804808183],[-121.398578472626,41.9271332271171],[-121.398583583142,41.9278758673376],[-121.398604958554,41.9286576120529],[-121.39857071208,41.9295656150756],[-121.398571682261,41.9301344075929],[-121.398572983021,41.9308962245806],[-121.39857429546,41.9316658635488],[-121.398575572864,41.9324141461446],[-121.398576848472,41.9331613373501],[-121.39858990279,41.9339005459892],[-121.398593164573,41.9346746427776],[-121.398597392943,41.9354218041608],[-121.39859445635,41.9360490008895],[-121.39860739209,41.9369183546412],[-121.39858208565,41.9376579841579],[-121.398588158261,41.9385532376732],[-121.398593812258,41.9393867417024],[-121.398597914864,41.939991462369],[-121.398601251207,41.940483225138],[-121.398600714913,41.9405725944716],[-121.398596252981,41.9413164968009],[-121.39859181171,41.9420570134402],[-121.398587383914,41.94279528776],[-121.398583064814,41.9435156385439],[-121.398587183589,41.9442572000401],[-121.398584126622,41.9450145494315],[-121.398587736952,41.9457303123639],[-121.398590624137,41.9464853532063],[-121.398595978096,41.9471876427785],[-121.398592625583,41.9479056956975],[-121.398589114967,41.9486574590523],[-121.398585546859,41.9494215608603],[-121.398612911339,41.9501269688527],[-121.39862720084,41.9508527178406],[-121.39954964128,41.9508559801421],[-121.400529013349,41.9508608505448],[-121.401635545539,41.9508598163359],[-121.402395912833,41.9508425053593],[-121.403414378685,41.9508580492282],[-121.404368013123,41.9508485896894],[-121.405395224972,41.9508495256887],[-121.406653210424,41.9507839716285],[-121.40765349707,41.9507857981986],[-121.408661243325,41.9507876294454],[-121.409706440345,41.9507895201525],[-121.410723194007,41.9507913520673],[-121.412768814216,41.9508028579872],[-121.413550380853,41.9508002003083],[-121.414543115361,41.9507968184151],[-121.415055186514,41.9507950706803],[-121.416143689517,41.9507913487268],[-121.417447774714,41.9507868778392],[-121.418245827232,41.9507846664467],[-121.41938540395,41.950788716435],[-121.420547414296,41.9507918050353],[-121.421664281604,41.9507827844246],[-121.422665859129,41.9507746864513],[-121.423613535939,41.9507670173938],[-121.424586942296,41.9507728906132],[-121.425569263534,41.9507752897407],[-121.426666790114,41.9507729647717],[-121.427765630929,41.9507617427866],[-121.428962482433,41.9507849423697],[-121.430122866829,41.9507823581804],[-121.431280292173,41.9507797686463],[-121.432460193366,41.9507771189835],[-121.433620774493,41.9507830463177],[-121.434793196313,41.9507820982917],[-121.435783075077,41.9507880049145],[-121.436724814922,41.9507826180691],[-121.437642788039,41.9507867756208],[-121.438655096838,41.9507911476304],[-121.439650800279,41.9507886262422],[-121.440629924413,41.9507808476188],[-121.441487925103,41.9507811723127],[-121.442388998216,41.9507641713107],[-121.443016756207,41.950508638628],[-121.444032320501,41.9505042031297],[-121.445163043424,41.9504993814708],[-121.446170589355,41.9505055860912],[-121.447217250628,41.9505075950599],[-121.447766845309,41.9505086479813],[-121.447739389201,41.95129209417],[-121.447723188983,41.9521135605551],[-121.447723547411,41.9529393254172],[-121.447729848194,41.9537627794396],[-121.448761776198,41.9537722846423],[-121.449877037319,41.9537561442354],[-121.450988379988,41.9537680878696],[-121.452033414412,41.9537594645099],[-121.452967803343,41.9537588365304],[-121.454253906064,41.9537508932578],[-121.455754501322,41.9537568002736],[-121.457256358713,41.9537626945955],[-121.458340633346,41.953757913935],[-121.459436648061,41.9537534278901],[-121.460562605421,41.9537488089002],[-121.461669530175,41.9537598092305],[-121.462930064148,41.9537487708206],[-121.46418467463,41.9537372387098],[-121.46518979511,41.9537536530274],[-121.466149680026,41.9537548755833],[-121.467091507007,41.9537518118449],[-121.467801169793,41.9537458246611],[-121.468565123162,41.9537582780295],[-121.469472446752,41.9537522313887],[-121.470420507143,41.9538332193177],[-121.4712968685,41.9537781522403],[-121.47128676425,41.9534349459488]]},"properties":{"OBJECTID":633,"Name":"PCORP 69kV","kV":"69","Owner":"PCORP","Status":"Operational","Type":"OH","Source":"Pacific Power"}},{"type":"Feature","id":634,"geometry":{"type":"LineString","coordinates":[[-121.471496740058,41.9533938197526],[-121.471644763552,41.9534836326234],[-121.471644382666,41.9537811244528],[-121.47195850286,41.9537792692417],[-121.473180468564,41.9537943060029],[-121.47380424163,41.9537870414866],[-121.474552398124,41.9537807683752],[-121.475366093905,41.9537802806892],[-121.476574246216,41.9537519073779],[-121.478090667992,41.9537713647194],[-121.479273258741,41.9537804283311],[-121.480104535451,41.9537854174256],[-121.481400436995,41.9537882313068],[-121.482274379188,41.9537469396589],[-121.483053242794,41.9537492544984],[-121.484115433244,41.9537384338753],[-121.48527389794,41.9537411856287],[-121.486377561809,41.9537314940317],[-121.487514282783,41.9537377497784],[-121.488602884601,41.9537380230163],[-121.489719771672,41.9537346853711],[-121.490825823264,41.9537347341397],[-121.492976786211,41.9537322556241],[-121.494054380073,41.9537277087836],[-121.49516274842,41.9537342304199],[-121.496273057128,41.9537292773968],[-121.497451219183,41.9537349539327],[-121.498648700406,41.9537256798744],[-121.499815887743,41.9537281951338],[-121.501002705065,41.9537304665499],[-121.502093384686,41.9537256959079],[-121.503208193055,41.953727166984],[-121.503870250521,41.9537765088052],[-121.506190792936,41.9539258614779],[-121.506801606905,41.9539559095411],[-121.507736621064,41.954006350145],[-121.508664086679,41.9540531424326],[-121.509757583416,41.954060624706],[-121.510865147771,41.9540268783097],[-121.511865089463,41.9539682827011],[-121.513241636364,41.9539350319575],[-121.514394968984,41.953945491794],[-121.515595091254,41.9539311217939],[-121.516258158426,41.9537253765735],[-121.517209369209,41.9537177058668],[-121.518320171991,41.9537193092196],[-121.51941812527,41.9537023971856],[-121.520543986511,41.9537093978262],[-121.521520055474,41.9536995305236],[-121.522638726599,41.9537196612892],[-121.523741579291,41.9536989205812],[-121.5248076837,41.9537066039835],[-121.525928286203,41.9537005580058],[-121.527044468096,41.9537206800862],[-121.528152620848,41.9537147650504],[-121.529243302265,41.953707185199],[-121.530274428972,41.953709646346],[-121.531446954997,41.9536861298289],[-121.532550327813,41.953689565014],[-121.533703538262,41.9536942514826],[-121.534781810352,41.9536886404134],[-121.535630894365,41.9536802034327],[-121.536697282643,41.9537008452733],[-121.537822741438,41.9536890372434],[-121.53889615454,41.9536890492685],[-121.540006956424,41.9536904622239],[-121.541085147665,41.9536810659034],[-121.542196314264,41.9536992492687],[-121.542753921917,41.9536868540103],[-121.543869785807,41.9536919032379],[-121.544584374954,41.9536831816623],[-121.545311616872,41.9536836312694],[-121.546803733831,41.9536971214852],[-121.548302710325,41.9536825196108],[-121.54985180832,41.9536822136375],[-121.551084369653,41.9536708418501],[-121.552339909891,41.9536853014295],[-121.55339577171,41.9536798066027],[-121.554508696312,41.9536642714386],[-121.55540532995,41.9536663150471],[-121.55631180014,41.9536626320089],[-121.55740492767,41.9536529136774],[-121.558511036754,41.9536672837402],[-121.559683798137,41.9536546987453],[-121.560819293809,41.9536462938272],[-121.561920054324,41.953643907501],[-121.563000854273,41.9536398904293],[-121.564091901305,41.9536487997369],[-121.565180212967,41.9536465376707],[-121.56629268931,41.9536368560803]]},"properties":{"OBJECTID":634,"Name":"PCORP 69kV","kV":"69","Owner":"PCORP","Status":"Operational","Type":"OH","Source":"Pacific Power"}},{"type":"Feature","id":635,"geometry":{"type":"LineString","coordinates":[[-122.360409240419,41.9854767190523],[-122.360783699552,41.9850747886417],[-122.360694160874,41.9846530358578],[-122.360531302601,41.9837056235453],[-122.360411938958,41.9829641370807],[-122.360161800372,41.9817098800012],[-122.360050197275,41.9810943337985],[-122.35991258256,41.9803908238641],[-122.359796419614,41.9795062262443],[-122.359452360368,41.9784446070001],[-122.359074607113,41.9770394594896],[-122.358744779877,41.9761426027348],[-122.358390080985,41.9753686134181]]},"properties":{"OBJECTID":635,"Name":"PCORP 69kV","kV":"69","Owner":"PCORP","Status":"Operational","Type":"OH","Source":"Pacific Power"}},{"type":"Feature","id":636,"geometry":{"type":"LineString","coordinates":[[-122.36038212567,41.9856157063775],[-122.360157078827,41.9855702981021],[-122.358198671558,41.9861814034084],[-122.356752036302,41.9864977165074],[-122.355609544551,41.9867484128191],[-122.353776741521,41.9871545539462],[-122.35300451377,41.9873363332364],[-122.351024652037,41.9873028515175],[-122.350104368452,41.987264136255],[-122.349393265667,41.9872918068999],[-122.348299839896,41.9872748950967],[-122.347562274539,41.9872534401764],[-122.346587856679,41.9872467076353],[-122.345527392791,41.9872250270186],[-122.344445342387,41.9872182056688],[-122.343282558592,41.9871901336965],[-122.342291321574,41.9871754119646],[-122.341625945732,41.9871670555374],[-122.34073951426,41.9871503820746],[-122.339806605753,41.9871469633832],[-122.338688022663,41.9871200992732],[-122.337465040964,41.9871075549392],[-122.335466633511,41.987096908245],[-122.331255799482,41.9873306610296],[-122.330185392142,41.9874608806158],[-122.329246191834,41.9876021825606],[-122.328572898241,41.9876889805879],[-122.326795921913,41.9879510866222],[-122.324777030177,41.9882424128808],[-122.32393615407,41.9883529327716],[-122.321425085272,41.988700781096],[-122.319704984877,41.9891002248286],[-122.31884467372,41.9894611604473],[-122.31790160886,41.9898236063262],[-122.317056615774,41.9901470448554],[-122.316005023648,41.9905672696523],[-122.31476821508,41.9910632130809],[-122.313777835954,41.9913413232757],[-122.307641266382,41.992969820363],[-122.305244698646,41.9936208419292],[-122.304632216506,41.9937656894097],[-122.303095708399,41.9942004675527],[-122.302056419599,41.9944753013014],[-122.300353225499,41.994804212148],[-122.299167283135,41.9949613627151],[-122.297921584839,41.9951635151166],[-122.295383235104,41.995536166559],[-122.294292136868,41.9957087400909],[-122.293134636963,41.9958786880669],[-122.291938897573,41.9960493178965],[-122.290862705982,41.9962101332832],[-122.289656821019,41.9963828345052],[-122.288430538909,41.9965558937676],[-122.287341648733,41.9967188181982],[-122.286209790339,41.9968939688396],[-122.28502215555,41.9970796652191],[-122.282326307789,41.9974759052769],[-122.281330967268,41.9976141720965],[-122.280203870844,41.9977796327069],[-122.279120224133,41.9979481217879],[-122.278064061379,41.9980989170675],[-122.276967170806,41.998252346994],[-122.275863055982,41.9984192653077],[-122.274624264832,41.9986019637495],[-122.273344867137,41.9987911092612],[-122.272156861343,41.9989671420929],[-122.271382637536,41.9990822624039],[-122.270154019807,41.9992647346333],[-122.269019467366,41.9994378688391],[-122.267958651338,41.9996039422217],[-122.26500825067,42.0000215611097],[-122.263665316931,42.0002193842291],[-122.261296182846,42.0005501239117],[-122.260235149426,42.000710406552],[-122.259173988446,42.0008668622817],[-122.257993682112,42.0010464441675],[-122.256902225449,42.001212971302],[-122.255995638478,42.0013379955406],[-122.252921081654,42.002026840083],[-122.250816487945,42.0028206019016],[-122.249772127257,42.0031867707036],[-122.248723020769,42.0035644731746],[-122.247613083964,42.0039547070769],[-122.246652936741,42.0043231743435],[-122.243830481322,42.0053281880677],[-122.242839100574,42.0056780810153],[-122.241840122774,42.0060300106297],[-122.240793722012,42.0064152397648],[-122.239787195669,42.0067711062647],[-122.238871834852,42.0071062527945],[-122.237850234779,42.0074700106194],[-122.23692993772,42.0078109600188],[-122.235768880486,42.0082019942304],[-122.234649683847,42.0086266567548],[-122.233691475188,42.008979711456],[-122.232492979767,42.0093981145038],[-122.231624970945,42.0096999054123],[-122.230449216375,42.0101121589738],[-122.229443185902,42.0104870329833],[-122.228346081531,42.0108864220808],[-122.227172539511,42.0112890551958],[-122.226194399931,42.0116595944848],[-122.225301797932,42.0119923331223],[-122.224257170445,42.0123582956236],[-122.223209625229,42.012712840709],[-122.222097333041,42.0131181720722],[-122.221182464501,42.0134741912949],[-122.220028697994,42.0138592231761],[-122.218946726642,42.0142563552135]]},"properties":{"OBJECTID":636,"Name":"PCORP 69kV","kV":"69","Owner":"PCORP","Status":"Operational","Type":"OH","Source":"BING Aerial"}},{"type":"Feature","id":637,"geometry":{"type":"LineString","coordinates":[[-122.360366397068,41.9855798960483],[-122.36014632779,41.9855374277629],[-122.359868754655,41.9854061886229],[-122.3580601729,41.9860413669871],[-122.354577127863,41.9868234301525],[-122.352983866892,41.987171364289],[-122.351029516414,41.9871580768004],[-122.349952353743,41.9871329614363],[-122.347928725191,41.9871102271289],[-122.345603910389,41.9870768588025],[-122.342084320987,41.987019255097],[-122.340332836152,41.9869946177619],[-122.338922951873,41.9869576770989],[-122.337055136106,41.9869373712097],[-122.33535140661,41.9869555791378],[-122.3330701592,41.9869018774535],[-122.331640822802,41.9870723704294],[-122.329460351995,41.9874038274512],[-122.326883465432,41.9877549046501],[-122.324604930935,41.9881061795561],[-122.323645422413,41.9882422125703],[-122.321226244082,41.9885826387],[-122.31924640301,41.9888672210187],[-122.317302884418,41.989640042734],[-122.314222113049,41.9908881912783],[-122.310612381302,41.9893651006395],[-122.309247925725,41.9887349064068],[-122.307207525627,41.9878130972745],[-122.305957671724,41.9872289551703],[-122.304209817879,41.9864870182968],[-122.30242352153,41.9856748471288],[-122.301329245055,41.9851629142313],[-122.300005508313,41.9845300061018],[-122.296486566597,41.9829212403534],[-122.293437220094,41.9815353780527],[-122.290039517703,41.9799638740416],[-122.288779214597,41.9793922765627],[-122.284964097433,41.9776488328948],[-122.283118868008,41.9768082734261],[-122.280063811813,41.9754013561075],[-122.27662839096,41.9730689597005],[-122.274348394005,41.9715124082375],[-122.272612289226,41.9703318850556],[-122.270185116787,41.9686944874519],[-122.268867351147,41.967794219693],[-122.266867138081,41.9673170232297],[-122.26537280408,41.9673375284049],[-122.264351473501,41.9673495529839],[-122.261944518546,41.9673863467254],[-122.259607054566,41.9674197674496],[-122.257573686479,41.9671351066369],[-122.25290338125,41.9664964367692],[-122.250951835312,41.9662141396523],[-122.249026448316,41.9659523562566],[-122.247202870086,41.9656849156845],[-122.245081084419,41.965418921418],[-122.243262751452,41.9651551522977],[-122.240387470603,41.9647611103317],[-122.239420351555,41.9646502749651],[-122.236114313256,41.9641759097881],[-122.234163197611,41.9639028983461],[-122.232537169692,41.9636718676604],[-122.230450329388,41.9633782761437],[-122.227248488475,41.9633773844139],[-122.225200803938,41.9633561191585],[-122.22094677891,41.9633754773811],[-122.220329730632,41.9633710294191],[-122.217640537591,41.9633780851065],[-122.214475414417,41.9633660991877],[-122.211098963471,41.9633603840999],[-122.208769650804,41.9633596907547],[-122.207283195927,41.9633586447252],[-122.204699480372,41.9633623145118],[-122.20215879861,41.9633597849374],[-122.200083666947,41.9633473114024],[-122.198710236303,41.9633513959945],[-122.197944292267,41.963353910206],[-122.19666887321,41.963343677017],[-122.195021726797,41.9633488757711],[-122.19323374431,41.9634590367566],[-122.191898433674,41.9634533911451],[-122.19095248612,41.9634589813158],[-122.190144392233,41.9634963584305],[-122.18768623151,41.9636000499677],[-122.185996154609,41.9636148679927],[-122.183496463872,41.9636958079866],[-122.181262013299,41.9637343472105],[-122.179964520839,41.9637872909298],[-122.178327846087,41.9638208758556],[-122.17654804815,41.963885685094],[-122.174004754986,41.9639650436914],[-122.170659981332,41.9640386217035],[-122.167702266581,41.9641557389083],[-122.166042797078,41.9641841576843],[-122.16404149705,41.9642381457088],[-122.162421485149,41.9643035343057],[-122.160557975906,41.9643192144938],[-122.159701681116,41.9643661408152],[-122.157305147516,41.964423177884],[-122.15475328622,41.9644935839371],[-122.153216473585,41.9645376940517],[-122.151382888123,41.9645922168045],[-122.149328883039,41.9646468677568],[-122.147351449452,41.9646983906591],[-122.145400407469,41.9647512300453],[-122.143439893651,41.9648077891871],[-122.141048392413,41.964873406973],[-122.139463669929,41.9649181613929],[-122.136943118514,41.9649948569417],[-122.13533673136,41.9650363350059],[-122.133251678704,41.9650948389488],[-122.131736123801,41.9651293556353],[-122.129356734549,41.9651999312335],[-122.127381773125,41.9652546905392],[-122.12542346467,41.9653055490155],[-122.123465098723,41.9653545826344],[-122.122139088346,41.9653983668656],[-122.120983205409,41.9654428757825],[-122.119807521806,41.9654661675409],[-122.116819002925,41.9655179930254],[-122.114864088306,41.965602733179],[-122.110722542232,41.9657149642148],[-122.109410458437,41.9657440235153],[-122.107107550849,41.9658093163876],[-122.105649653415,41.9658497399178],[-122.104311383729,41.9658845667857],[-122.101905440276,41.9659496838469],[-122.099849282829,41.966014335291],[-122.098793424604,41.9660390315068],[-122.096701773822,41.9660378105225],[-122.094514916891,41.9660578746048],[-122.093003160964,41.9660595564634],[-122.091536796908,41.9660568793827],[-122.088997228159,41.9660593447283],[-122.086846025361,41.9660697124038],[-122.085286267957,41.9660685041108],[-122.08275398724,41.9660743131344],[-122.080720283183,41.9660880278249],[-122.078961553435,41.966082832634],[-122.077140768965,41.9660858122877],[-122.075109144509,41.9660886329731],[-122.073084807186,41.9660948921823],[-122.07086857804,41.9660934895211],[-122.068631005821,41.9660995777387],[-122.06492732916,41.9661116105666],[-122.06385162176,41.9661130065481],[-122.062054835783,41.9661171724508],[-122.060363470698,41.9661213911199],[-122.059076921514,41.9661225893928],[-122.058317527994,41.9661259704729],[-122.056211871578,41.9661368711485],[-122.054134580366,41.9662172769321],[-122.051935412024,41.9663085979549],[-122.050032773065,41.9663807185069],[-122.048275071888,41.966410978443],[-122.046612954152,41.9664324884772],[-122.045297919391,41.9664429816628],[-122.044447778959,41.9664567203194],[-122.041854093901,41.9664932153441],[-122.039040088934,41.9665332062901],[-122.036421936462,41.9665520365513],[-122.033936112119,41.9665902227169],[-122.032529824695,41.966174877889],[-122.030038863786,41.9662005058089],[-122.028082136366,41.9662247030069],[-122.026163674482,41.9662464635785],[-122.02450608695,41.9662586353086],[-122.022241299372,41.966318182774],[-122.020041372851,41.9663838337367],[-122.01823927873,41.9663695139644],[-122.016760632009,41.9663553979078],[-122.014920376556,41.9663470227179],[-122.01292761771,41.9663679697078],[-122.011277259819,41.9663816489347],[-122.009099745367,41.9663929082454],[-122.007586142504,41.9664133422494],[-122.005557356724,41.9664311552881],[-122.003446944627,41.9664430484559],[-122.001408780435,41.966468121886],[-121.999379536513,41.9664696895177],[-121.99742977463,41.9664861239334],[-121.995791234976,41.9664940295505],[-121.995793155574,41.9664128706905]]},"properties":{"OBJECTID":637,"Name":"PCORP 69kV","kV":"69","Owner":"PCORP","Status":"Operational","Type":"OH","Source":"Pacific Power"}},{"type":"Feature","id":638,"geometry":{"type":"LineString","coordinates":[[-122.360309323505,41.9855426560891],[-122.359795136819,41.9852670118718],[-122.358742222373,41.9856380132043],[-122.358025718916,41.9859179946994],[-122.356546952719,41.9862638411422],[-122.355132378337,41.98654853532],[-122.35413329723,41.9867965492131],[-122.35297383271,41.9870351353494],[-122.351654796852,41.9870389820517],[-122.350213512861,41.9869980277812],[-122.348733557295,41.9869960827281],[-122.346264985098,41.9869550596553],[-122.344224664949,41.9869287937374],[-122.342068097413,41.9868922443176],[-122.339348754216,41.9868619280076],[-122.338644428321,41.9868439403992],[-122.338204264611,41.9859427826895],[-122.33792600157,41.9853045865263],[-122.337433358282,41.984541348343],[-122.336800566131,41.9835293935845],[-122.336444932992,41.9829864448365],[-122.336458164278,41.9823009827666],[-122.336474251308,41.9813624923065],[-122.336225861742,41.9806114973908],[-122.336088889322,41.9802555026277],[-122.33593687641,41.9799182139856]]},"properties":{"OBJECTID":638,"Name":"PCORP 69kV","kV":"69","Owner":"PCORP","Status":"Operational","Type":"OH","Source":"Pacific Power"}},{"type":"Feature","id":639,"geometry":{"type":"LineString","coordinates":[[-122.359095819032,41.9749684570984],[-122.359913540164,41.9755052726956],[-122.360380426058,41.976205610995],[-122.361049195736,41.9767792111588]]},"properties":{"OBJECTID":639,"Name":"PCORP 115kV","kV":"115","Owner":"PCORP","Status":"Operational","Type":"OH","Source":"Pacific Power"}},{"type":"Feature","id":650,"geometry":{"type":"LineString","coordinates":[[-122.536395217002,41.7270179509344],[-122.53621799377,41.7267148165566],[-122.535808839005,41.7266536089098],[-122.534936734765,41.7265243060136],[-122.534949901372,41.7257479340754],[-122.534977283818,41.7249486875209],[-122.534988016889,41.7241642985739],[-122.535010110055,41.7233974308953],[-122.535030342811,41.7226386688881],[-122.535042927309,41.7221188977023],[-122.535062115324,41.7213263511755],[-122.535081852209,41.7205111788275],[-122.535102099337,41.7196748468765],[-122.535111784973,41.7193164126919],[-122.5354269535,41.7186105590314],[-122.535752055598,41.7179417369984],[-122.535937867623,41.7170699323212],[-122.536081650171,41.7161941495292],[-122.536255556823,41.715319341192],[-122.536442545641,41.7143603849999],[-122.536604891874,41.7135535956665],[-122.53689520312,41.7129039680518],[-122.537227861846,41.712177655365],[-122.537624223702,41.7113112982328],[-122.538028524869,41.7104270329181],[-122.538303966301,41.7097825448136],[-122.538807082149,41.7091415408308],[-122.539420704251,41.7082885553818],[-122.539270097203,41.7076768473442],[-122.539088483005,41.7068576241984],[-122.538929187451,41.7060837214095]]},"properties":{"OBJECTID":650,"Name":"PCORP 69kV","kV":"69","Owner":"PCORP","Status":"Operational","Type":"OH","Source":"Pacific Power"}},{"type":"Feature","id":651,"geometry":{"type":"MultiLineString","coordinates":[[[-122.850153097595,41.6054279429933],[-122.850376846373,41.6060669184749],[-122.851287852157,41.607076256356],[-122.851651205418,41.6076040372374],[-122.852578804882,41.6086633010448],[-122.853923961053,41.6101353983958],[-122.854794765432,41.6110735604307],[-122.855325636527,41.6116454795194],[-122.855809393681,41.6121666302835],[-122.856254074119,41.6126456786112],[-122.856972000508,41.6134552094965],[-122.85775410254,41.614294721629],[-122.858807416737,41.6157600390016],[-122.859120398765,41.6164154473095],[-122.859430547507,41.6170632842716],[-122.859689476108,41.6176359124908],[-122.860112914983,41.6184511011483],[-122.860427145669,41.6191370293307],[-122.860815578995,41.6199014619936],[-122.861196721594,41.6206736969864],[-122.86156296743,41.6214539072844],[-122.861997544516,41.6220397276559],[-122.862195608664,41.622264471227],[-122.863103988672,41.6229272189545],[-122.864055165319,41.6234230101465],[-122.864921390086,41.6238882700296],[-122.865722481606,41.6243110928048],[-122.866724083384,41.6249240943476],[-122.867647343087,41.625481594536],[-122.868471589581,41.6259745169636],[-122.869371982669,41.6265306174297],[-122.870142166752,41.6270037595202],[-122.871018231665,41.627522217135],[-122.871582843482,41.6278682955024],[-122.872209154288,41.6282339673628],[-122.872853300246,41.6287901591312],[-122.873234846188,41.6293160615544],[-122.873824388051,41.6301541619806],[-122.874351707208,41.6308963073003],[-122.87440643527,41.6316244132224],[-122.874460013489,41.6323869138816],[-122.874502897264,41.632695243196],[-122.874526513074,41.6335328921443],[-122.874571646231,41.6344005988742],[-122.874634835524,41.6352755328626],[-122.874688190062,41.6360953217311],[-122.874747080917,41.6369894480919],[-122.874816499129,41.6378298743928],[-122.874880157344,41.638716256776],[-122.872140676613,41.6393555912872],[-122.872087727215,41.6409946419343],[-122.872092890731,41.6419104061825],[-122.871533603228,41.6424989360624],[-122.870389063318,41.643819781498],[-122.869915360109,41.6443675717688],[-122.869232543475,41.6451593865315],[-122.868764900301,41.6456807826648],[-122.868390912784,41.6461642447152],[-122.867850632735,41.6466944498775],[-122.867208695734,41.6474584745765],[-122.866479911409,41.6481146850289],[-122.865587310308,41.6488958862658],[-122.864592850136,41.6497999814854],[-122.863970872803,41.6510572329333],[-122.86343025319,41.6517041016074],[-122.862768192131,41.6521152117886],[-122.862235859476,41.6521611235966],[-122.861813565055,41.6521707145899],[-122.861273081088,41.6523949322647],[-122.860822151968,41.652744279443],[-122.86043814554,41.6533570360989],[-122.860147147982,41.6538299175062],[-122.859474314326,41.6543622778709],[-122.860645719253,41.6550182911457],[-122.860125555177,41.6557365582494],[-122.859390089183,41.6563881096759],[-122.858475439832,41.6574781005413],[-122.856951383274,41.6592788192671],[-122.855847053752,41.6605473223948],[-122.85527146542,41.661231028887],[-122.854718635906,41.6619285376226],[-122.854491258833,41.6621150786971],[-122.85377547852,41.6631026801173],[-122.853431777702,41.663871823921],[-122.853045395231,41.6646848944672],[-122.852913406664,41.6652726277605],[-122.852721145634,41.6666541180981],[-122.852659962278,41.6672665035178],[-122.852461518144,41.6687316717332],[-122.851965467546,41.6695018769749],[-122.851417025403,41.6703114535195],[-122.850490155371,41.6717382055008],[-122.8503711268,41.6725714819157],[-122.850213278431,41.6733865428083],[-122.847634015824,41.6737975394077],[-122.847779318322,41.6742067586263],[-122.848126981608,41.6745933282826],[-122.848258274878,41.674761278737],[-122.848357521649,41.6753851861518],[-122.848395083804,41.6760515731131],[-122.847874835287,41.6767893794328],[-122.847710042942,41.6772864846413],[-122.847500675293,41.677845054225],[-122.847448902689,41.6779168918642],[-122.848013792085,41.678816242081],[-122.848663845364,41.6797679006876],[-122.848994756867,41.6802813956594],[-122.849546962951,41.6811733166902],[-122.850135398987,41.6820834678938],[-122.850429712227,41.6824939118208],[-122.851371240968,41.684008710907],[-122.852092709414,41.6850946651582],[-122.85226570787,41.6853600695963],[-122.852702504693,41.6860301724897],[-122.853832016687,41.687105729318],[-122.854428424374,41.6880240727798],[-122.855391636649,41.6895306877383],[-122.855931848427,41.6903549796279],[-122.856403916702,41.6911150752845],[-122.85717262665,41.6924288194551],[-122.858048194795,41.6937386040012],[-122.860445852187,41.6959555264501],[-122.861201118847,41.6966335854394],[-122.861936080886,41.697295666851],[-122.862494012831,41.6977957714811],[-122.862813884039,41.6980843383851],[-122.863238264349,41.6984707840537],[-122.863515618295,41.6987441022471],[-122.864760235918,41.6998364720204],[-122.865539537003,41.7005524073937],[-122.866450501465,41.7013586368789],[-122.866994485268,41.701840067885],[-122.86789616115,41.7026758284183],[-122.868690946496,41.7034256713182],[-122.86936736982,41.704036681391],[-122.870250536813,41.7048344228349],[-122.870526909799,41.7052357220005],[-122.871283490694,41.7063212957842],[-122.871597144662,41.7067792686758],[-122.871941189534,41.7072858537237],[-122.872298997495,41.7078043861688],[-122.872866830671,41.7086042382714],[-122.873626137953,41.7097204445442],[-122.874227374084,41.710610219217],[-122.874489205142,41.7109848916301],[-122.874692059106,41.7112765960921],[-122.874818857207,41.7114589309942],[-122.874997408149,41.7117104305164],[-122.875482471453,41.7123936619274],[-122.876046115785,41.7132126629766],[-122.876466982784,41.7138241909299],[-122.877087611746,41.7146710759031],[-122.877526872648,41.7153002879914],[-122.877693080739,41.7155383687732],[-122.878169345045,41.7157970406488],[-122.879074406676,41.7162560182407],[-122.880053969188,41.7167799284922],[-122.880923021852,41.717244720664],[-122.881710266739,41.7176424133502],[-122.882342283644,41.718003754226],[-122.883036029182,41.7182358633447],[-122.884028671164,41.7185533600969],[-122.884692872909,41.7187657988489],[-122.885654992832,41.7190961930664],[-122.887022459562,41.7195430336176],[-122.88837937468,41.7199864052061],[-122.889405893928,41.7203294046669],[-122.890234490065,41.7205914667605],[-122.89113599886,41.7208715762735],[-122.892129769126,41.7212153052019],[-122.893142212672,41.7215339445032],[-122.893986600293,41.7218071264389],[-122.895336400754,41.7222462060569],[-122.896056819069,41.7224880875479],[-122.896651620568,41.7226766200745],[-122.898381339224,41.7232248631356],[-122.899126240224,41.7234897702998],[-122.900303715966,41.7238660404519],[-122.901251461947,41.7241515899199],[-122.902008748918,41.724379060031],[-122.902729763714,41.724628727586],[-122.903407926177,41.7248465058896],[-122.904221262632,41.7251071871976],[-122.905340708105,41.7254690600058],[-122.906503413747,41.7258254552348],[-122.907000134488,41.725991514702],[-122.907512154437,41.7261572184048],[-122.908696458273,41.7265030047976],[-122.909641607225,41.7268838819716],[-122.910032207287,41.7270753883837],[-122.911329976428,41.7282699090212],[-122.911817190299,41.7286525007047],[-122.913185627209,41.7297697170577],[-122.913478551653,41.7300088597851],[-122.913909102491,41.7303603560246],[-122.915297824258,41.7314940583548],[-122.916083992964,41.7321358349263],[-122.916597358589,41.7325549056152],[-122.917911120438,41.7335959293959],[-122.920043949993,41.7353428552368],[-122.92047855852,41.7356938396412],[-122.920898882937,41.7360332828867],[-122.921743182523,41.7367151067593]],[[-122.921743182523,41.7367151067593],[-122.92193327502,41.7368686149401]],[[-122.999537858355,41.7423006248792],[-122.998542045319,41.7424544400995],[-122.997664571848,41.7424994543123],[-122.997035189702,41.7425317380053],[-122.996650453842,41.7426242395938],[-122.994780527035,41.7418454079295],[-122.994074795277,41.7416285887823],[-122.991489572348,41.7422191763464],[-122.989957638463,41.7425727191357],[-122.988750158991,41.7428380177177],[-122.986600746536,41.7428149570911],[-122.984947704479,41.7428376437073],[-122.983409192231,41.7428263711136],[-122.982306796783,41.7428327125343],[-122.981094703563,41.7428317748272],[-122.979517057108,41.7428263101191],[-122.978062425949,41.7428327152154],[-122.977252632449,41.7428255299252],[-122.97569211507,41.7434392694416],[-122.97486164415,41.7435656930276],[-122.973402249224,41.7437726809672],[-122.971931992768,41.7440341487643],[-122.970547552371,41.7440453876331],[-122.965444333735,41.7440701140758],[-122.96230674662,41.7440649316512],[-122.960015438977,41.744102276333],[-122.959061444315,41.744100001483],[-122.956594037233,41.7441101478227],[-122.95591586399,41.7441129280454],[-122.953639306685,41.7441366618131],[-122.950213978404,41.7441547071116],[-122.948294418779,41.7441320571545],[-122.946957575618,41.7441877259128],[-122.944186928737,41.7441143503291],[-122.942332462834,41.7437105458473],[-122.938586997444,41.7428642627852],[-122.937245137191,41.7428462030484],[-122.93567179726,41.7428384460199],[-122.934414483747,41.7428509016369],[-122.933617248696,41.7425849201009],[-122.932461452895,41.7421800536668],[-122.931252415744,41.741774234222],[-122.930091948704,41.7413787821885],[-122.928598854378,41.7408743446897],[-122.927440534312,41.7404771758535],[-122.92636192176,41.7401028027424],[-122.925630145147,41.7398633711587],[-122.924195717098,41.7387082961655],[-122.923392205517,41.7380549451681],[-122.921743182523,41.7367151067593]]]},"properties":{"OBJECTID":651,"Name":"PCORP 69kV","kV":"69","Owner":"PCORP","Status":"Operational","Type":"OH","Source":"Pacific Power"}},{"type":"Feature","id":653,"geometry":{"type":"LineString","coordinates":[[-122.383309610173,41.4320514210879],[-122.383619625066,41.4322307627819],[-122.384484814075,41.4319378015691],[-122.385302598089,41.4316208830227],[-122.386184869462,41.4313137349077],[-122.388374553392,41.4313777386706],[-122.389006591856,41.4314383243063],[-122.389588392038,41.4313920622232]]},"properties":{"OBJECTID":653,"Name":"PCORP 69kV","kV":"69","Owner":"PCORP","Status":"Operational","Type":"OH","Source":"Pacific Power"}},{"type":"Feature","id":654,"geometry":{"type":"LineString","coordinates":[[-122.270443741757,41.2626888743779],[-122.270600341467,41.2626500112425],[-122.270692211273,41.2626272124891],[-122.271210143933,41.2633381546772],[-122.271609837641,41.2641013259753],[-122.272007820058,41.2649098466084],[-122.272412627874,41.265634761414],[-122.272856423472,41.2663947471941],[-122.273370617344,41.2672846408307],[-122.273915856993,41.2682574525327],[-122.274519695543,41.2692816236041],[-122.274991771005,41.270041143598],[-122.275565205177,41.2701118364626],[-122.276944498227,41.2702142134386],[-122.278134752504,41.2703347134097],[-122.278556348036,41.2703938394775],[-122.279203363213,41.270892515506],[-122.279896910223,41.2714333357499],[-122.280390307198,41.2718310278195],[-122.280982305055,41.2723255818311],[-122.2816407477,41.2728068943654],[-122.282310969056,41.273357770604],[-122.282856453046,41.2737906009398],[-122.283399758621,41.274254750784],[-122.283979375897,41.2747591433791],[-122.284568623112,41.2752657654002],[-122.285210173837,41.2758147447242],[-122.285845447135,41.2763662423417],[-122.286510282192,41.276746351434],[-122.287305173539,41.2772107118231],[-122.288109621164,41.2776748933818],[-122.288884518708,41.2781107337104],[-122.289718010663,41.2785864084137],[-122.290529007006,41.2790552686803],[-122.29213473839,41.2799812408335],[-122.29424541549,41.2811626544565],[-122.294936029501,41.281549469369],[-122.295695021474,41.2819831560398],[-122.29695358634,41.2827036689549],[-122.297643921873,41.2830808499126],[-122.299034682816,41.2839505207992],[-122.299721778126,41.2857137991117],[-122.300447410263,41.2864945845172],[-122.302157330948,41.2870486136147],[-122.303041042321,41.2873349309801],[-122.30387165248,41.2876156594378],[-122.304461456652,41.288131814516],[-122.304943369564,41.2884980116941],[-122.30551582547,41.2889330048584],[-122.306300574838,41.2893709717933],[-122.307818308155,41.2892323667862],[-122.308832893284,41.2886000783626],[-122.309308008645,41.2892121712779],[-122.311725788299,41.2900242991534],[-122.312286481665,41.2907214335123],[-122.311908207388,41.2915321285601],[-122.312141265407,41.2923771273729],[-122.312654001313,41.2942279448027],[-122.313068921464,41.294651378753],[-122.313446144714,41.2951331124785],[-122.314364169933,41.2961819118791],[-122.314798248455,41.2967054629727],[-122.315192257623,41.2971698412904],[-122.315614697572,41.297661691334],[-122.31588332169,41.2980546653638],[-122.316486191857,41.2986740069304],[-122.316935423161,41.2991710509857],[-122.317416732405,41.299773383217],[-122.317857518647,41.300304270327],[-122.318762007154,41.3013889720236],[-122.319177610924,41.3018725118327],[-122.3196133666,41.3024210547509],[-122.319929616699,41.3028191518547],[-122.320585340144,41.3036437884444],[-122.320221005024,41.3040871058649],[-122.321347226489,41.304496660784],[-122.321833847472,41.3046441423851]]},"properties":{"OBJECTID":654,"Name":"PCORP 69kV","kV":"69","Owner":"PCORP","Status":"Operational","Type":"OH","Source":"Pacific Power"}},{"type":"Feature","id":655,"geometry":{"type":"LineString","coordinates":[[-122.286026347172,41.1850629643164],[-122.287720948887,41.1851128304867],[-122.287632867276,41.1856295400739],[-122.288142898355,41.1865234392011],[-122.288323954699,41.1868786363215],[-122.288463196263,41.1877370692932],[-122.28866175089,41.1888696997958],[-122.288332914496,41.1894413113744],[-122.288139779405,41.1898033913598],[-122.286996943599,41.1917803100214],[-122.285927414811,41.1943837755673],[-122.284732544991,41.1960586261746],[-122.282091635497,41.1984432578259],[-122.281723540928,41.1995323623808],[-122.281644747,41.2001330745313],[-122.281568335403,41.2007387943052],[-122.28149583597,41.2013276091451],[-122.28141058046,41.2019351724941]]},"properties":{"OBJECTID":655,"Name":"PCORP 69kV","kV":"69","Owner":"PCORP","Status":"Operational","Type":"OH","Source":"Pacific Power"}},{"type":"Feature","id":969,"geometry":{"type":"LineString","coordinates":[[-121.316199159402,42.0053604507548],[-121.316208110216,42.0045404646415],[-121.316280556648,42.0033243782649],[-121.316244650986,42.0024624683253],[-121.316345249722,42.0012261804217],[-121.316257445691,42.0003588453869],[-121.316210100882,41.997805320678],[-121.316152635654,41.9951355487954],[-121.316086715481,41.992009379542],[-121.316037892944,41.9889457005213],[-121.315912315654,41.9864126789714],[-121.315886152221,41.9837677302071],[-121.315812006176,41.9810564140897],[-121.315766907155,41.9781926432165],[-121.315693660324,41.9753142581658],[-121.315591065532,41.9729847069994],[-121.315595445717,41.9706579498854],[-121.315585539096,41.9675432376938],[-121.315460816104,41.9651130658135],[-121.315381244234,41.9616737929385],[-121.315319263175,41.9583269488031],[-121.315217115744,41.9554251508926],[-121.315159793347,41.9529404350845],[-121.315102790751,41.9502917090633],[-121.314936544931,41.9475486575967],[-121.314668685279,41.9451229173827],[-121.314217480377,41.9422545582845],[-121.313746907797,41.9394132604327],[-121.313275489004,41.9365242476767],[-121.312846665626,41.9337839726266],[-121.31234382646,41.9306984026243],[-121.311873198184,41.9276304103341],[-121.311364853243,41.9246732036422],[-121.310901093486,41.9217573126343],[-121.310432568166,41.9187967308703],[-121.309959421913,41.916015207736],[-121.309512075274,41.9131200613836],[-121.309019847008,41.9101627390611],[-121.30856423497,41.9072468147791],[-121.308136922559,41.9045692698222],[-121.307677294154,41.9016474409757],[-121.307263024383,41.8990264605649],[-121.30677982149,41.8961168273288],[-121.306430802646,41.8941395949271],[-121.306225004004,41.8916894852089],[-121.305836378439,41.8886937017592],[-121.305558960713,41.8857508344818],[-121.305220916587,41.8825056334227],[-121.304830536612,41.8792196346089],[-121.304524342254,41.8763295633213],[-121.304191470627,41.8732981320346],[-121.303916746949,41.870368579916],[-121.303586800237,41.86749385586],[-121.303283687998,41.8647665382265],[-121.303027148916,41.8617805387522],[-121.302711845641,41.8588961567384],[-121.302375119344,41.855960800693],[-121.302129621455,41.8537422424927],[-121.301828509765,41.8509622759077],[-121.301504378746,41.8478931196715],[-121.301183770021,41.8447942474064],[-121.30087400486,41.8421205134378],[-121.300563615369,41.8392779162623],[-121.300270947843,41.836533585294],[-121.299984294538,41.8338995722177],[-121.299679854589,41.8309435910575],[-121.299411829648,41.8281151782333],[-121.29906631064,41.8250268057868],[-121.298741280408,41.8219593296422],[-121.298396594138,41.8190011314728],[-121.298061261127,41.8158695325859],[-121.297726935128,41.8127916262403],[-121.297393403239,41.8095377343749],[-121.297057615681,41.8063763473905],[-121.296714291258,41.8032359315044],[-121.29649883932,41.8007009521333],[-121.296191886784,41.797952811732],[-121.295897790936,41.7954918979858],[-121.295650057141,41.7929517110665],[-121.295307886154,41.7897412173],[-121.294970004623,41.7864546534301],[-121.294620534824,41.7835916717718],[-121.294292989309,41.7804332872332],[-121.293972641095,41.7774508239986],[-121.293650858272,41.774387852079],[-121.293318487906,41.7713965863345],[-121.293056015451,41.768293959904],[-121.292673638567,41.7653238946522],[-121.292341299641,41.7623296800942],[-121.291971619546,41.7588079229148],[-121.29166947659,41.7557239440208],[-121.291471982873,41.7538110909381],[-121.291073140768,41.7502091395477],[-121.290819935334,41.747849473505],[-121.290409140246,41.7438032588801],[-121.290190623257,41.7418220500123],[-121.289960454219,41.7396351649168],[-121.289643333653,41.7368108973336],[-121.28939535282,41.7342961235106],[-121.289286698892,41.7320215220904],[-121.289196337357,41.7287833714436],[-121.289263497205,41.7265726058177],[-121.289478288881,41.7244050766394],[-121.289883326666,41.7222236777765],[-121.290389345869,41.7194835162078],[-121.291492324324,41.7165308614229],[-121.292629930139,41.7133482001938],[-121.293478512892,41.7110382017773],[-121.294326845015,41.7087174681321],[-121.295442543615,41.7056531412705],[-121.296576926274,41.7025743082196],[-121.297746362094,41.6993340625563],[-121.298512472318,41.6973015492817],[-121.299450285627,41.6947451853689],[-121.300601252983,41.69153977456],[-121.301662727476,41.6885318735526],[-121.302792186469,41.6855423196671],[-121.30386026807,41.682587565234],[-121.304928449385,41.6796294868604],[-121.306088947866,41.6764623520778],[-121.307139022738,41.6735082308088],[-121.308318725403,41.6703609403295],[-121.309391925605,41.667443965176],[-121.310470888499,41.6644433867386],[-121.311530673261,41.6615192302853],[-121.312572789957,41.6586739921777],[-121.313486757487,41.6561092347696],[-121.314516866403,41.6533094538473],[-121.31560931301,41.6502823708691],[-121.316659778649,41.6473917186588],[-121.317601818531,41.6448171273386],[-121.318709240952,41.6417564893157],[-121.319768482233,41.6388395040618],[-121.320773525458,41.6360829353924],[-121.321982474574,41.6328685466933],[-121.323171923062,41.6294635010945],[-121.324298606261,41.6260996754915],[-121.325337878891,41.62315666274],[-121.326307612935,41.6200593119367],[-121.327221029797,41.617177271581],[-121.328185061336,41.614122930372],[-121.329170263471,41.6110182687261],[-121.330146093483,41.6079256384972],[-121.331137241567,41.6048089922028],[-121.332111380949,41.6018046581113],[-121.33308575569,41.5986476388849],[-121.334006346498,41.5956701198359],[-121.33499229154,41.5926322697085],[-121.33596141473,41.5895468878127],[-121.336964459203,41.5864158224712],[-121.337921320389,41.5833615912206],[-121.338865831537,41.580328964934],[-121.33981360806,41.5773058494311],[-121.34078040102,41.5742873080222],[-121.341265529003,41.5712658606989],[-121.342286419408,41.5682714889555],[-121.343177727832,41.5652943184374],[-121.344242296123,41.5621006007414],[-121.346748288542,41.5596481898655],[-121.349240826893,41.5570164700813],[-121.351705491418,41.5544279463551],[-121.354124031946,41.5519221775867],[-121.356419916505,41.549471365729],[-121.358740141815,41.5470596149157],[-121.361194891635,41.5444853500601],[-121.363625850473,41.5419184580418],[-121.3657729318,41.5396694927698],[-121.36823212828,41.5371057958543],[-121.370660287968,41.5346017818547],[-121.373181377474,41.531881325176],[-121.375604881193,41.5293997934547],[-121.378149313421,41.5267131892606],[-121.380551369864,41.5241878365677],[-121.383023564967,41.5215792013953],[-121.38541777193,41.5190447235949],[-121.387925330112,41.5164656724346],[-121.390299142623,41.513988416099],[-121.392745962116,41.5113671862032],[-121.395170542916,41.5088320373934],[-121.397576101889,41.5063042162789],[-121.400075593201,41.5037323713384],[-121.402518290324,41.5011790066006],[-121.40498887385,41.4986038200947],[-121.407448304791,41.4959535768111],[-121.409923133754,41.493371101945],[-121.412433916888,41.490695150579],[-121.414691808999,41.4881416816377],[-121.416787161738,41.4856619391258],[-121.419265261468,41.4830399104189],[-121.421753453769,41.4804570829405],[-121.424296843053,41.4777948697509],[-121.42679797918,41.4751652940935],[-121.429767737644,41.4720079578176],[-121.431984262336,41.4696427226567],[-121.434295606002,41.4672799490286],[-121.43687968268,41.4645633796888],[-121.439180348971,41.4621577137089],[-121.441587452149,41.4596255613178],[-121.443784587603,41.4572782559613],[-121.446224715545,41.454752803279],[-121.44863570214,41.4522025982384],[-121.451060600943,41.4496450372296],[-121.453641478721,41.4469849712324],[-121.456057970191,41.4444179052148],[-121.458317786493,41.4420350926558],[-121.4609560226,41.4392347465805],[-121.46324625406,41.4368167321634],[-121.465577356172,41.434345808666],[-121.467705073414,41.4320949469306],[-121.46998541083,41.4296874328772],[-121.47213061378,41.4272386296194],[-121.474149046477,41.4248321310768],[-121.476310940124,41.4222593401811],[-121.478496608584,41.4196969715033],[-121.480695751773,41.4171057897161],[-121.482769541353,41.4146520110712],[-121.484912745551,41.4121222496497],[-121.486907361215,41.4097516386536],[-121.489342084892,41.4068892078987],[-121.491558808111,41.4042690353455],[-121.493609490327,41.4014254065932],[-121.495886387195,41.3987507890985],[-121.497792752365,41.3965027273253],[-121.499888007189,41.3939983680619],[-121.501855961753,41.3917602514149],[-121.503686262975,41.3899709688149],[-121.506310880622,41.3874100911395],[-121.508625323476,41.3852106577745],[-121.509578139548,41.384086550075],[-121.511435689367,41.381810276045],[-121.513469188608,41.3793422415628],[-121.515359660784,41.3770655210514],[-121.517428977652,41.3745111376551],[-121.519128492253,41.3724048274852],[-121.521050097342,41.3700489512723],[-121.522709740219,41.3680834994886],[-121.524470775943,41.3659143207091],[-121.5259187434,41.3641047034178],[-121.527494194372,41.3622037292143],[-121.529544499295,41.359737730066],[-121.531362357952,41.3574974261749],[-121.533360098854,41.3550895218748],[-121.535261561019,41.3527400505818],[-121.53736682577,41.3501332488759],[-121.539525759469,41.3475324587393],[-121.541431154458,41.3452474466942],[-121.543470743378,41.3427181135295],[-121.545395794404,41.3403761941124],[-121.54729236165,41.3382564071014],[-121.549525347969,41.335417462804],[-121.551303504683,41.3331626195786],[-121.553135660028,41.3309290741801],[-121.555083834588,41.3285903216232],[-121.55691123515,41.3259310694012],[-121.558974257522,41.323440588177],[-121.560943219098,41.3209870240168],[-121.562894040993,41.318576588831],[-121.565017413085,41.316049497677],[-121.56700877505,41.3135562232696],[-121.569112758803,41.3110221615539],[-121.571188894782,41.3085206156723],[-121.573174785109,41.3060130179366],[-121.575103477906,41.3037100227271],[-121.576956782287,41.3014294148822],[-121.578999626701,41.2989460649667],[-121.58094001197,41.2965462578183],[-121.582876561432,41.2941929806275],[-121.584923161702,41.2917413630226],[-121.586974171803,41.289211505069],[-121.589048688119,41.2866601214979],[-121.591065495764,41.2841941820987],[-121.593087201921,41.2817097777192],[-121.595150525229,41.279179117643],[-121.597093546155,41.2767724101009],[-121.599104073677,41.2743078274423],[-121.60121740979,41.2716777911902],[-121.603360849347,41.2691492194201],[-121.605428083021,41.2665686099533],[-121.607266550827,41.2643450512481],[-121.609523220331,41.2615723628675],[-121.611664983631,41.2589585150172],[-121.613520777244,41.2566809977758],[-121.615431446243,41.2543240522416],[-121.617144959291,41.2522522245805],[-121.618830477242,41.250202200249],[-121.620482058638,41.2481204018379],[-121.622268679279,41.2455288778116],[-121.624517201062,41.2430744365541],[-121.626066697011,41.2408865844947],[-121.628258206317,41.2382253500083],[-121.629582563794,41.2365483429691],[-121.631824364383,41.2338220129297],[-121.633537729209,41.2317857690929],[-121.635515806888,41.2293311055862],[-121.637035414989,41.2275191299485],[-121.63905507748,41.2250316819573],[-121.640796979986,41.2229453635126],[-121.642463415025,41.220816162697],[-121.64477444518,41.2180362799386],[-121.646190513461,41.2162582201508],[-121.648180187492,41.2138121728954],[-121.650136198056,41.2114012481478],[-121.652229861065,41.2088812927344],[-121.65418184538,41.206466613112],[-121.656121255078,41.2040274801534],[-121.65788133679,41.2019446896418],[-121.660014831997,41.1992962710991],[-121.661720889927,41.1972526416814],[-121.663754114283,41.1947098292788],[-121.665639469655,41.192422324302],[-121.667791186289,41.189734801209],[-121.669182444898,41.1880648968837],[-121.671124444439,41.1856871439227],[-121.672954256079,41.1833852646587],[-121.674693208518,41.1812815478503],[-121.677052300337,41.1783943835783],[-121.678514038069,41.176556524523],[-121.68056266943,41.1740490437071],[-121.682660946186,41.1714812513032],[-121.684656683846,41.1690817324116],[-121.68680684819,41.1663879914893],[-121.688689041493,41.1640286963446],[-121.69129374888,41.1617520265266],[-121.693995940543,41.1594411989866],[-121.69614094766,41.1578890097785],[-121.698007798636,41.1566219675739],[-121.700421453227,41.154561099295],[-121.702968757369,41.1525502641606],[-121.705542763933,41.1505092093165],[-121.708526344774,41.148146559674],[-121.711197655952,41.146071278772],[-121.714180224392,41.1436816884468],[-121.715715615892,41.1425219134388],[-121.716567494564,41.14188321606],[-121.71731831636,41.141218361875],[-121.719173243997,41.1397621741743],[-121.722255243363,41.137363219146],[-121.724298617783,41.1357638787759],[-121.726228367897,41.1341955465481],[-121.729092255413,41.13198609548],[-121.731595961619,41.1300289594659],[-121.734166272514,41.1279403524323],[-121.736904953745,41.1258052700931],[-121.739310307004,41.1238970037449],[-121.740769671387,41.1227928625366],[-121.742796441348,41.1211580926009],[-121.744318256609,41.1199655025565],[-121.746631760724,41.1180952432842],[-121.748818399365,41.1164660364497],[-121.751969195308,41.1139748773866],[-121.752540561558,41.1135197849987],[-121.754433328929,41.1120595875804],[-121.755528997793,41.1111589805911],[-121.756058063275,41.1107461940568],[-121.757664528582,41.1094926495533],[-121.758200268546,41.1090320707285],[-121.760405169038,41.1073110697259],[-121.76116174634,41.1067102645],[-121.762739909326,41.1054332106625],[-121.763887538543,41.1045735309949],[-121.7656015268,41.1032229935588],[-121.767397197069,41.1015165890792],[-121.768790582889,41.100414947693],[-121.770165507432,41.0993642217964],[-121.772013760587,41.0978835355064],[-121.772761466127,41.0972500027736],[-121.773620027366,41.0966447011195],[-121.774653319912,41.0957865467327],[-121.775414325908,41.0952154025118],[-121.776691829955,41.094210698993],[-121.777300959583,41.0937042929971],[-121.779113005241,41.0922031570784],[-121.780641839939,41.0910249485694],[-121.781604820449,41.0903406017195],[-121.782606615365,41.0895007284937],[-121.783405415282,41.0888723681632],[-121.784327834162,41.0881727846922],[-121.787516932472,41.0856466755933],[-121.788028000207,41.0852211307642],[-121.788845626117,41.0845712547182],[-121.790685620161,41.0831053271374],[-121.793146108419,41.0811979749078],[-121.794517555584,41.0801235260621],[-121.794960848125,41.0797595021387],[-121.795628412264,41.0792402495738],[-121.796056932909,41.0789151808702],[-121.797687445218,41.0777353133949],[-121.798425080644,41.0771882144062],[-121.799044611865,41.0767948172714],[-121.800275641571,41.0760021704797],[-121.801062923289,41.0755637629695],[-121.801917047749,41.0750965656968],[-121.803400346845,41.0743357567238],[-121.804447262341,41.0737334952385],[-121.805824862966,41.072986368537],[-121.806697724486,41.0725028420849],[-121.808276887297,41.0716395179989],[-121.809343834326,41.0710548101466],[-121.810821757903,41.0702346454414],[-121.81263040793,41.0702084516621],[-121.815119114966,41.0701664056027],[-121.819569430867,41.0700808918644],[-121.823359565883,41.0700197460228],[-121.830731205783,41.0698902401263],[-121.833404707053,41.0698388458061],[-121.838003982493,41.0697428505329],[-121.842019338626,41.0674215613897],[-121.843841758927,41.0664021957214],[-121.84725647541,41.064444276947],[-121.849314575014,41.063266363218],[-121.851829689825,41.0616643783114],[-121.856428776619,41.060660322789],[-121.859962683369,41.059835868139],[-121.86304444019,41.0590933067405],[-121.865969243364,41.0583694051795],[-121.869133219389,41.0575971433326],[-121.871271011237,41.0553692904254],[-121.873257438757,41.0532770410712],[-121.875908263854,41.0505199468506],[-121.877774939659,41.0485805744841],[-121.879478004402,41.0467935184176],[-121.882451493569,41.0436090957563],[-121.884352885666,41.0416622720724],[-121.886507176871,41.0394033743824],[-121.888897607317,41.0367982655085],[-121.890244234929,41.0352935017748],[-121.890438738154,41.0335708343902],[-121.890536309567,41.0310031875211],[-121.890580709698,41.0279088141036],[-121.890934792345,41.0250809845001],[-121.891043395968,41.0239795631354],[-121.89141698643,41.020251362221],[-121.891893554367,41.0178985652384],[-121.89253176246,41.0146700660125],[-121.893294865124,41.0108138003521],[-121.893693604821,41.0084949798862],[-121.894135525635,41.0063245290496],[-121.895326914484,41.0041129136424],[-121.896202496103,41.0025945478793],[-121.897355266378,41.0004133095301],[-121.898968359456,40.9975127665282],[-121.899827733671,40.9955356551483],[-121.901299878385,40.9929591130978],[-121.902035542908,40.9915084158849],[-121.904005170135,40.9879914344953],[-121.905836328349,40.9847417927824],[-121.906728087729,40.9831098771796],[-121.909362613793,40.9783160588611],[-121.910703438288,40.9759977526127],[-121.912259953672,40.9732261125989],[-121.913793467694,40.9703326206321],[-121.914066956189,40.9677683742069],[-121.914291416432,40.9645432671421],[-121.9144924558,40.9619145796176],[-121.914676944606,40.9594023814508],[-121.914975620963,40.9552791113035],[-121.915179384921,40.9527547130351],[-121.915359463898,40.95007869271],[-121.915626391996,40.9466831163815],[-121.915831532173,40.9439173202706],[-121.916050211757,40.9407758196275],[-121.916266617706,40.9379919858241],[-121.916496563062,40.9351274863168],[-121.91667627373,40.932588603272],[-121.916918268189,40.9294408180083],[-121.917177831899,40.9260692616015],[-121.917404483134,40.9229366312874],[-121.917605054479,40.9202991137943],[-121.917897027607,40.9163787446274],[-121.918160500785,40.9130101489823],[-121.918308633874,40.9114475279163],[-121.918483308586,40.908776423485],[-121.918661308861,40.9067562087274],[-121.918820070816,40.903889861544],[-121.919098760557,40.8993290434272],[-121.919149084179,40.8987143750415],[-121.918437815205,40.8960253722916],[-121.917803159948,40.8938537260424],[-121.916604325862,40.8897954400388],[-121.915805851135,40.8870660673722],[-121.914896760559,40.8840105934809],[-121.914112000412,40.8813495576371],[-121.913433483115,40.8789938373687],[-121.912806521929,40.8772482275422],[-121.913168149526,40.8756513658162],[-121.914070569213,40.8697550331668],[-121.914497365093,40.86721848785],[-121.914778948307,40.865417246079],[-121.915145223787,40.863114072959],[-121.915473105273,40.8609902916911],[-121.915846542123,40.8586631761313],[-121.916166775352,40.8562534441334],[-121.915961252493,40.855013966381],[-121.915585115307,40.8531096064164],[-121.915244948462,40.8513775312207],[-121.914727385009,40.8487244082218],[-121.914208712137,40.846175603694],[-121.913692886925,40.8435850405711],[-121.912738567971,40.8388020506541],[-121.911806137367,40.8342481920363],[-121.911113013464,40.8309722181679],[-121.912265311225,40.828902775558],[-121.914312633741,40.8272742917346],[-121.916778881997,40.8250782999125],[-121.918772690973,40.823277879698],[-121.922129584697,40.8203166097416],[-121.92436644006,40.8182615747472],[-121.92694821256,40.815966175756],[-121.929394725727,40.8137977668201],[-121.931573003747,40.8118629128471],[-121.934207836137,40.8104424098016],[-121.934726232328,40.8081458685916]]},"properties":{"OBJECTID":969,"Name":"PG&E 500kV","kV":"500","Owner":"PG&E","Status":"Operational","Type":"OH","Source":"NAIP"}},{"type":"Feature","id":1475,"geometry":{"type":"LineString","coordinates":[[-121.715761060764,40.8768792941938],[-121.716154173414,40.8773399939288],[-121.716812195648,40.8791918207665],[-121.717615917434,40.8812306354327],[-121.718249967226,40.8830765940772],[-121.718836947992,40.8846585872987],[-121.719371001819,40.8862065791068],[-121.720152950239,40.8883784553068],[-121.720742175895,40.8901821235782],[-121.721481297135,40.8920838515799],[-121.722082798269,40.8937419306229],[-121.722739379605,40.8956018863578],[-121.723396680492,40.8974904403972],[-121.723981715507,40.8991893577102],[-121.724611016805,40.9010090818892],[-121.725240283966,40.9027716739768],[-121.726000486869,40.9048876677046],[-121.72670642524,40.9067381445578],[-121.727353861726,40.9085641174485],[-121.727942287882,40.9103201232365],[-121.728384649769,40.9114480947787],[-121.728682436794,40.9122480618493],[-121.728955556081,40.9130309981627],[-121.729235432496,40.9138437791116],[-121.729559580583,40.9147796379925],[-121.731020644579,40.918792171339],[-121.73169297967,40.9205837330298],[-121.73201533472,40.9224150910108],[-121.732339811591,40.9241054925129],[-121.732747617085,40.9259140786258],[-121.733069247194,40.927664261083],[-121.733469593079,40.9299943137856],[-121.733843612936,40.9316973184074],[-121.734194231679,40.933298816549],[-121.734585099439,40.9353126778105],[-121.734986040907,40.9373526266106],[-121.735302566789,40.9390170697933],[-121.735722674711,40.9410686781178],[-121.736070516762,40.9430843734538],[-121.736367464761,40.9445435452785],[-121.736712554374,40.9461639843373],[-121.737088608915,40.9482090653617],[-121.737435656855,40.9498325687415],[-121.737696481799,40.9512955659239],[-121.738336400285,40.9531792223563],[-121.738610010951,40.9539717024679],[-121.738896419017,40.9547735415368],[-121.739092664974,40.9556064386035],[-121.739708804156,40.9571892476523],[-121.740370253462,40.9590777858467],[-121.740830315753,40.960432704573],[-121.741506664517,40.9627489135484],[-121.741943462239,40.9638455517851],[-121.742562352063,40.9656583937085],[-121.743211873539,40.9674374301431],[-121.743763105849,40.9691845433439],[-121.744330986635,40.9708832580364],[-121.744904089329,40.9728210384979],[-121.745553524567,40.9748504148274],[-121.74633406892,40.9768421982164],[-121.746826640344,40.9782324305032],[-121.747331956166,40.9797583819476],[-121.748056329763,40.9818916177555],[-121.748617483066,40.9835145408957],[-121.749368273421,40.9858262222536],[-121.749406272158,40.9871298387406],[-121.748899729237,40.9890466612388],[-121.748522111628,40.9908377047052],[-121.746838979602,40.9971908161463],[-121.747084739799,40.9975249853122]]},"properties":{"OBJECTID":1475,"Name":"PG&E 230kV","kV":"230","Owner":"PG&E","Status":"Operational","Type":"OH","Source":"NAIP, Virtual Earth Bird's Eye"}},{"type":"Feature","id":1476,"geometry":{"type":"LineString","coordinates":[[-121.715999549997,40.8767472839623],[-121.716137292273,40.8769179648987],[-121.716415197784,40.8772016616763],[-121.717107412593,40.8791207191676],[-121.717891260052,40.8811958542387],[-121.718475459634,40.8830568031066],[-121.71905373842,40.8846146522501],[-121.719654194814,40.8861563542418],[-121.720387655768,40.8883266864256],[-121.721037702759,40.8901389677243],[-121.721737281956,40.8920254897272],[-121.722330755745,40.8937134990971],[-121.722978573118,40.8955768908954],[-121.723663286095,40.897470608243],[-121.724245556994,40.89913649866],[-121.724934426477,40.9009526168463],[-121.725523852457,40.9027148797818],[-121.726296703639,40.9048384414909],[-121.726926155853,40.9066169956139],[-121.727574079227,40.9085185322355],[-121.728204781896,40.9102688107664],[-121.728637897424,40.9113986860783],[-121.728942883548,40.9121905500811],[-121.72920305901,40.9129775324113],[-121.729510463399,40.9137890594969],[-121.729869512831,40.9147419683058],[-121.731288569807,40.9187488101459],[-121.731936546181,40.9205470698929],[-121.732281175857,40.9223899604265],[-121.732665307151,40.9240604481176],[-121.733041900681,40.9258766182243],[-121.733379634888,40.9276432644867],[-121.733830938605,40.9299518972088],[-121.734154660891,40.9316567597641],[-121.734476101456,40.9332662934636],[-121.734901168079,40.9352653744219],[-121.735296412431,40.9373292416665],[-121.735622251147,40.9389887866663],[-121.736027014048,40.9410549119066],[-121.736386345551,40.9430596863611],[-121.736654786413,40.9445049066414],[-121.736955002482,40.9461391945821],[-121.737368596721,40.94819757497],[-121.737707938014,40.9497906357699],[-121.737931759555,40.9512537370087],[-121.738627307114,40.9531274913144],[-121.738904002594,40.9539175445853],[-121.73914708132,40.9547462115708],[-121.739420821343,40.9555434577986],[-121.739996930698,40.9571518579009],[-121.740648849778,40.9590357576673],[-121.741095950278,40.9603741669778],[-121.74186138407,40.9626617868728],[-121.742246972431,40.9637936364534],[-121.742850222586,40.9656090791281],[-121.743434366472,40.9674128681455],[-121.744047987676,40.9691351866319],[-121.744639821142,40.9708649617934],[-121.745267088654,40.9727587489755],[-121.745902270323,40.9747898295692],[-121.74653583233,40.9767397850677],[-121.747038468477,40.9781555602208],[-121.747578807816,40.9797000941098],[-121.748303246092,40.9818357121234],[-121.748854688607,40.9834468492562],[-121.749638238724,40.9858129061488],[-121.749683453627,40.9871545683473],[-121.749166969949,40.989176050266],[-121.74878867501,40.9908999581698],[-121.747170253126,40.9971632976371],[-121.747386448869,40.9974449489142]]},"properties":{"OBJECTID":1476,"Name":"PG&E 230kV","kV":"230","Owner":"PG&E","Status":"Operational","Type":"OH","Source":"NAIP, Virtual Earth Bird's Eye"}},{"type":"Feature","id":1477,"geometry":{"type":"LineString","coordinates":[[-121.548582120514,40.9611052031227],[-121.548114506086,40.9615586662076],[-121.545575194255,40.9629251670038],[-121.544156086973,40.9636731836098],[-121.541631599141,40.9646827699852],[-121.538209786866,40.9660639743957],[-121.535863270563,40.9670424930587],[-121.533979511497,40.9677984357148],[-121.531427483115,40.9688439699526],[-121.52989191285,40.9694652329542],[-121.528237336471,40.970140166035],[-121.526172274922,40.9710009914409],[-121.524083458325,40.9718146939023],[-121.522354930835,40.9725438012105],[-121.520554808515,40.9732661200757],[-121.518263636518,40.9741812521799],[-121.516123209013,40.9750605674969],[-121.514454073638,40.9765921068258],[-121.512473092604,40.9782975157836],[-121.511164405338,40.9794401989548],[-121.509010673783,40.9812842784231],[-121.507634914705,40.9825064619743],[-121.506456185814,40.9834251841193],[-121.503475361902,40.9858142996711],[-121.50171361651,40.9872330270977],[-121.499860646302,40.9887114753679],[-121.49822982048,40.9899934721908],[-121.497702888498,40.9903179991172]]},"properties":{"OBJECTID":1477,"Name":"PG&E 60kV","kV":"60","Owner":"PG&E","Status":"Operational","Type":"OH","Source":"NAIP"}},{"type":"Feature","id":1478,"geometry":{"type":"LineString","coordinates":[[-121.976583375824,40.9867314988257],[-121.975674684998,40.9859436062085],[-121.973857449772,40.9837487736405],[-121.972823637102,40.982902059231],[-121.968393571923,40.980292957577],[-121.966823765964,40.9793749025318],[-121.965805160873,40.9780930844848],[-121.965186550426,40.9769868490749],[-121.964311840172,40.9757131998633],[-121.963544116574,40.974609303767],[-121.96283358332,40.9735691993062],[-121.962110372143,40.9725325253117],[-121.961382127705,40.971466815656],[-121.960504976729,40.9702168225057],[-121.95978467789,40.9691639825171],[-121.959067751326,40.968072026077],[-121.958378376092,40.967083425424],[-121.957688777178,40.9660905263957],[-121.956902807,40.9649351348281],[-121.956141525221,40.9638492494103],[-121.955499071689,40.9629052534063],[-121.954457811986,40.9613959078711],[-121.953918810239,40.960598435877],[-121.952795846065,40.9588947104053],[-121.952303192895,40.9581664569857],[-121.951293193665,40.9567745936225],[-121.950632046192,40.9557515518914],[-121.949808147346,40.9545297193591],[-121.948957627825,40.9533103262978],[-121.948157598115,40.9520800051514],[-121.947396587627,40.9510072103378],[-121.946479466112,40.9497508359248],[-121.945390001014,40.9481457524983],[-121.944722838422,40.9471643699087],[-121.944065183599,40.9462306713449],[-121.943200870447,40.9449133233021],[-121.94208843902,40.943284386606],[-121.941012990335,40.9417130777175],[-121.940263990322,40.9406663876256],[-121.93941432959,40.9394070111719],[-121.938675269436,40.9383460047374],[-121.938029162456,40.9373824821009],[-121.937276588047,40.9363441437189],[-121.936513359619,40.9352269848442],[-121.935706587154,40.9340125796508],[-121.935196238071,40.9332380004091],[-121.934412383426,40.9320826683896],[-121.933798209758,40.9311966357478],[-121.932605201246,40.9294632033164],[-121.931962834851,40.9285718260667],[-121.931456925243,40.9278405600141],[-121.930985457941,40.9270896220955],[-121.93042988587,40.9263886405906],[-121.930252185632,40.9245424501969],[-121.930303999559,40.922591346251],[-121.930307892858,40.9212431067039],[-121.930352692739,40.9199266735611],[-121.930367920082,40.9185032509491],[-121.930405850546,40.9172295016217],[-121.930439154687,40.9158828409567],[-121.930457374318,40.9144715416716],[-121.930487772409,40.9132394658452],[-121.930503605216,40.9118150377443],[-121.930539193772,40.9104541581477],[-121.930569502032,40.9091557820796],[-121.930607686719,40.9079311234413],[-121.930616037458,40.9064011854809],[-121.930645961239,40.90517744875],[-121.930694799047,40.9034149676259],[-121.929570697606,40.9012165119665],[-121.929607512363,40.8996022174334],[-121.929726974821,40.8949964007106],[-121.929700664065,40.8943178339471],[-121.929732296441,40.8928048273729],[-121.929794793134,40.8905556121453],[-121.929809318892,40.8891058876754],[-121.929831609687,40.8879459445167],[-121.929857461405,40.886560491706],[-121.929897458893,40.8851249988516],[-121.929906772626,40.8833814102746],[-121.929953057422,40.8824197738311],[-121.930051883782,40.877942070482],[-121.930056798465,40.8768310625903],[-121.929910471888,40.8737053353665],[-121.929847656293,40.8725122167635],[-121.929858731623,40.8715388942341],[-121.930233547387,40.8698850330159],[-121.93109439933,40.8680553132156],[-121.93131438776,40.8667644417474],[-121.931679212462,40.8646235877496],[-121.931580474137,40.8615180592633],[-121.931629570661,40.8603516953433],[-121.931642123718,40.8595264251955],[-121.931627517112,40.8586833310895],[-121.931664179155,40.8578617437126],[-121.931657318721,40.8566110621928],[-121.931687837187,40.8555604970429],[-121.931706929081,40.8544817291259],[-121.931685050613,40.8531684415242],[-121.931710330103,40.8511266617057],[-121.931748418671,40.8498732552724],[-121.93173601114,40.848503075691],[-121.93175120255,40.8468810892761],[-121.931892691699,40.8452936382989],[-121.932021652943,40.8438361234818],[-121.932147780002,40.8423725731485],[-121.932225301018,40.8412848053615],[-121.932325729073,40.8400568082357],[-121.932388156596,40.8395003958529],[-121.932499794728,40.8380938353109],[-121.932792604188,40.8346917658104],[-121.932810838191,40.8343772733343],[-121.932609974894,40.8321586179651],[-121.9324874923,40.8308732710346],[-121.932398245575,40.8298326961005],[-121.932245867048,40.8280288635526],[-121.932880954394,40.8259586432108],[-121.933083047485,40.8253560247614],[-121.933250462013,40.8249178402451],[-121.933379668497,40.8244658113681],[-121.933809549192,40.8230948781339],[-121.933882682835,40.8222121195864],[-121.934013238589,40.8205496869717],[-121.934243347439,40.8181946424245],[-121.934343111639,40.817043711215],[-121.934433300697,40.8157348140215],[-121.934528162791,40.814798838049],[-121.934690357209,40.8128948795177],[-121.934678190427,40.8119689796764],[-121.936573099382,40.8110229980937],[-121.938193418508,40.8100045319932],[-121.938459531834,40.8087962881583],[-121.937376235467,40.808764474901]]},"properties":{"OBJECTID":1478,"Name":"PG&E 230kV","kV":"230","Owner":"PG&E","Status":"Operational","Type":"OH","Source":"NAIP"}},{"type":"Feature","id":1480,"geometry":{"type":"LineString","coordinates":[[-121.937079817474,40.808955583352],[-121.938132066269,40.8091684244202],[-121.937923464884,40.8099225814592],[-121.9363008838,40.8107964430796],[-121.93444940749,40.8117882612897],[-121.934373290541,40.8128073499851],[-121.934156700438,40.8147845478894],[-121.933975343159,40.8169066188503],[-121.933858400475,40.8181575799151],[-121.933584905692,40.8211479460059],[-121.933523204008,40.8221051840422],[-121.933456607405,40.8230507601653],[-121.9327663635,40.8251425918889],[-121.932524881978,40.8259777748906],[-121.931889946447,40.8280120727859],[-121.932009717028,40.8295549818429],[-121.932146327426,40.8309069204445],[-121.932240466376,40.832078341691],[-121.932489984226,40.8343654097297],[-121.932140258408,40.8381660173953],[-121.931995598206,40.8396725116269],[-121.931889331101,40.8409733948888],[-121.931781842288,40.8423458164851],[-121.931640556158,40.8438618003853],[-121.931501569716,40.8453467578107],[-121.93136423797,40.84689367503],[-121.931371543968,40.848102218374],[-121.931362947091,40.8500047374221],[-121.931318652961,40.8530330382776],[-121.931320382218,40.8543847127852],[-121.931292274831,40.8560276938561],[-121.931314668933,40.8575650019005],[-121.931267637636,40.8587362564246],[-121.931282476906,40.86034282032],[-121.930828294088,40.8616586499604],[-121.93037115761,40.8639185798156],[-121.930530463944,40.866350158392],[-121.930728615228,40.8680063455906],[-121.92999301269,40.869712740976],[-121.929579810117,40.8715071260205],[-121.929559009626,40.8723704542568],[-121.929527646745,40.8736594897466],[-121.929725883368,40.8769468254437],[-121.929717620664,40.8779501430244],[-121.929615189366,40.8823726444916],[-121.929569801088,40.8832087071447],[-121.929528676214,40.8853282632809],[-121.929483654449,40.8867403047388],[-121.929452240363,40.8883790970695],[-121.929421226028,40.8901265979906],[-121.929372740359,40.8926277301246],[-121.92936570655,40.8942394535233],[-121.929357757358,40.8950673188876],[-121.929249499587,40.899367919653],[-121.929214980924,40.9012661672767],[-121.930346638094,40.9034763441934],[-121.930279292296,40.9047113815547],[-121.930267099462,40.9064109389743],[-121.930220158896,40.908219750581],[-121.930184008892,40.9094943632625],[-121.930155521518,40.911148406479],[-121.930107459853,40.9127935355744],[-121.930083946451,40.9142869787602],[-121.930060232724,40.9157445057822],[-121.93002195551,40.9173147895959],[-121.929986081289,40.9189746818788],[-121.92995846528,40.9204742363557],[-121.929934944691,40.9220328551756],[-121.929875795121,40.9245113440893],[-121.930190249488,40.9264004307],[-121.930682115734,40.9271290453353],[-121.931229910191,40.9278643338234],[-121.931699650931,40.9286277069177],[-121.93237244057,40.929550297112],[-121.933559903781,40.9312958802635],[-121.934158242845,40.9321916028994],[-121.934961474152,40.9333292100069],[-121.935474239702,40.9341292346291],[-121.936280418381,40.935332860326],[-121.937051137861,40.9364600542054],[-121.937785244704,40.9375111526971],[-121.93842931161,40.9384435060478],[-121.93917135956,40.9395285696073],[-121.940002001161,40.9407792796863],[-121.940710631783,40.9417247938429],[-121.94183276232,40.9433591044404],[-121.942966908723,40.9450272225095],[-121.943839812464,40.9463133441966],[-121.94450650883,40.9472637953455],[-121.945161262993,40.9482435134559],[-121.946262107051,40.9498266320157],[-121.947151873967,40.9511115773901],[-121.947878593964,40.9521665528218],[-121.948721653875,40.9534141673059],[-121.949538966273,40.9546170867583],[-121.950372880436,40.9558444617314],[-121.951087845978,40.956886779736],[-121.952055283928,40.9582678596618],[-121.952663907804,40.9591147566205],[-121.953680479109,40.9607008394847],[-121.954251902851,40.96155281601],[-121.955255716282,40.9630148744438],[-121.955941212591,40.9640035957418],[-121.956653680816,40.9650605737812],[-121.957438080738,40.9661736437733],[-121.958121343835,40.9671719462831],[-121.958798061807,40.9681594867921],[-121.9595379008,40.9692497752426],[-121.960291405864,40.9703328003743],[-121.961124209709,40.9715452625475],[-121.961893405646,40.9726424077605],[-121.962589413141,40.9736830131294],[-121.963295418886,40.9747134870052],[-121.964028061476,40.9758017735753],[-121.964911834832,40.9770752705157],[-121.965684708472,40.9781885983258],[-121.96660313973,40.9795036160821],[-121.968225065043,40.980431787609],[-121.969051013845,40.980937592817],[-121.97271342819,40.9831057913808],[-121.973457912372,40.9837559143942],[-121.975600134711,40.9862265226247],[-121.976583375824,40.9867314988257]]},"properties":{"OBJECTID":1480,"Name":"PG&E 230kV","kV":"230","Owner":"PG&E","Status":"Operational","Type":"OH","Source":"NAIP"}},{"type":"Feature","id":1482,"geometry":{"type":"LineString","coordinates":[[-121.975181624892,40.9924151088586],[-121.974573285781,40.9923922919569],[-121.974504546696,40.9911123996837],[-121.976439646277,40.9898541096585],[-121.978250568143,40.9876364463],[-121.976812149777,40.9868530989659]]},"properties":{"OBJECTID":1482,"Name":"PG&E 230kV","kV":"230","Owner":"PG&E","Status":"Operational","Type":"OH","Source":"NAIP"}},{"type":"Feature","id":1500,"geometry":{"type":"LineString","coordinates":[[-121.496781089455,40.9899353100269],[-121.496751929243,40.9903864933144],[-121.497198703655,40.991116387346],[-121.497360545933,40.991380785565],[-121.49779345395,40.9911879536717]]},"properties":{"OBJECTID":1500,"Name":"PG&E 230kV","kV":"230","Owner":"PG&E","Status":"Operational","Type":"OH","Source":"ESRI; Google Earth"}},{"type":"Feature","id":2006,"geometry":{"type":"LineString","coordinates":[[-123.640022523636,40.9479906722637],[-123.638699198323,40.9478269590652],[-123.637626149936,40.947938377392],[-123.636725664322,40.9480314013598],[-123.638702371172,40.9503249026062],[-123.639809834017,40.9515883987973],[-123.641050888922,40.9530063866896],[-123.641524318145,40.9547887804778],[-123.643032669457,40.9565859325206],[-123.642896757947,40.9576757615954],[-123.642768666273,40.9587214711346],[-123.64264172534,40.959938901416],[-123.642465242319,40.9608238124707],[-123.642263936152,40.9616655550074],[-123.641811186147,40.9631539382361],[-123.641679863233,40.9638583513606],[-123.641395859957,40.9653816845844],[-123.641736478655,40.9666446484082],[-123.642020804426,40.9676401702243],[-123.642101431816,40.9683878173032],[-123.642194994946,40.9694404315998],[-123.642249734686,40.9703224234868],[-123.640631657755,40.9720451747187],[-123.64105114584,40.9727791309813],[-123.640507544719,40.973419024824],[-123.640981143723,40.9740292675274],[-123.641638471559,40.9749891152439],[-123.642329240978,40.9759632538931],[-123.642035117283,40.9776550480299],[-123.641712880811,40.97904041011],[-123.641671601427,40.979790823134],[-123.641330776117,40.9815782931954],[-123.641121183889,40.9824565510101],[-123.640718226602,40.983987400526],[-123.640602432864,40.9848801001109],[-123.640359298442,40.9856925423271],[-123.640098568719,40.9872867697689],[-123.639921904239,40.987975029446],[-123.639784240117,40.9884956051769],[-123.639744615429,40.9886570679795],[-123.640032616208,40.9890284547935],[-123.642149011983,40.9914725461146],[-123.643052232069,40.9924653174058],[-123.643758227034,40.9933038532787],[-123.644907545981,40.9946688924584],[-123.645734314046,40.9956409789704],[-123.6459240032,40.9959083517769],[-123.645976283353,40.9961453820237],[-123.645992444943,40.997456017156],[-123.646024638766,40.998239452763],[-123.646054705379,40.9989313446149],[-123.646146973138,41.0000312512442],[-123.646128187569,41.0008007140195],[-123.646184255917,41.0018818604705],[-123.646281979146,41.002865684186],[-123.646306922666,41.0040291308915],[-123.646388339675,41.0053092360772],[-123.646409442898,41.0067666919175],[-123.646428011075,41.0072814378488],[-123.646454522155,41.0084982709924],[-123.646460257,41.0098015944109],[-123.646567779052,41.0116725839615],[-123.646607228567,41.0122516119429],[-123.64664484552,41.0129432936536],[-123.646810059175,41.0147113178954],[-123.646881821092,41.0158791746897],[-123.646511453785,41.0163652890302],[-123.646149974409,41.0173262658214],[-123.645931841899,41.01888041947],[-123.648390415847,41.0207553383491],[-123.64913724014,41.0207907889202],[-123.650557569131,41.0225891073899],[-123.651057480688,41.0231642326168],[-123.652881961725,41.0247904099824],[-123.654008022392,41.0252537065707],[-123.655173758949,41.0259028683733],[-123.656329270882,41.0265485018009],[-123.657506266924,41.0272202164679],[-123.658671776208,41.0278636304519],[-123.65954473834,41.0283476490683],[-123.660215832857,41.0287230625958],[-123.661308680113,41.0293227762063],[-123.662196576736,41.029852145995],[-123.664499942465,41.0311358769942],[-123.665968519969,41.0319440200377],[-123.667016669751,41.0327511224859],[-123.667959333064,41.0337598011337],[-123.668590569333,41.0352261241875],[-123.669346379474,41.0364693069877],[-123.669783108924,41.0370347766726],[-123.670890596922,41.0381436843623],[-123.671517629973,41.0388065109755],[-123.671341508974,41.0394841640779],[-123.671212262066,41.0397773921129],[-123.670951825193,41.0406916050646],[-123.671587848584,41.0417073663048],[-123.671915020401,41.0426405862557],[-123.672255257314,41.0435829665769],[-123.67257199969,41.044508859094],[-123.672613410228,41.0453187844266],[-123.67286830719,41.0460689977744],[-123.673185069329,41.046994891898],[-123.673669767019,41.0482994758038],[-123.674018473249,41.0492587854398],[-123.674243581178,41.0498517623448],[-123.674841748664,41.0512252394851],[-123.674977332288,41.0514636437288],[-123.675737370799,41.0524394906579],[-123.677422288675,41.0537240458949],[-123.678205090495,41.0542563416289],[-123.679069453953,41.0548111993875],[-123.679347456483,41.0547324004306],[-123.680139566646,41.0552511278434],[-123.680667209196,41.0556211327125],[-123.681851345047,41.0563936053945],[-123.682102837394,41.0564602202516]]},"properties":{"OBJECTID":2006,"Name":"PG&E 60kV","kV":"60","Owner":"PG&E","Status":"Operational","Type":"OH","Source":"PG&E Historical Map"}},{"type":"Feature","id":3063,"geometry":{"type":"LineString","coordinates":[[-121.849305524488,40.9870917675103],[-121.849203003358,40.9863257027442]]},"properties":{"OBJECTID":3063,"Name":"PG&E 230kV","kV":"230","Owner":"PG&E","Status":"Operational","Type":"OH","Source":"ESRI & BING"}},{"type":"Feature","id":3447,"geometry":{"type":"LineString","coordinates":[[-121.497751667018,40.9904603868744],[-121.496119985102,40.9910489679528],[-121.494635741877,40.9920408641586],[-121.494038376586,40.9925157645863],[-121.492937267525,40.9934343988152],[-121.492387910898,40.9932249623842],[-121.492303041663,40.9939516918188],[-121.491873370276,40.994905689855],[-121.491515518298,40.9958373736638],[-121.491054369045,40.9966386863982],[-121.489857342369,40.9964372002498],[-121.488691646236,40.9962305619968],[-121.487742149438,40.9960666362331],[-121.486641106853,40.9958699377964],[-121.484573185068,40.9954978938776],[-121.483211954444,40.995257765482],[-121.48182918132,40.9954970795834],[-121.480415343556,40.9957546279196],[-121.478699182274,40.996061034534],[-121.477289668999,40.9963006142094],[-121.475817712033,40.9965611805855],[-121.474284418098,40.996820069238],[-121.473138085151,40.9970195446307],[-121.470495941373,40.9974698360144],[-121.468753057008,40.9977780340417],[-121.468616684663,40.9987189682974],[-121.46846429356,41.0001071095871],[-121.468304315286,41.0012009058502],[-121.468158576207,41.002435220831],[-121.468071328234,41.0034148961554],[-121.467869157887,41.004752369928],[-121.467723273282,41.0059985881722],[-121.467543201492,41.0072642817496],[-121.467404944481,41.0084996836937],[-121.467236858912,41.0098141146007],[-121.467133259803,41.0108226206126],[-121.466965051165,41.0119856631562],[-121.466822111237,41.0131364923278],[-121.466658704093,41.0144520616506],[-121.464474424429,41.0162657677588],[-121.463328368162,41.0169586653074],[-121.462224143744,41.0176224548385],[-121.460966043307,41.0183738608942],[-121.459767014286,41.019093572605],[-121.45862819395,41.0197601180983],[-121.457489676345,41.0204317739116],[-121.456327396504,41.0211172909953],[-121.45520604301,41.0217955240188],[-121.453931436928,41.0225581050844],[-121.452709596988,41.0232800760255],[-121.451318034747,41.0241154405209],[-121.450165017436,41.0247997081916],[-121.448950150219,41.0255242698206],[-121.447491328418,41.0263935014802],[-121.446588204452,41.0273766881309],[-121.445661126909,41.028420941664],[-121.444811676383,41.0293391248832],[-121.443866212123,41.0304098049543],[-121.442924214462,41.031419643007],[-121.442022918568,41.0324218530361],[-121.441121956847,41.0334419336718],[-121.440212441368,41.0344287297499],[-121.439238447512,41.0354949395812],[-121.438348308694,41.036474546128],[-121.437396872434,41.0375271732382],[-121.43648117924,41.0385247444681],[-121.435529942406,41.0395549041033],[-121.434608503588,41.0405823319967],[-121.433681774592,41.0416264485732],[-121.432717851749,41.0426901684399],[-121.431798759331,41.0437148230935],[-121.430846722996,41.0447572253406],[-121.429883030122,41.0458017953227],[-121.428947492246,41.0468400758894],[-121.428036658939,41.0478566107549],[-121.427852503407,41.0488839049835],[-121.427647409045,41.0499179150285],[-121.427476633021,41.050778883611],[-121.427458359491,41.0509674446174],[-121.426714560724,41.0509765697689],[-121.425943853821,41.0509723310108],[-121.425199931985,41.0509734785986],[-121.424338329948,41.0509857003388],[-121.423529896498,41.0509869380261],[-121.422708964788,41.0509881885848],[-121.421861260586,41.0509894750479],[-121.420999216579,41.0509813897724],[-121.420200563087,41.0509976138405],[-121.419349879174,41.0510082191991],[-121.418513181132,41.0510082198765],[-121.417665430219,41.0510082151344],[-121.416874332457,41.0510082049728],[-121.416477963414,41.0510081981984],[-121.415999873732,41.0510081873593],[-121.415167869387,41.0510081656812],[-121.414331475874,41.0510245347152],[-121.413505807347,41.0510263170652],[-121.412672259696,41.0510286515304],[-121.411837194791,41.0510316187263],[-121.4110036687,41.0510345750829],[-121.410181151463,41.0510374867283],[-121.409357076548,41.0510403983735],[-121.408979575719,41.05103869122],[-121.408575518894,41.0510389174856],[-121.40857429988,41.051410979715],[-121.408208028891,41.0514158261067]]},"properties":{"OBJECTID":3447,"Name":"PG&E 60kV","kV":"60","Owner":"PG&E","Status":"Operational","Type":"OH","Source":"Google Earth, Exisitng TLine"}},{"type":"Feature","id":3450,"geometry":{"type":"LineString","coordinates":[[-121.497995029611,40.991306323469],[-121.498136056128,40.9915583003347],[-121.498716590583,40.9914235525646],[-121.499992679784,40.991056520854],[-121.502378829757,40.990280994293],[-121.50426815209,40.9888301181317],[-121.505262254733,40.9872518911159],[-121.506115544658,40.9858569380494],[-121.507460355876,40.9836940000335],[-121.508051452723,40.9827381111777],[-121.51118557324,40.9799670690472],[-121.513279387165,40.9781948214103],[-121.515070969201,40.9766587108743],[-121.51649686595,40.9753883182447],[-121.520894294437,40.9736222029804],[-121.522578372389,40.9729022618742],[-121.524425693092,40.9721593967666],[-121.526398556949,40.9713548116814],[-121.528507538928,40.970498694698],[-121.529813619283,40.9699772925289],[-121.531819534854,40.9691516764051],[-121.534264431054,40.9681680583999],[-121.53613078616,40.9674032111559],[-121.538291175129,40.9665202828417],[-121.541702499573,40.9651336349221],[-121.54443842028,40.9640203499921],[-121.545500486763,40.9634998931169],[-121.549061168699,40.9617087720355],[-121.548608792393,40.9612432954489]]},"properties":{"OBJECTID":3450,"Name":"PG&E 230kV","kV":"230","Owner":"PG&E","Status":"Operational","Type":"OH","Source":"Digital Globe & ESRI"}},{"type":"Feature","id":3451,"geometry":{"type":"LineString","coordinates":[[-121.548862197253,40.9615041163504],[-121.545864564964,40.9630483081457],[-121.544301873662,40.9638400626664],[-121.541552453971,40.9649338202291],[-121.538302941263,40.9662814225079],[-121.535985539358,40.9672268360341],[-121.534187480469,40.9679526975188],[-121.531664568281,40.9689906725283],[-121.529821766104,40.9697441985437],[-121.528448265391,40.9703160144913],[-121.526182436665,40.9712162731899],[-121.524333228601,40.9719397575892],[-121.522436425997,40.9727551481605],[-121.520738109749,40.9734432393615],[-121.516294210514,40.9752431674228],[-121.514848097179,40.9764951718603],[-121.513037243585,40.9780677038062],[-121.511141343788,40.9797242046155],[-121.507824484383,40.982611854759],[-121.507077342985,40.9838271516765],[-121.505758590097,40.9859543841152],[-121.504855619743,40.9874085811295],[-121.503980172871,40.9888281116869],[-121.50225385883,40.9901405711912],[-121.499972703947,40.9910098642664],[-121.498186989706,40.9913478903576],[-121.498142347928,40.9912568768533]]},"properties":{"OBJECTID":3451,"Name":"PG&E 230kV","kV":"230","Owner":"PG&E","Status":"Operational","Type":"OH","Source":"Digital Globe; ESRI; NAIP"}},{"type":"Feature","id":3458,"geometry":{"type":"LineString","coordinates":[[-121.929505426018,40.9247849305901],[-121.929846572027,40.926485456392],[-121.930290703595,40.9284715309002],[-121.930628938164,40.9300309499636],[-121.930978494201,40.9316448457173],[-121.931435203979,40.9336679951667],[-121.931400556857,40.9351634844474],[-121.931387473793,40.9369316814218],[-121.931360748914,40.9383243247912],[-121.931385312447,40.9397702438112],[-121.931393081976,40.941519202886],[-121.931400096021,40.9439034698352],[-121.931410773397,40.9456280601208],[-121.930543502991,40.9473876496406],[-121.928967414214,40.9490168494748],[-121.927489321754,40.95055203082],[-121.924667332561,40.953450331866],[-121.923457288399,40.9546909077718],[-121.921881405337,40.9563230121604],[-121.919660810379,40.9585962555353],[-121.918362693589,40.9599480052623],[-121.917057378599,40.9612564930513],[-121.915544421625,40.9628066424797],[-121.914026888632,40.9644247604473],[-121.912815402674,40.9656215337748],[-121.910926031832,40.9675711843754],[-121.909868616826,40.9686617260525],[-121.908053460302,40.970517747314],[-121.906743853162,40.9719219004707],[-121.905540670331,40.9731757286592],[-121.903070842289,40.9743593076805],[-121.899674303217,40.9752818294416],[-121.897755104715,40.9758349390073],[-121.89465830291,40.9766896615301],[-121.892484028681,40.9772763783938],[-121.888719387853,40.9783487015011],[-121.885471852337,40.9792520373593],[-121.882319562495,40.9801214122638],[-121.880341208135,40.9806432252548],[-121.876591302372,40.9816944674226],[-121.875494143203,40.9819839882847],[-121.872791543705,40.9827588874929],[-121.871433074501,40.9831190564935],[-121.867964119539,40.9840735103279],[-121.864017828581,40.9851375156452],[-121.862052151246,40.9853957825682],[-121.859960114188,40.9856901031499],[-121.856220653137,40.9861858448992],[-121.853337897407,40.9865533899244],[-121.849305524488,40.9870917675103]]},"properties":{"OBJECTID":3458,"Name":"PG&E 230kV","kV":"230","Owner":"PG&E","Status":"Operational","Type":"OH","Source":"NAIP"}},{"type":"Feature","id":6572,"geometry":{"type":"LineString","coordinates":[[-121.389375057369,42.0790232187212],[-121.388487903652,42.0783697823075],[-121.387242398494,42.0752222566614],[-121.386129260991,42.0725082395812],[-121.384980569067,42.0696967502408],[-121.383846467581,42.0670092312427],[-121.382539513166,42.0637972277048],[-121.378257297207,42.0621251203295],[-121.375162327965,42.0602041837321],[-121.370617974623,42.0572669959755],[-121.368502616402,42.0559100636529],[-121.363693260052,42.0528403605921],[-121.3605635305,42.0508258596396],[-121.356688591827,42.0482890199693],[-121.353323204532,42.0461817094291],[-121.349696746154,42.0438452383485],[-121.347023508989,42.0421454405196],[-121.343141487997,42.0395966809396],[-121.340737482211,42.0366001186851],[-121.338512737934,42.0337973700088],[-121.336472910063,42.0308136151705],[-121.336371171365,42.0291365990915],[-121.336218645515,42.027133098898],[-121.33583036131,42.021752071619],[-121.335632914305,42.018207060427],[-121.335278349262,42.013427264451],[-121.335073319579,42.0101544893828],[-121.334738295588,42.0082747007877],[-121.334411912493,42.0060057511242],[-121.333470494245,42.0030677800425],[-121.332518476775,41.9998814062651],[-121.332300907508,41.9968000546042],[-121.332112280163,41.9942217752541],[-121.331818498725,41.9909643394454],[-121.331482164991,41.9866261022388],[-121.331260201166,41.9841365233637],[-121.330217861688,41.9814025680735],[-121.329197637833,41.9786540621844],[-121.32831104197,41.9762311560758],[-121.327327480159,41.9735610369802],[-121.326315322277,41.9708912206989],[-121.326371123826,41.9670549925586],[-121.326316216999,41.9637736866251],[-121.326316823362,41.9607352677131],[-121.326323907476,41.9571907934973],[-121.326314349401,41.9529257014267],[-121.32631269201,41.9511308620172],[-121.32631167332,41.9481760497395],[-121.326366415755,41.9451371290117],[-121.326338415268,41.9438080006004],[-121.326352688599,41.9401370352244],[-121.326310492036,41.9365120301728],[-121.32631401433,41.9331180742827],[-121.326272628046,41.9298773533482],[-121.326295637494,41.9276980526913],[-121.325390155451,41.9264425945773],[-121.323918022414,41.9243386310957],[-121.321771670519,41.9212464602412],[-121.321114391192,41.9186041225939],[-121.320563467005,41.9163711850774],[-121.319813457286,41.9131880573791],[-121.319096064497,41.9103864615669],[-121.318632492487,41.9083936822277],[-121.317680495679,41.904437032194],[-121.31699708975,41.9017425024221],[-121.316169780899,41.8983215652275],[-121.315526094879,41.8955311745736],[-121.314698835435,41.892277317735],[-121.314172002267,41.8901205571991],[-121.313945186641,41.8880084145463],[-121.313540149754,41.8850341959265],[-121.313611187629,41.8835394749272],[-121.313788888765,41.8800675907161],[-121.313923179713,41.8766582238603],[-121.314069690445,41.8733943226447],[-121.314250078442,41.8700704207953],[-121.313665643501,41.866680504259],[-121.313002349055,41.8626351360831],[-121.312432959099,41.8593644163994],[-121.311931930935,41.8558304877679],[-121.311411210803,41.8522609824879],[-121.310956303943,41.849325602285],[-121.312163556142,41.8464875323812],[-121.313242095031,41.8437462537201],[-121.314339805766,41.8410143220531],[-121.315438933143,41.8383635133092],[-121.316688745723,41.8352672623054],[-121.317151841625,41.8321100107867],[-121.317656182775,41.8287781353913],[-121.318109435837,41.8256090774775],[-121.318486855817,41.8231543431171],[-121.318957256819,41.8200567170532],[-121.319301687069,41.8177121141596],[-121.32015668559,41.8156413830704],[-121.321644314565,41.8135711929628],[-121.322560376067,41.8103448370345],[-121.323551507083,41.8068862294553],[-121.324421633234,41.8037629798335],[-121.325346176629,41.8004936000262],[-121.326218145224,41.7974777257857],[-121.327021222919,41.7946916631306],[-121.328005592315,41.7914049692929],[-121.328894769038,41.7881312141752],[-121.329724226659,41.7852375074185],[-121.330531151838,41.7823321116713],[-121.331494199721,41.779112479312],[-121.332412770218,41.7758980949399],[-121.333475881441,41.7722622169304],[-121.334471648663,41.7688747734484],[-121.335328826497,41.7656829806734],[-121.336224595955,41.7626263504618],[-121.337181299936,41.7592660357047],[-121.337964543727,41.7563155994477],[-121.338755823847,41.7534581434793],[-121.339704427719,41.7503556361019],[-121.340291439926,41.7469467770884],[-121.341263182603,41.7437318902862],[-121.342026871867,41.7409415620067],[-121.342943305272,41.737665235013],[-121.343865377403,41.7343554482141],[-121.344804136637,41.7310932120605],[-121.345739726616,41.727835788142],[-121.346698057446,41.7244421216595],[-121.347509349335,41.721672791146],[-121.348247462665,41.7190664992017],[-121.348598302394,41.7176406679543],[-121.349681993122,41.7138400553271],[-121.35048488217,41.7111424124722],[-121.351443480698,41.707953972492],[-121.352608054836,41.7049184183395],[-121.353962723267,41.701701875253],[-121.354744599822,41.6997512827044],[-121.356202201711,41.6962831006749],[-121.357461497805,41.6934087703573],[-121.358702779984,41.6904272634815],[-121.359989185437,41.6873211982351],[-121.361294790582,41.6842292392463],[-121.362684965824,41.6809192441896],[-121.363896004421,41.6780382640066],[-121.365256224441,41.6748335687032],[-121.366444008351,41.6720745174366],[-121.367787270874,41.6688246680931],[-121.369171113891,41.6656113604879],[-121.370509144625,41.662367524167],[-121.371771129377,41.6593642970751],[-121.373107999488,41.65623000102],[-121.37436409219,41.653168599679],[-121.375473858316,41.6505129745095],[-121.377039000222,41.6468630007286],[-121.378220000054,41.6440090011487],[-121.379211000815,41.641631000684],[-121.380141346429,41.6394453841036],[-121.381197501098,41.636925670956],[-121.3823196505,41.6342479484627],[-121.383800778367,41.6307575003613],[-121.385001277031,41.6279114306105],[-121.386415113898,41.624496152693],[-121.387655159096,41.6215422832556],[-121.388698718486,41.6190543683974],[-121.389905735326,41.616172431553],[-121.391115867524,41.6133577354333],[-121.39221464905,41.6106902746977],[-121.393357340227,41.60793787173],[-121.394254779654,41.6057793623905],[-121.39519864132,41.6037606174983],[-121.396302306986,41.6014552457311],[-121.397873263687,41.5981541428201],[-121.39919176864,41.5953697141295],[-121.400827756181,41.5919075570724],[-121.402018376072,41.589400800863],[-121.403026484349,41.5872868467174],[-121.404131458861,41.5849771385398],[-121.405591689219,41.5816901168328],[-121.407128532397,41.5786312551994],[-121.408660809439,41.5753477093677],[-121.410124965436,41.5721837240671],[-121.411697445679,41.5689283420258],[-121.413163973228,41.5658015314999],[-121.414223876567,41.5625934024877],[-121.415849793096,41.5594647917986],[-121.416840070712,41.5569731201935],[-121.418314771134,41.5537073593877],[-121.420909319473,41.5484007523973],[-121.422596261254,41.5448367677096],[-121.424401839042,41.5411950939263],[-121.425528169203,41.5387562535564],[-121.426787494044,41.5360033987194],[-121.428298348062,41.5327687926888],[-121.429928760659,41.5293837275985],[-121.431372225759,41.5263556224261],[-121.432722751161,41.5234359158813],[-121.434267366563,41.5201352964004],[-121.435799367821,41.5170017972065],[-121.436944638062,41.5145197640686],[-121.43874451604,41.510748060435],[-121.439911878548,41.5081942000815],[-121.441278860187,41.5053398687242],[-121.442451263143,41.502848560355],[-121.443961189202,41.4996377462633],[-121.445148383816,41.4971045125836],[-121.446840776574,41.4934914340449],[-121.44819714372,41.4905781562332],[-121.449535830224,41.4878452475762],[-121.451065198521,41.4862841923431],[-121.453636627818,41.4837676152367],[-121.455577936554,41.481886773765],[-121.458234114712,41.4792966762004],[-121.461701133805,41.4758959228918],[-121.463751545628,41.4739160780953],[-121.465656786107,41.4720218597984],[-121.467282115137,41.4704304829758],[-121.469009398461,41.4687539312346],[-121.47157233778,41.4662393915518],[-121.474333029532,41.4636270738738],[-121.476993912167,41.4608793362873],[-121.47961514047,41.4583650156642],[-121.482512291703,41.4555276644045],[-121.485093213498,41.4529496938555],[-121.487626209275,41.4505096365461],[-121.490489915331,41.4476763325231],[-121.49258778515,41.4452585188401],[-121.495134632948,41.4427799976431],[-121.497558514858,41.4403582330631],[-121.500508870611,41.4374721716851],[-121.503077489978,41.4349722551932],[-121.505919607722,41.432133170929],[-121.509338158213,41.4288081511708],[-121.51116006917,41.4270345344325],[-121.513709430455,41.4244964906555],[-121.516790650981,41.4215207323818],[-121.518943112318,41.4193690196858],[-121.521983843079,41.4164311384324],[-121.525197862452,41.4132432208737],[-121.52816154022,41.4103256328381],[-121.53049115023,41.4080718362824],[-121.533497930961,41.4051099734951],[-121.535895347605,41.4027527465179],[-121.538790213524,41.3998989943921],[-121.540714042842,41.3979939900568],[-121.542697576888,41.3960481556076],[-121.545183413807,41.3935980927076],[-121.547545290403,41.3912697255717],[-121.550249347867,41.3886375206217],[-121.552940236029,41.3859901611176],[-121.555479070855,41.3834514868578],[-121.557112445197,41.381832253294],[-121.559162103333,41.3795972410633],[-121.561526171818,41.3772953239241],[-121.563430973021,41.3753845192556],[-121.567368105655,41.3715135386982],[-121.570460953975,41.3684658508635],[-121.573760437267,41.3650567857484],[-121.577024299664,41.3619953607464],[-121.579079839968,41.3599660568575],[-121.581993450134,41.3571371294486],[-121.584178327178,41.3544479611207],[-121.586131026552,41.3520469759574],[-121.588439553102,41.3497041748412],[-121.592450651219,41.3468319630176],[-121.594878393191,41.344421821027],[-121.597602925057,41.3417311953541],[-121.60038967424,41.3390072854718],[-121.602670677307,41.336724808483],[-121.605083262903,41.3343452095607],[-121.607392949178,41.3321157121493],[-121.61006949933,41.3294674326451],[-121.612488353369,41.3270513727073],[-121.614050074491,41.3255048972688],[-121.616356784647,41.3254065251718],[-121.620538079375,41.3252037845885],[-121.623721605436,41.3250249685301],[-121.627702030578,41.3248409756607],[-121.632387112196,41.3246082971798],[-121.636434763661,41.3244128825035],[-121.643541155312,41.3240828882296],[-121.648302929699,41.3238552903424],[-121.655074862401,41.3235129070632],[-121.65866591458,41.3233606438651],[-121.662322501554,41.3231895742712],[-121.667626340943,41.3229259835331],[-121.671428458586,41.3227295080053],[-121.676213431067,41.3225083920463],[-121.680234876878,41.3223159577089],[-121.685463209274,41.3220624581316],[-121.6905577421,41.3218196217019],[-121.695642590189,41.3216109681349],[-121.700279450242,41.321341409794],[-121.704331377687,41.3211475592869],[-121.708024488364,41.3208286877314],[-121.711730780022,41.3204174387842],[-121.716062397033,41.3201875059047],[-121.719735812147,41.3199871407718],[-121.723096978259,41.3198170243973],[-121.72815889685,41.3195433067186],[-121.732871314201,41.3192917610021],[-121.736523705145,41.3190913485869],[-121.73943776357,41.3189411854444],[-121.743121512903,41.3187452929688],[-121.745452812644,41.3168716412572],[-121.74795724918,41.3148524335112],[-121.751152150607,41.3122568638576],[-121.754107192871,41.3098801756186],[-121.756563029652,41.3078557619001],[-121.758547426081,41.3062824770418],[-121.761319233586,41.3040741929962],[-121.764230222467,41.3013716295287],[-121.765802041551,41.300183729181],[-121.768448657143,41.297935083133],[-121.771851273318,41.2952216068954],[-121.77463500506,41.2930186009558],[-121.774619944804,41.2908818691727],[-121.774645817183,41.2876455680143],[-121.774721064562,41.2851794005723],[-121.774673117882,41.2829382143294],[-121.774698572544,41.2793795028713],[-121.774682448683,41.2765883917667],[-121.774735543608,41.2748590360076],[-121.774706683433,41.2714518528932],[-121.774804500086,41.2688785664428],[-121.774744173723,41.2664429882463],[-121.774804598002,41.263685176871],[-121.774880602662,41.2603337899535],[-121.774912542262,41.2583624604271],[-121.774878348789,41.2537210012727],[-121.774930325311,41.2517436795021],[-121.774995104623,41.2492644043471],[-121.774998338558,41.2455229839619],[-121.775081653707,41.2433849748567],[-121.77506991632,41.2407713455754],[-121.776867919514,41.2403913188702],[-121.780921745998,41.2395594906797],[-121.786239187677,41.2384520159459],[-121.793078877605,41.2370505030558],[-121.797494814082,41.2361341286878],[-121.801779633359,41.2352421184004],[-121.804121986869,41.2347659779673],[-121.807577755461,41.2340833716691],[-121.812316691978,41.2331106204668],[-121.816063824641,41.2323314003192],[-121.820159794689,41.2314821355086],[-121.823896718897,41.230704737605],[-121.827545826498,41.2299494934017],[-121.831242433418,41.2291800939955],[-121.835088567612,41.2283416210287],[-121.838859472393,41.2275671943225],[-121.843439872432,41.2265993005648],[-121.84754013463,41.2257452595164],[-121.851959237669,41.2248348595398],[-121.855569875816,41.224077457049],[-121.859302321024,41.2232532758681],[-121.863358590926,41.2223707485966],[-121.867271473539,41.2215073968067],[-121.872402892089,41.2204127058041],[-121.874657869166,41.2198708434989],[-121.880946837028,41.2178573052449],[-121.884803212915,41.2165759378165],[-121.889063238689,41.2151717401648],[-121.896324052534,41.2127986825019],[-121.900390139226,41.2114683633283],[-121.905705902852,41.2097125408056],[-121.90694127142,41.209269856971],[-121.910438526009,41.2080416971533],[-121.917880199467,41.2056347838003],[-121.920635694464,41.2047496465475],[-121.923457762709,41.2037978846205],[-121.929198588466,41.2010762889987],[-121.930663480183,41.1997778803778],[-121.934259424588,41.1966594587551],[-121.935342512546,41.1957102640442],[-121.936551526341,41.194641860069],[-121.940978402501,41.1907591599808],[-121.943942709988,41.1881980109256],[-121.94579000464,41.1865820191477],[-121.949617588623,41.1832429596829],[-121.9516473895,41.1814866841054],[-121.954793641765,41.1786999086089],[-121.957205207772,41.1766227998269],[-121.96239531865,41.1720754176547],[-121.963720696613,41.1708546365251],[-121.964834486293,41.1699176094988],[-121.965925139862,41.1690572483279],[-121.970764572707,41.1641716408932],[-121.973508529743,41.1606505324713],[-121.977251450206,41.1555244272294],[-121.98036559758,41.151285748638],[-121.983277256605,41.1473020378877],[-121.985999735821,41.1436875617075],[-121.986317672956,41.1432475500589],[-121.985090348801,41.1420594049559],[-121.982502256653,41.1395001470955],[-121.980083682888,41.1370507216108],[-121.977440436877,41.1344884354593],[-121.973911209451,41.1310358133303],[-121.972055834453,41.1290733901396],[-121.969998312465,41.1270855105654],[-121.968808849604,41.1258086182635],[-121.967599668722,41.1242292339],[-121.964541423508,41.1210131838097],[-121.963391304161,41.1199495628163],[-121.960372515649,41.116965549399],[-121.955250260813,41.1117461207969],[-121.951661254996,41.107916367839],[-121.951054452005,41.1036105302769],[-121.950501538948,41.099481444711],[-121.950151010934,41.0968677061801],[-121.949258634412,41.0908973458919],[-121.951573738427,41.0882458982647],[-121.952867401369,41.086835053366],[-121.954385892864,41.0850830361207],[-121.955376135446,41.0839992952672],[-121.958927108391,41.0799663652016],[-121.961598452805,41.076925743147],[-121.959122841409,41.0727430051499],[-121.958157938505,41.0710546272929],[-121.956079601653,41.0674875155734],[-121.953379319808,41.0628637633375],[-121.952432314039,41.0612451860667],[-121.951315572495,41.0592835061501],[-121.951260950435,41.0543763532881],[-121.95126157656,41.0473911223678],[-121.951268252839,41.0460152014157],[-121.951325011094,41.0444448852637],[-121.951279124251,41.0396042765359],[-121.95124060539,41.0342008589815],[-121.951249470864,41.0297085225784],[-121.951261081589,41.0275414109003],[-121.951289609387,41.0261828225254],[-121.951257388614,41.0186944938987],[-121.951305891352,41.0169598311108],[-121.951264265218,41.008290998093],[-121.951836385154,41.0011081039423],[-121.951269789857,40.9973745331567],[-121.951244173498,40.9919825953129],[-121.951229104259,40.9900372477018],[-121.951236310545,40.9865961342873],[-121.95123853657,40.9838055388808],[-121.951262016735,40.9808715647812],[-121.951365296043,40.9766164266774],[-121.951329418229,40.973626179492],[-121.951318774091,40.9706393610698],[-121.95132412266,40.9680566687877],[-121.951311321667,40.965268270219],[-121.951551763838,40.9619112651567],[-121.951365096617,40.9584884913854],[-121.952194375473,40.9567226625527],[-121.95381945028,40.9534432895988],[-121.955537038086,40.9498744453723],[-121.957104676411,40.9465272829507],[-121.958902469399,40.9429628778824],[-121.959986725167,40.940054336749],[-121.961949924949,40.9359322761884],[-121.963371443309,40.9329612049287],[-121.964859144149,40.9303018830356],[-121.964730073311,40.9302676753389],[-121.96502373617,40.9296126572742],[-121.96639465243,40.9268216500002],[-121.967889640404,40.9237025278887],[-121.970622127751,40.9181663905206],[-121.972040688857,40.9152048455405],[-121.973234820262,40.9129487215235],[-121.974505299484,40.9101821369127],[-121.976455142215,40.9062737734668],[-121.977522142245,40.9022344275115],[-121.980212356671,40.892022243062],[-121.98159777713,40.8866122721559],[-121.981149692076,40.8821907718712],[-121.980580338052,40.8767355909588],[-121.980341626037,40.8740807088139],[-121.980136714931,40.8722892675471],[-121.97938381084,40.8649908747036],[-121.979227150943,40.8633093000807],[-121.979031615553,40.8617656637],[-121.978522808878,40.8565842623587],[-121.977719340416,40.8482549990156],[-121.97726218148,40.8442171435426],[-121.977057478783,40.842244568934],[-121.975255588579,40.8390366722567],[-121.974274626492,40.8373033456798],[-121.972013728619,40.8332673595313],[-121.970887794615,40.8311815826213],[-121.969958765931,40.8295046324404],[-121.970178449832,40.8281795194036],[-121.970680039442,40.8251449805746],[-121.971044576683,40.8226961940666],[-121.971455111259,40.8202791051801],[-121.972266232469,40.8152677363238],[-121.97262224829,40.8130613043595],[-121.971396930972,40.810265802783],[-121.970052874338,40.8067932491111],[-121.970494909239,40.8033287123129],[-121.97093959327,40.8003294698633],[-121.971363409438,40.7972104176861],[-121.971692803687,40.7944914439139],[-121.972256529765,40.7906226239924],[-121.972767675653,40.7863923060398],[-121.973327930642,40.782859204556],[-121.973775974373,40.7798084638136],[-121.974267894517,40.7758893316579],[-121.974537197761,40.7739131914311],[-121.974960649213,40.7705176874852],[-121.975250900271,40.768667086751],[-121.979372078842,40.7654665469288],[-121.983635959288,40.7621816015591],[-121.985837560268,40.760479801643],[-121.987651608271,40.7576342199717],[-121.990123950698,40.7558517480078],[-121.991570184406,40.7548541579069],[-121.993756423296,40.7532617423659],[-121.997988579738,40.7502222582531],[-122.00047381748,40.7479346243507],[-122.003128125346,40.745412277736],[-122.005403880456,40.7431673658423],[-122.00684160083,40.7417902491473],[-122.010732438786,40.7380718108577],[-122.01282077748,40.7359518426109],[-122.014716829092,40.7341286284387],[-122.017049310117,40.7318768770674],[-122.018425892052,40.7305692743694],[-122.021067172549,40.7279901700658],[-122.025028503102,40.7241576535023],[-122.026551001981,40.721722486608],[-122.028326052322,40.7193632831646],[-122.02985103684,40.7171130175669],[-122.03171452093,40.7147885628452],[-122.034173843174,40.7115676212924],[-122.035483140396,40.7098528575109],[-122.037963473337,40.7065895533772],[-122.042115874652,40.7010848434021],[-122.043663988094,40.6990609779526],[-122.045177779603,40.6970662636306],[-122.046659701582,40.6950987537703],[-122.04878673341,40.6923447262067],[-122.050481026104,40.6900626249055],[-122.052042385204,40.6879926842944],[-122.051485506983,40.6861083006966],[-122.050772569838,40.6837535766658],[-122.050060600178,40.6814312561111],[-122.04877393062,40.6772076907352],[-122.04840065367,40.6741113262096],[-122.047764430853,40.6689808413977],[-122.047392281289,40.6658329944563],[-122.0470169454,40.6627481336122],[-122.049176198001,40.6601535823146],[-122.052853739976,40.6557219668268],[-122.056020508863,40.6519763015725],[-122.058083489015,40.6494993209986],[-122.060994519219,40.646000353877],[-122.063226499425,40.6433652708909],[-122.066975797926,40.6388555759067],[-122.070479235619,40.634667118375],[-122.072887407792,40.6318239779589],[-122.07550659692,40.6286683686269],[-122.07861628865,40.625003019941],[-122.081373618008,40.6217096069721],[-122.084340597983,40.6181475781128],[-122.087079460673,40.614839103938],[-122.089625769481,40.6118007633973],[-122.092195871967,40.6087276526015],[-122.094256708739,40.6058690039702],[-122.097453215455,40.6019862993945],[-122.100459371858,40.5983641507639],[-122.103076973663,40.5953224486781],[-122.105213146747,40.59275982136],[-122.107591895501,40.5898593646153],[-122.110421540137,40.5864783341638],[-122.113105367541,40.5832503597258],[-122.115503448938,40.58046089689],[-122.117448869263,40.5781173972236],[-122.120190922769,40.5748027008321],[-122.121897372364,40.5727793376854],[-122.123790784726,40.5705084818159],[-122.127059582467,40.5665552068545],[-122.129701922078,40.5634115103665],[-122.131819280847,40.5608678565364],[-122.134523406583,40.5576295773473],[-122.136408756566,40.5553663116664],[-122.139587075991,40.5515267871472],[-122.14177511241,40.5489455333897],[-122.144458474487,40.5457112271959],[-122.147566731608,40.5419814084511],[-122.150303847075,40.5387231776594],[-122.152698990981,40.5358216501978],[-122.153956264069,40.5339865899728],[-122.156574345574,40.5311974368015],[-122.158984975538,40.527994273025],[-122.160919010615,40.5256554607024],[-122.162855018393,40.5233032389579],[-122.165811168279,40.5197300930562],[-122.168544409312,40.5164810949912],[-122.170981999513,40.5135441839639],[-122.173566252261,40.5104235299669],[-122.175973329388,40.5075652362188],[-122.178185541268,40.5048781034122],[-122.181149937688,40.5012968511102],[-122.184177697675,40.497703147192],[-122.186858641487,40.4944506505678],[-122.189394247767,40.4914507366732],[-122.192026908929,40.4882487974183],[-122.194976351993,40.4847132653191],[-122.19798529497,40.4810908166607],[-122.200078114461,40.4785541575764],[-122.20314980476,40.4748770961395],[-122.206346236916,40.4710433123644],[-122.209403598189,40.4674083091377],[-122.211714518748,40.4656626422963],[-122.214169237128,40.4626636329089],[-122.216273598173,40.4597242215771],[-122.218164875239,40.4574940289863],[-122.220546854335,40.4546639857999],[-122.223735546607,40.4507994202518],[-122.226375777872,40.4476157389706],[-122.228730141857,40.4448012989333],[-122.230932757933,40.4421706704729],[-122.233866332258,40.4385659336289],[-122.236968880585,40.4348665705714],[-122.239367684228,40.4319825052691],[-122.241382153558,40.4295057210175],[-122.243718226946,40.4267628042675],[-122.245908919683,40.4241206349636],[-122.247787850304,40.42185073661],[-122.249586896442,40.4196760839222],[-122.251473906511,40.4174058543546],[-122.253180058764,40.4153436327842],[-122.255016211612,40.4131038235783],[-122.25771253009,40.409932399059],[-122.259600175267,40.4076610328967],[-122.262660488404,40.4074865382382],[-122.264607631698,40.4073764257881],[-122.26585914389,40.4073126758525],[-122.267605631398,40.407222912273],[-122.27120191806,40.4070181296811],[-122.274995707423,40.4069264470014],[-122.276845873989,40.4072204764488],[-122.279229793445,40.4071918868033],[-122.282771515539,40.4070972507215],[-122.285726109543,40.4070496449962],[-122.289575190211,40.4069713160073],[-122.294538345325,40.4068604714843],[-122.298107844225,40.4067795477396],[-122.302695083139,40.4066919333663],[-122.307083163757,40.4065930022131],[-122.312050496037,40.4064851811885],[-122.317327779429,40.4063711126838],[-122.320837684992,40.406296460291],[-122.324452234404,40.4062169538796],[-122.329806802555,40.406101995669],[-122.333663194612,40.4060201927046],[-122.336938054184,40.4059272684988],[-122.341665022447,40.4058441143389],[-122.345610570498,40.4057425757352],[-122.351521168861,40.4056197385756],[-122.354597097412,40.4055494078305],[-122.36201022241,40.4053792479748],[-122.366706743174,40.4052792881364],[-122.369087663156,40.4052337688407],[-122.375075065679,40.4051017302852],[-122.380304737463,40.4049843075869],[-122.387416254901,40.4048209184228],[-122.39091136611,40.4047535857324],[-122.392818529882,40.4047187106393],[-122.394482627505,40.4023109680462],[-122.392942863904,40.399269163523],[-122.391131225182,40.3956186723202],[-122.38933179187,40.3919545868861],[-122.386706197754,40.3894007697537],[-122.383364296913,40.3861419003606],[-122.383303496239,40.3825491944517]]},"properties":{"OBJECTID":6572,"Name":"TANC 500kV","kV":"500","Owner":"TANC","Status":"Operational","Type":"OH","Source":"WAPA"}},{"type":"Feature","id":6672,"geometry":{"type":"LineString","coordinates":[[-121.316963870051,42.0047100305687],[-121.316903042428,42.0029777393488],[-121.316823161538,41.9999602860865],[-121.316749393683,41.9970143890489],[-121.316702719018,41.9942400805767],[-121.316646822247,41.9914837796844],[-121.31658654619,41.9887490181712],[-121.316517778359,41.9860716402858],[-121.316473908233,41.9834477175538],[-121.316381787798,41.9802836811643],[-121.31627573539,41.9771412851378],[-121.316223188438,41.9740484702329],[-121.316151662778,41.9712208043979],[-121.31605890903,41.968021026238],[-121.316017923395,41.9650355361437],[-121.315930759863,41.9616209149292],[-121.315860517896,41.958861308758],[-121.315780461835,41.9560874934721],[-121.315731262903,41.9534315154265],[-121.315665883517,41.950417697824],[-121.31559971541,41.9473609406494],[-121.315074191985,41.9442660104346],[-121.314551768647,41.9410779759436],[-121.314063622325,41.9379325594232],[-121.3135614542,41.934801621356],[-121.313053695858,41.9316242120634],[-121.312547106225,41.9285076641852],[-121.312039437715,41.9253302775491],[-121.311517686317,41.9221637892448],[-121.311020055582,41.9190078038745],[-121.310507814648,41.9158340819036],[-121.309996211517,41.9126925852735],[-121.309502960967,41.9095079510981],[-121.308998794989,41.9065060183601],[-121.308492034676,41.9033609269374],[-121.308000365161,41.9002550698938],[-121.307495010712,41.8971815845452],[-121.306949303041,41.8940777700296],[-121.306634069835,41.891061030569],[-121.306357651934,41.8880324621943],[-121.306024472185,41.8849679843573],[-121.305660799124,41.8819836889473],[-121.305345115861,41.8789349987251],[-121.305026584041,41.8759803571802],[-121.304698086312,41.8728902981059],[-121.304370257827,41.8697927540137],[-121.304038203667,41.8667067300884],[-121.30370867557,41.8636157209387],[-121.303387189191,41.8605276740556],[-121.303051000085,41.8574050007546],[-121.30272566712,41.8542739242395],[-121.302362780085,41.8509038238559],[-121.302042773231,41.8478740074542],[-121.301715243885,41.8447621316211],[-121.301367198815,41.8415203947778],[-121.301024363973,41.8382675176289],[-121.300679533974,41.8350779454282],[-121.300344844157,41.8319034705133],[-121.300005068078,41.8287189876759],[-121.299668936465,41.82555086601],[-121.299325763857,41.8223496933584],[-121.298995443446,41.8191429111554],[-121.298660120317,41.8159639818234],[-121.29831953845,41.812770657621],[-121.297982354909,41.8095898184134],[-121.297639874004,41.8064031778216],[-121.29730086868,41.8031795391985],[-121.296964276232,41.7999665643159],[-121.29663411033,41.7969286929382],[-121.296354832193,41.7942247853661],[-121.296054459817,41.7914692322833],[-121.295745451936,41.7884319641556],[-121.295412874956,41.7853922834254],[-121.29510205697,41.7823973148571],[-121.294786220095,41.7793721766615],[-121.294458993482,41.7763627239422],[-121.294139877757,41.7733513084054],[-121.293827999758,41.7703150003152],[-121.293505214415,41.7673620677438],[-121.293191643092,41.7643584785595],[-121.292871195166,41.7613666875095],[-121.292573303936,41.7586744074775],[-121.292331927518,41.7561367599144],[-121.292048915084,41.7536107029016],[-121.291729843377,41.7505861157237],[-121.291405786019,41.7475183357611],[-121.290952234717,41.7434800294764],[-121.290679999372,41.7406480007613],[-121.29033826856,41.7375548199009],[-121.28992872213,41.7342804183458],[-121.289821514489,41.7312535957945],[-121.289733300827,41.7282230130161],[-121.289900884238,41.7256407883702],[-121.290408488967,41.7226363463442],[-121.290939082483,41.7195887290364],[-121.292075385741,41.7165906900172],[-121.293202034804,41.7135101759134],[-121.294300272849,41.7103490519219],[-121.2954384994,41.7072129094569],[-121.296571801386,41.7040732385001],[-121.29776434996,41.7009654458314],[-121.298848081112,41.6978188543054],[-121.300023647035,41.6947485814838],[-121.301150459592,41.6916039108383],[-121.302259902324,41.688525191354],[-121.303378048833,41.6854631968628],[-121.304498844473,41.6823447063837],[-121.305610695589,41.6792872759764],[-121.306776689963,41.6761464228398],[-121.307888078446,41.6730224752],[-121.309049017101,41.6699555651479],[-121.310158421206,41.6668752092042],[-121.311299009427,41.6637706706393],[-121.312423585179,41.6606633173378],[-121.313548118709,41.6575589484005],[-121.314669192828,41.6544874215487],[-121.315816985537,41.6513649184959],[-121.316922504428,41.6483203968922],[-121.318031452189,41.6452519819402],[-121.319088611175,41.6421751649702],[-121.320252970615,41.6391121363179],[-121.321328557641,41.6361842395799],[-121.322389088004,41.6333042171229],[-121.323562262612,41.6298772684279],[-121.324747324626,41.6264561620958],[-121.325937675921,41.6231125386628],[-121.326863956658,41.6200669333527],[-121.327814766793,41.6170658060575],[-121.328780455723,41.6140168109787],[-121.329737970883,41.610958958526],[-121.330672467612,41.6079460843097],[-121.331673287856,41.6048818167706],[-121.332623134997,41.6018508952796],[-121.333577197931,41.5988378247978],[-121.334522921804,41.5958069539761],[-121.335473086948,41.592805858911],[-121.33641457796,41.5897690752749],[-121.337419304079,41.5867286421525],[-121.338349423317,41.5837277700704],[-121.339291511709,41.5807357197639],[-121.340240881844,41.5777137764375],[-121.341178237012,41.5746889821138],[-121.341735707223,41.5716861318179],[-121.342677550374,41.5686970822995],[-121.343641895425,41.5656451753401],[-121.344642182968,41.5626137611659],[-121.347060613003,41.560032369557],[-121.349545945069,41.5574382905522],[-121.352033983758,41.5547874849383],[-121.35450798178,41.5522411541314],[-121.356976428213,41.5496202939796],[-121.35947223194,41.5469901498702],[-121.361976109725,41.5443777667958],[-121.36400408792,41.5421462178169],[-121.366214407948,41.539933534885],[-121.368681885099,41.537306520832],[-121.370844490212,41.5351214929009],[-121.372942863088,41.5328499179503],[-121.375491237123,41.5302093473874],[-121.378048848535,41.527507740106],[-121.380626626227,41.5247951947948],[-121.383193982562,41.5221550736248],[-121.385807863545,41.5193860129578],[-121.388313188516,41.5167433391076],[-121.390717951582,41.5142299512244],[-121.393204003198,41.511632132219],[-121.395591782716,41.5090771059649],[-121.398038966924,41.5065333076534],[-121.400489347339,41.5039596143299],[-121.402916110146,41.5014010512061],[-121.405374226852,41.4988361338903],[-121.407874974008,41.4962349156695],[-121.410347850932,41.4936339677623],[-121.412863289136,41.4909937356211],[-121.415374704685,41.4883594682944],[-121.417287437113,41.4858660820804],[-121.419747689115,41.4832621336332],[-121.422235385546,41.480654852165],[-121.424765983719,41.4780261692173],[-121.427400069609,41.4752412181664],[-121.430014416818,41.4724683713376],[-121.432442828034,41.4699003483193],[-121.434834278067,41.4674698625736],[-121.437331836204,41.4648174820012],[-121.439608773497,41.4624120778942],[-121.441710291374,41.4601398423603],[-121.444193572586,41.4575888810053],[-121.446659355514,41.4549635379128],[-121.449102568271,41.4524040079758],[-121.451527269445,41.4499033133187],[-121.454051668344,41.4472356935398],[-121.456475076842,41.4446723968826],[-121.458755000135,41.4422740004727],[-121.461406000404,41.4394780009017],[-121.46368194416,41.4370542543703],[-121.466017522576,41.43464037805],[-121.468211316298,41.4323219562289],[-121.470467216843,41.429955068913],[-121.472644385444,41.4274191202174],[-121.474804980127,41.4248535205651],[-121.476957268988,41.422276060412],[-121.479099213748,41.4197791916016],[-121.481233045823,41.4172794061898],[-121.483303510737,41.4147803390454],[-121.485468343673,41.4122652202999],[-121.487616724862,41.4097264119847],[-121.489721933018,41.4072089556748],[-121.491568035606,41.4045901941271],[-121.493970964312,41.4017739788898],[-121.496003527508,41.3993944466582],[-121.498124934984,41.3969243828051],[-121.500186759004,41.394446056138],[-121.502272952521,41.392006166987],[-121.504569962669,41.3898290712221],[-121.506827025634,41.3876375093675],[-121.509076112458,41.3854489881333],[-121.51119094247,41.3828953330157],[-121.5132776624,41.3803270817062],[-121.515419392462,41.3777521729966],[-121.517513961871,41.3751956938467],[-121.519580550555,41.3726305778363],[-121.521667114178,41.3700830812879],[-121.523676782013,41.3676408358477],[-121.525704345186,41.3652250162399],[-121.527952741205,41.3624603472939],[-121.529963298372,41.3600216117583],[-121.531802636646,41.3577086875224],[-121.533820562692,41.3552410035714],[-121.536016356064,41.3526255978001],[-121.537874937149,41.3503638886651],[-121.539954168723,41.3477468734487],[-121.542315003273,41.3449580061761],[-121.544657581362,41.3420910290318],[-121.546968656432,41.3392363290926],[-121.549306980998,41.3363723133455],[-121.551653075991,41.3335111449677],[-121.553880398433,41.3308243236051],[-121.556125988115,41.3280776174696],[-121.557656746106,41.3258644468595],[-121.559694278782,41.3233647307751],[-121.561823509686,41.3207326725749],[-121.564010336074,41.3180342796345],[-121.566118087361,41.3153368423697],[-121.56843536979,41.3126635875281],[-121.570594672696,41.3099922743551],[-121.572820226355,41.3072902868182],[-121.574986700512,41.3046009327155],[-121.577204686763,41.3019287870983],[-121.579433248879,41.2992405542053],[-121.581611039114,41.2965162041674],[-121.583826682558,41.2938496383695],[-121.586027761617,41.2911603522896],[-121.588222254228,41.2884548487015],[-121.590428137476,41.2858008921416],[-121.592583469829,41.2830948173107],[-121.594826549619,41.2803688208578],[-121.597016726723,41.2777118768649],[-121.599215814217,41.2750089988877],[-121.601409389648,41.27229280221],[-121.603606688596,41.2696375786592],[-121.605707207547,41.2670636920074],[-121.607922533886,41.2643261357227],[-121.610132942847,41.2616019639766],[-121.612351784293,41.2589234394285],[-121.614574172289,41.2561856931608],[-121.616718111309,41.2535576715484],[-121.618871270637,41.2510096306684],[-121.620880265633,41.248453881967],[-121.622720031505,41.2457858264446],[-121.624757570469,41.2432773527626],[-121.626589574897,41.2410576923199],[-121.62846452688,41.2387344285749],[-121.630083319768,41.2368017587868],[-121.632388237785,41.2338699848479],[-121.634457018359,41.2314334680164],[-121.636270459101,41.2292005742633],[-121.637740252924,41.2273899570638],[-121.639503357468,41.2251710354031],[-121.641227715876,41.2231376578932],[-121.642903100831,41.2210629285633],[-121.645047297667,41.2184268649225],[-121.646673183653,41.2164712921213],[-121.648628960655,41.2140656194013],[-121.65057657826,41.2116388000579],[-121.6527136811,41.2090335609045],[-121.654405224052,41.2069408658854],[-121.656625513583,41.2042465334625],[-121.658325355171,41.2021770310316],[-121.660475718942,41.1995292146648],[-121.662162601433,41.1974541163978],[-121.664263857901,41.1948755765974],[-121.666125418698,41.1926226004982],[-121.668264593054,41.1899519277315],[-121.670340738016,41.1873965272064],[-121.672706590555,41.1845129188745],[-121.675098685579,41.1815735969893],[-121.677754452309,41.1783827027745],[-121.679934226922,41.1756521779499],[-121.682215414145,41.1728458599118],[-121.684493768081,41.1700338212395],[-121.686865320431,41.1671193845848],[-121.689125672128,41.1643278603916],[-121.691708129144,41.1620158759062],[-121.694741193683,41.1594948903381],[-121.697407040408,41.1574404700304],[-121.700634157218,41.1549357956934],[-121.703082610746,41.1529738724518],[-121.705668946688,41.150987133829],[-121.70901781127,41.1483279822633],[-121.711618702613,41.1463313888921],[-121.714885597722,41.1437399759026],[-121.717030202394,41.1420642859309],[-121.718975570617,41.1404904939647],[-121.721995635635,41.13813502612],[-121.725024844605,41.1357488393269],[-121.727949768153,41.1334346053103],[-121.731101187527,41.1309635924879],[-121.733951155648,41.1287408901711],[-121.736966400307,41.1263560749804],[-121.73973818715,41.1241738754069],[-121.741768425506,41.1226081048888],[-121.744175704754,41.1207013094789],[-121.746716097258,41.1186800631565],[-121.749444930258,41.1165416787403],[-121.752899866112,41.1138188824004],[-121.75632964285,41.1111077931632],[-121.757936311176,41.1098624689673],[-121.759593600468,41.1085267550196],[-121.761543988477,41.1070266577244],[-121.763376574114,41.1055529901517],[-121.765190536777,41.1041444176487],[-121.766843273407,41.1025320777735],[-121.768518747294,41.1012497499929],[-121.770389585892,41.0997552309712],[-121.771904626059,41.0985251781153],[-121.773169188976,41.0975210498653],[-121.774778439061,41.0963021875496],[-121.776425929529,41.0950026448411],[-121.777786556486,41.0939169892037],[-121.779128763488,41.0928010613322],[-121.780568627243,41.0916646541836],[-121.781922995637,41.0906362719397],[-121.783244311419,41.08963041241],[-121.784411470908,41.0887222384393],[-121.785894625375,41.0875442674471],[-121.788166330879,41.0857007895925],[-121.789756869057,41.0844345670728],[-121.791381730065,41.0831767000794],[-121.793316866477,41.0816479020383],[-121.794689451807,41.080566936326],[-121.795748591578,41.0797295844636],[-121.7974198344,41.0785038310764],[-121.799002426081,41.0773594474259],[-121.800623402773,41.0763422971736],[-121.802699047374,41.0751869561516],[-121.805004131579,41.0739481536226],[-121.807136939575,41.0727690238744],[-121.809066115665,41.0717034403278],[-121.81101783318,41.0706355944594],[-121.816261298595,41.0705362337841],[-121.819163111186,41.0705059685497],[-121.823734805652,41.0704165143801],[-121.830443234649,41.0703090000404],[-121.833978302922,41.0702400579768],[-121.838088352265,41.0702105050673],[-121.84129789174,41.0682459737719],[-121.843681923486,41.06697858802],[-121.846948860815,41.0651029712787],[-121.849641217723,41.0635981997969],[-121.852196205156,41.0621392787789],[-121.856463357266,41.0610974546824],[-121.860142825228,41.0602072899695],[-121.863216947267,41.0594652861634],[-121.86614079104,41.0587540614717],[-121.869520378903,41.057984176292],[-121.871709320824,41.055607358567],[-121.873729258199,41.0535740431782],[-121.875833953418,41.0513490062971],[-121.877856794147,41.0492089311231],[-121.879586480464,41.0474108627611],[-121.882496234162,41.0448415470766],[-121.884501712254,41.0422457398365],[-121.886939923191,41.03965291378],[-121.889355521737,41.0370680163263],[-121.890930532534,41.0355334693701],[-121.891031300153,41.0331475762713],[-121.891061290409,41.0307494071218],[-121.891165897427,41.0279361910145],[-121.891601103334,41.0240154606216],[-121.89198912613,41.0203110022575],[-121.892518973146,41.0176954767347],[-121.893128110858,41.0144626471409],[-121.893808101392,41.0110570796767],[-121.894191629916,41.0089072969288],[-121.894695717741,41.0064657582749],[-121.896059063,41.0038967454268],[-121.897608387371,41.0011360648655],[-121.899352747668,40.9979565872139],[-121.900284991422,40.9958347117966],[-121.901627228966,40.9933384636185],[-121.902582951987,40.9915385750635],[-121.904358092159,40.9884940096418],[-121.906191744097,40.9851013867577],[-121.907243189797,40.983221811014],[-121.909840486982,40.9785834056217],[-121.911322680251,40.9759857638231],[-121.912764609233,40.9733906343491],[-121.914532625764,40.9704891304048],[-121.914604778448,40.9677223292483],[-121.914806799674,40.9646407365566],[-121.915005300402,40.9621829147295],[-121.915263880457,40.9589612339527],[-121.915505002652,40.9555567250615],[-121.915719388289,40.9527534517911],[-121.915912848571,40.9501088145183],[-121.916169236736,40.9467136366702],[-121.916381564333,40.9439294906292],[-121.916609649279,40.9407941622121],[-121.916826560979,40.9379947029568],[-121.917044950407,40.9351570815389],[-121.917233421446,40.9326117455767],[-121.917461382424,40.9294745449405],[-121.917715417901,40.9260909129906],[-121.917986295892,40.9226803299529],[-121.918208611857,40.9195222661356],[-121.918480898406,40.9157893521952],[-121.918691103284,40.9132151192488],[-121.918894789987,40.9109816990724],[-121.919092033972,40.9079029444598],[-121.919303359947,40.9049014876195],[-121.919639122353,40.9006336194442],[-121.919863001386,40.8986695292691],[-121.918957786142,40.8958950638883],[-121.918176480017,40.8932445737471],[-121.917247832219,40.8900566055591],[-121.916295003571,40.8868060751306],[-121.915336201125,40.8836109500868],[-121.914392187644,40.8804022512321],[-121.914445366112,40.8783416550532],[-121.914494179667,40.8763059241211],[-121.914547747105,40.8720882950465],[-121.914617213826,40.8697909745109],[-121.915053432135,40.8671256666969],[-121.915541470659,40.8639560725995],[-121.915974527796,40.8613632961691],[-121.916367157153,40.8587616095869],[-121.916994029406,40.8556261380639],[-121.91589005921,40.851624479802],[-121.915210931059,40.8481827925828],[-121.914589020201,40.8450562873123],[-121.914124067481,40.8426605273607],[-121.913273848896,40.8386906026553],[-121.912403061585,40.8344339093583],[-121.911763348814,40.8310337944577],[-121.912841102576,40.8291959772738],[-121.915167658313,40.8271694144537],[-121.917458162862,40.8250705635266],[-121.919761478284,40.8230078759762],[-121.922454983239,40.8206275448465],[-121.924349703548,40.8189134002891],[-121.926230552073,40.8172478494961],[-121.928947173374,40.8148067326826],[-121.931915629281,40.8121289927025],[-121.934691424408,40.8106918715394],[-121.935288513017,40.8076250771385]]},"properties":{"OBJECTID":6672,"Name":"WAPA 500kV","kV":"500","Owner":"WAPA","Status":"Operational","Type":"OH","Source":"WAPA"}}]}